trip_id,rider_id,zone,distance_km,duration_min,fare_amount,payment_mode,ride_date,surge_flag,hour,day_of_week,month,fare_amount_log,distance_km_log,duration_min_sqrt,distance_km_std,duration_min_std,fare_amount_std,distance_km_minmax,duration_min_minmax,fare_amount_minmax,total_rides_x,avg_ride_distance,avg_ride_fare,is_peak_hour,signup_date_x,days_since_signup,cancelled_rides_x,ride_cancellation_rate,name,age,gender,city,signup_date_y,total_rides_y,cancelled_rides_y,avg_rating,gender_encoded,ride_frequency
T00001,R0037,Zone_10,11.83,74.59,104.88,Cash,2023-11-13,0,0,Monday,November,4.662306377358901,2.551786178627545,8.636550237218563,0.8051118769089531,0.3532394314046236,-0.34409411763770487,0.4570433436532508,0.3703703703703704,0.35232515068862175,489.0,0.024192229038854807,0.21447852760736194,0,2020-11-21,2120,6.0,0.012269938650306749,Aadhya Iyer,32.0,Other,Ahmedabad,2020-11-21,489.0,6.0,3.36,2,High
T00002,R0104,Zone_9,3.86,35.59,40.48,Cash,2023-07-28,0,0,Friday,July,3.7252113833613265,1.5810384379124023,5.965735495309862,-0.985983272107777,-0.7309489956068974,-1.1532385083343808,0.14860681114551083,0.1762246117084827,0.1354682291140519,328.0,0.01176829268292683,0.12341463414634145,0,2021-05-27,1933,1.0,0.003048780487804878,Diya Gupta,52.0,Male,Kolkata,2021-05-27,328.0,1.0,3.7,1,High
T00003,R0045,Zone_8,4.7,31.03,46.39,Cash,2024-01-14,0,0,Sunday,January,3.858411235979497,1.7404661748405046,5.570457790882182,-0.7972103831273435,-0.8577156424574752,-1.0789831768279001,0.18111455108359134,0.15352449223416964,0.1553692292150722,100.0,0.047,0.4639,0,2023-07-12,1157,16.0,0.16,Saanvi Iyer,34.0,Other,Ahmedabad,2023-07-12,100.0,16.0,4.88,2,Low
T00004,R0089,Zone_2,11.06,59.48,257.64,Cash,2023-12-13,0,0,Wednesday,December,5.555437133417177,2.4898941912990393,7.712327793863536,0.6320700620102228,-0.06681408480419919,1.575236583027267,0.4272445820433437,0.29515133412982875,0.8667205441627099,308.0,0.03590909090909091,0.8364935064935064,0,2022-09-21,1451,6.0,0.01948051948051948,Saanvi Reddy,48.0,Other,Surat,2022-09-21,308.0,6.0,3.91,2,Med
T00005,R0003,Zone_5,7.28,67.59,72.74,UPI,2023-03-15,0,0,Wednesday,March,4.300545392805998,2.1138429683971687,8.221313763626833,-0.21740793840172704,0.15864150860768395,-0.7479124517524744,0.28095975232198145,0.3355236957387495,0.24409873051149944,45.0,0.16177777777777777,1.6164444444444444,0,2023-05-04,1226,9.0,0.2,Kavya Reddy,34.0,Male,Pune,2023-05-04,45.0,9.0,3.76,1,Low
T00006,R0255,Zone_2,14.58,80.74,282.52,UPI,2024-02-10,0,0,Saturday,February,5.647282667416716,2.7459880404426023,8.985543945694106,1.4231183586901335,0.5242076064333632,1.8878377078802686,0.563467492260062,0.40098566308243727,0.9505000505101524,475.0,0.030694736842105264,0.594778947368421,0,2021-07-06,1893,42.0,0.08842105263157894,Reyansh Sharma,37.0,Female,Bengaluru,2021-07-06,475.0,42.0,3.12,0,High
T00007,R0224,Zone_4,4.48,40.07,58.38,Credit Card,2023-08-21,0,0,Monday,August,4.083957469335614,1.7011051009599243,6.330086887239385,-0.8466509016698379,-0.6064063250168561,-0.9283365736531618,0.17260061919504646,0.19852648347272003,0.19574367781257365,200.0,0.022400000000000003,0.2919,0,2020-08-04,2229,1.0,0.005,Ishaan Sharma,29.0,Female,Ahmedabad,2020-08-04,200.0,1.0,4.31,0,Med
T00008,R0039,Zone_3,11.75,96.11,102.35,Wallet,2024-03-10,0,0,Sunday,March,4.638121286127777,2.545531271604435,9.803570778037969,0.7871335065298642,0.9514890454889294,-0.3758819329865029,0.45394736842105265,0.47749900438072485,0.3438057716267636,190.0,0.06184210526315789,0.5386842105263158,0,2023-11-18,1028,14.0,0.07368421052631578,Aadhya Iyer,24.0,Male,Chennai,2023-11-18,190.0,14.0,4.2,1,Med
T00009,R0223,Zone_5,9.71,66.61,175.75,Credit Card,2024-05-20,0,0,Monday,May,5.174736304776682,2.3711778844596574,8.161494961096281,0.3286850618630979,0.1313977994161123,0.5463416427454227,0.37500000000000006,0.33064516129032256,0.5909687847257299,158.0,0.06145569620253165,1.1123417721518987,0,2019-11-29,2478,10.0,0.06329113924050633,Meera Ghosh,30.0,Female,Surat,2019-11-29,158.0,10.0,4.04,0,Low
T00010,R0236,Zone_5,7.37,51.09,98.34,UPI,2023-03-01,0,0,Wednesday,March,4.598548309679204,2.124653884501384,7.147726911403373,-0.19718227172525207,-0.30005359512795954,-0.4262649920966529,0.28444272445820434,0.2533851055356432,0.3303027241808937,61.0,0.12081967213114754,1.6121311475409836,0,2020-08-10,2223,1.0,0.01639344262295082,Arjun Gupta,28.0,Male,Ahmedabad,2020-08-10,61.0,1.0,3.36,1,Low
T00011,R0191,Zone_10,13.88,88.3,172.04,Credit Card,2023-09-09,0,0,Saturday,September,5.153522781644804,2.700018029404946,9.396807968666806,1.265807617873106,0.7343733630540581,0.49972788980311417,0.5363777089783283,0.43862007168458783,0.5784759403306731,87.0,0.15954022988505748,1.977471264367816,0,2020-08-14,2219,6.0,0.06896551724137931,Meera Gupta,33.0,Other,Surat,2020-08-14,87.0,6.0,4.56,2,Low
T00012,R0199,Zone_1,11.4,64.9,139.35,Wallet,2023-12-15,0,0,Friday,December,4.9441393028078915,2.517696472610991,8.056053624449133,0.7084781361213505,0.08386030684714577,0.08899916104730156,0.4404024767801858,0.3221326164874552,0.46839748122705993,344.0,0.03313953488372093,0.40508720930232556,0,2021-08-03,1865,27.0,0.07848837209302326,Aarav Das,29.0,Male,Ahmedabad,2021-08-03,344.0,27.0,3.91,1,High
T00013,R0248,Zone_6,2.98,18.82,37.95,Wallet,2023-12-12,0,0,Tuesday,December,3.6622787723167574,1.3812818192963463,4.338202392696772,-1.1837453462777545,-1.1971500192218514,-1.1850263236831786,0.11455108359133129,0.09274193548387097,0.1269488500521938,104.0,0.028653846153846155,0.3649038461538462,0,2021-10-24,1783,12.0,0.11538461538461539,Vivaan Ghosh,18.0,Female,Chennai,2021-10-24,104.0,12.0,3.65,0,Low
T00014,R0300,Zone_2,11.2,70.93,249.44,Cash,2024-08-10,0,0,Saturday,August,5.52321937087711,2.501435951739211,8.421995013059554,0.6635322101736281,0.25149251748508095,1.472208881106262,0.4326625386996904,0.3521505376344086,0.8391083274404821,291.0,0.03848797250859106,0.8571821305841925,0,2023-07-08,1161,7.0,0.024054982817869417,Saanvi Iyer,38.0,Female,Kolkata,2023-07-08,291.0,7.0,3.67,0,Med
T00015,R0270,Zone_10,14.87,91.83,265.53,Credit Card,2023-08-24,0,0,Thursday,August,5.585486807626805,2.7644305345383176,9.582797086446107,1.4882899513143306,0.8325063155502291,1.6743693352415026,0.5746904024767802,0.45619275189167663,0.8932888843990974,455.0,0.03268131868131868,0.5835824175824175,0,2022-01-02,1713,64.0,0.14065934065934066,Aadhya Reddy,35.0,Male,Hyderabad,2022-01-02,455.0,64.0,3.08,1,High
T00016,R0216,Zone_2,7.35,63.51,145.73,Cash,2024-08-04,0,0,Sunday,August,4.988594163219376,2.122261538862764,7.969316156358712,-0.2016768643200244,0.045218719320324674,0.16915973888340077,0.2836687306501548,0.3152130625248905,0.48988113277435424,335.0,0.021940298507462687,0.4350149253731343,0,2019-08-01,2598,24.0,0.07164179104477612,Ishaan Ghosh,44.0,Female,Chennai,2019-08-01,335.0,24.0,3.4,0,High
T00017,R0168,Zone_3,6.76,56.32,83.57,Cash,2023-12-03,0,0,Sunday,December,4.437579593794131,2.048982334195127,7.504665215717488,-0.33426734586580487,-0.154661147095389,-0.6118404990933907,0.2608359133126935,0.2794205495818399,0.28056706064585646,471.0,0.01435244161358811,0.17743099787685773,0,2019-10-08,2530,74.0,0.15711252653927812,Diya Das,23.0,Male,Pune,2019-10-08,471.0,74.0,4.03,1,High
T00018,R0126,Zone_6,4.65,39.61,69.81,UPI,2024-01-19,0,0,Friday,January,4.260000233663683,1.7316555451583497,6.293647591023825,-0.8084468646142741,-0.6191941885149407,-0.7847260086583946,0.1791795665634675,0.19623655913978494,0.23423241404855707,411.0,0.011313868613138687,0.16985401459854016,0,2022-09-25,1447,20.0,0.04866180048661801,Diya Reddy,29.0,Female,Surat,2022-09-25,411.0,20.0,3.65,0,High
T00019,R0255,Zone_1,7.93,62.56,100.85,Credit Card,2023-05-26,0,0,Friday,May,4.623501142672815,2.189416394888408,7.909487973314076,-0.07133367907162998,0.018809001226454413,-0.3947284638257112,0.3061145510835913,0.31048387096774194,0.33875475637269753,475.0,0.016694736842105262,0.2123157894736842,0,2021-07-06,1893,42.0,0.08842105263157894,Reyansh Sharma,37.0,Female,Bengaluru,2021-07-06,475.0,42.0,3.12,0,High
T00020,R0061,Zone_2,11.43,81.48,227.77,UPI,2023-06-19,0,0,Monday,June,5.432717132027692,2.5201129055226197,9.026627277117406,0.7152200250135087,0.5447793868433256,1.1999393322491663,0.44156346749226005,0.40466945440063723,0.7661379937367411,168.0,0.06803571428571428,1.3557738095238097,0,2020-08-20,2213,25.0,0.1488095238095238,Meera Reddy,25.0,Male,Mumbai,2020-08-20,168.0,25.0,3.69,1,Med
T00021,R0289,Zone_4,3.91,32.07,79.0,Cash,2024-08-15,0,0,Thursday,August,4.382026634673881,1.5912739418064292,5.6630380539071075,-0.9747467906208462,-0.8288039510705014,-0.6692595963835118,0.1505417956656347,0.15870171246515333,0.26517830083846855,322.0,0.012142857142857143,0.2453416149068323,0,2021-09-30,1807,14.0,0.043478260869565216,Aarav Gupta,21.0,Other,Chennai,2021-09-30,322.0,14.0,4.17,2,Med
T00022,R0112,Zone_10,1.27,9.05,17.63,Credit Card,2024-03-28,0,0,Thursday,March,2.924773184613497,0.8197798314933114,3.0083217912982647,-1.5680330131307796,-1.4687531200398658,-1.440333994784987,0.04837461300309598,0.044105933890880133,0.05852443007711216,311.0,0.0040836012861736335,0.056688102893890674,0,2020-11-13,2128,11.0,0.03536977491961415,Meera Nair,41.0,Female,Delhi,2020-11-13,311.0,11.0,3.24,0,Med
T00023,R0153,Zone_3,6.12,47.77,118.69,UPI,2024-02-26,0,0,Monday,February,4.784905066885279,1.9629077254238845,6.911584478250989,-0.4780943088985159,-0.39234860994022236,-0.17058039037806055,0.23606811145510836,0.23685782556750298,0.3988281644610567,76.0,0.08052631578947368,1.5617105263157895,0,2020-05-04,2321,14.0,0.18421052631578946,Aadhya Ghosh,20.0,Male,Mumbai,2020-05-04,76.0,14.0,4.54,1,Low
T00024,R0214,Zone_3,1.1,10.71,13.4,Cash,2023-01-10,0,0,Tuesday,January,2.667228206581955,0.7419373447293773,3.2726136343907144,-1.6062370501863434,-1.4226056126337343,-1.4934812117515543,0.041795665634674926,0.052369573874950226,0.044280567060645856,210.0,0.005238095238095239,0.06380952380952382,0,2022-09-14,1458,2.0,0.009523809523809525,Aarav Kumar,20.0,Female,Kolkata,2022-09-14,210.0,2.0,4.53,0,Med
T00025,R0272,Zone_2,10.62,56.33,170.34,UPI,2023-01-15,0,0,Sunday,January,5.143649886535898,2.4527277514237653,7.505331438384317,0.5331890249252336,-0.154383150062822,0.47836848818534494,0.41021671826625383,0.2794703305455994,0.572751456376065,432.0,0.024583333333333332,0.3943055555555556,0,2020-01-15,2431,4.0,0.009259259259259259,Kavya Ghosh,21.0,Male,Kolkata,2020-01-15,432.0,4.0,4.79,1,High
T00026,R0045,Zone_3,5.87,48.76,86.71,Credit Card,2024-02-14,0,0,Wednesday,February,4.47403591796329,1.927164106234258,6.982836100038436,-0.5342767163331686,-0.3648269037160839,-0.5723884278699813,0.22639318885448917,0.24178614097968934,0.2911405192443681,100.0,0.0587,0.8671,0,2023-07-12,1157,16.0,0.16,Saanvi Iyer,34.0,Other,Ahmedabad,2023-07-12,100.0,16.0,4.88,2,Low
T00027,R0096,Zone_9,0.78,5.31,10.51,UPI,2023-01-12,0,0,Thursday,January,2.4432162227337915,0.5766133643039938,2.3043437243605824,-1.6781505317026988,-1.572724010219945,-1.5297921945017623,0.029411764705882356,0.02548785344484269,0.0345489443378119,121.0,0.006446280991735537,0.0868595041322314,0,2019-12-28,2449,3.0,0.024793388429752067,Reyansh Das,40.0,Female,Kolkata,2019-12-28,121.0,3.0,4.46,0,Low
T00028,R0191,Zone_1,6.26,58.43,134.46,UPI,2023-05-14,0,0,Sunday,May,4.908676393786758,1.9823798288367047,7.643951857514541,-0.4466321607351104,-0.09600377322374005,0.027559470511482713,0.24148606811145512,0.2899243329350856,0.45193117149880463,87.0,0.07195402298850574,1.5455172413793103,0,2020-08-14,2219,6.0,0.06896551724137931,Meera Gupta,33.0,Other,Surat,2020-08-14,87.0,6.0,4.56,2,Low
T00029,R0197,Zone_6,7.04,42.69,72.84,Credit Card,2024-06-13,0,0,Thursday,June,4.301900590194597,2.0844290831908747,6.5337584895678535,-0.27134304953899374,-0.5335711024842873,-0.7466560163631938,0.271671826625387,0.2115690959776981,0.24443546486177054,475.0,0.014821052631578947,0.15334736842105265,0,2020-10-08,2164,87.0,0.1831578947368421,Saanvi Das,29.0,Female,Bengaluru,2020-10-08,475.0,87.0,3.87,0,High
T00030,R0284,Zone_1,10.25,88.43,216.17,Cash,2024-03-15,0,0,Friday,March,5.38068045697316,2.4203681286504293,9.403722667114339,0.4500390619219477,0.7379873244774301,1.054192827092622,0.3958978328173375,0.4392672242134608,0.7270768091052967,135.0,0.07592592592592592,1.6012592592592592,0,2019-07-31,2599,19.0,0.14074074074074075,Vivaan Das,28.0,Female,Surat,2019-07-31,135.0,19.0,4.95,0,Low
T00031,R0251,Zone_1,7.27,44.39,170.59,Credit Card,2023-04-08,0,0,Saturday,April,5.14510791029753,2.1126345090356,6.662582082045969,-0.2196552346991133,-0.48631160694788755,0.4815095766585463,0.2805727554179567,0.22003185981680604,0.5735932922517426,213.0,0.03413145539906103,0.8008920187793427,0,2020-01-13,2433,26.0,0.12206572769953052,Vivaan Iyer,46.0,Female,Mumbai,2020-01-13,213.0,26.0,4.48,0,Med
T00032,R0228,Zone_5,17.34,154.38,192.42,UPI,2023-11-30,0,0,Thursday,November,5.264863990288817,2.9090844668283187,12.424974849069113,2.0433721367687,2.5713777542571687,0.7557894221384908,0.6702786377708979,0.7675726802070888,0.6471024009159173,10.0,1.734,19.241999999999997,0,2020-05-18,2307,0.0,0.0,Kavya Ghosh,21.0,Female,Pune,2020-05-18,10.0,0.0,4.84,0,Low
T00033,R0083,Zone_10,5.41,34.07,133.62,Cash,2024-04-19,0,0,Friday,April,4.902455994582567,1.8578592709325787,5.836951259004995,-0.6376523460129297,-0.7732045445570901,0.01700541324152603,0.20859133126934987,0.168657905217045,0.4491026029565276,475.0,0.011389473684210527,0.2813052631578947,0,2021-12-31,1715,39.0,0.08210526315789474,Kavya Patel,45.0,Female,Mumbai,2021-12-31,475.0,39.0,4.4,0,High
T00034,R0105,Zone_8,7.69,72.38,65.12,UPI,2024-06-21,0,0,Friday,June,4.191471272952824,2.162172939277301,8.50764362206128,-0.12526879020889647,0.2918020872073039,-0.8436528284156525,0.29682662538699695,0.35936877737953005,0.21843957302084385,346.0,0.022225433526011563,0.18820809248554915,0,2020-09-28,2174,9.0,0.02601156069364162,Diya Das,31.0,Female,Jaipur,2020-09-28,346.0,9.0,3.69,0,High
T00035,R0221,Zone_4,7.49,44.42,65.75,Credit Card,2023-08-15,0,0,Tuesday,August,4.200954297280359,2.138889000323256,6.664833081180653,-0.17021471615661873,-0.4854776158501864,-0.835737285463185,0.28908668730650156,0.22018120270808442,0.22056099942755159,106.0,0.07066037735849057,0.6202830188679245,0,2021-01-13,2067,1.0,0.009433962264150943,Diya Patel,21.0,Female,Delhi,2021-01-13,106.0,1.0,4.41,0,Low
T00036,R0081,Zone_1,6.59,49.9,125.55,Credit Card,2023-07-29,0,0,Saturday,July,4.840637486991133,2.0268315914075385,7.063993204979744,-0.3724713829213687,-0.3331352420034394,-0.08438892267341465,0.25425696594427244,0.2474611708482676,0.42192814088965214,114.0,0.05780701754385965,1.1013157894736842,0,2022-01-31,1684,2.0,0.017543859649122806,Diya Reddy,42.0,Other,Mumbai,2022-01-31,114.0,2.0,3.9,2,Low
T00037,R0067,Zone_10,8.71,57.85,106.26,Cash,2024-06-07,0,0,Friday,June,4.675255793554779,2.2731562823032334,7.605918747922567,0.1039554321244869,-0.1121276011126293,-0.3267553092656331,0.3363003095975233,0.28703703703703703,0.3569720847223625,348.0,0.02502873563218391,0.3053448275862069,0,2022-07-24,1510,9.0,0.02586206896551724,Saanvi Iyer,32.0,Male,Pune,2022-07-24,348.0,9.0,3.38,1,High
T00038,R0026,Zone_1,10.71,65.12,172.96,Cash,2023-10-27,0,0,Friday,October,5.158825387729438,2.460443177609626,8.069696400732806,0.553414691601709,0.08997624156362098,0.5112870953844955,0.41369969040247684,0.3232277976901633,0.581573896353167,44.0,0.24340909090909094,3.930909090909091,0,2020-04-17,2338,5.0,0.11363636363636363,Aarav Kumar,26.0,Female,Surat,2020-04-17,44.0,5.0,3.17,0,Low
T00039,R0077,Zone_5,14.7,144.74,297.22,Wallet,2024-03-07,0,0,Thursday,March,5.697831469162762,2.7536607123542622,12.030793822520607,1.4500859142587668,2.303388614862526,2.0725337101045103,0.5681114551083591,0.719583831142971,1.0,406.0,0.036206896551724134,0.7320689655172414,0,2019-09-07,2561,72.0,0.17733990147783252,Reyansh Das,28.0,Male,Mumbai,2019-09-07,406.0,72.0,3.79,1,High
T00040,R0110,Zone_9,0.15,1.26,1.28,UPI,2024-08-15,0,0,Thursday,August,0.8241754429663494,0.1397619423751587,1.1224972160321824,-1.8197301984380236,-1.685312808409603,-1.6457611809323573,0.005030959752321981,0.005326563122262047,0.0034683638077920324,224.0,0.0006696428571428571,0.005714285714285714,0,2023-02-04,1315,28.0,0.125,Vivaan Patel,19.0,Female,Kolkata,2023-02-04,224.0,28.0,4.43,0,Med
T00041,R0056,Zone_1,5.45,34.13,108.87,Cash,2024-02-24,0,0,Saturday,February,4.699297848712789,1.864080130807681,5.842088667591412,-0.6286631608233852,-0.7715365623616877,-0.29396234560541074,0.21013931888544893,0.16895659099960175,0.36576085126443747,93.0,0.05860215053763441,1.1706451612903226,0,2021-02-26,2023,13.0,0.13978494623655913,Meera Patel,40.0,Other,Hyderabad,2021-02-26,93.0,13.0,3.25,2,Low
T00042,R0120,Zone_4,5.76,45.5,57.73,Credit Card,2024-02-25,0,0,Sunday,February,4.072950669534428,1.9110228900548727,6.745368781616021,-0.558996975604416,-0.4554539363329443,-0.9365034036834855,0.22213622291021673,0.22555754679410592,0.19355490453581167,311.0,0.018520900321543406,0.18562700964630224,0,2020-07-12,2252,15.0,0.04823151125401929,Ishaan Gupta,18.0,Other,Surat,2020-07-12,311.0,15.0,4.55,2,Med
T00043,R0178,Zone_2,12.69,71.08,174.11,Cash,2023-08-07,0,0,Monday,August,5.165414347883809,2.6166656393003573,8.430895563343197,0.9983793584841585,0.2556624729735866,0.5257361023612219,0.4903250773993808,0.3528972520908005,0.5854463413812844,56.0,0.22660714285714284,3.1091071428571433,0,2021-05-15,1945,7.0,0.125,Saanvi Ghosh,27.0,Male,Delhi,2021-05-15,56.0,7.0,3.13,1,Low
T00044,R0164,Zone_3,6.22,35.17,149.59,UPI,2024-04-02,0,0,Tuesday,April,5.0145609120987285,1.9768549529047348,5.930430001273095,-0.45562134592465486,-0.7426248709747137,0.21765814490963026,0.23993808049535603,0.1741338112305854,0.5028790786948176,249.0,0.02497991967871486,0.6007630522088353,0,2022-07-06,1528,23.0,0.09236947791164658,Aadhya Ghosh,37.0,Other,Ahmedabad,2022-07-06,249.0,23.0,4.02,2,Med
T00045,R0221,Zone_9,1.48,7.57,22.98,Credit Card,2024-07-11,0,0,Thursday,July,3.177220149599368,0.9082585601768908,2.751363298439521,-1.520839790885671,-1.5098966808597902,-1.3731147014584772,0.0565015479876161,0.03673835125448029,0.07653971781661446,106.0,0.013962264150943395,0.2167924528301887,0,2021-01-13,2067,1.0,0.009433962264150943,Diya Patel,21.0,Female,Delhi,2021-01-13,106.0,1.0,4.41,0,Low
T00046,R0247,Zone_2,8.44,82.23,70.49,Cash,2023-08-13,0,0,Sunday,August,4.26955757977876,2.244955980157409,9.068075870878012,0.04327843209506161,0.5656291642858549,-0.7761822480112869,0.3258513931888545,0.4084030266825966,0.23652220763040033,249.0,0.03389558232931727,0.2830923694779116,0,2021-05-11,1949,47.0,0.18875502008032127,Aadhya Das,37.0,Male,Bengaluru,2021-05-11,249.0,47.0,4.92,1,Med
T00047,R0207,Zone_1,7.83,61.12,158.67,Cash,2023-09-03,0,0,Sunday,September,5.07310918535161,2.178155014615869,7.8179281142768255,-0.093806642045491,-0.02122257146320188,0.3317424782563042,0.30224458204334365,0.3033154121863799,0.5334545576994308,47.0,0.16659574468085106,3.3759574468085103,0,2023-12-06,1010,3.0,0.06382978723404255,Ishaan Iyer,31.0,Male,Mumbai,2023-12-06,47.0,3.0,3.93,1,Low
T00048,R0077,Zone_10,8.9,76.5,91.12,Wallet,2023-08-03,0,0,Thursday,August,4.523092074952484,2.2925347571405443,8.74642784226795,0.14665406177482287,0.40633686462493135,-0.5169796272027088,0.34365325077399383,0.37987853444842695,0.3059905040913224,406.0,0.021921182266009854,0.22443349753694583,0,2019-09-07,2561,72.0,0.17733990147783252,Reyansh Das,28.0,Male,Mumbai,2019-09-07,406.0,72.0,3.79,1,High
T00049,R0115,Zone_6,2.8,27.94,33.7,UPI,2024-08-08,0,0,Thursday,August,3.5467396869528134,1.33500106673234,5.285830114561004,-1.2241966796307047,-0.9436167255206956,-1.2384248277276022,0.10758513931888546,0.13814217443249702,0.11263764016567329,170.0,0.016470588235294115,0.19823529411764707,0,2020-03-01,2385,15.0,0.08823529411764706,Aarav Ghosh,40.0,Female,Bengaluru,2020-03-01,170.0,15.0,4.4,0,Med
T00050,R0010,Zone_3,16.6,90.94,193.05,Cash,2023-03-20,0,0,Monday,March,5.268115857814915,2.8678989020441064,9.536246641105713,1.877072210762128,0.8077645796517611,0.7637049650909585,0.6416408668730651,0.4517622461170848,0.6492238273226252,173.0,0.09595375722543353,1.1158959537572255,0,2023-05-14,1216,1.0,0.005780346820809248,Vivaan Gupta,25.0,Female,Surat,2023-05-14,173.0,1.0,3.38,0,Med
T00051,R0230,Zone_3,6.38,47.94,95.38,Wallet,2023-07-18,0,0,Tuesday,July,4.5682987112121864,1.998773638612381,6.923871749245504,-0.4196646051664771,-0.38762266038658255,-0.4634554796193574,0.24613003095975233,0.23770410195141375,0.32033538741287,183.0,0.03486338797814208,0.5212021857923497,0,2022-11-22,1389,23.0,0.12568306010928962,Kavya Gupta,32.0,Male,Chennai,2022-11-22,183.0,23.0,3.65,1,Med
T00052,R0032,Zone_1,7.06,36.36,101.01,UPI,2024-05-24,0,0,Friday,May,4.625070847694428,2.0869135565185366,6.029925372672534,-0.2668484569442216,-0.7095432240992341,-0.3927181672028622,0.2724458204334365,0.18005774591796095,0.3392935313331313,213.0,0.033145539906103284,0.4742253521126761,0,2023-09-20,1087,24.0,0.11267605633802817,Kavya Reddy,18.0,Female,Mumbai,2023-09-20,213.0,24.0,4.0,0,Med
T00053,R0082,Zone_3,3.5,24.24,60.44,Credit Card,2024-07-22,0,0,Monday,July,4.118061088839417,1.5040773967762742,4.923413450036469,-1.0668859388136769,-1.0464756275705067,-0.9024540046339824,0.1346749226006192,0.1197232178414974,0.20268040542815768,274.0,0.012773722627737226,0.2205839416058394,0,2022-12-27,1354,23.0,0.08394160583941605,Kavya Singh,26.0,Other,Pune,2022-12-27,274.0,23.0,3.15,2,Med
T00054,R0228,Zone_7,3.34,32.09,80.26,UPI,2023-01-13,0,0,Friday,January,4.397653890559581,1.4678743481123135,5.664803615307419,-1.1028426795718547,-0.8282479570053672,-0.6534285104785769,0.1284829721362229,0.15880127439267225,0.26942115365188407,10.0,0.33399999999999996,8.026,0,2020-05-18,2307,0.0,0.0,Kavya Ghosh,21.0,Female,Pune,2020-05-18,10.0,0.0,4.84,0,Low
T00055,R0266,Zone_9,1.8900000000000001,14.21,45.33,Credit Card,2024-01-23,0,0,Tuesday,January,3.835789699428557,1.0612565021243408,3.769615364994153,-1.4287006426928406,-1.3253066512352645,-1.092301391954274,0.0723684210526316,0.06979291119076066,0.15179984510219885,98.0,0.019285714285714288,0.46255102040816326,0,2020-09-25,2177,13.0,0.1326530612244898,Diya Reddy,29.0,Other,Chennai,2020-09-25,98.0,13.0,3.9,2,Low
T00056,R0158,Zone_3,6.03,42.1,137.35,Cash,2023-08-05,0,0,Saturday,August,4.929786706232935,1.9501867058225735,6.488451279003334,-0.49831997557499086,-0.5499729274057436,0.06387045326169051,0.23258513931888547,0.20863201911589008,0.46166279422163853,441.0,0.013673469387755103,0.31145124716553285,0,2020-07-26,2238,60.0,0.1360544217687075,Aarav Iyer,27.0,Male,Ahmedabad,2020-07-26,441.0,60.0,3.57,1,High
T00057,R0154,Zone_5,3.21,21.26,61.28,Wallet,2023-01-05,0,0,Thursday,January,4.131640346965797,1.43746264769429,4.610856753359402,-1.132057531437874,-1.1293187432754896,-0.8918999473640258,0.12345201238390094,0.10488849064117882,0.20550897397043472,466.0,0.006888412017167382,0.13150214592274678,0,2019-03-25,2727,79.0,0.16952789699570817,Kavya Patel,18.0,Other,Kolkata,2019-03-25,466.0,79.0,4.68,2,High
T00058,R0020,Zone_10,18.28,161.83,161.65,Cash,2024-01-26,0,0,Friday,January,5.091600652919361,2.9590682891823996,12.721242077721813,2.2546179887229947,2.7784855435196265,0.3691842528568649,0.7066563467492261,0.8046594982078854,0.5434892413375089,274.0,0.06671532846715329,0.589963503649635,0,2019-09-17,2551,21.0,0.07664233576642336,Diya Das,35.0,Female,Chennai,2019-09-17,274.0,21.0,4.03,0,Med
T00059,R0043,Zone_10,1.44,8.19,13.38,UPI,2023-12-21,0,0,Thursday,December,2.6658383522929006,0.8919980393051105,2.8618176042508368,-1.5298289760752157,-1.4926608648406328,-1.4937324988294105,0.05495356037151703,0.039824771007566706,0.044213220190591644,85.0,0.016941176470588234,0.15741176470588236,0,2021-12-10,1736,16.0,0.18823529411764706,Diya Kumar,28.0,Male,Ahmedabad,2021-12-10,85.0,16.0,4.68,1,Low
T00060,R0146,Zone_4,2.36,17.35,27.83,UPI,2024-03-25,0,0,Monday,March,3.3614165116503107,1.2119409739751128,4.165333119931706,-1.3230777167156935,-1.2380155830092088,-1.3121775850783706,0.09055727554179567,0.0854241338112306,0.09287133380476141,80.0,0.0295,0.347875,0,2020-04-15,2340,11.0,0.1375,Kavya Gupta,30.0,Male,Surat,2020-04-15,80.0,11.0,3.89,1,Low
T00061,R0235,Zone_8,5.99,44.78,54.34,Credit Card,2024-02-15,0,0,Thursday,February,4.01349597435878,1.944480556245719,6.691786009728643,-0.5073091607645352,-0.4754697226777724,-0.9790965633800961,0.23103715170278638,0.22197331740342494,0.18213961006162238,284.0,0.02109154929577465,0.1913380281690141,0,2021-02-15,2034,8.0,0.028169014084507043,Aarav Ghosh,34.0,Other,Delhi,2021-02-15,284.0,8.0,4.06,2,Med
T00062,R0292,Zone_3,11.37,99.93,252.52,UPI,2023-04-04,0,0,Tuesday,April,5.535442715382666,2.5152741864043966,9.996499387285532,0.7017362472291919,1.0576839119295454,1.510907091096103,0.4392414860681114,0.49651533253683794,0.8494797454288312,141.0,0.08063829787234042,1.790921985815603,0,2020-06-28,2266,19.0,0.1347517730496454,Diya Patel,37.0,Female,Jaipur,2020-06-28,141.0,19.0,4.39,0,Low
T00063,R0143,Zone_7,5.93,33.28,124.07,Wallet,2023-07-09,0,0,Sunday,July,4.828873580560815,1.9358598132018119,5.768882040742383,-0.5207929385488521,-0.7951663101298875,-0.10298416643476688,0.22871517027863777,0.16472520908004779,0.41694447250564026,74.0,0.08013513513513514,1.6766216216216214,0,2023-03-28,1263,13.0,0.17567567567567569,Meera Kumar,42.0,Other,Kolkata,2023-03-28,74.0,13.0,4.56,2,Low
T00064,R0243,Zone_7,11.38,101.38,252.89,Cash,2023-02-10,0,0,Friday,February,5.536901102350124,2.5160822672564502,10.0687635785135,0.7039835435265783,1.0979934816517682,1.5155559020364409,0.4396284829721363,0.5037335722819594,0.8507256625248341,315.0,0.03612698412698413,0.8028253968253968,0,2023-02-06,1313,11.0,0.03492063492063492,Ishaan Patel,33.0,Male,Jaipur,2023-02-06,315.0,11.0,3.7,1,Med
T00065,R0215,Zone_7,3.07,22.86,73.11,UPI,2024-04-15,0,0,Monday,April,4.305550475963267,1.4036429994545037,4.7812132351527685,-1.1635196796012794,-1.0848392180647606,-0.7432636408121364,0.11803405572755418,0.11285344484269215,0.2453446476075024,438.0,0.007009132420091324,0.1669178082191781,0,2020-02-28,2387,48.0,0.1095890410958904,Saanvi Gupta,26.0,Female,Hyderabad,2020-02-28,438.0,48.0,3.24,0,High
T00066,R0207,Zone_3,8.3,62.92,184.22,Credit Card,2023-01-26,0,0,Thursday,January,5.221544307742123,2.2300144001592104,7.932212806020776,0.011816283931656334,0.028816894398868437,0.6527617202174856,0.3204334365325078,0.31227598566308246,0.6194901841936896,47.0,0.17659574468085107,3.9195744680851066,0,2023-12-06,1010,3.0,0.06382978723404255,Ishaan Iyer,31.0,Male,Mumbai,2023-12-06,47.0,3.0,3.93,1,Low
T00067,R0032,Zone_6,16.72,100.34,297.22,Wallet,2024-05-03,0,0,Friday,May,5.697831469162762,2.8746939451769347,10.016985574512923,1.9040397663307609,1.0690817902647944,2.0725337101045103,0.6462848297213623,0.49855635205097576,1.0,213.0,0.07849765258215961,1.395399061032864,0,2023-09-20,1087,24.0,0.11267605633802817,Kavya Reddy,18.0,Female,Mumbai,2023-09-20,213.0,24.0,4.0,0,Med
T00068,R0211,Zone_6,3.16,20.03,65.53,UPI,2023-01-05,0,0,Thursday,January,4.197652973753796,1.425515074273172,4.47548880012005,-1.1432940129248046,-1.1635123782812375,-0.8385014433196023,0.1215170278637771,0.09876543209876544,0.21982018385695523,435.0,0.007264367816091954,0.15064367816091953,0,2021-04-04,1986,17.0,0.03908045977011494,Arjun Reddy,36.0,Female,Mumbai,2021-04-04,435.0,17.0,3.63,0,High
T00069,R0077,Zone_10,10.1,58.97,178.77,Cash,2023-02-03,0,0,Friday,February,5.191678256058324,2.4069451083182885,7.679192665899196,0.416329617461156,-0.08099193346511901,0.5842859915016956,0.39009287925696595,0.2926125049780964,0.6011381621039162,406.0,0.024876847290640394,0.440320197044335,0,2019-09-07,2561,72.0,0.17733990147783252,Reyansh Das,28.0,Male,Mumbai,2019-09-07,406.0,72.0,3.79,1,High
T00070,R0156,Zone_9,9.03,63.18,120.06,Cash,2023-08-31,0,0,Thursday,August,4.7962862904635415,2.305580601973844,7.948584779695062,0.1758689136408421,0.03604481724561186,-0.15336722554491694,0.34868421052631576,0.31357029072082837,0.4034414250597703,255.0,0.03541176470588235,0.4708235294117647,0,2022-07-07,1527,18.0,0.07058823529411765,Ishaan Iyer,33.0,Female,Jaipur,2022-07-07,255.0,18.0,4.28,0,Med
T00071,R0232,Zone_2,3.26,29.24,56.16,Wallet,2024-03-01,0,0,Friday,March,4.045854353061666,1.449269160281279,5.407402333838309,-1.1208210499509434,-0.9074771112869784,-0.9562294392951901,0.12538699690402477,0.1446136997212266,0.18826817523655584,172.0,0.01895348837209302,0.32651162790697674,0,2022-12-08,1373,15.0,0.0872093023255814,Meera Das,38.0,Male,Jaipur,2022-12-08,172.0,15.0,3.94,1,Med
T00072,R0263,Zone_9,5.06,48.17,44.44,UPI,2023-07-21,0,0,Friday,July,3.816392774412896,1.801709800081223,6.940461079784253,-0.7163077164214436,-0.38122872863754015,-1.1034836669188708,0.19504643962848295,0.23884906411788132,0.14880290938478632,297.0,0.017037037037037035,0.1496296296296296,0,2020-12-30,2081,21.0,0.0707070707070707,Ishaan Das,31.0,Other,Chennai,2020-12-30,297.0,21.0,3.84,2,Med
T00073,R0025,Zone_9,13.66,115.24,116.48,Cash,2024-02-23,0,0,Friday,February,4.766268106330419,2.6851226964585053,10.734989520255713,1.2163670993306115,1.4832973687897086,-0.1983476124811607,0.5278637770897833,0.5727299880525687,0.391386335320066,42.0,0.3252380952380952,2.7733333333333334,0,2021-10-22,1785,3.0,0.07142857142857142,Meera Das,21.0,Female,Mumbai,2021-10-22,42.0,3.0,4.01,0,Low
T00074,R0048,Zone_7,8.68,58.17,87.92,Wallet,2023-10-09,0,0,Monday,October,4.487737089095996,2.2700619012884857,7.626925986267338,0.09721354323232831,-0.10323169607048348,-0.5571855596596865,0.3351393188854489,0.2886300278773397,0.29521500488264807,207.0,0.041932367149758454,0.4247342995169082,0,2019-05-31,2660,1.0,0.004830917874396135,Kavya Sharma,35.0,Male,Hyderabad,2019-05-31,207.0,1.0,3.02,1,Med
T00075,R0008,Zone_5,1.94,14.17,31.82,Cash,2023-01-04,0,0,Wednesday,January,3.4910380856619447,1.0784095813505903,3.7643060449437424,-1.4174641612059102,-1.3264186393655328,-1.2620458130460765,0.07430340557275543,0.06959378733572283,0.10630703438057715,215.0,0.009023255813953489,0.148,0,2022-10-01,1441,23.0,0.10697674418604651,Ishaan Ghosh,28.0,Female,Jaipur,2022-10-01,215.0,23.0,4.02,0,Med
T00076,R0055,Zone_1,11.45,113.56,134.34,Cash,2023-11-11,0,0,Saturday,November,4.90779013080408,2.5217206229107165,10.656453443805777,0.7197146176082808,1.4365938673184433,0.026051748044345995,0.4423374613003096,0.5643667861409797,0.4515270902784793,425.0,0.026941176470588232,0.31609411764705886,0,2021-11-07,1769,12.0,0.02823529411764706,Kavya Singh,32.0,Male,Delhi,2021-11-07,425.0,12.0,4.19,1,High
T00077,R0115,Zone_4,5.6,54.45,54.1,Wallet,2023-11-26,0,0,Sunday,November,4.009149716158869,1.8870696490323797,7.379024325749306,-0.5949537163625938,-0.20664659218542852,-0.9821120083143695,0.21594427244582043,0.2701115093588212,0.1813314476209718,170.0,0.03294117647058823,0.31823529411764706,0,2020-03-01,2385,15.0,0.08823529411764706,Aarav Ghosh,40.0,Female,Bengaluru,2020-03-01,170.0,15.0,4.4,0,Med
T00078,R0220,Zone_4,9.8,70.64,194.44,Credit Card,2024-06-02,0,0,Sunday,June,5.275253426949485,2.379546134130174,8.404760555780278,0.3489107285395729,0.24343060354063614,0.781169417001958,0.37848297213622295,0.3507068896853843,0.653904434791393,491.0,0.019959266802443993,0.39600814663951117,0,2023-04-18,1242,63.0,0.12830957230142567,Meera Ghosh,32.0,Female,Kolkata,2023-04-18,491.0,63.0,3.78,0,High
T00079,R0080,Zone_10,9.88,54.31,143.26,Credit Card,2023-03-23,0,0,Thursday,March,4.971617227075527,2.3869262414277967,7.369531871157082,0.3668890989186618,-0.21053855064136734,0.13812578476817114,0.38157894736842113,0.2694145758661888,0.48156379432265883,34.0,0.29058823529411765,4.213529411764705,0,2021-05-15,1945,6.0,0.17647058823529413,Reyansh Kumar,19.0,Female,Mumbai,2021-05-15,34.0,6.0,4.6,0,Low
T00080,R0020,Zone_2,2.41,13.57,55.01,Credit Card,2023-08-16,0,0,Wednesday,August,4.025530246221741,1.2267122912954254,3.6837480912787726,-1.3118412352287627,-1.3430984613195562,-0.9706784462719166,0.09249226006191952,0.06660692951015532,0.18439573020843852,274.0,0.008795620437956205,0.20076642335766423,0,2019-09-17,2551,21.0,0.07664233576642336,Diya Das,35.0,Female,Chennai,2019-09-17,274.0,21.0,4.03,0,Med
T00081,R0278,Zone_5,11.95,92.3,279.75,UPI,2023-01-06,0,0,Friday,January,5.637464593618552,2.5610957881455465,9.60728889958036,0.8320794324775863,0.8455721760808808,1.8530344475971974,0.461687306501548,0.45853245718837116,0.9411725090076438,382.0,0.031282722513089,0.7323298429319371,0,2021-09-02,1835,58.0,0.1518324607329843,Aarav Reddy,20.0,Female,Mumbai,2021-09-02,382.0,58.0,4.27,0,High
T00082,R0264,Zone_9,2.96,24.84,67.86,Credit Card,2023-08-03,0,0,Thursday,August,4.232075457910378,1.3762440252663892,4.983974317750845,-1.1882399388725269,-1.0297958056164835,-0.8092264987493654,0.11377708978328174,0.12271007566706492,0.2276660942182712,401.0,0.007381546134663341,0.16922693266832917,0,2019-02-06,2774,54.0,0.13466334164588528,Aadhya Das,27.0,Other,Delhi,2019-02-06,401.0,54.0,3.59,2,High
T00083,R0213,Zone_1,1.47,10.77,19.52,Cash,2023-01-22,0,0,Sunday,January,3.021400020302569,0.9042181506398859,3.281767816284388,-1.5230870871830573,-1.4209376304383319,-1.4165873659275845,0.056114551083591334,0.05266825965750697,0.0648887092972354,456.0,0.0032236842105263157,0.04280701754385965,0,2019-06-04,2656,26.0,0.05701754385964912,Kavya Ghosh,29.0,Female,Chennai,2019-06-04,456.0,26.0,3.74,0,High
T00084,R0129,Zone_7,3.59,30.5,29.92,Cash,2023-10-16,0,0,Monday,October,3.4314032237192214,1.5238800240724537,5.522680508593631,-1.0466602721372018,-0.8724494851835293,-1.285918085442407,0.1381578947368421,0.15088610115491835,0.0999090817254268,158.0,0.02272151898734177,0.18936708860759494,0,2022-10-08,1434,10.0,0.06329113924050633,Vivaan Singh,35.0,Male,Hyderabad,2022-10-08,158.0,10.0,3.9,1,Low
T00085,R0042,Zone_3,6.27,52.47,156.34,Cash,2023-01-22,0,0,Sunday,January,5.0584090689010965,1.9837562915454279,7.243617880589782,-0.44438486443772435,-0.26169000463370584,0.30246753368606755,0.24187306501547987,0.26025487853444845,0.525608647338115,23.0,0.2726086956521739,6.797391304347826,0,2021-05-20,1940,4.0,0.17391304347826086,Arjun Reddy,18.0,Female,Chennai,2021-05-20,23.0,4.0,3.03,0,Low
T00086,R0254,Zone_2,8.55,54.29,70.74,Wallet,2023-01-20,0,0,Friday,January,4.273048472104136,2.256541154492639,7.368174807915458,0.0679986913663091,-0.21109454470650152,-0.7730411595380855,0.33010835913312697,0.26931501393866986,0.237364043506078,363.0,0.023553719008264466,0.19487603305785123,0,2020-03-09,2377,70.0,0.1928374655647383,Meera Kumar,18.0,Male,Delhi,2020-03-09,363.0,70.0,3.68,1,High
T00087,R0227,Zone_7,4.14,37.02,34.19,Credit Card,2023-04-03,0,0,Monday,April,3.5607619513334936,1.6370530794670737,6.084406298070503,-0.9230589757809659,-0.6911954199498083,-1.2322682943201275,0.15944272445820432,0.18334328952608522,0.11428763848200153,320.0,0.0129375,0.10684374999999999,0,2020-07-11,2253,23.0,0.071875,Arjun Nair,25.0,Other,Pune,2020-07-11,320.0,23.0,4.12,2,Med
T00088,R0145,Zone_3,11.72,88.45,158.4,Credit Card,2023-11-29,0,0,Wednesday,November,5.071416766356115,2.543175557911976,9.404786015641186,0.780391617637706,0.7385433185425642,0.32835010270524695,0.4527863777089784,0.43936678614097974,0.532545374953699,222.0,0.052792792792792795,0.7135135135135136,0,2022-12-09,1372,43.0,0.19369369369369369,Saanvi Nair,36.0,Female,Jaipur,2022-12-09,222.0,43.0,4.3,0,Med
T00089,R0154,Zone_3,9.26,64.5,184.33,Credit Card,2023-02-15,0,0,Wednesday,February,5.222138019809219,2.3282528397426234,8.031189202104505,0.22755672848072273,0.07274042554446335,0.6541437991456943,0.35758513931888547,0.32014137793707687,0.6198605919789878,466.0,0.019871244635193134,0.3955579399141631,0,2019-03-25,2727,79.0,0.16952789699570817,Kavya Patel,18.0,Other,Kolkata,2019-03-25,466.0,79.0,4.68,2,High
T00090,R0009,Zone_7,4.53,39.15,79.95,Cash,2024-07-12,0,0,Friday,July,4.393831680123644,1.7101878155342434,6.256996084384263,-0.8354144201829073,-0.6319820520130254,-0.6573234601853466,0.1745356037151703,0.19394663480684984,0.2683772771660437,172.0,0.02633720930232558,0.46482558139534885,0,2019-12-15,2462,21.0,0.12209302325581395,Diya Patel,42.0,Female,Ahmedabad,2019-12-15,172.0,21.0,4.11,0,Med
T00091,R0205,Zone_1,12.44,87.74,134.42,Wallet,2023-02-27,0,0,Monday,February,4.908381060057499,2.5982353350950036,9.366963221877194,0.9421969510495057,0.7188055292303028,0.027056896355770237,0.4806501547987616,0.4358323377140581,0.45179647775869614,100.0,0.1244,1.3441999999999998,0,2019-05-12,2679,14.0,0.14,Diya Singh,31.0,Other,Surat,2019-05-12,100.0,14.0,4.66,2,Low
T00092,R0059,Zone_4,13.81,120.47,115.41,Cash,2024-01-22,0,0,Monday,January,4.75711844226015,2.6953026282797072,10.975882652433926,1.2500765437914032,1.6286898168222794,-0.21179147114646268,0.5336687306501549,0.5987654320987654,0.38778327777216554,357.0,0.038683473389355745,0.32327731092436973,0,2021-08-02,1866,11.0,0.03081232492997199,Aarav Sharma,43.0,Male,Delhi,2021-08-02,357.0,11.0,3.27,1,High
T00093,R0119,Zone_4,7.51,47.47,142.75,UPI,2024-04-21,0,0,Sunday,April,4.96807567967746,2.1412419425852827,6.8898476035395735,-0.1657201235618466,-0.40068852091723417,0.1317179642828404,0.2898606811145511,0.23536439665471923,0.4798464491362764,30.0,0.25033333333333335,4.758333333333334,0,2023-05-05,1225,1.0,0.03333333333333333,Saanvi Iyer,47.0,Male,Hyderabad,2023-05-05,30.0,1.0,4.39,1,Low
T00094,R0271,Zone_7,6.93,58.93,105.07,Wallet,2024-04-18,0,0,Thursday,April,4.664099253517379,2.0706530356467567,7.676587783644502,-0.296063308810241,-0.08210392159538722,-0.3417068903980719,0.26741486068111453,0.29241338112305854,0.35296494595413674,58.0,0.11948275862068965,1.8115517241379309,0,2022-10-07,1435,6.0,0.10344827586206896,Saanvi Iyer,22.0,Male,Bengaluru,2022-10-07,58.0,6.0,4.37,1,Low
T00095,R0004,Zone_3,0.87,6.04,16.87,UPI,2024-04-09,0,0,Tuesday,April,2.8831233291713367,0.6259384308664953,2.4576411454889016,-1.657924865026224,-1.5524302268425498,-1.449882903743519,0.03289473684210526,0.029121863799283155,0.055965249015052024,464.0,0.001875,0.036357758620689656,0,2019-07-28,2602,5.0,0.010775862068965518,Aarav Nair,19.0,Other,Kolkata,2019-07-28,464.0,5.0,3.19,2,High
T00096,R0298,Zone_5,5.96,50.55,107.7,Cash,2023-02-16,0,0,Thursday,February,4.688591794127164,1.9401794743463283,7.109852319141376,-0.5140510496566937,-0.3150654348865808,-0.30866263965999324,0.2298761609907121,0.25069693349263245,0.36182105936626596,65.0,0.0916923076923077,1.656923076923077,0,2020-03-25,2361,11.0,0.16923076923076924,Vivaan Singh,35.0,Female,Ahmedabad,2020-03-25,65.0,11.0,3.88,0,Low
T00097,R0061,Zone_4,6.54,53.61,149.53,UPI,2023-12-24,0,0,Sunday,December,5.014162399872412,2.020222182019865,7.321885003194191,-0.38370786440829924,-0.22999834292106136,0.2169042836760619,0.25232198142414863,0.2659299084030267,0.502677038084655,168.0,0.03892857142857143,0.8900595238095238,0,2020-08-20,2213,25.0,0.1488095238095238,Meera Reddy,25.0,Male,Mumbai,2020-08-20,168.0,25.0,3.69,1,Med
T00098,R0127,Zone_8,9.23,58.17,197.25,Wallet,2023-09-07,0,0,Thursday,September,5.289528860514958,2.325324579963535,7.626925986267338,0.22081483958856454,-0.10323169607048348,0.8164752514407416,0.35642414860681115,0.2886300278773397,0.6633666700340102,43.0,0.21465116279069768,4.587209302325581,0,2020-03-17,2369,2.0,0.046511627906976744,Vivaan Kumar,38.0,Male,Chennai,2020-03-17,43.0,2.0,4.83,1,Low
T00099,R0290,Zone_2,7.16,64.31,116.82,Credit Card,2023-07-01,0,0,Saturday,July,4.7691580360935415,2.0992441689760155,8.019351594736323,-0.24437549397036037,0.06745848192568933,-0.19407573215760696,0.27631578947368424,0.3191955396256472,0.3925312321109876,169.0,0.042366863905325444,0.6912426035502958,0,2020-05-06,2319,4.0,0.023668639053254437,Saanvi Kumar,34.0,Other,Chennai,2020-05-06,169.0,4.0,4.28,2,Med
T00100,R0127,Zone_4,9.22,64.89,200.69,Wallet,2023-04-02,0,0,Sunday,April,5.306731865149055,2.3243465847755584,8.055432949258531,0.21856754329117847,0.08358230981457856,0.8596966288319926,0.35603715170278644,0.32208283552369577,0.674950331683335,43.0,0.2144186046511628,4.667209302325581,0,2020-03-17,2369,2.0,0.046511627906976744,Vivaan Kumar,38.0,Male,Chennai,2020-03-17,43.0,2.0,4.83,1,Low
T00101,R0296,Zone_7,15.67,121.5,297.22,Cash,2024-01-11,0,0,Thursday,January,5.697831469162762,2.813610696762703,11.022703842524301,1.6680736551052195,1.6573235111766862,2.0725337101045103,0.6056501547987616,0.6038928713659897,1.0,390.0,0.04017948717948718,0.7621025641025642,0,2021-02-20,2029,58.0,0.14871794871794872,Reyansh Patel,37.0,Other,Hyderabad,2021-02-20,390.0,58.0,3.97,2,High
T00102,R0088,Zone_5,5.35,53.28,125.86,Credit Card,2023-05-10,0,0,Wednesday,May,4.843084116205751,1.8484548129046001,7.299315036357863,-0.6511361237972465,-0.2391722449957742,-0.08049397296664491,0.20626934984520123,0.2642871365989646,0.42297201737549245,438.0,0.012214611872146118,0.28735159817351597,0,2019-07-07,2623,0.0,0.0,Diya Iyer,22.0,Other,Jaipur,2019-07-07,438.0,0.0,4.78,2,High
T00103,R0247,Zone_5,5.55,40.75,125.3,UPI,2024-04-15,0,0,Monday,April,4.838660029356445,1.8794650496471605,6.383572667401852,-0.6061901978495242,-0.5875025268022962,-0.08753001114661604,0.2140092879256966,0.2019115890083632,0.4210863050139744,249.0,0.022289156626506025,0.5032128514056224,0,2021-05-11,1949,47.0,0.18875502008032127,Aadhya Das,37.0,Male,Bengaluru,2021-05-11,249.0,47.0,4.92,1,Med
T00104,R0021,Zone_1,1.45,8.94,13.26,UPI,2023-06-28,0,0,Wednesday,June,2.65745841498615,0.8960880245566356,2.9899832775452104,-1.5275816797778294,-1.4718110873981034,-1.495240221296547,0.055340557275541796,0.04355834328952608,0.04380913897026636,380.0,0.0038157894736842103,0.03489473684210526,0,2019-05-08,2683,17.0,0.04473684210526316,Diya Ghosh,37.0,Female,Pune,2019-05-08,380.0,17.0,3.91,0,High
T00105,R0210,Zone_5,7.96,45.79,63.84,UPI,2024-06-22,0,0,Saturday,June,4.171922696867475,2.192770226986839,6.766830868286867,-0.06459179017947159,-0.4473920223884997,-0.8597352013984436,0.30727554179566563,0.2270011947431302,0.21412937333737414,94.0,0.08468085106382979,0.6791489361702128,0,2022-01-02,1713,5.0,0.05319148936170213,Meera Iyer,34.0,Other,Mumbai,2022-01-02,94.0,5.0,3.4,2,Low
T00106,R0073,Zone_1,12.88,86.01,193.62,Wallet,2023-10-13,0,0,Friday,October,5.271048939393843,2.6304489550786583,9.274157643689264,1.041077988134495,0.6707120425962023,0.7708666468098576,0.4976780185758515,0.4272202309836719,0.6511432131191702,490.0,0.026285714285714287,0.39514285714285713,0,2021-06-19,1910,30.0,0.061224489795918366,Meera Das,41.0,Other,Ahmedabad,2021-06-19,490.0,30.0,3.01,2,High
T00107,R0051,Zone_3,0.76,6.83,9.71,Credit Card,2023-05-22,0,0,Monday,May,2.3711778844596574,0.5653138090500605,2.613426869074396,-1.6826451242974712,-1.5304684612697523,-1.5398436776160067,0.028637770897832822,0.03305455993628037,0.031855069535643335,213.0,0.003568075117370892,0.045586854460093904,0,2020-04-05,2350,14.0,0.06572769953051644,Aarav Nair,21.0,Male,Kolkata,2020-04-05,213.0,14.0,4.02,1,Med
T00108,R0185,Zone_5,4.67,31.35,52.05,Cash,2024-02-03,0,0,Saturday,February,3.971234865059992,1.7351891177396608,5.599107071667768,-0.8039522720195019,-0.8488197374153295,-1.0078689337946207,0.17995356037151702,0.15511748307447232,0.17442839344041483,201.0,0.023233830845771145,0.258955223880597,0,2021-08-27,1841,12.0,0.05970149253731343,Vivaan Sharma,27.0,Male,Delhi,2021-08-27,201.0,12.0,4.05,1,Med
T00109,R0162,Zone_2,8.18,49.59,93.5,Credit Card,2024-01-14,0,0,Sunday,January,4.548599834499697,2.217027204632399,7.042016756583302,-0.015151271636977215,-0.34175315001301804,-0.48707646493783174,0.3157894736842105,0.24591796097172441,0.31400478162777384,394.0,0.020761421319796955,0.23730964467005075,0,2023-08-14,1124,38.0,0.09644670050761421,Meera Patel,30.0,Male,Hyderabad,2023-08-14,394.0,38.0,4.28,1,High
T00110,R0075,Zone_4,12.25,116.83,202.81,Credit Card,2023-06-30,0,0,Friday,June,5.317188187298288,2.583997552432231,10.808792717042916,0.8994983213991697,1.5274988969678707,0.8863330590847404,0.47329721362229105,0.5806451612903226,0.6820890999090817,108.0,0.11342592592592593,1.8778703703703703,0,2021-04-30,1960,7.0,0.06481481481481481,Diya Reddy,18.0,Female,Mumbai,2021-04-30,108.0,7.0,4.83,0,Low
T00111,R0046,Zone_8,9.91,84.04,230.69,Wallet,2023-03-31,0,0,Friday,March,5.445400271249282,2.3896797998449792,9.167333309092673,0.37363098781082,0.6159466271804922,1.2366272456161582,0.3827399380804954,0.4174133811230586,0.7759706367646563,31.0,0.31967741935483873,7.441612903225806,0,2019-08-16,2583,4.0,0.12903225806451613,Vivaan Singh,31.0,Female,Kolkata,2019-08-16,31.0,4.0,3.87,0,Low
T00112,R0148,Zone_1,9.63,81.74,205.35,Cash,2024-07-23,0,0,Tuesday,July,5.329573756198591,2.363680192353857,9.041017641836564,0.31070669148400903,0.5520073096900688,0.9182465179724663,0.37190402476780193,0.4059637594583831,0.6906421524059668,412.0,0.02337378640776699,0.49842233009708736,0,2019-09-30,2538,34.0,0.0825242718446602,Aarav Kumar,44.0,Male,Ahmedabad,2019-09-30,412.0,34.0,3.36,1,High
T00113,R0100,Zone_5,6.88,66.15,85.07,Credit Card,2024-04-29,0,0,Monday,April,4.455160918661383,2.064327903869788,8.133265027035575,-0.3072997902971715,0.11860993591802785,-0.5929939682541824,0.2654798761609907,0.32835523695738755,0.28561807589992255,383.0,0.01796344647519582,0.2221148825065274,0,2021-05-24,1936,60.0,0.1566579634464752,Ishaan Gupta,28.0,Male,Delhi,2021-05-24,383.0,60.0,3.79,1,High
T00114,R0038,Zone_3,10.41,99.21,165.03,Wallet,2023-12-29,0,0,Friday,December,5.112168494919695,2.4344901638739844,9.960421677820673,0.4859958026801255,1.0376681255847169,0.41165176901454753,0.4020897832817338,0.4929311031461569,0.554870862376671,68.0,0.15308823529411764,2.426911764705882,0,2023-02-11,1308,7.0,0.10294117647058823,Aarav Singh,37.0,Other,Kolkata,2023-02-11,68.0,7.0,4.07,2,Low
T00115,R0165,Zone_7,13.07,83.36,253.42,Credit Card,2024-07-07,0,0,Sunday,July,5.538986444728065,2.644044871126298,9.130169768410662,1.083776617784831,0.5970428289659322,1.5222150095996279,0.505030959752322,0.4140282755874154,0.8525103545812708,34.0,0.38441176470588234,7.4535294117647055,0,2021-12-09,1737,5.0,0.14705882352941177,Meera Reddy,37.0,Female,Kolkata,2021-12-09,34.0,5.0,3.27,0,Low
T00116,R0215,Zone_2,0.54,3.96,5.27,UPI,2023-12-09,0,0,Saturday,December,1.8357763546448294,0.43178241642553783,1.98997487421324,-1.7320856428399656,-1.6102536096164977,-1.5956294089000633,0.02012383900928793,0.01876742333731581,0.016904064383607767,438.0,0.0012328767123287673,0.012031963470319634,0,2020-02-28,2387,48.0,0.1095890410958904,Saanvi Gupta,26.0,Female,Hyderabad,2020-02-28,438.0,48.0,3.24,0,High
T00117,R0093,Zone_5,11.64,60.74,173.51,Credit Card,2024-08-16,0,0,Friday,August,5.16198204659078,2.5368663887187113,7.793587107359486,0.7624132472586171,-0.031786458700749906,0.5181974900255383,0.4496904024767802,0.30142373556352053,0.5834259352796578,119.0,0.09781512605042017,1.4580672268907562,0,2019-05-30,2661,18.0,0.15126050420168066,Diya Patel,33.0,Other,Surat,2019-05-30,119.0,18.0,3.77,2,Low
T00118,R0266,Zone_2,7.51,43.35,88.93,Cash,2023-05-02,0,0,Tuesday,May,4.499031589926425,2.1412419425852827,6.5840716885526085,-0.1657201235618466,-0.5152232983348615,-0.5444955622279529,0.2898606811145511,0.21485463958582238,0.29861602182038594,98.0,0.07663265306122449,0.9074489795918368,0,2020-09-25,2177,13.0,0.1326530612244898,Diya Reddy,29.0,Other,Chennai,2020-09-25,98.0,13.0,3.9,2,Low
T00119,R0108,Zone_7,5.35,31.23,133.14,Wallet,2023-06-30,0,0,Friday,June,4.898884030671591,1.8484548129046001,5.588380803059147,-0.6511361237972465,-0.8521557018061341,0.01097452337297915,0.20626934984520123,0.15452011150935882,0.4474862780752264,184.0,0.029076086956521738,0.7235869565217391,0,2019-05-31,2660,32.0,0.17391304347826086,Reyansh Gupta,18.0,Male,Pune,2019-05-31,184.0,32.0,4.88,1,Med
T00120,R0175,Zone_2,4.22,29.16,40.82,Cash,2024-03-04,0,0,Monday,March,3.7333746940004877,1.6524974018945473,5.4,-0.905080605401877,-0.9097010875475148,-1.1489666280108268,0.16253869969040247,0.14421545201115094,0.13661312590497354,98.0,0.043061224489795914,0.41653061224489796,0,2022-08-18,1485,8.0,0.08163265306122448,Diya Patel,35.0,Male,Chennai,2022-08-18,98.0,8.0,3.48,1,Low
T00121,R0236,Zone_5,1.1,6.91,17.89,Wallet,2023-12-29,0,0,Friday,December,2.9386326815134183,0.7419373447293773,2.6286878856189833,-1.6062370501863434,-1.5282444850092158,-1.4370672627728576,0.041795665634674926,0.03345280764635604,0.05939993938781695,61.0,0.018032786885245903,0.29327868852459016,0,2020-08-10,2223,1.0,0.01639344262295082,Arjun Gupta,28.0,Male,Ahmedabad,2020-08-10,61.0,1.0,3.36,1,Low
T00122,R0278,Zone_1,16.49,126.69,297.22,Cash,2023-11-14,0,0,Tuesday,November,5.697831469162762,2.8616292890305104,11.255665240224586,1.8523519514908802,1.8016039710789888,2.0725337101045103,0.6373839009287925,0.6297291915571486,1.0,382.0,0.043167539267015706,0.778062827225131,0,2021-09-02,1835,58.0,0.1518324607329843,Aarav Reddy,20.0,Female,Mumbai,2021-09-02,382.0,58.0,4.27,0,High
T00123,R0009,Zone_10,4.5600000000000005,34.92,49.82,Credit Card,2023-10-27,0,0,Friday,October,3.928289977892018,1.7155981082624912,5.909314681077663,-0.828672531290749,-0.7495747967888902,-1.035887442975577,0.1756965944272446,0.17288928713659896,0.16691921742936996,172.0,0.026511627906976747,0.2896511627906977,0,2019-12-15,2462,21.0,0.12209302325581395,Diya Patel,42.0,Female,Ahmedabad,2019-12-15,172.0,21.0,4.11,0,Med
T00124,R0297,Zone_8,2.58,13.39,49.39,UPI,2024-05-25,0,0,Saturday,May,3.9197927426925068,1.275362800412609,3.6592348927063973,-1.2736371981731989,-1.3481024079057633,-1.0412901151494836,0.09907120743034058,0.06571087216248507,0.16547125972320434,396.0,0.0065151515151515155,0.12472222222222222,0,2023-09-20,1087,46.0,0.11616161616161616,Saanvi Gupta,47.0,Male,Pune,2023-09-20,396.0,46.0,3.87,1,High
T00125,R0002,Zone_9,5.72,41.44,129.43,Credit Card,2024-03-30,0,0,Saturday,March,4.8708366843821915,1.9050881545350582,6.437390775772433,-0.5679861607939604,-0.5683207315551694,-0.03563922956932909,0.22058823529411764,0.2053464755077658,0.43499343368016974,70.0,0.08171428571428571,1.8490000000000002,0,2019-11-23,2484,5.0,0.07142857142857142,Ishaan Nair,39.0,Female,Mumbai,2019-11-23,70.0,5.0,4.12,0,Low
T00126,R0287,Zone_1,4.27,31.04,69.77,Cash,2023-07-13,0,0,Thursday,July,4.259435182087693,1.6620303625532709,5.571355310873647,-0.8938441239149464,-0.8574376454249083,-0.7852285828141069,0.1644736842105263,0.1535742731979291,0.23409772030844864,320.0,0.013343749999999998,0.21803124999999998,0,2021-12-17,1729,34.0,0.10625,Saanvi Singh,18.0,Other,Delhi,2021-12-17,320.0,34.0,3.33,2,Med
T00127,R0098,Zone_8,8.62,43.67,118.52,UPI,2024-04-15,0,0,Monday,April,4.783483721384507,2.263844264677615,6.608328079022711,0.08372976544801153,-0.5063273932927156,-0.1727163305398375,0.33281733746130027,0.21644763042612505,0.39825571606559584,286.0,0.03013986013986014,0.4144055944055944,0,2023-04-29,1231,56.0,0.1958041958041958,Diya Singh,21.0,Other,Bengaluru,2023-04-29,286.0,56.0,3.5,2,Med
T00128,R0113,Zone_10,15.58,134.76,297.22,Wallet,2024-08-23,0,0,Friday,August,5.697831469162762,2.8081971497071487,11.60861748874516,1.6478479884287445,2.025947576360603,2.0725337101045103,0.6021671826625388,0.6699024293110314,1.0,423.0,0.036832151300236406,0.7026477541371159,0,2019-03-09,2743,26.0,0.061465721040189124,Aadhya Singh,26.0,Other,Chennai,2019-03-09,423.0,26.0,4.61,2,High
T00129,R0047,Zone_4,5.07,29.05,108.85,Wallet,2023-03-14,0,0,Tuesday,March,4.699115798830619,1.803358605071407,5.389805191284746,-0.7140604201240575,-0.9127590549057524,-0.29421363268326695,0.19543343653250775,0.1436678614097969,0.36569350439438325,69.0,0.07347826086956522,1.5775362318840578,0,2021-10-07,1800,3.0,0.043478260869565216,Reyansh Iyer,51.0,Female,Bengaluru,2021-10-07,69.0,3.0,4.86,0,Low
T00130,R0297,Zone_6,8.77,55.57,193.03,UPI,2024-01-21,0,0,Sunday,January,5.268012786283181,2.2793164660546914,7.454528824815154,0.11743920990880327,-0.17551092453791825,0.7634536780131023,0.33862229102167185,0.27568697729988056,0.6491564804525709,396.0,0.022146464646464647,0.48744949494949497,0,2023-09-20,1087,46.0,0.11616161616161616,Saanvi Gupta,47.0,Male,Pune,2023-09-20,396.0,46.0,3.87,1,High
T00131,R0246,Zone_1,2.26,19.77,54.11,Wallet,2024-04-15,0,0,Monday,April,4.009331187895144,1.1817271953786161,4.446346815083142,-1.3455506796895547,-1.1707403011279809,-0.9819863647754414,0.08668730650154799,0.09747112704101951,0.1813651210559989,240.0,0.009416666666666665,0.22545833333333334,0,2021-03-31,1990,34.0,0.14166666666666666,Vivaan Das,29.0,Other,Mumbai,2021-03-31,240.0,34.0,4.79,2,Med
T00132,R0220,Zone_1,15.6,79.16,238.5,Credit Card,2023-01-24,0,0,Tuesday,January,5.4785534168509695,2.8094026953624978,8.89719056781409,1.6523425810235166,0.4802840752877683,1.3347548495189696,0.6029411764705882,0.39312027080844286,0.8022695895208269,491.0,0.03177189409368635,0.48574338085539714,0,2023-04-18,1242,63.0,0.12830957230142567,Meera Ghosh,32.0,Female,Kolkata,2023-04-18,491.0,63.0,3.78,0,High
T00133,R0060,Zone_4,8.95,80.7,77.22,Cash,2023-07-28,0,0,Friday,July,4.359525369327368,2.2975725511705014,8.983317872590282,0.1578905432617532,0.5230956183030953,-0.6916241463127057,0.34558823529411764,0.4007865392273995,0.25918442940364345,123.0,0.07276422764227641,0.6278048780487805,0,2023-08-01,1137,7.0,0.056910569105691054,Aarav Nair,40.0,Female,Hyderabad,2023-08-01,123.0,7.0,4.57,0,Low
T00134,R0039,Zone_9,2.59,13.62,50.28,UPI,2023-07-30,0,0,Sunday,July,3.9373008126124147,1.2781522025001875,3.690528417449187,-1.2713899018758128,-1.341708476156721,-1.0301078401848864,0.09945820433436534,0.0668558343289526,0.1684681954406169,190.0,0.01363157894736842,0.26463157894736844,0,2023-11-18,1028,14.0,0.07368421052631578,Aadhya Iyer,24.0,Male,Chennai,2023-11-18,190.0,14.0,4.2,1,Med
T00135,R0233,Zone_9,12.52,86.28,297.22,Credit Card,2024-01-13,0,0,Saturday,January,5.697831469162762,2.604170070614818,9.288702815786497,0.9601753214285946,0.6782179624755128,2.0725337101045103,0.4837461300309598,0.4285643170051772,1.0,469.0,0.02669509594882729,0.6337313432835822,0,2023-11-23,1023,41.0,0.08742004264392324,Ishaan Iyer,30.0,Other,Hyderabad,2023-11-23,469.0,41.0,4.37,2,High
T00136,R0009,Zone_3,14.0,100.64,155.38,Credit Card,2023-03-17,0,0,Friday,March,5.052288942696368,2.70805020110221,10.031948963187562,1.2927751734417392,1.0774217012418061,0.29040575394897417,0.5410216718266254,0.5000497809637595,0.5223759975755127,172.0,0.08139534883720931,0.9033720930232558,0,2019-12-15,2462,21.0,0.12209302325581395,Diya Patel,42.0,Female,Ahmedabad,2019-12-15,172.0,21.0,4.11,0,Med
T00137,R0003,Zone_10,8.81,55.8,71.01,UPI,2023-01-25,0,0,Wednesday,January,4.276804998260776,2.2834022735772717,7.469939758793239,0.1264283950983479,-0.16911699278887604,-0.769648783987028,0.34017027863777094,0.27683193946634804,0.23827322625180994,45.0,0.1957777777777778,1.578,0,2023-05-04,1226,9.0,0.2,Kavya Reddy,34.0,Male,Pune,2023-05-04,45.0,9.0,3.76,1,Low
T00138,R0132,Zone_1,0.2,1.98,3.5,Wallet,2023-12-18,0,0,Monday,December,1.5040773967762742,0.18232155679395465,1.407124727947029,-1.8084937169510935,-1.665297022064775,-1.617868315290329,0.006965944272445821,0.00891079251294305,0.010943866383809812,484.0,0.0004132231404958678,0.007231404958677686,0,2022-12-09,1372,25.0,0.05165289256198347,Aadhya Iyer,23.0,Male,Surat,2022-12-09,484.0,25.0,3.32,1,High
T00139,R0053,Zone_7,16.93,85.55,297.22,UPI,2023-03-09,0,0,Thursday,March,5.697831469162762,2.8864752876170416,9.249324299644812,1.9512329885758695,0.6579241790981175,2.0725337101045103,0.6544117647058824,0.4249303066507368,1.0,63.0,0.2687301587301587,4.717777777777778,0,2019-09-16,2552,7.0,0.1111111111111111,Arjun Reddy,45.0,Female,Delhi,2019-09-16,63.0,7.0,4.85,0,Low
T00140,R0101,Zone_2,9.55,63.77,164.23,Credit Card,2024-07-18,0,0,Thursday,July,5.1073384426629,2.3561258599220753,7.985612061701971,0.29272832110492014,0.05244664216706829,0.401600285900303,0.36880804953560375,0.3165073675826364,0.5521769875745024,228.0,0.04188596491228071,0.7203070175438596,0,2020-11-01,2140,29.0,0.12719298245614036,Aarav Singh,37.0,Female,Delhi,2020-11-01,228.0,29.0,3.03,0,Med
T00141,R0112,Zone_4,13.85,137.6,135.59,Cash,2023-08-24,0,0,Thursday,August,4.9169837380148005,2.6979998652487085,11.730302638892145,1.2590657289809475,2.1048987336096476,0.041757190410352904,0.5352167182662538,0.6840402230187176,0.4557362696568677,311.0,0.04453376205787781,0.4359807073954984,0,2020-11-13,2128,11.0,0.03536977491961415,Meera Nair,41.0,Female,Delhi,2020-11-13,311.0,11.0,3.24,0,Med
T00142,R0277,Zone_8,5.25,37.61,93.01,Cash,2023-02-11,0,0,Saturday,February,4.543401159590459,1.8325814637483102,6.132699242584786,-0.6736090867711075,-0.674793595028352,-0.4932329983453064,0.20239938080495357,0.18628036638789325,0.3123547833114456,433.0,0.01212471131639723,0.2148036951501155,0,2021-01-22,2058,16.0,0.03695150115473441,Kavya Gupta,42.0,Female,Jaipur,2021-01-22,433.0,16.0,3.06,0,High
T00143,R0278,Zone_1,6.01,35.02,140.33,Cash,2024-01-21,0,0,Sunday,January,4.9510975813800595,1.9473377010464987,5.917769850205397,-0.5028145681697631,-0.7467948264632196,0.1013122278622512,0.23181114551083593,0.17338709677419356,0.4716974778597165,382.0,0.015732984293193718,0.36735602094240843,0,2021-09-02,1835,58.0,0.1518324607329843,Aarav Reddy,20.0,Female,Mumbai,2021-09-02,382.0,58.0,4.27,0,High
T00144,R0227,Zone_2,8.55,47.24,140.57,Credit Card,2023-05-11,0,0,Thursday,May,4.952794294406406,2.256541154492639,6.8731361109758335,0.0679986913663091,-0.4070824526662764,0.10432767279652429,0.33010835913312697,0.2342194344882517,0.472505640300367,320.0,0.026718750000000003,0.43928124999999996,0,2020-07-11,2253,23.0,0.071875,Arjun Nair,25.0,Other,Pune,2020-07-11,320.0,23.0,4.12,2,Med
T00145,R0182,Zone_6,13.57,111.94,176.46,UPI,2023-09-26,0,0,Tuesday,September,5.178745231407191,2.6789646202071133,10.580170130957253,1.1961414326541364,1.3915583480425802,0.5552623340093148,0.5243808049535604,0.5563022700119474,0.5933595986126545,8.0,1.69625,22.0575,0,2020-09-30,2172,0.0,0.0,Meera Patel,43.0,Male,Jaipur,2020-09-30,8.0,0.0,4.4,1,Low
T00146,R0288,Zone_2,8.71,64.91,143.0,Wallet,2024-07-17,0,0,Wednesday,July,4.969813299576001,2.2731562823032334,8.056674251823763,0.1039554321244869,0.08413830387971256,0.1348590527560418,0.3363003095975233,0.32218239745121463,0.48068828501195404,43.0,0.20255813953488375,3.3255813953488373,0,2021-08-30,1838,5.0,0.11627906976744186,Diya Ghosh,42.0,Male,Ahmedabad,2021-08-30,43.0,5.0,4.56,1,Low
T00147,R0043,Zone_6,1.72,11.0,28.33,Wallet,2023-08-04,0,0,Friday,August,3.3786108829893595,1.000631880307906,3.3166247903554,-1.4669046797484044,-1.4145436986892899,-1.3058954081319678,0.06578947368421054,0.053813221823974515,0.09455500555611676,85.0,0.02023529411764706,0.3332941176470588,0,2021-12-10,1736,16.0,0.18823529411764706,Diya Kumar,28.0,Male,Ahmedabad,2021-12-10,85.0,16.0,4.68,1,Low
T00148,R0162,Zone_3,9.31,67.23,101.61,Credit Card,2023-06-10,0,0,Saturday,June,4.630935393874117,2.333114298028869,8.19939022122987,0.23879320996765344,0.14863361543526993,-0.3851795548671789,0.35952012383900933,0.33373158104340905,0.3413139374347577,394.0,0.023629441624365484,0.25789340101522845,0,2023-08-14,1124,38.0,0.09644670050761421,Meera Patel,30.0,Male,Hyderabad,2023-08-14,394.0,38.0,4.28,1,High
T00149,R0232,Zone_4,16.15,114.77,160.8,Credit Card,2023-09-24,0,0,Sunday,September,5.086361004624392,2.8419981736119486,10.713076122197583,1.7759438773797525,1.4702315082590571,0.3585045520479803,0.6242260061919505,0.5703902827558741,0.5406269993602048,172.0,0.09389534883720929,0.9348837209302326,0,2022-12-08,1373,15.0,0.0872093023255814,Meera Das,38.0,Male,Jaipur,2022-12-08,172.0,15.0,3.94,1,Med
T00150,R0240,Zone_9,8.33,48.26,75.22,Wallet,2023-06-12,0,0,Monday,June,4.333623895445714,2.2332350148592526,6.9469417731833625,0.01855817282381452,-0.3787267553444367,-0.7167528540983168,0.32159442724458204,0.23929709279171643,0.25244974239822204,174.0,0.047873563218390806,0.4322988505747126,0,2020-05-18,2307,2.0,0.011494252873563218,Aarav Iyer,30.0,Male,Delhi,2020-05-18,174.0,2.0,4.07,1,Med
T00151,R0260,Zone_6,8.65,81.15,195.04,Wallet,2023-05-30,0,0,Tuesday,May,5.278318720041347,2.2669579153508947,9.008329478876759,0.09047165434017011,0.5356054847686128,0.7887080293376413,0.33397832817337464,0.4030266825965751,0.6559248408930194,63.0,0.1373015873015873,3.095873015873016,0,2019-07-17,2613,3.0,0.047619047619047616,Reyansh Das,55.0,Other,Mumbai,2019-07-17,63.0,3.0,4.24,2,Low
T00152,R0238,Zone_7,1.69,9.88,31.89,UPI,2023-01-25,0,0,Wednesday,January,3.4931686602009657,0.9895411936137477,3.1432467291003423,-1.4736465686405629,-1.4456793663368,-1.2611663082735802,0.06462848297213623,0.04823775388291518,0.1065427484257669,362.0,0.004668508287292817,0.0880939226519337,0,2019-04-22,2699,56.0,0.15469613259668508,Reyansh Patel,30.0,Other,Pune,2019-04-22,362.0,56.0,4.91,2,High
T00153,R0252,Zone_10,0.99,7.74,20.96,UPI,2023-02-06,0,0,Monday,February,3.08922261664133,0.688134638736401,2.7820855486487113,-1.6309573094575904,-1.5051707313061502,-1.3984946963219445,0.03753869969040248,0.037584627638391085,0.06973768394113883,392.0,0.0025255102040816326,0.053469387755102044,0,2020-09-23,2179,47.0,0.11989795918367346,Reyansh Gupta,38.0,Other,Ahmedabad,2020-09-23,392.0,47.0,4.83,2,High
T00154,R0096,Zone_8,4.8100000000000005,27.53,43.26,UPI,2023-05-01,0,0,Monday,May,3.7900813346229034,1.75958057086382,5.246903848937962,-0.7724901238560963,-0.955014603855945,-1.1183096045123815,0.1853715170278638,0.13610115491835922,0.14482944405158768,121.0,0.039752066115702485,0.3575206611570248,0,2019-12-28,2449,3.0,0.024793388429752067,Reyansh Das,40.0,Female,Kolkata,2019-12-28,121.0,3.0,4.46,0,Low
T00155,R0134,Zone_3,6.37,46.88,146.78,Cash,2024-01-08,0,0,Monday,January,4.995724681360501,1.9974177062012453,6.846897107449476,-0.4219119014638631,-0.4170903458386904,0.1823523104708467,0.24574303405572756,0.2324273197929112,0.49341684345220055,410.0,0.015536585365853658,0.358,0,2022-07-30,1504,29.0,0.07073170731707316,Aadhya Singh,34.0,Male,Jaipur,2022-07-30,410.0,29.0,4.59,1,High
T00156,R0272,Zone_10,8.52,83.6,139.92,Cash,2023-02-14,0,0,Tuesday,February,4.948192353473037,2.253394848803274,9.143303560529969,0.06125680247415051,0.6037147577475414,0.09616084276620063,0.32894736842105265,0.41522301871764233,0.47031686702360503,432.0,0.01972222222222222,0.32388888888888884,0,2020-01-15,2431,4.0,0.009259259259259259,Kavya Ghosh,21.0,Male,Kolkata,2020-01-15,432.0,4.0,4.79,1,High
T00157,R0191,Zone_3,8.83,65.91,137.29,Wallet,2023-02-01,0,0,Wednesday,February,4.929352929476567,2.285438934159075,8.118497397917917,0.13092298769312005,0.11193800713641823,0.06311659202812216,0.34094427244582043,0.3271604938271605,0.46146075361147587,87.0,0.10149425287356321,1.578045977011494,0,2020-08-14,2219,6.0,0.06896551724137931,Meera Gupta,33.0,Other,Surat,2020-08-14,87.0,6.0,4.56,2,Low
T00158,R0193,Zone_4,16.01,120.0,245.9,Cash,2024-03-14,0,0,Thursday,March,5.508983396351134,2.8338014064077703,10.954451150103322,1.7444817292163477,1.6156239562916277,1.4277310683257305,0.6188080495356039,0.5964257268020708,0.8271879314408862,389.0,0.041156812339331626,0.632133676092545,0,2022-01-03,1712,68.0,0.17480719794344474,Kavya Singh,33.0,Female,Chennai,2022-01-03,389.0,68.0,4.41,0,High
T00159,R0156,Zone_9,8.29,54.53,194.79,Wallet,2024-02-27,0,0,Tuesday,February,5.277042656269182,2.2289385528257473,7.384443106964803,0.009568987634269872,-0.2044226159248921,0.7855669408644399,0.32004643962848295,0.27050975706889685,0.6550830050173417,255.0,0.032509803921568624,0.7638823529411765,0,2022-07-07,1527,18.0,0.07058823529411765,Ishaan Iyer,33.0,Female,Jaipur,2022-07-07,255.0,18.0,4.28,0,Med
T00160,R0284,Zone_6,13.32,86.84,297.22,Wallet,2023-07-04,0,0,Tuesday,July,5.697831469162762,2.6616571615324998,9.318798205777396,1.1399590252194838,0.693785796299268,2.0725337101045103,0.5147058823529412,0.43135205097570695,1.0,135.0,0.09866666666666667,2.20162962962963,0,2019-07-31,2599,19.0,0.14074074074074075,Vivaan Das,28.0,Female,Surat,2019-07-31,135.0,19.0,4.95,0,Low
T00161,R0052,Zone_9,7.8,77.99,101.69,UPI,2023-11-24,0,0,Friday,November,4.631714741210204,2.174751721484161,8.831194709664146,-0.10054853093764939,0.44775842247742265,-0.38417440655575447,0.30108359133126933,0.3872958980485862,0.34158332491497456,40.0,0.195,2.54225,0,2021-03-09,2012,7.0,0.175,Reyansh Singh,23.0,Other,Hyderabad,2021-03-09,40.0,7.0,4.74,2,Low
T00162,R0040,Zone_8,15.24,117.92,127.82,Credit Card,2023-11-05,0,0,Sunday,November,4.858416081118745,2.787477334733532,10.859097568398582,1.5714399143176168,1.55780057351768,-0.05586783933674616,0.5890092879256966,0.5860712863401035,0.4295720106408054,485.0,0.03142268041237113,0.2635463917525773,0,2023-05-05,1225,36.0,0.07422680412371134,Aarav Gupta,34.0,Other,Surat,2023-05-05,485.0,36.0,4.41,2,High
T00163,R0200,Zone_2,1.35,10.81,33.27,Cash,2023-12-31,0,0,Sunday,December,3.5342703358865175,0.8544153281560676,3.2878564445547194,-1.5500546427516906,-1.4198256423080637,-1.2438274999015084,0.05147058823529412,0.05286738351254481,0.1111896824595077,443.0,0.003047404063205418,0.07510158013544019,0,2021-11-15,1761,87.0,0.1963882618510158,Kavya Kumar,30.0,Other,Bengaluru,2021-11-15,443.0,87.0,3.6,2,High
T00164,R0098,Zone_9,5.01,36.18,75.78,Wallet,2023-01-26,0,0,Thursday,January,4.340944189572651,1.7934247485471162,6.014981296729027,-0.7275441979083742,-0.7145471706854412,-0.7097168159183456,0.19311145510835914,0.17916168857029072,0.25433545475974007,286.0,0.017517482517482516,0.264965034965035,0,2023-04-29,1231,56.0,0.1958041958041958,Diya Singh,21.0,Other,Bengaluru,2023-04-29,286.0,56.0,3.5,2,Med
T00165,R0055,Zone_3,12.92,113.26,297.22,Wallet,2024-04-22,0,0,Monday,April,5.697831469162762,2.6333266549062735,10.64236815751081,1.0500671733240392,1.4282539563414318,2.0725337101045103,0.49922600619195046,0.562873357228196,1.0,425.0,0.0304,0.6993411764705884,0,2021-11-07,1769,12.0,0.02823529411764706,Kavya Singh,32.0,Male,Delhi,2021-11-07,425.0,12.0,4.19,1,High
T00166,R0230,Zone_8,7.14,50.26,122.74,Cash,2023-02-24,0,0,Friday,February,4.818182590102842,2.096790180014449,7.089428749906441,-0.2488700865651327,-0.3231273488310254,-0.11969475711219821,0.2755417956656347,0.24925328554360812,0.412465905647035,183.0,0.03901639344262295,0.6707103825136612,0,2022-11-22,1389,23.0,0.12568306010928962,Kavya Gupta,32.0,Male,Chennai,2022-11-22,183.0,23.0,3.65,1,Med
T00167,R0287,Zone_9,12.66,78.42,297.22,UPI,2024-03-27,0,0,Wednesday,March,5.697831469162762,2.614471854142644,8.855506761332183,0.9916374695920004,0.45971229487780624,2.0725337101045103,0.48916408668730654,0.38943647949024296,1.0,320.0,0.0395625,0.9288125,0,2021-12-17,1729,34.0,0.10625,Saanvi Singh,18.0,Other,Delhi,2021-12-17,320.0,34.0,3.33,2,Med
T00168,R0131,Zone_9,9.93,63.88,156.99,Cash,2024-01-19,0,0,Friday,January,5.062531739884758,2.391511302188447,7.992496481075234,0.37812558040559213,0.0555046095253059,0.31063436371639125,0.3835139318885449,0.3170549581839905,0.5277974206148769,99.0,0.1003030303030303,1.585757575757576,0,2019-10-22,2516,7.0,0.0707070707070707,Reyansh Ghosh,24.0,Male,Surat,2019-10-22,99.0,7.0,3.6,1,Low
T00169,R0043,Zone_1,12.73,83.5,211.73,Wallet,2024-03-09,0,0,Saturday,March,5.360023755984015,2.6195832197798796,9.137833441248533,1.0073685436737032,0.600934787421871,0.9984070958085655,0.4918730650154799,0.4147252090800478,0.7121258039532612,85.0,0.14976470588235294,2.490941176470588,0,2021-12-10,1736,16.0,0.18823529411764706,Diya Kumar,28.0,Male,Ahmedabad,2021-12-10,85.0,16.0,4.68,1,Low
T00170,R0120,Zone_10,11.07,101.93,252.84,Wallet,2024-08-05,0,0,Monday,August,5.53670414727494,2.4907230351094403,10.09603882718366,0.6343173583076088,1.1132833184429567,1.5149276843418007,0.4276315789473685,0.5064715252887296,0.8505572953496986,311.0,0.03559485530546624,0.8129903536977492,0,2020-07-12,2252,15.0,0.04823151125401929,Ishaan Gupta,18.0,Other,Surat,2020-07-12,311.0,15.0,4.55,2,Med
T00171,R0279,Zone_7,11.37,105.02,253.41,Credit Card,2023-10-17,0,0,Tuesday,October,5.5389471388695215,2.5152741864043966,10.24792661956554,0.7017362472291919,1.1991844015061768,1.5220893660606998,0.4392414860681114,0.5218538430904022,0.8524766811462436,454.0,0.025044052863436122,0.5581718061674009,0,2022-04-21,1604,84.0,0.18502202643171806,Diya Singh,25.0,Other,Pune,2022-04-21,454.0,84.0,3.73,2,High
T00172,R0084,Zone_9,15.46,79.01,297.22,Cash,2023-07-23,0,0,Sunday,July,5.697831469162762,2.800933195248924,8.888756943465156,1.6208804328601114,0.4761141197992627,2.0725337101045103,0.5975232198142415,0.392373556352051,1.0,366.0,0.042240437158469944,0.8120765027322405,0,2019-07-21,2609,6.0,0.01639344262295082,Kavya Sharma,38.0,Male,Jaipur,2019-07-21,366.0,6.0,4.67,1,High
T00173,R0015,Zone_7,12.93,82.38,257.06,UPI,2023-08-31,0,0,Thursday,August,5.5531921160237,2.6340447877917144,9.076342875850383,1.0523144696214253,0.5697991197743605,1.56794925776944,0.4996130030959752,0.40914974113898844,0.8647674849311378,46.0,0.28108695652173915,5.588260869565217,0,2022-12-19,1362,1.0,0.021739130434782608,Saanvi Patel,28.0,Other,Chennai,2022-12-19,46.0,1.0,3.87,2,Low
T00174,R0080,Zone_7,12.97,93.21,158.32,Credit Card,2023-09-23,0,0,Saturday,September,5.070914758313443,2.6369121732688705,9.654532614269838,1.0613036548109698,0.8708699060444828,0.3273449543938224,0.5011609907120743,0.4630625248904819,0.5322759874734821,34.0,0.3814705882352941,4.656470588235294,0,2021-05-15,1945,6.0,0.17647058823529413,Reyansh Kumar,19.0,Female,Mumbai,2021-05-15,34.0,6.0,4.6,0,Low
T00175,R0300,Zone_2,8.1,68.75,147.3,Wallet,2023-10-02,0,0,Monday,October,4.999237249143887,2.2082744135228043,8.2915619758885,-0.033129642016066115,0.1908891643854624,0.1888857744951057,0.3126934984520124,0.3412982875348467,0.49516786207361013,291.0,0.02783505154639175,0.5061855670103094,0,2023-07-08,1161,7.0,0.024054982817869417,Saanvi Iyer,38.0,Female,Kolkata,2023-07-08,291.0,7.0,3.67,0,Med
T00176,R0040,Zone_1,5.09,29.36,48.22,Cash,2023-09-04,0,0,Monday,September,3.89630004496291,1.8066480817218056,5.418486873657627,-0.7095658275292853,-0.9041411468961738,-1.055990409204066,0.19620743034055727,0.1452110712863401,0.1615314678250328,485.0,0.010494845360824743,0.09942268041237114,0,2023-05-05,1225,36.0,0.07422680412371134,Aarav Gupta,34.0,Other,Surat,2023-05-05,485.0,36.0,4.41,2,High
T00177,R0147,Zone_10,4.7,29.3,99.31,Cash,2023-06-06,0,0,Tuesday,June,4.608265390895394,1.7404661748405046,5.412947441089743,-0.7972103831273435,-0.905809129091576,-0.41407756882063157,0.18111455108359134,0.14491238550378335,0.3335690473785231,239.0,0.019665271966527197,0.4155230125523013,0,2022-08-29,1474,21.0,0.08786610878661087,Saanvi Nair,35.0,Other,Mumbai,2022-08-29,239.0,21.0,3.91,2,Med
T00178,R0019,Zone_3,11.75,101.41,164.45,Cash,2023-04-26,0,0,Wednesday,April,5.1086690343676215,2.545531271604435,10.070253224224304,0.7871335065298642,1.0988274727494693,0.4043644437567202,0.45394736842105265,0.5038829151732378,0.5529178031450988,266.0,0.044172932330827065,0.6182330827067669,0,2023-04-02,1258,24.0,0.09022556390977443,Kavya Patel,40.0,Other,Mumbai,2023-04-02,266.0,24.0,4.08,2,Med
T00179,R0270,Zone_3,4.19,36.56,98.82,Credit Card,2024-01-02,0,0,Tuesday,January,4.603368564041463,1.6467336971777973,6.04648658313239,-0.9118224942940352,-0.7039832834478928,-0.4202341022281064,0.1613777089783282,0.18105336519315013,0.3319190490621948,455.0,0.00920879120879121,0.21718681318681318,0,2022-01-02,1713,64.0,0.14065934065934066,Aadhya Reddy,35.0,Male,Hyderabad,2022-01-02,455.0,64.0,3.08,1,High
T00180,R0281,Zone_7,1.46,11.89,33.0,Wallet,2023-05-23,0,0,Tuesday,May,3.5263605246161616,0.9001613499442714,3.448187929913334,-1.5253343834804434,-1.3898019627908218,-1.247219875452566,0.05572755417956656,0.05824372759856632,0.11028049971377579,268.0,0.005447761194029851,0.12313432835820895,0,2020-10-15,2157,17.0,0.06343283582089553,Arjun Iyer,21.0,Female,Jaipur,2020-10-15,268.0,17.0,4.74,0,Med
T00181,R0057,Zone_10,3.18,19.42,75.71,Credit Card,2024-03-09,0,0,Saturday,March,4.3400320779712045,1.430311246536665,4.406812907306141,-1.1387994203300325,-1.180470197267828,-0.7105963206908421,0.12229102167182665,0.09572879330943848,0.25409974071455027,407.0,0.007813267813267813,0.186019656019656,0,2023-06-04,1195,11.0,0.02702702702702703,Aadhya Reddy,39.0,Male,Bengaluru,2023-06-04,407.0,11.0,3.66,1,High
T00182,R0051,Zone_8,6.76,49.58,154.69,Credit Card,2023-07-18,0,0,Tuesday,July,5.047866850701583,2.048982334195127,7.041306696913578,-0.33426734586580487,-0.34203114704558524,0.2817363497629384,0.2608359133126935,0.24586818000796493,0.5200525305586423,213.0,0.031737089201877934,0.726244131455399,0,2020-04-05,2350,14.0,0.06572769953051644,Aarav Nair,21.0,Male,Kolkata,2020-04-05,213.0,14.0,4.02,1,Med
T00183,R0023,Zone_7,5.16,48.34,100.06,Credit Card,2024-03-11,0,0,Monday,March,4.615714399863762,1.8180767775454285,6.952697318307479,-0.6938347534475825,-0.3765027790839001,-0.4046543034010274,0.19891640866873067,0.23969534050179211,0.33609455500555613,176.0,0.02931818181818182,0.5685227272727272,0,2019-10-09,2529,32.0,0.18181818181818182,Meera Iyer,24.0,Other,Jaipur,2019-10-09,176.0,32.0,3.21,2,Med
T00184,R0125,Zone_7,14.29,104.09,297.22,Wallet,2023-09-12,0,0,Tuesday,September,5.697831469162762,2.727199019940971,10.202450685987166,1.3579467660659361,1.1733306774774408,2.0725337101045103,0.5522445820433437,0.5172242134607726,1.0,99.0,0.14434343434343433,3.0022222222222226,0,2023-04-22,1238,19.0,0.1919191919191919,Saanvi Ghosh,44.0,Male,Ahmedabad,2023-04-22,99.0,19.0,3.89,1,Low
T00185,R0103,Zone_4,11.0,74.86,89.96,UPI,2023-03-08,0,0,Wednesday,March,4.510419849442281,2.4849066497880004,8.652167358529306,0.618586284225906,0.36074535128393403,-0.5315542777183634,0.42492260061919507,0.3717144563918758,0.3020843856281779,175.0,0.06285714285714286,0.5140571428571428,0,2022-11-24,1387,14.0,0.08,Ishaan Gupta,37.0,Other,Surat,2022-11-24,175.0,14.0,3.07,2,Med
T00186,R0222,Zone_6,17.92,173.85,213.11,Wallet,2024-07-25,0,0,Thursday,July,5.366489901651086,2.9402195636237325,13.185218997043622,2.173715322017095,3.112637976665228,1.0157459041806374,0.6927244582043345,0.8644962166467542,0.716772737987002,475.0,0.03772631578947369,0.4486526315789474,0,2022-08-28,1475,12.0,0.02526315789473684,Aarav Singh,27.0,Male,Surat,2022-08-28,475.0,12.0,3.44,1,High
T00187,R0282,Zone_9,13.31,103.62,240.96,Wallet,2024-05-01,0,0,Wednesday,May,5.488772423238713,2.6609585935683597,10.179390944452424,1.1377117289220977,1.160264816946789,1.3656631600952711,0.5143188854489165,0.514884508164078,0.8105532545374954,319.0,0.04172413793103449,0.7553605015673981,0,2022-05-02,1593,3.0,0.009404388714733543,Reyansh Kumar,22.0,Other,Bengaluru,2022-05-02,319.0,3.0,4.47,2,Med
T00188,R0050,Zone_1,13.15,88.72,164.35,UPI,2024-08-14,0,0,Wednesday,August,5.108064439427801,2.649714624089247,9.419129471453294,1.1017549881639197,0.7460492384218745,0.4031080083674397,0.5081269349845202,0.44071087216248506,0.5525810687948277,330.0,0.03984848484848485,0.498030303030303,0,2022-10-06,1436,41.0,0.12424242424242424,Diya Das,49.0,Male,Ahmedabad,2022-10-06,330.0,41.0,3.42,1,High
T00189,R0076,Zone_10,19.25,97.76,276.55,Cash,2024-06-21,0,0,Friday,June,5.626001097136171,3.0081547935525483,9.88736567544662,2.4726057295694472,0.9973585558624939,1.81282851514022,0.7441950464396285,0.4857128634010355,0.9303970097989696,137.0,0.14051094890510948,2.0186131386861317,0,2022-01-02,1713,13.0,0.0948905109489051,Reyansh Reddy,40.0,Male,Bengaluru,2022-01-02,137.0,13.0,3.34,1,Low
T00190,R0115,Zone_6,5.15,36.77,125.32,UPI,2023-12-02,0,0,Saturday,December,4.838818369947386,1.8164520818184267,6.063827174318213,-0.6960820497449686,-0.6981453457639847,-0.08727872406875997,0.1985294117647059,0.18209876543209877,0.42115365188402865,170.0,0.030294117647058826,0.7371764705882352,0,2020-03-01,2385,15.0,0.08823529411764706,Aarav Ghosh,40.0,Female,Bengaluru,2020-03-01,170.0,15.0,4.4,0,Med
T00191,R0272,Zone_9,0.48,4.4,11.34,UPI,2024-07-01,0,0,Monday,July,2.5128460184772416,0.3920420877760237,2.0976176963403033,-1.745569420624282,-1.5980217401835473,-1.5193637807707336,0.01780185758513932,0.02095778574273198,0.03734383944506179,432.0,0.0011111111111111111,0.02625,0,2020-01-15,2431,4.0,0.009259259259259259,Kavya Ghosh,21.0,Male,Kolkata,2020-01-15,432.0,4.0,4.79,1,High
T00192,R0110,Zone_2,6.84,51.48,83.3,Cash,2023-03-24,0,0,Friday,March,4.4343818650078095,2.0592388343623163,7.174956445860839,-0.316288975486716,-0.28921171085784453,-0.6152328746444481,0.26393188854489164,0.25532656312226204,0.2796578779001246,224.0,0.030535714285714284,0.371875,0,2023-02-04,1315,28.0,0.125,Vivaan Patel,19.0,Female,Kolkata,2023-02-04,224.0,28.0,4.43,0,Med
T00193,R0158,Zone_7,3.88,31.14,76.98,Cash,2023-10-18,0,0,Wednesday,October,4.356452383554451,1.5851452198650557,5.580322571321482,-0.9814886795130047,-0.8546576750992376,-0.6946395912469789,0.14938080495356038,0.15407208283552368,0.25837626696299293,441.0,0.008798185941043084,0.17455782312925172,0,2020-07-26,2238,60.0,0.1360544217687075,Aarav Iyer,27.0,Male,Ahmedabad,2020-07-26,441.0,60.0,3.57,1,High
T00194,R0189,Zone_10,6.72,37.27,98.74,Credit Card,2023-07-09,0,0,Sunday,July,4.602566800117977,2.0438143640366846,6.104916051838878,-0.3432565310553493,-0.6842454941356318,-0.4212392505395308,0.2592879256965944,0.18458781362007168,0.33164966158197795,238.0,0.028235294117647056,0.4148739495798319,0,2019-09-16,2552,42.0,0.17647058823529413,Reyansh Gupta,29.0,Female,Delhi,2019-09-16,238.0,42.0,3.28,0,Med
T00195,R0223,Zone_9,2.75,20.37,46.02,Wallet,2024-02-05,0,0,Monday,February,3.8505730431119236,1.3217558399823195,4.513313638558703,-1.235433161117635,-1.1540604791739577,-1.0836319877682379,0.10565015479876162,0.10045798486658702,0.15412331211906927,158.0,0.01740506329113924,0.29126582278481017,0,2019-11-29,2478,10.0,0.06329113924050633,Meera Ghosh,30.0,Female,Surat,2019-11-29,158.0,10.0,4.04,0,Low
T00196,R0185,Zone_7,10.84,92.85,164.56,UPI,2024-06-22,0,0,Saturday,June,5.109333666880532,2.4714836294558595,9.635870484808313,0.5826295434677282,0.8608620128720688,0.40574652268492895,0.41873065015479877,0.46127041019514137,0.553288210930397,201.0,0.05393034825870647,0.8187064676616915,0,2021-08-27,1841,12.0,0.05970149253731343,Vivaan Sharma,27.0,Male,Delhi,2021-08-27,201.0,12.0,4.05,1,Med
T00197,R0187,Zone_5,10.56,80.12,167.39,Cash,2023-05-24,0,0,Wednesday,May,5.126282717622217,2.4475508632442313,8.9509776002401,0.5197052471409173,0.5069717904142059,0.4413036442015684,0.4078947368421053,0.3978992433293509,0.5628177930430682,357.0,0.02957983193277311,0.46887955182072827,0,2022-08-05,1498,38.0,0.10644257703081232,Saanvi Reddy,27.0,Other,Surat,2022-08-05,357.0,38.0,4.71,2,High
T00198,R0247,Zone_4,7.87,60.68,112.59,UPI,2023-05-13,0,0,Saturday,May,4.73259547424333,2.1826747963214883,7.789736837660179,-0.08481745685594655,-0.03345444089615231,-0.2472229491241742,0.30379256965944273,0.30112504978096377,0.3782873690945213,249.0,0.03160642570281125,0.4521686746987952,0,2021-05-11,1949,47.0,0.18875502008032127,Aadhya Das,37.0,Male,Bengaluru,2021-05-11,249.0,47.0,4.92,1,Med
T00199,R0051,Zone_6,9.56,52.34,228.89,UPI,2024-02-02,0,0,Friday,February,5.4376009336504225,2.3570732782781154,7.234638899074369,0.2949756174023062,-0.26530396605707746,1.2140114086091083,0.3691950464396285,0.2596077260055755,0.769909418459777,213.0,0.04488262910798122,1.074600938967136,0,2020-04-05,2350,14.0,0.06572769953051644,Aarav Nair,21.0,Male,Kolkata,2020-04-05,213.0,14.0,4.02,1,Med
T00200,R0223,Zone_1,7.29,64.81,133.2,Credit Card,2023-05-16,0,0,Tuesday,May,4.8993312245375815,2.1150499691472033,8.050465825031493,-0.21516064210434097,0.08135833355404216,0.01172838460654751,0.2813467492260062,0.3216845878136201,0.44768831868538905,158.0,0.046139240506329116,0.8430379746835442,0,2019-11-29,2478,10.0,0.06329113924050633,Meera Ghosh,30.0,Female,Surat,2019-11-29,158.0,10.0,4.04,0,Low
T00201,R0100,Zone_10,11.76,78.75,188.51,UPI,2023-12-12,0,0,Tuesday,December,5.244441793578718,2.546315277916644,8.874119674649425,0.7893808028272503,0.4688861969525191,0.7066627984176211,0.4543343653250774,0.3910792512943051,0.6339360878203185,383.0,0.030704960835509137,0.4921932114882506,0,2021-05-24,1936,60.0,0.1566579634464752,Ishaan Gupta,28.0,Male,Delhi,2021-05-24,383.0,60.0,3.79,1,High
T00202,R0295,Zone_2,8.35,45.08,97.01,Cash,2024-08-08,0,0,Thursday,August,4.585069514281089,2.2353763433005955,6.714164132637808,0.023052765418586647,-0.46712981170076073,-0.4429755827740843,0.3223684210526316,0.22346674631620866,0.3258241573222885,98.0,0.08520408163265306,0.9898979591836735,0,2019-05-29,2662,18.0,0.1836734693877551,Kavya Gupta,18.0,Female,Delhi,2019-05-29,98.0,18.0,3.59,0,Low
T00203,R0098,Zone_1,6.67,55.29,86.4,Cash,2023-03-21,0,0,Tuesday,March,4.470495282661489,2.0373166153791646,7.4357245780085215,-0.35449301254227983,-0.18329484144979585,-0.5762833775767509,0.2573529411764706,0.2742931103146157,0.2900966427585278,286.0,0.02332167832167832,0.3020979020979021,0,2023-04-29,1231,56.0,0.1958041958041958,Diya Singh,21.0,Other,Bengaluru,2023-04-29,286.0,56.0,3.5,2,Med
T00204,R0124,Zone_6,12.65,71.89,238.72,Credit Card,2024-02-11,0,0,Sunday,February,5.479471575589985,2.613739521630969,8.478797084492587,0.9893901732946143,0.27818023261151825,1.3375190073753866,0.48877708978328177,0.3569295101553166,0.8030104050914233,419.0,0.0301909307875895,0.5697374701670644,0,2022-06-09,1555,25.0,0.059665871121718374,Aadhya Das,37.0,Other,Hyderabad,2022-06-09,419.0,25.0,3.59,2,High
T00205,R0024,Zone_2,14.3,71.55,222.77,UPI,2024-08-06,0,0,Tuesday,August,5.410618738635182,2.72785282839839,8.45872330792301,1.3601940623633226,0.2687283335042382,1.1371175627851386,0.5526315789473685,0.355236957387495,0.7493012762231875,140.0,0.10214285714285715,1.5912142857142857,0,2019-07-10,2620,16.0,0.11428571428571428,Meera Kumar,41.0,Other,Chennai,2019-07-10,140.0,16.0,3.49,2,Low
T00206,R0167,Zone_5,14.69,126.65,200.33,Wallet,2023-06-23,0,0,Friday,June,5.304945352838257,2.753023566744941,11.253888216967503,1.4478386179613807,1.800491982948721,0.8551734614305827,0.5677244582043344,0.6295300677021107,0.6737380880223591,117.0,0.12555555555555556,1.7122222222222223,0,2022-08-25,1478,5.0,0.042735042735042736,Kavya Nair,44.0,Male,Hyderabad,2022-08-25,117.0,5.0,4.75,1,Low
T00207,R0246,Zone_2,3.05,27.75,62.86,Cash,2024-07-06,0,0,Saturday,July,4.156693187286636,1.3987168811184478,5.267826876426369,-1.1680142721960518,-0.9488986691394699,-0.872048268213393,0.11726006191950465,0.1371963361210673,0.21082937670471763,240.0,0.012708333333333332,0.2619166666666667,0,2021-03-31,1990,34.0,0.14166666666666666,Vivaan Das,29.0,Other,Mumbai,2021-03-31,240.0,34.0,4.79,2,Med
T00208,R0287,Zone_5,5.33,52.14,47.6,Cash,2023-09-15,0,0,Friday,September,3.883623530906448,1.8453002361560848,7.2208032794142785,-0.6556307163920186,-0.27086390670841864,-1.0637803086176054,0.20549535603715172,0.2586121067303863,0.15944371485335218,320.0,0.01665625,0.14875,0,2021-12-17,1729,34.0,0.10625,Saanvi Singh,18.0,Other,Delhi,2021-12-17,320.0,34.0,3.33,2,Med
T00209,R0284,Zone_7,0.51,2.85,10.2,Wallet,2023-08-11,0,0,Friday,August,2.4159137783010487,0.412109650826833,1.6881943016134133,-1.7388275317321238,-1.641111280231441,-1.533687144208532,0.018962848297213626,0.01324173636001593,0.033505067851971576,135.0,0.003777777777777778,0.07555555555555556,0,2019-07-31,2599,19.0,0.14074074074074075,Vivaan Das,28.0,Female,Surat,2019-07-31,135.0,19.0,4.95,0,Low
T00210,R0065,Zone_10,6.8100000000000005,66.23,169.57,UPI,2024-04-24,0,0,Wednesday,April,5.139145769652782,2.0554049638515948,8.138181615078395,-0.3230308643788742,0.12083391217856425,0.46869393568788453,0.2627708978328174,0.3287534846674632,0.5701586018789776,180.0,0.03783333333333334,0.9420555555555555,0,2023-06-28,1171,32.0,0.17777777777777778,Meera Nair,43.0,Other,Mumbai,2023-06-28,180.0,32.0,4.52,2,Med
T00211,R0092,Zone_10,10.08,81.12,86.38,Wallet,2024-07-11,0,0,Thursday,July,4.47026642352329,2.405141681319138,9.006664199358163,0.41183502486638385,0.5347714936709116,-0.5765346646546071,0.3893188854489164,0.4028773397052967,0.2900292958884736,252.0,0.04,0.34277777777777774,0,2019-07-18,2612,23.0,0.09126984126984126,Aarav Nair,21.0,Male,Surat,2019-07-18,252.0,23.0,4.51,1,Med
T00212,R0193,Zone_5,7.34,58.06,132.45,Wallet,2023-01-16,0,0,Monday,January,4.8937268758505335,2.1210632163706555,7.619711280619496,-0.20392416061741045,-0.10628966342872108,0.002305119186943365,0.28328173374613,0.2880824372759857,0.44516281105835603,389.0,0.018868894601542417,0.34048843187660666,0,2022-01-03,1712,68.0,0.17480719794344474,Kavya Singh,33.0,Female,Chennai,2022-01-03,389.0,68.0,4.41,0,High
T00213,R0070,Zone_1,17.65,151.29,297.22,Cash,2023-08-14,0,0,Monday,August,5.697831469162762,2.9258461460898246,12.299999999999999,2.113038321987669,2.485476671193948,2.0725337101045103,0.6822755417956656,0.7521903624054161,1.0,310.0,0.05693548387096774,0.9587741935483872,0,2023-01-03,1347,6.0,0.01935483870967742,Meera Reddy,33.0,Male,Bengaluru,2023-01-03,310.0,6.0,3.54,1,Med
T00214,R0127,Zone_5,5.97,42.78,71.24,Credit Card,2023-09-04,0,0,Monday,September,4.27999390910873,1.9416152247724325,6.540642170307133,-0.5118037533593076,-0.5310691291911837,-0.7667589825916827,0.23026315789473684,0.21201712465153325,0.23904771525743337,43.0,0.13883720930232557,1.6567441860465115,0,2020-03-17,2369,2.0,0.046511627906976744,Vivaan Kumar,38.0,Male,Chennai,2020-03-17,43.0,2.0,4.83,1,Low
T00215,R0132,Zone_7,2.56,18.78,54.82,Wallet,2023-02-12,0,0,Sunday,February,4.022132228108176,1.269760544863939,4.3335897360040905,-1.278131790767971,-1.1982620073521197,-0.9730656735115495,0.09829721362229103,0.09254281162883314,0.1837559349429235,484.0,0.005289256198347108,0.11326446280991735,0,2022-12-09,1372,25.0,0.05165289256198347,Aadhya Iyer,23.0,Male,Surat,2022-12-09,484.0,25.0,3.32,1,High
T00216,R0266,Zone_6,10.84,100.15,237.72,Wallet,2023-07-01,0,0,Saturday,July,5.475291317015396,2.4714836294558595,10.007497189607399,0.5826295434677282,1.0637998466460206,1.3249546534825811,0.41873065015479877,0.497610513739546,0.7996430615887126,98.0,0.11061224489795918,2.4257142857142857,0,2020-09-25,2177,13.0,0.1326530612244898,Diya Reddy,29.0,Other,Chennai,2020-09-25,98.0,13.0,3.9,2,Low
T00217,R0149,Zone_4,8.75,46.78,158.78,Wallet,2023-12-03,0,0,Sunday,December,5.073797869053896,2.277267285009756,6.839590631024637,0.11294461731403115,-0.41987031616436105,0.333124557184513,0.3378482972136223,0.2319295101553166,0.5338249654847291,89.0,0.09831460674157304,1.7840449438202248,0,2019-09-14,2554,8.0,0.0898876404494382,Diya Reddy,30.0,Male,Jaipur,2019-09-14,89.0,8.0,4.57,1,Low
T00218,R0091,Zone_10,10.75,99.03,209.14,Cash,2023-05-09,0,0,Tuesday,May,5.347773975260629,2.463853240590168,9.951381813597546,0.5624038767912533,1.03266417899851,0.9658654192261991,0.41524767801857587,0.49203504579848667,0.7034043842812404,334.0,0.03218562874251497,0.6261676646706587,0,2022-04-16,1609,43.0,0.12874251497005987,Meera Das,41.0,Other,Surat,2022-04-16,334.0,43.0,3.4,2,High
T00219,R0273,Zone_8,9.52,62.91,231.76,UPI,2024-02-09,0,0,Friday,February,5.450007879788469,2.3532782073095637,7.931582439841371,0.28598643221276154,0.028538897366301236,1.25007110428146,0.36764705882352944,0.312226204699323,0.7795736943125567,289.0,0.03294117647058823,0.8019377162629757,0,2022-09-17,1455,48.0,0.16608996539792387,Aadhya Nair,43.0,Male,Delhi,2022-09-17,289.0,48.0,3.76,1,Med
T00220,R0166,Zone_1,9.22,87.28,208.55,Credit Card,2024-04-06,0,0,Saturday,April,5.344962374371081,2.3243465847755584,9.34237657130133,0.21856754329117847,0.7060176657322185,0.9584524504294442,0.35603715170278644,0.4335424133811231,0.7014176516146412,349.0,0.026418338108882524,0.5975644699140401,0,2021-03-16,2005,63.0,0.18051575931232092,Reyansh Sharma,24.0,Other,Chennai,2021-03-16,349.0,63.0,4.29,2,High
T00221,R0270,Zone_1,2.61,18.59,38.99,UPI,2023-10-26,0,0,Thursday,October,3.688629422858727,1.2837077723447896,4.31161222746202,-1.2668953092810409,-1.2035439509708938,-1.1719593956346608,0.10023219814241487,0.09159697331740342,0.13045088729501295,455.0,0.005736263736263736,0.08569230769230769,0,2022-01-02,1713,64.0,0.14065934065934066,Aadhya Reddy,35.0,Male,Hyderabad,2022-01-02,455.0,64.0,3.08,1,High
T00222,R0283,Zone_1,4.37,22.07,62.46,UPI,2024-03-04,0,0,Monday,March,4.150409786155049,1.6808279085207734,4.697871858618538,-0.8713711609410852,-1.106800983637558,-0.8770740097705151,0.168343653250774,0.10892074870569494,0.20948243930363333,245.0,0.017836734693877553,0.2549387755102041,0,2023-06-15,1184,45.0,0.1836734693877551,Diya Nair,19.0,Male,Surat,2023-06-15,245.0,45.0,3.55,1,Med
T00223,R0260,Zone_8,5.05,27.22,67.14,Wallet,2023-06-16,0,0,Friday,June,4.22156441223282,1.80005827204275,5.217278984298233,-0.7185550127188297,-0.9636325118655239,-0.8182728335521854,0.1946594427244582,0.13455794504181598,0.22524160689631947,63.0,0.08015873015873015,1.0657142857142856,0,2019-07-17,2613,3.0,0.047619047619047616,Reyansh Das,55.0,Other,Mumbai,2019-07-17,63.0,3.0,4.24,2,Low
T00224,R0084,Zone_1,6.26,43.28,123.04,Cash,2023-03-13,0,0,Monday,March,4.820604094232248,1.9823798288367047,6.5787536813594105,-0.4466321607351104,-0.5171692775628308,-0.11592545094435641,0.24148606811145512,0.21450617283950615,0.4134761086978483,366.0,0.01710382513661202,0.33617486338797814,0,2019-07-21,2609,6.0,0.01639344262295082,Kavya Sharma,38.0,Male,Jaipur,2019-07-21,366.0,6.0,4.67,1,High
T00225,R0230,Zone_8,5.76,28.81,115.75,UPI,2024-01-07,0,0,Sunday,January,4.760034896549007,1.9110228900548727,5.367494760127856,-0.558996975604416,-0.919430983687362,-0.20751959082290877,0.22213622291021673,0.14247311827956988,0.38892817456308715,183.0,0.031475409836065574,0.6325136612021858,0,2022-11-22,1389,23.0,0.12568306010928962,Kavya Gupta,32.0,Male,Chennai,2022-11-22,183.0,23.0,3.65,1,Med
T00226,R0282,Zone_8,10.06,93.03,113.24,UPI,2023-08-30,0,0,Wednesday,August,4.738301498591274,2.403334996094189,9.645206063117573,0.4073404322716117,0.865865959458276,-0.23905611909385072,0.3885448916408669,0.46216646754281165,0.38047614237128324,319.0,0.03153605015673981,0.35498432601880875,0,2022-05-02,1593,3.0,0.009404388714733543,Reyansh Kumar,22.0,Other,Bengaluru,2022-05-02,319.0,3.0,4.47,2,Med
T00227,R0067,Zone_6,11.0,56.68,274.82,UPI,2023-07-18,0,0,Tuesday,July,5.619748479046192,2.4849066497880004,7.528612089887485,0.618586284225906,-0.14465325392297498,1.791092182905666,0.42492260061919507,0.28121266427718045,0.92457150553928,348.0,0.031609195402298854,0.7897126436781609,0,2022-07-24,1510,9.0,0.02586206896551724,Saanvi Iyer,32.0,Male,Pune,2022-07-24,348.0,9.0,3.38,1,High
T00228,R0139,Zone_9,2.34,21.45,50.18,UPI,2023-12-16,0,0,Saturday,December,3.935348830731643,1.205970806988609,4.631414470763764,-1.3275723093104657,-1.1240367996567158,-1.031364275574167,0.08978328173374614,0.10583432895260853,0.1681314610903458,155.0,0.015096774193548386,0.323741935483871,0,2023-10-09,1068,7.0,0.04516129032258064,Diya Gupta,44.0,Other,Kolkata,2023-10-09,155.0,7.0,4.39,2,Low
T00229,R0202,Zone_2,11.43,101.31,137.08,Cash,2024-05-27,0,0,Monday,May,4.9278332273351175,2.5201129055226197,10.065286881157437,0.7152200250135087,1.096047502423799,0.06047807771063325,0.44156346749226005,0.5033851055356432,0.4607536114759067,317.0,0.036056782334384856,0.43242902208201894,0,2021-10-28,1779,0.0,0.0,Aadhya Reddy,27.0,Male,Ahmedabad,2021-10-28,317.0,0.0,4.72,1,Med
T00230,R0040,Zone_5,10.93,60.73,105.22,UPI,2023-08-23,0,0,Wednesday,August,4.665512414994253,2.4790562361098245,7.792945527847606,0.6028552101442032,-0.03206445573331711,-0.33982223731415095,0.42221362229102166,0.3013739545997611,0.35347004747954336,485.0,0.022536082474226803,0.2169484536082474,0,2023-05-05,1225,36.0,0.07422680412371134,Aarav Gupta,34.0,Other,Surat,2023-05-05,485.0,36.0,4.41,2,High
T00231,R0026,Zone_5,10.33,93.77,103.48,Cash,2023-08-22,0,0,Tuesday,August,4.648995665528121,2.427454075039915,9.683491106000975,0.4680174323010366,0.886437739868238,-0.36168421308763254,0.3989938080495356,0.46585025886101156,0.34761086978482675,44.0,0.23477272727272727,2.351818181818182,0,2020-04-17,2338,5.0,0.11363636363636363,Aarav Kumar,26.0,Female,Surat,2020-04-17,44.0,5.0,3.17,0,Low
T00232,R0263,Zone_8,0.91,5.48,15.01,Wallet,2023-09-17,0,0,Sunday,September,2.773213527008623,0.6471032420585384,2.340939982143925,-1.6489356798366794,-1.567998060666305,-1.4732526019841374,0.03444272445820434,0.026334129828753487,0.0497019901000101,297.0,0.003063973063973064,0.050538720538720536,0,2020-12-30,2081,21.0,0.0707070707070707,Ishaan Das,31.0,Other,Chennai,2020-12-30,297.0,21.0,3.84,2,Med
T00233,R0089,Zone_2,10.2,86.91,111.34,Cash,2023-12-14,0,0,Thursday,December,4.721529987104287,2.4159137783010487,9.322553298319082,0.438802580435017,0.6957317755272372,-0.2629283914901811,0.3939628482972136,0.4317005177220231,0.37407818971613294,308.0,0.033116883116883114,0.3614935064935065,0,2022-09-21,1451,6.0,0.01948051948051948,Saanvi Reddy,48.0,Other,Surat,2022-09-21,308.0,6.0,3.91,2,Med
T00234,R0169,Zone_6,8.41,64.65,179.19,Cash,2024-03-02,0,0,Saturday,March,5.194011849738723,2.2417729535972883,8.040522371090077,0.03653654320290342,0.07691038103296935,0.5895630201366737,0.3246904024767802,0.32088809239346877,0.6025524463750547,497.0,0.016921529175050302,0.36054325955734406,0,2023-02-21,1298,81.0,0.16297786720321933,Reyansh Kumar,32.0,Male,Delhi,2023-02-21,497.0,81.0,4.19,1,High
T00235,R0133,Zone_7,12.8,120.24,107.26,Cash,2023-09-22,0,0,Friday,September,4.6845357413688316,2.624668592163159,10.965400129498239,1.023099617755406,1.622295885073237,-0.3141909553728276,0.4945820433436533,0.5976204699322979,0.36033942822507325,155.0,0.08258064516129032,0.6920000000000001,0,2019-07-13,2617,11.0,0.07096774193548387,Diya Kumar,25.0,Female,Delhi,2019-07-13,155.0,11.0,4.4,0,Low
T00236,R0067,Zone_2,16.92,98.41,247.24,UPI,2023-08-31,0,0,Thursday,August,5.514396020140125,2.8859174075467844,9.920181449953423,1.9489856922784838,1.0154283629793524,1.44456730254209,0.6540247678018577,0.48894862604540024,0.8317001717345186,348.0,0.04862068965517242,0.7104597701149425,0,2022-07-24,1510,9.0,0.02586206896551724,Saanvi Iyer,32.0,Male,Pune,2022-07-24,348.0,9.0,3.38,1,High
T00237,R0176,Zone_8,15.94,123.81,128.13,Cash,2023-12-22,0,0,Friday,December,4.86081964885856,2.8296776892239084,11.126994203287786,1.7287506551346443,1.7215408256996765,-0.05197288962997642,0.6160990712074303,0.6153922739944245,0.4306158871266458,260.0,0.061307692307692306,0.4928076923076923,0,2019-05-24,2667,13.0,0.05,Kavya Gupta,43.0,Male,Mumbai,2019-05-24,260.0,13.0,3.95,1,Med
T00238,R0073,Zone_4,8.56,81.63,170.79,Credit Card,2023-12-27,0,0,Wednesday,December,5.1462728006383545,2.25758772706331,9.034932207825358,0.07024598766369516,0.5489493423318312,0.48402244743710726,0.33049535603715174,0.4054161688570291,0.5742667609522847,490.0,0.017469387755102043,0.34855102040816327,0,2021-06-19,1910,30.0,0.061224489795918366,Meera Das,41.0,Other,Ahmedabad,2021-06-19,490.0,30.0,3.01,2,High
T00239,R0121,Zone_1,7.99,55.69,194.69,UPI,2024-07-22,0,0,Monday,July,5.276531774476115,2.196112848483529,7.462573282722254,-0.0578499012873132,-0.17217496014711364,0.7843105054751593,0.30843653250773995,0.27628434886499403,0.6547462706670707,378.0,0.02113756613756614,0.5150529100529101,0,2023-07-13,1156,10.0,0.026455026455026454,Diya Iyer,29.0,Male,Pune,2023-07-13,378.0,10.0,4.17,1,High
T00240,R0062,Zone_8,11.16,77.6,131.63,Credit Card,2023-03-19,0,0,Sunday,March,4.887563296506261,2.498151876538021,8.809086218218097,0.6545430249840838,0.4369165382073074,-0.007997651005157081,0.43111455108359137,0.3853544404619673,0.4424015893861333,57.0,0.19578947368421054,2.309298245614035,0,2019-05-13,2678,3.0,0.05263157894736842,Kavya Sharma,38.0,Male,Jaipur,2019-05-13,57.0,3.0,3.58,1,Low
T00241,R0057,Zone_2,2.42,24.09,30.44,UPI,2023-09-24,0,0,Sunday,September,3.448080967561006,1.2296405510745139,4.90815647672321,-1.3095939389313769,-1.0506455830590127,-1.2793846214181481,0.09287925696594428,0.11897650338510554,0.10166010034683637,407.0,0.005945945945945946,0.07479115479115479,0,2023-06-04,1195,11.0,0.02702702702702703,Aadhya Reddy,39.0,Male,Bengaluru,2023-06-04,407.0,11.0,3.66,1,High
T00242,R0252,Zone_2,0.75,4.34,7.02,UPI,2024-02-08,0,0,Thursday,February,2.081938421878423,0.5596157879354227,2.083266665599966,-1.6848924205948572,-1.5996897223789497,-1.5736417895876535,0.028250773993808053,0.020659099960175228,0.02279691551335151,392.0,0.001913265306122449,0.017908163265306122,0,2020-09-23,2179,47.0,0.11989795918367346,Reyansh Gupta,38.0,Other,Ahmedabad,2020-09-23,392.0,47.0,4.83,2,High
T00243,R0162,Zone_2,5.64,46.77,85.06,UPI,2023-12-22,0,0,Friday,December,4.455044727410454,1.8931119634883424,6.838859554048468,-0.5859645311730493,-0.420148313196928,-0.5931196117931103,0.2174922600619195,0.23187972919155714,0.28558440246489547,394.0,0.01431472081218274,0.21588832487309645,0,2023-08-14,1124,38.0,0.09644670050761421,Meera Patel,30.0,Male,Hyderabad,2023-08-14,394.0,38.0,4.28,1,High
T00244,R0076,Zone_1,14.1,117.87,297.22,UPI,2023-09-25,0,0,Monday,September,5.697831469162762,2.714694743820879,10.85679510721281,1.3152481364156001,1.556410588354845,2.0725337101045103,0.544891640866873,0.5858223815213063,1.0,137.0,0.10291970802919707,2.1694890510948905,0,2022-01-02,1713,13.0,0.0948905109489051,Reyansh Reddy,40.0,Male,Bengaluru,2022-01-02,137.0,13.0,3.34,1,Low
T00245,R0202,Zone_4,6.34,58.22,58.89,UPI,2023-01-25,0,0,Wednesday,January,4.092509546276371,1.9933388426264242,7.630203142774116,-0.4286537903560215,-0.10184171090764826,-0.921928753167831,0.24458204334365324,0.288878932696137,0.1974610229989561,317.0,0.02,0.18577287066246057,0,2021-10-28,1779,0.0,0.0,Aadhya Reddy,27.0,Male,Ahmedabad,2021-10-28,317.0,0.0,4.72,1,Med
T00246,R0157,Zone_8,15.51,145.17,288.59,Credit Card,2023-12-16,0,0,Saturday,December,5.668466129528634,2.8039662579320366,12.04865137681392,1.6321169143470418,2.3153424872629094,1.964103336009598,0.5994582043343654,0.7217244125846276,0.9709398255716064,319.0,0.04862068965517241,0.9046708463949843,0,2021-11-23,1753,27.0,0.08463949843260188,Kavya Nair,36.0,Female,Hyderabad,2021-11-23,319.0,27.0,4.65,0,Med
T00247,R0056,Zone_1,5.94,56.15,62.89,Cash,2023-03-13,0,0,Monday,March,4.157162854614252,1.937301774518713,7.493330367733695,-0.5185456422514658,-0.159387096649029,-0.8716713375966089,0.22910216718266257,0.2785742731979291,0.21093039700979896,93.0,0.06387096774193549,0.676236559139785,0,2021-02-26,2023,13.0,0.13978494623655913,Meera Patel,40.0,Other,Hyderabad,2021-02-26,93.0,13.0,3.25,2,Low
T00248,R0011,Zone_7,0.06,0.36,0.71,Cash,2023-10-12,0,0,Thursday,October,0.5364933705145685,0.05826890812397577,0.6,-1.8399558651144987,-1.710332541340638,-1.6529228626512564,0.001547987616099071,0.0008462763839107926,0.001548978011246927,208.0,0.00028846153846153843,0.0034134615384615384,0,2020-04-14,2341,34.0,0.16346153846153846,Vivaan Nair,26.0,Male,Chennai,2020-04-14,208.0,34.0,4.0,1,Med
T00249,R0082,Zone_5,7.38,41.21,121.67,Cash,2023-09-12,0,0,Tuesday,September,4.80949782304466,2.1258479144939915,6.419501538281613,-0.194934975427866,-0.5747146633042116,-0.13313861577750002,0.2848297213622291,0.20420151334129827,0.4088628480991346,274.0,0.026934306569343064,0.444051094890511,0,2022-12-27,1354,23.0,0.08394160583941605,Kavya Singh,26.0,Other,Pune,2022-12-27,274.0,23.0,3.15,2,Med
T00250,R0019,Zone_2,12.44,100.53,277.71,Wallet,2023-10-23,0,0,Monday,October,5.630171814719692,2.5982353350950036,10.026464980241043,0.9421969510495057,1.0743637338835685,1.827403165655874,0.4806501547987616,0.4995021903624054,0.9343031282621139,266.0,0.04676691729323308,1.0440225563909773,0,2023-04-02,1258,24.0,0.09022556390977443,Kavya Patel,40.0,Other,Mumbai,2023-04-02,266.0,24.0,4.08,2,Med
T00251,R0098,Zone_8,7.65,60.38,105.72,Credit Card,2024-01-16,0,0,Tuesday,January,4.670208582167313,2.157559320943788,7.770456872024965,-0.13425797539844092,-0.04179435187316393,-0.3335400603677482,0.29527863777089786,0.29963162086818,0.3551537192308987,286.0,0.02674825174825175,0.36965034965034965,0,2023-04-29,1231,56.0,0.1958041958041958,Diya Singh,21.0,Other,Bengaluru,2023-04-29,286.0,56.0,3.5,2,Med
T00252,R0095,Zone_9,7.52,46.67,157.71,Credit Card,2024-04-18,0,0,Thursday,April,5.067078637519467,2.1424163408412245,6.831544481301428,-0.16347282726446052,-0.42292828352259865,0.31968069851921116,0.29024767801857587,0.23138191955396256,0.5302219079368287,481.0,0.015634095634095634,0.3278794178794179,0,2020-10-07,2165,77.0,0.1600831600831601,Kavya Iyer,29.0,Female,Chennai,2020-10-07,481.0,77.0,4.26,0,High
T00253,R0183,Zone_2,7.39,49.26,151.29,UPI,2024-05-18,0,0,Saturday,May,5.0257865978636,2.127040520479115,7.018546858146634,-0.19268767913047993,-0.35092705208773106,0.2390175465273995,0.2852167182662539,0.24427518916766228,0.5086035626494259,406.0,0.018201970443349754,0.37263546798029556,0,2022-08-27,1476,66.0,0.1625615763546798,Arjun Patel,43.0,Other,Jaipur,2022-08-27,406.0,66.0,3.79,2,High
T00254,R0199,Zone_5,0.81,7.51,9.48,Wallet,2023-12-30,0,0,Saturday,December,2.349468678892896,0.5933268452777344,2.7404379212089442,-1.6714086428105404,-1.5115646630551927,-1.542733479011352,0.03057275541795666,0.03643966547192354,0.03108058053001987,344.0,0.0023546511627906977,0.027558139534883723,0,2021-08-03,1865,27.0,0.07848837209302326,Aarav Das,29.0,Male,Ahmedabad,2021-08-03,344.0,27.0,3.91,1,High
T00255,R0189,Zone_3,13.79,108.02,297.22,Credit Card,2023-11-18,0,0,Saturday,November,5.697831469162762,2.6939512767227085,10.393267051317405,1.2455819511966306,1.2825835112762938,2.0725337101045103,0.5328947368421053,0.5367881322182397,1.0,238.0,0.05794117647058823,1.2488235294117649,0,2019-09-16,2552,42.0,0.17647058823529413,Reyansh Gupta,29.0,Female,Delhi,2019-09-16,238.0,42.0,3.28,0,Med
T00256,R0089,Zone_9,4.59,37.26,55.71,UPI,2024-02-14,0,0,Wednesday,February,4.037950562025936,1.7209792871670078,6.104096984812741,-0.8219306423985908,-0.684523491168199,-0.9618833985469525,0.17685758513931887,0.18453803265631222,0.18675287066033605,308.0,0.014902597402597402,0.18087662337662339,0,2022-09-21,1451,6.0,0.01948051948051948,Saanvi Reddy,48.0,Other,Surat,2022-09-21,308.0,6.0,3.91,2,Med
T00257,R0248,Zone_5,13.45,76.93,208.47,Wallet,2023-06-24,0,0,Saturday,June,5.344580531017675,2.670694414558441,8.770974860299168,1.169173877085503,0.41829073702531494,0.9574473021180195,0.5197368421052632,0.3820191158900837,0.7011482641344243,104.0,0.12932692307692306,2.0045192307692306,0,2021-10-24,1783,12.0,0.11538461538461539,Vivaan Ghosh,18.0,Female,Chennai,2021-10-24,104.0,12.0,3.65,0,Low
T00258,R0036,Zone_5,7.65,72.54,96.95,Credit Card,2024-07-05,0,0,Friday,July,4.58445714439055,2.157559320943788,8.517041739947034,-0.13425797539844092,0.29625003972837705,-0.44372944400765263,0.29527863777089786,0.36016527279968147,0.3256221167121258,177.0,0.043220338983050846,0.5477401129943503,0,2022-03-16,1640,15.0,0.0847457627118644,Aadhya Das,30.0,Female,Surat,2022-03-16,177.0,15.0,4.9,0,Med
T00259,R0277,Zone_8,13.34,120.48,265.12,Credit Card,2024-04-28,0,0,Sunday,April,5.583947334873687,2.663052835171474,10.976338187209794,1.1444536178142557,1.6289678138548467,1.6692179501454527,0.5154798761609908,0.5988152130625249,0.8919082735629861,433.0,0.030808314087759817,0.6122863741339492,0,2021-01-22,2058,16.0,0.03695150115473441,Kavya Gupta,42.0,Female,Jaipur,2021-01-22,433.0,16.0,3.06,0,High
T00260,R0030,Zone_8,9.72,89.48,187.93,UPI,2024-01-22,0,0,Monday,January,5.2413765760852264,2.372111155642656,9.459386872308373,0.330932358160484,0.7671770128969709,0.6993754731597942,0.37538699690402483,0.44449422540820394,0.6319830285887463,442.0,0.021990950226244345,0.4251809954751131,0,2021-01-08,2072,58.0,0.13122171945701358,Saanvi Patel,25.0,Other,Mumbai,2021-01-08,442.0,58.0,3.72,2,High
T00261,R0297,Zone_7,7.47,64.32,112.52,UPI,2023-03-15,0,0,Wednesday,March,4.731979032851787,2.136530508663963,8.019975062305368,-0.17470930875139104,0.06773647895825613,-0.24810245389667068,0.288312693498452,0.3192453205894066,0.3780516550493316,396.0,0.018863636363636364,0.28414141414141414,0,2023-09-20,1087,46.0,0.11616161616161616,Saanvi Gupta,47.0,Male,Pune,2023-09-20,396.0,46.0,3.87,1,High
T00262,R0258,Zone_4,9.13,74.19,153.15,Wallet,2023-10-21,0,0,Saturday,October,5.037926154332159,2.315501318260592,8.613361713059541,0.1983418766147035,0.34211955010194117,0.26238724476801795,0.35255417956656354,0.36837913181999205,0.5148668215644678,313.0,0.02916932907348243,0.489297124600639,0,2020-01-29,2417,39.0,0.12460063897763578,Vivaan Nair,32.0,Female,Jaipur,2020-01-29,313.0,39.0,3.76,0,Med
T00263,R0171,Zone_5,0.64,4.35,8.82,UPI,2024-04-14,0,0,Sunday,April,2.2844211223663744,0.49469624183610705,2.085665361461421,-1.7096126798661044,-1.5994117253463824,-1.5510259525806038,0.023993808049535607,0.020708880923934685,0.028858133818230797,276.0,0.002318840579710145,0.03195652173913044,0,2019-05-13,2678,19.0,0.06884057971014493,Kavya Singh,23.0,Female,Jaipur,2019-05-13,276.0,19.0,4.3,0,Med
T00264,R0194,Zone_8,8.03,50.32,196.06,Wallet,2023-08-26,0,0,Saturday,August,5.283508250894329,2.200552367428894,7.093659140387279,-0.04886071609776895,-0.32145936663562297,0.8015236703083031,0.309984520123839,0.24955197132616488,0.6593595312657844,10.0,0.8029999999999999,19.606,0,2023-02-10,1309,2.0,0.2,Arjun Iyer,30.0,Other,Jaipur,2023-02-10,10.0,2.0,4.06,2,Low
T00265,R0247,Zone_10,16.58,92.71,297.22,Cash,2023-02-15,0,0,Wednesday,February,5.697831469162762,2.866761892257031,9.628603221651622,1.8725776181673552,0.85697005441613,2.0725337101045103,0.6408668730650154,0.4605734767025089,1.0,249.0,0.0665863453815261,1.1936546184738956,0,2021-05-11,1949,47.0,0.18875502008032127,Aadhya Das,37.0,Male,Bengaluru,2021-05-11,249.0,47.0,4.92,1,Med
T00266,R0029,Zone_7,14.54,94.52,264.43,Wallet,2023-08-18,0,0,Friday,August,5.581351152435311,2.7434173449395014,9.722139682189306,1.414129173500589,0.9072875173107673,1.660548545959417,0.5619195046439629,0.4695838311429709,0.8895848065461157,4.0,3.635,66.1075,0,2022-07-24,1510,0.0,0.0,Kavya Iyer,30.0,Male,Surat,2022-07-24,4.0,0.0,3.69,1,Low
T00267,R0276,Zone_3,3.07,28.47,50.2,Cash,2023-07-26,0,0,Wednesday,July,3.9357395320454622,1.4036429994545037,5.33572862878164,-1.1635196796012794,-0.9288828827946418,-1.031112988496311,0.11803405572755418,0.14078056551174828,0.16819880796040004,196.0,0.01566326530612245,0.25612244897959185,0,2022-11-07,1404,1.0,0.00510204081632653,Aadhya Ghosh,26.0,Other,Chennai,2022-11-07,196.0,1.0,3.63,2,Med
T00268,R0181,Zone_9,10.53,91.09,114.62,Wallet,2023-09-16,0,0,Saturday,September,4.75030895165433,2.4449523342809676,9.544108130150246,0.5129633582487586,0.811934535140267,-0.22171731072177897,0.40673374613003094,0.4525089605734767,0.3851230764050241,349.0,0.030171919770773638,0.3284240687679083,0,2019-01-09,2802,32.0,0.09169054441260745,Arjun Patel,32.0,Male,Hyderabad,2019-01-09,349.0,32.0,3.75,1,High
T00269,R0234,Zone_7,9.24,82.63,141.91,Credit Card,2023-08-09,0,0,Wednesday,August,4.962215061493703,2.3263016196113617,9.090104509850258,0.2230621358859506,0.5767490455885369,0.12116390701288374,0.3568111455108359,0.4103942652329749,0.47701788059399935,183.0,0.050491803278688525,0.775464480874317,0,2022-12-01,1380,31.0,0.16939890710382513,Saanvi Nair,32.0,Other,Pune,2022-12-01,183.0,31.0,3.98,2,Med
T00270,R0129,Zone_4,12.09,107.4,169.03,Credit Card,2023-05-25,0,0,Thursday,May,5.135974892069394,2.5718485799218085,10.363397126425292,0.863541580640992,1.2653476952571365,0.4619091845857696,0.46710526315789475,0.5337017124651534,0.5683402363875139,158.0,0.07651898734177215,1.0698101265822786,0,2022-10-08,1434,10.0,0.06329113924050633,Vivaan Singh,35.0,Male,Hyderabad,2022-10-08,158.0,10.0,3.9,1,Low
T00271,R0186,Zone_9,8.47,61.46,150.05,Wallet,2023-11-14,0,0,Tuesday,November,5.017610907832681,2.248128907197987,7.839642849007856,0.050020320987220195,-0.011770672355921859,0.2234377477003209,0.32701238390092885,0.3050079649542015,0.5044280567060646,373.0,0.022707774798927615,0.40227882037533513,0,2020-12-11,2100,19.0,0.05093833780160858,Ishaan Sharma,18.0,Other,Hyderabad,2020-12-11,373.0,19.0,3.26,2,High
T00272,R0268,Zone_5,6.83,55.86,110.21,Credit Card,2024-06-12,0,0,Wednesday,June,4.71142030583075,2.057962510002712,7.473954776421918,-0.31853627178410204,-0.1674490105934736,-0.27712611138905147,0.26354489164086686,0.2771306252489048,0.3702730915580698,10.0,0.683,11.020999999999999,0,2022-10-16,1426,0.0,0.0,Ishaan Kumar,34.0,Male,Chennai,2022-10-16,10.0,0.0,4.6,1,Low
T00273,R0157,Zone_9,14.65,125.74,288.9,UPI,2023-03-18,0,0,Saturday,March,5.66953603592761,2.750470916986162,11.21338485917611,1.4388494327718364,1.7751942529851181,1.9679982857163678,0.5661764705882354,0.625,0.9719837020574468,319.0,0.04592476489028213,0.9056426332288401,0,2021-11-23,1753,27.0,0.08463949843260188,Kavya Nair,36.0,Female,Hyderabad,2021-11-23,319.0,27.0,4.65,0,Med
T00274,R0088,Zone_10,9.08,47.12,207.15,Credit Card,2023-11-08,0,0,Wednesday,November,5.3382589736409845,2.3105532626432224,6.864400920692205,0.1871053951277728,-0.4104184170570812,0.9408623549795163,0.3506191950464396,0.23362206292313817,0.6967033707108462,438.0,0.020730593607305937,0.47294520547945207,0,2019-07-07,2623,0.0,0.0,Diya Iyer,22.0,Other,Jaipur,2019-07-07,438.0,0.0,4.78,2,High
T00275,R0018,Zone_7,14.28,111.85,278.59,Cash,2024-07-03,0,0,Wednesday,July,5.633324244340946,2.7265447837383743,10.575916035975323,1.35569946976855,1.3890563747494764,1.8384597970815426,0.5518575851393189,0.5558542413381123,0.9372663905444993,446.0,0.03201793721973094,0.6246412556053811,0,2023-01-09,1341,86.0,0.19282511210762332,Aarav Reddy,49.0,Female,Delhi,2023-01-09,446.0,86.0,3.29,0,High
T00276,R0099,Zone_3,12.87,123.91,270.61,Wallet,2024-03-13,0,0,Wednesday,March,5.604367213857996,2.6297282343267403,11.131486872830601,1.0388306918371084,1.7243207960253468,1.738196253016955,0.4972910216718266,0.6158900836320191,0.910394989392868,80.0,0.160875,3.382625,0,2021-08-21,1847,8.0,0.1,Diya Gupta,35.0,Other,Mumbai,2021-08-21,80.0,8.0,3.7,2,Low
T00277,R0250,Zone_10,6.38,48.44,91.22,Wallet,2023-09-27,0,0,Wednesday,September,4.52417702677856,1.998773638612381,6.959885056522126,-0.4196646051664771,-0.3737228087582297,-0.5157231918134283,0.24613003095975233,0.24019315013938666,0.30632723844159343,163.0,0.03914110429447853,0.5596319018404908,0,2021-02-01,2048,31.0,0.1901840490797546,Aadhya Iyer,34.0,Female,Jaipur,2021-02-01,163.0,31.0,4.63,0,Low
T00278,R0045,Zone_6,7.16,58.69,62.36,Credit Card,2023-02-02,0,0,Thursday,February,4.14883274750617,2.0992441689760155,7.6609398901179215,-0.24437549397036037,-0.08877585037699665,-0.8783304451597957,0.27631578947368424,0.29121863799283154,0.20914570495336227,100.0,0.0716,0.6236,0,2023-07-12,1157,16.0,0.16,Saanvi Iyer,34.0,Other,Ahmedabad,2023-07-12,100.0,16.0,4.88,2,Low
T00279,R0254,Zone_2,17.65,102.86,180.18,UPI,2023-02-16,0,0,Thursday,February,5.1994910122411415,2.9258461460898246,10.14199191480648,2.113038321987669,1.1391370424716927,0.6020017304905514,0.6822755417956656,0.5111011549183593,0.6058861164427383,363.0,0.04862258953168044,0.4963636363636364,0,2020-03-09,2377,70.0,0.1928374655647383,Meera Kumar,18.0,Male,Delhi,2020-03-09,363.0,70.0,3.68,1,High
T00280,R0006,Zone_8,8.96,56.76,197.75,Cash,2023-02-04,0,0,Saturday,February,5.292047753534441,2.298577071596507,7.533923280734945,0.16013783955913966,-0.14242927766243857,0.8227574283871444,0.34597523219814247,0.2816109119872561,0.6650503417853655,248.0,0.03612903225806452,0.7973790322580645,0,2023-06-30,1169,13.0,0.05241935483870968,Aarav Das,45.0,Female,Jaipur,2023-06-30,248.0,13.0,4.64,0,Med
T00281,R0173,Zone_3,4.21,33.25,38.42,UPI,2023-07-13,0,0,Thursday,July,3.674273301724574,1.6505798557652755,5.766281297335398,-0.907327901699263,-0.7960003012275887,-1.17912107735356,0.16215170278637772,0.1645758661887694,0.12853150149846784,389.0,0.010822622107969151,0.09876606683804627,0,2020-01-15,2431,55.0,0.14138817480719795,Saanvi Ghosh,26.0,Other,Mumbai,2020-01-15,389.0,55.0,4.28,2,High
T00282,R0234,Zone_8,2.0,17.63,21.3,Wallet,2024-01-11,0,0,Thursday,January,3.104586678466073,1.0986122886681098,4.198809355043403,-1.4039803834215934,-1.2302316660973311,-1.3942228159983907,0.07662538699690404,0.08681800079649542,0.07088258073206047,183.0,0.01092896174863388,0.11639344262295083,0,2022-12-01,1380,31.0,0.16939890710382513,Saanvi Nair,32.0,Other,Pune,2022-12-01,183.0,31.0,3.98,2,Med
T00283,R0232,Zone_2,12.87,74.19,128.37,Credit Card,2024-03-24,0,0,Sunday,March,4.86267651592981,2.6297282343267403,8.613361713059541,1.0388306918371084,0.34211955010194117,-0.04895744469570298,0.4972910216718266,0.36837913181999205,0.43142404956729635,172.0,0.07482558139534884,0.7463372093023256,0,2022-12-08,1373,15.0,0.0872093023255814,Meera Das,38.0,Male,Jaipur,2022-12-08,172.0,15.0,3.94,1,Med
T00284,R0129,Zone_1,8.8,75.07,115.67,Wallet,2024-01-03,0,0,Wednesday,January,4.759349436835766,2.2823823856765264,8.664294547163086,0.12418109880096186,0.36658328896784204,-0.2085247391343332,0.33978328173374617,0.37275985663082434,0.3886587870828703,158.0,0.055696202531645575,0.7320886075949368,0,2022-10-08,1434,10.0,0.06329113924050633,Vivaan Singh,35.0,Male,Hyderabad,2022-10-08,158.0,10.0,3.9,1,Low
T00285,R0133,Zone_9,4.04,28.1,81.2,Credit Card,2024-06-12,0,0,Wednesday,June,4.409155302062135,1.6174060820832772,5.300943312279429,-0.9455319387548269,-0.9391687729996229,-0.6416180178193397,0.15557275541795665,0.13893866985264836,0.2725864565444321,155.0,0.02606451612903226,0.5238709677419355,0,2019-07-13,2617,11.0,0.07096774193548387,Diya Kumar,25.0,Female,Delhi,2019-07-13,155.0,11.0,4.4,0,Low
T00286,R0127,Zone_4,11.37,66.58,179.05,Credit Card,2024-08-23,0,0,Friday,August,5.193234590094884,2.5152741864043966,8.15965685553014,0.7017362472291919,0.13056380831841108,0.5878040105916812,0.4392414860681114,0.3304958183990442,0.6020810182846752,43.0,0.2644186046511628,4.163953488372093,0,2020-03-17,2369,2.0,0.046511627906976744,Vivaan Kumar,38.0,Male,Chennai,2020-03-17,43.0,2.0,4.83,1,Low
T00287,R0237,Zone_5,8.8,81.48,147.6,Credit Card,2023-09-02,0,0,Saturday,September,5.001258132283659,2.2823823856765264,9.026627277117406,0.12418109880096186,0.5447793868433256,0.19265508066294715,0.33978328173374617,0.40466945440063723,0.4961780651244233,36.0,0.24444444444444446,4.1,0,2022-12-13,1368,3.0,0.08333333333333333,Aadhya Nair,40.0,Male,Chennai,2022-12-13,36.0,3.0,3.71,1,Low
T00288,R0180,Zone_2,0.30000000000000004,2.4,6.82,Credit Card,2024-01-07,0,0,Sunday,January,2.05668455455722,0.26236426446749106,1.5491933384829668,-1.7860207539772321,-1.6536211466969586,-1.5761546603662149,0.0108359133126935,0.011001592990840301,0.022123446812809373,44.0,0.00681818181818182,0.155,0,2019-12-03,2474,4.0,0.09090909090909091,Diya Kumar,33.0,Male,Hyderabad,2019-12-03,44.0,4.0,4.53,1,Low
T00289,R0277,Zone_1,10.94,104.91,138.1,Credit Card,2024-08-15,0,0,Thursday,August,4.935193098929397,2.479894107964456,10.24255827418131,0.6051025064415892,1.1961264341479392,0.07329371868129465,0.42260061919504643,0.5213062524890482,0.46418830184867155,433.0,0.025265588914549653,0.3189376443418014,0,2021-01-22,2058,16.0,0.03695150115473441,Kavya Gupta,42.0,Female,Jaipur,2021-01-22,433.0,16.0,3.06,0,High
T00290,R0068,Zone_1,14.67,124.27,256.47,Wallet,2024-04-21,0,0,Sunday,April,5.550903208462204,2.7517480563679295,11.147645491313401,1.4433440253666086,1.734328689197761,1.5605362889726853,0.5669504643962848,0.6176821983273596,0.8627807522645385,456.0,0.03217105263157895,0.5624342105263158,0,2022-08-31,1472,70.0,0.15350877192982457,Meera Singh,30.0,Female,Ahmedabad,2022-08-31,456.0,70.0,4.97,0,High
T00291,R0169,Zone_10,20.8,164.64,297.22,UPI,2023-02-18,0,0,Saturday,February,5.697831469162762,3.0819099697950434,12.831211945876351,2.8209366556642945,2.8566027096709683,2.0725337101045103,0.8041795665634676,0.818647949024293,1.0,497.0,0.041851106639839035,0.5980281690140845,0,2023-02-21,1298,81.0,0.16297786720321933,Reyansh Kumar,32.0,Male,Delhi,2023-02-21,497.0,81.0,4.19,1,High
T00292,R0190,Zone_4,8.17,66.73,198.59,Cash,2024-08-05,0,0,Monday,August,5.2962652624219055,2.2159372862683733,8.16884324736373,-0.017398567934363278,0.1347337638069171,0.833311485657101,0.3154024767801858,0.3312425328554361,0.6678789103276425,274.0,0.029817518248175183,0.7247810218978102,0,2020-09-25,2177,47.0,0.17153284671532848,Saanvi Iyer,35.0,Other,Surat,2020-09-25,274.0,47.0,4.12,2,Med
T00293,R0109,Zone_10,9.16,66.29,213.82,UPI,2023-05-12,0,0,Friday,May,5.369800468169901,2.318458442150336,8.141867107733951,0.2050837655068617,0.12250189437396666,1.024666595444529,0.3537151702786378,0.32905217045001994,0.7191635518739266,62.0,0.14774193548387096,3.448709677419355,0,2022-11-19,1392,5.0,0.08064516129032258,Vivaan Kumar,35.0,Female,Delhi,2022-11-19,62.0,5.0,3.35,0,Low
T00294,R0094,Zone_6,16.03,147.85,146.27,Wallet,2023-01-12,0,0,Thursday,January,4.992267636738071,2.834976494674597,12.159358535712318,1.7489763218111198,2.389845691990881,0.175944489985516,0.6195820433436533,0.7350657108721624,0.4916994982658181,480.0,0.03339583333333333,0.30472916666666666,0,2023-04-13,1247,62.0,0.12916666666666668,Diya Iyer,41.0,Other,Delhi,2023-04-13,480.0,62.0,4.87,2,High
T00295,R0229,Zone_1,8.84,79.58,96.2,Wallet,2023-04-08,0,0,Saturday,April,4.576770711466393,2.286455711064162,8.920762299265686,0.1331702839905061,0.49195995065558473,-0.4531527094272568,0.3413312693498452,0.3952110712863401,0.3230966090850928,146.0,0.06054794520547945,0.6589041095890411,0,2020-11-23,2118,16.0,0.1095890410958904,Reyansh Ghosh,22.0,Female,Mumbai,2020-11-23,146.0,16.0,4.43,0,Low
T00296,R0084,Zone_5,9.38,67.84,183.0,Cash,2023-12-18,0,0,Monday,December,5.214935757608986,2.3398808777377424,8.2365041127896,0.2545242840493563,0.16559143442186036,0.6374332084682628,0.36222910216718274,0.33676821983273597,0.6153820251203825,366.0,0.02562841530054645,0.5,0,2019-07-21,2609,6.0,0.01639344262295082,Kavya Sharma,38.0,Male,Jaipur,2019-07-21,366.0,6.0,4.67,1,High
T00297,R0013,Zone_7,4.85,41.88,92.68,Wallet,2023-12-07,0,0,Thursday,December,4.539884719289462,1.766441661243765,6.471475874945375,-0.763500938666552,-0.5560888621222188,-0.49737923512993215,0.18691950464396284,0.207536837913182,0.3112435599555511,6.0,0.8083333333333332,15.446666666666667,0,2019-04-01,2720,0.0,0.0,Ishaan Gupta,43.0,Female,Kolkata,2019-04-01,6.0,0.0,3.91,0,Low
T00298,R0222,Zone_10,1.03,6.71,22.09,Wallet,2023-08-10,0,0,Thursday,August,3.139399623366404,0.708035793053696,2.5903667693977237,-1.6219681242680462,-1.533804425660557,-1.3842969764230744,0.03908668730650155,0.032457188371166866,0.07354278209920193,475.0,0.002168421052631579,0.04650526315789474,0,2022-08-28,1475,12.0,0.02526315789473684,Aarav Singh,27.0,Male,Surat,2022-08-28,475.0,12.0,3.44,1,High
T00299,R0110,Zone_3,12.56,73.2,187.1,Wallet,2023-12-07,0,0,Thursday,December,5.236973736306985,2.6071242825122494,8.555699854482976,0.9691645066181394,0.3145978438778027,0.6889470594287654,0.4852941176470589,0.3634508164078057,0.6291881334814964,224.0,0.05607142857142857,0.8352678571428571,0,2023-02-04,1315,28.0,0.125,Vivaan Patel,19.0,Female,Kolkata,2023-02-04,224.0,28.0,4.43,0,Med
T00300,R0030,Zone_10,1.63,9.91,36.07,UPI,2023-09-08,0,0,Friday,September,3.612808017162641,0.9669838461896731,3.1480152477394387,-1.4871303464248795,-1.4448453752390988,-1.2086473090016532,0.06230650154798762,0.048387096774193554,0.12061824426709768,442.0,0.003687782805429864,0.08160633484162896,0,2021-01-08,2072,58.0,0.13122171945701358,Saanvi Patel,25.0,Other,Mumbai,2021-01-08,442.0,58.0,3.72,2,High
T00301,R0037,Zone_10,13.7,92.43,297.22,Wallet,2024-01-21,0,0,Sunday,January,5.697831469162762,2.6878474937846906,9.614052215377239,1.2253562845201555,0.8491861375042528,2.0725337101045103,0.5294117647058824,0.4591796097172442,1.0,489.0,0.02801635991820041,0.6078118609406954,0,2020-11-21,2120,6.0,0.012269938650306749,Aadhya Iyer,32.0,Other,Ahmedabad,2020-11-21,489.0,6.0,3.36,2,High
T00302,R0191,Zone_8,4.06,26.03,73.11,Credit Card,2023-05-07,0,0,Sunday,May,4.305550475963267,1.6213664832993742,5.101960407529639,-0.9410373461600547,-0.9967141587410036,-0.7432636408121364,0.15634674922600617,0.12863401035444044,0.2453446476075024,87.0,0.04666666666666666,0.8403448275862069,0,2020-08-14,2219,6.0,0.06896551724137931,Meera Gupta,33.0,Other,Surat,2020-08-14,87.0,6.0,4.56,2,Low
T00303,R0047,Zone_2,9.33,90.48,95.23,Cash,2024-01-23,0,0,Tuesday,January,4.566741159368309,2.3350522831315472,9.512097560475292,0.24328780256242558,0.7949767161536766,-0.4653401327032781,0.3602941176470588,0.44947232178414975,0.3198302858874634,69.0,0.13521739130434782,1.3801449275362319,0,2021-10-07,1800,3.0,0.043478260869565216,Reyansh Iyer,51.0,Female,Bengaluru,2021-10-07,69.0,3.0,4.86,0,Low
T00304,R0153,Zone_4,6.14,51.22,62.16,Cash,2023-06-15,0,0,Thursday,June,4.145671189387441,1.965712776351493,7.1568149340331555,-0.47359971630374376,-0.2964396337045879,-0.880843315938357,0.23684210526315788,0.2540322580645161,0.2084722362528201,76.0,0.08078947368421052,0.8178947368421052,0,2020-05-04,2321,14.0,0.18421052631578946,Aadhya Ghosh,20.0,Male,Mumbai,2020-05-04,76.0,14.0,4.54,1,Low
T00305,R0037,Zone_6,13.87,104.8,212.4,UPI,2023-05-15,0,0,Monday,May,5.363168338867653,2.6993457604720636,10.237187113655782,1.2635603215757194,1.1930684667897016,1.0068252129167454,0.5359907120743034,0.5207586618876942,0.7143819241000774,489.0,0.0283640081799591,0.4343558282208589,0,2020-11-21,2120,6.0,0.012269938650306749,Aadhya Iyer,32.0,Other,Ahmedabad,2020-11-21,489.0,6.0,3.36,2,High
T00306,R0164,Zone_10,9.5,52.89,128.05,UPI,2024-01-14,0,0,Sunday,January,4.860199926164623,2.3513752571634776,7.2725511342306834,0.2814918396179894,-0.2500141292658894,-0.052978037941400664,0.3668730650154799,0.2623456790123457,0.43034649964642896,249.0,0.03815261044176707,0.5142570281124499,0,2022-07-06,1528,23.0,0.09236947791164658,Aadhya Ghosh,37.0,Other,Ahmedabad,2022-07-06,249.0,23.0,4.02,2,Med
T00307,R0090,Zone_4,17.8,146.74,297.22,Wallet,2024-03-08,0,0,Friday,March,5.697831469162762,2.9338568698359038,12.113628688382354,2.146747766448461,2.3589880213759375,2.0725337101045103,0.6880804953560372,0.7295400238948626,1.0,152.0,0.11710526315789474,1.9553947368421054,0,2021-01-31,2049,25.0,0.16447368421052633,Kavya Iyer,33.0,Female,Mumbai,2021-01-31,152.0,25.0,4.51,0,Low
T00308,R0074,Zone_3,2.58,22.59,36.36,Credit Card,2023-04-16,0,0,Sunday,April,3.620600613360642,1.275362800412609,4.752893855326458,-1.2736371981731989,-1.0923451379440712,-1.2050036463727394,0.09907120743034058,0.11150935882118677,0.12159477388288378,199.0,0.012964824120603015,0.18271356783919598,0,2023-09-11,1096,22.0,0.11055276381909548,Vivaan Ghosh,23.0,Male,Kolkata,2023-09-11,199.0,22.0,4.89,1,Med
T00309,R0080,Zone_4,10.07,64.41,162.79,Wallet,2023-01-19,0,0,Thursday,January,5.098585119494288,2.4042387467205457,8.025584090893322,0.4095877285689978,0.07023845225135973,0.38350761629466307,0.3889318885448917,0.3196933492632417,0.547328012930599,34.0,0.2961764705882353,4.787941176470588,0,2021-05-15,1945,6.0,0.17647058823529413,Reyansh Kumar,19.0,Female,Mumbai,2021-05-15,34.0,6.0,4.6,0,Low
T00310,R0004,Zone_5,8.24,60.17,80.25,UPI,2024-07-23,0,0,Tuesday,July,4.3975308212098465,2.2235418856535927,7.756932383358772,-0.00166749385266044,-0.04763228955707215,-0.6535541540175049,0.31811145510835914,0.2985862206292314,0.26938748021685693,464.0,0.017758620689655173,0.17295258620689655,0,2019-07-28,2602,5.0,0.010775862068965518,Aarav Nair,19.0,Other,Kolkata,2019-07-28,464.0,5.0,3.19,2,High
T00311,R0007,Zone_1,9.4,56.5,111.17,Credit Card,2023-06-17,0,0,Saturday,June,4.720015577657132,2.341805806147327,7.516648189186454,0.2590188766441284,-0.149657200509182,-0.2650643316519581,0.3630030959752322,0.28031660692951016,0.3735057413206721,458.0,0.02052401746724891,0.2427292576419214,0,2021-03-26,1995,82.0,0.17903930131004367,Ishaan Ghosh,18.0,Female,Mumbai,2021-03-26,458.0,82.0,4.03,0,High
T00312,R0027,Zone_5,15.98,118.94,161.91,Cash,2023-02-26,0,0,Sunday,February,5.093197901078078,2.8320361808832013,10.90596167240652,1.737739840324189,1.5861562708395198,0.37245098486899425,0.6176470588235294,0.5911489446435683,0.5443647506482135,403.0,0.03965260545905707,0.4017617866004963,0,2019-10-05,2533,61.0,0.1513647642679901,Ishaan Iyer,39.0,Male,Jaipur,2019-10-05,403.0,61.0,3.98,1,High
T00313,R0017,Zone_8,10.93,83.99,142.44,UPI,2023-12-01,0,0,Friday,December,4.965916829296877,2.4790562361098245,9.164605828948673,0.6028552101442032,0.6145566420176566,0.12782301457607068,0.42221362229102166,0.41716447630426123,0.478802572650436,288.0,0.03795138888888889,0.4945833333333333,0,2023-03-18,1273,21.0,0.07291666666666667,Meera Das,49.0,Female,Mumbai,2023-03-18,288.0,21.0,3.83,0,Med
T00314,R0173,Zone_3,2.26,18.32,40.95,UPI,2023-06-22,0,0,Thursday,June,3.7364784329132155,1.1817271953786161,4.280186911806539,-1.3455506796895547,-1.2110498708502042,-1.147333262004762,0.08668730650154799,0.09025288729589805,0.13705088056032597,389.0,0.005809768637532133,0.10526992287917739,0,2020-01-15,2431,55.0,0.14138817480719795,Saanvi Ghosh,26.0,Other,Mumbai,2020-01-15,389.0,55.0,4.28,2,High
T00315,R0080,Zone_5,10.67,101.39,221.3,Cash,2023-08-25,0,0,Friday,August,5.404027820970151,2.4570214462984645,10.069260151570223,0.5444255064121644,1.0982714786843353,1.1186479625627146,0.41215170278637775,0.5037833532457189,0.7443512812742028,34.0,0.3138235294117647,6.508823529411765,0,2021-05-15,1945,6.0,0.17647058823529413,Reyansh Kumar,19.0,Female,Mumbai,2021-05-15,34.0,6.0,4.6,0,Low
T00316,R0212,Zone_1,5.92,31.63,94.3,UPI,2024-05-05,0,0,Sunday,May,4.557029810660157,1.9344157696295783,5.624055476255546,-0.5230402348462381,-0.8410358205034519,-0.4770249818235873,0.228328173374613,0.15651135005973715,0.3166986564299424,73.0,0.08109589041095891,1.2917808219178082,0,2023-09-11,1096,12.0,0.1643835616438356,Aadhya Iyer,36.0,Female,Ahmedabad,2023-09-11,73.0,12.0,3.22,0,Low
T00317,R0113,Zone_4,5.63,55.52,108.99,Wallet,2024-08-23,0,0,Friday,August,4.700389452569025,1.891604804197771,7.451174404078864,-0.5882118274704353,-0.17690090970075345,-0.2924546231382742,0.21710526315789475,0.27543807248108326,0.36616493248476273,423.0,0.013309692671394799,0.2576595744680851,0,2019-03-09,2743,26.0,0.061465721040189124,Aadhya Singh,26.0,Other,Chennai,2019-03-09,423.0,26.0,4.61,2,High
T00318,R0102,Zone_8,13.23,79.32,207.3,Wallet,2023-08-18,0,0,Friday,August,5.3389793482669266,2.655352412101761,8.906177631284926,1.1197333585430087,0.4847320278088411,0.9427470080634373,0.5112229102167183,0.3939167662285942,0.6972084722362528,123.0,0.1075609756097561,1.6853658536585368,0,2023-05-13,1217,22.0,0.17886178861788618,Aarav Nair,18.0,Female,Chennai,2023-05-13,123.0,22.0,4.1,0,Low
T00319,R0178,Zone_2,4.99,39.38,106.51,Cash,2023-12-24,0,0,Sunday,December,4.6775838664971365,1.7900914121273581,6.275348595894893,-0.7320387905031464,-0.6255881202639829,-0.32361422079243174,0.1923374613003096,0.1950915969733174,0.35781392059804024,56.0,0.08910714285714286,1.9019642857142858,0,2021-05-15,1945,7.0,0.125,Saanvi Ghosh,27.0,Male,Delhi,2021-05-15,56.0,7.0,3.13,1,Low
T00320,R0294,Zone_6,6.1,41.42,74.02,UPI,2023-01-15,0,0,Sunday,January,4.317754744653741,1.9600947840472698,6.435837163881635,-0.4825889014932882,-0.5688767256203033,-0.7318300787696834,0.23529411764705882,0.2052469135802469,0.24840893019496915,41.0,0.14878048780487804,1.8053658536585364,0,2021-04-02,1988,7.0,0.17073170731707318,Arjun Reddy,24.0,Male,Surat,2021-04-02,41.0,7.0,3.2,1,Low
T00321,R0040,Zone_7,8.16,74.12,71.85,Credit Card,2024-02-03,0,0,Saturday,February,4.288402532641213,2.214846178686039,8.609297300012354,-0.01964586423174934,0.340173570873972,-0.7590947267170715,0.315015479876161,0.3680306650736759,0.2411017947940869,485.0,0.01682474226804124,0.1481443298969072,0,2023-05-05,1225,36.0,0.07422680412371134,Aarav Gupta,34.0,Other,Surat,2023-05-05,485.0,36.0,4.41,2,High
T00322,R0094,Zone_7,12.73,115.69,253.21,UPI,2023-07-11,0,0,Tuesday,July,5.53816069708466,2.6195832197798796,10.75592859775482,1.0073685436737032,1.4958072352552263,1.519576495282139,0.4918730650154799,0.5749701314217444,0.8518032124457016,480.0,0.026520833333333334,0.5275208333333333,0,2023-04-13,1247,62.0,0.12916666666666668,Diya Iyer,41.0,Other,Delhi,2023-04-13,480.0,62.0,4.87,2,High
T00323,R0150,Zone_7,10.91,87.34,95.48,Cash,2024-04-17,0,0,Wednesday,April,4.5693357329788755,2.477378383367209,9.34558719396486,0.598360617549431,0.7076856479276208,-0.46219904423007674,0.4214396284829722,0.43384109916367986,0.3206721217631411,215.0,0.05074418604651163,0.44409302325581396,0,2022-02-27,1657,16.0,0.07441860465116279,Ishaan Gupta,33.0,Male,Pune,2022-02-27,215.0,16.0,4.95,1,Med
T00324,R0074,Zone_2,6.83,40.8,78.43,Cash,2023-11-03,0,0,Friday,November,4.374876130645041,2.057962510002712,6.387487769068525,-0.31853627178410204,-0.586112541639461,-0.6764212781024109,0.26354489164086686,0.20216049382716048,0.26325891504192345,199.0,0.034321608040201006,0.3941206030150754,0,2023-09-11,1096,22.0,0.11055276381909548,Vivaan Ghosh,23.0,Male,Kolkata,2023-09-11,199.0,22.0,4.89,1,Med
T00325,R0075,Zone_6,6.64,33.91,133.09,UPI,2024-02-28,0,0,Wednesday,February,4.898511216291551,2.033397603178429,5.823229344616267,-0.3612349014344382,-0.7776524970781631,0.010346305678339086,0.2561919504643963,0.16786140979689365,0.44731791090009093,108.0,0.06148148148148148,1.2323148148148149,0,2021-04-30,1960,7.0,0.06481481481481481,Diya Reddy,18.0,Female,Mumbai,2021-04-30,108.0,7.0,4.83,0,Low
T00326,R0038,Zone_3,2.2,17.29,35.33,UPI,2024-06-10,0,0,Monday,June,3.5926438462331105,1.1631508098056809,4.158124577258358,-1.359034457473871,-1.2396835652046112,-1.2179449308823291,0.0843653250773994,0.08512544802867383,0.11812641007509174,68.0,0.03235294117647059,0.5195588235294117,0,2023-02-11,1308,7.0,0.10294117647058823,Aarav Singh,37.0,Other,Kolkata,2023-02-11,68.0,7.0,4.07,2,Low
T00327,R0059,Zone_8,4.2,31.26,68.6,Wallet,2023-11-23,0,0,Thursday,November,4.242764567340374,1.6486586255873816,5.591064299397745,-0.9095751979966491,-0.851321710708433,-0.7999288768686894,0.16176470588235295,0.1546694544006372,0.2301579284102771,357.0,0.011764705882352941,0.19215686274509802,0,2021-08-02,1866,11.0,0.03081232492997199,Aarav Sharma,43.0,Male,Delhi,2021-08-02,357.0,11.0,3.27,1,High
T00328,R0096,Zone_9,4.73,37.52,89.79,UPI,2023-08-10,0,0,Thursday,August,4.508549147383666,1.7457155307266483,6.125357132445422,-0.7904684942351852,-0.6772955683214554,-0.5336902178801401,0.18227554179566566,0.18583233771405816,0.30151193723271713,121.0,0.03909090909090909,0.7420661157024794,0,2019-12-28,2449,3.0,0.024793388429752067,Reyansh Das,40.0,Female,Kolkata,2019-12-28,121.0,3.0,4.46,0,Low
T00329,R0195,Zone_7,7.25,40.59,150.9,Credit Card,2024-07-06,0,0,Saturday,July,5.023222409601727,2.1102132003465894,6.371028174478591,-0.2241498272938854,-0.5919504793233691,0.23411744850920552,0.27979876160990713,0.20111509358821186,0.5072902986833687,72.0,0.10069444444444445,2.095833333333333,0,2021-05-27,1933,10.0,0.1388888888888889,Aadhya Reddy,33.0,Male,Kolkata,2021-05-27,72.0,10.0,4.97,1,Low
T00330,R0233,Zone_8,17.93,155.66,164.79,Cash,2023-08-01,0,0,Tuesday,August,5.110721927251374,2.9407479652212314,12.476377679438851,2.1759626183144802,2.606961374425752,0.4086363240802741,0.6931114551083591,0.7739446435682995,0.5540626999360204,469.0,0.038230277185501066,0.35136460554371,0,2023-11-23,1023,41.0,0.08742004264392324,Ishaan Iyer,30.0,Other,Hyderabad,2023-11-23,469.0,41.0,4.37,2,High
T00331,R0014,Zone_5,4.62,33.69,68.83,Credit Card,2023-07-22,0,0,Saturday,July,4.246063716857944,1.7263316639055997,5.80430874437258,-0.8151887535064324,-0.7837684317946383,-0.7970390754733441,0.1780185758513932,0.16676622859418555,0.23093241741590056,325.0,0.014215384615384616,0.21178461538461538,0,2021-06-08,1921,53.0,0.16307692307692306,Aarav Das,26.0,Female,Ahmedabad,2021-06-08,325.0,53.0,3.0,0,High
T00332,R0067,Zone_3,6.52,63.41,59.94,UPI,2023-06-29,0,0,Thursday,June,4.109889773557563,2.017566137961748,7.963039620647382,-0.3882024570030716,0.04243874899465407,-0.9087361815803852,0.2515479876160991,0.3147152528872959,0.20099673367680235,348.0,0.018735632183908044,0.17224137931034483,0,2022-07-24,1510,9.0,0.02586206896551724,Saanvi Iyer,32.0,Male,Pune,2022-07-24,348.0,9.0,3.38,1,High
T00333,R0256,Zone_3,2.26,18.78,22.4,Credit Card,2024-07-21,0,0,Sunday,July,3.152736022363656,1.1817271953786161,4.3335897360040905,-1.3455506796895547,-1.1982620073521197,-1.3804020267163046,0.08668730650154799,0.09254281162883314,0.07458665858504225,265.0,0.008528301886792452,0.08452830188679245,0,2021-03-25,1996,8.0,0.03018867924528302,Aadhya Sharma,31.0,Female,Delhi,2021-03-25,265.0,8.0,3.65,0,Med
T00334,R0178,Zone_10,11.0,61.05,200.36,Cash,2024-01-27,0,0,Saturday,January,5.30509435082706,2.4849066497880004,7.813449942247022,0.618586284225906,-0.023168550691171283,0.8555503920473669,0.42492260061919507,0.3029669454400637,0.6738391083274405,56.0,0.19642857142857142,3.5778571428571433,0,2021-05-15,1945,7.0,0.125,Saanvi Ghosh,27.0,Male,Delhi,2021-05-15,56.0,7.0,3.13,1,Low
T00335,R0170,Zone_2,0.11,1.02,1.76,UPI,2024-05-14,0,0,Tuesday,May,1.0152306797290584,0.10436001532424277,1.0099504938362078,-1.8287193836275684,-1.6919847371912122,-1.6397302910638107,0.0034829721362229105,0.004131819992035045,0.0050846886890931735,28.0,0.003928571428571429,0.06285714285714286,0,2020-05-20,2305,3.0,0.10714285714285714,Saanvi Kumar,29.0,Other,Bengaluru,2020-05-20,28.0,3.0,3.68,2,Low
T00336,R0224,Zone_2,3.47,17.54,72.48,Cash,2023-01-08,0,0,Sunday,January,4.297013260346925,1.4973884086254776,4.188078318274385,-1.073627827705835,-1.2327336393904347,-0.7511791837646038,0.1335139318885449,0.08636997212266029,0.24322322120079468,200.0,0.01735,0.3624,0,2020-08-04,2229,1.0,0.005,Ishaan Sharma,29.0,Female,Ahmedabad,2020-08-04,200.0,1.0,4.31,0,Med
T00337,R0115,Zone_8,13.21,99.53,292.15,Wallet,2024-05-15,0,0,Wednesday,May,5.680684423410224,2.6539459421090092,9.976472322419383,1.1152387659482366,1.0465640306268629,2.0088324358679857,0.5104489164086687,0.4945240939864596,0.9829275684412565,170.0,0.07770588235294118,1.7185294117647056,0,2020-03-01,2385,15.0,0.08823529411764706,Aarav Ghosh,40.0,Female,Bengaluru,2020-03-01,170.0,15.0,4.4,0,Med
T00338,R0136,Zone_1,2.52,16.42,53.39,Cash,2023-02-11,0,0,Saturday,February,3.9961803134348695,1.2584609896100056,4.052159917870962,-1.2871209759575157,-1.263869307037945,-0.9910326995782613,0.09674922600619196,0.08079450418160097,0.1789406337340472,339.0,0.007433628318584071,0.15749262536873157,0,2019-01-19,2792,11.0,0.032448377581120944,Diya Ghosh,34.0,Male,Hyderabad,2019-01-19,339.0,11.0,3.82,1,High
T00339,R0152,Zone_5,8.48,84.12,165.16,UPI,2024-05-08,0,0,Wednesday,May,5.112951179567857,2.2491843162669305,9.171695590238482,0.05226761728460626,0.6181706034410286,0.4132851350206122,0.32739938080495357,0.4178116288331342,0.5553086170320234,143.0,0.059300699300699304,1.1549650349650349,0,2021-05-04,1956,24.0,0.16783216783216784,Arjun Patel,34.0,Female,Bengaluru,2021-05-04,143.0,24.0,3.91,0,Low
T00340,R0223,Zone_1,12.0,90.38,197.57,Wallet,2023-09-14,0,0,Thursday,September,5.2911416827989415,2.5649493574615367,9.506839643120104,0.843315913964517,0.7921967458280058,0.8204958446864392,0.46362229102167185,0.44897451214655515,0.6644442199548776,158.0,0.0759493670886076,1.2504430379746836,0,2019-11-29,2478,10.0,0.06329113924050633,Meera Ghosh,30.0,Female,Surat,2019-11-29,158.0,10.0,4.04,0,Low
T00341,R0054,Zone_5,15.63,117.8,255.15,Cash,2023-08-12,0,0,Saturday,August,5.5457632103852115,2.8112082932048366,10.853570840972107,1.6590844699156753,1.5544646091268752,1.5439513418341815,0.6041021671826626,0.58547391477499,0.8583358588409603,267.0,0.05853932584269663,0.9556179775280899,0,2021-06-30,1899,22.0,0.08239700374531835,Meera Iyer,25.0,Other,Mumbai,2021-06-30,267.0,22.0,3.58,2,Med
T00342,R0105,Zone_5,3.4,31.54,36.83,Credit Card,2023-02-12,0,0,Sunday,February,3.6331024386449378,1.4816045409242156,5.616048432839588,-1.0893589017875378,-0.8435377937965555,-1.1990984000431208,0.1308049535603715,0.156063321385902,0.1231774253291578,346.0,0.009826589595375723,0.10644508670520231,0,2020-09-28,2174,9.0,0.02601156069364162,Diya Das,31.0,Female,Jaipur,2020-09-28,346.0,9.0,3.69,0,High
T00343,R0232,Zone_7,4.88,42.08,121.38,UPI,2024-06-08,0,0,Saturday,June,4.807130958034395,1.7715567619105355,6.486909896090742,-0.7567590497743936,-0.5505289214708777,-0.13678227840641372,0.18808049535603716,0.20853245718837116,0.40788631848334844,172.0,0.028372093023255815,0.7056976744186046,0,2022-12-08,1373,15.0,0.0872093023255814,Meera Das,38.0,Male,Jaipur,2022-12-08,172.0,15.0,3.94,1,Med
T00344,R0036,Zone_8,17.02,161.82,174.34,Cash,2023-08-24,0,0,Thursday,August,5.1667269461604395,2.8914822521801917,12.720849028268514,1.9714586552523443,2.778207546487059,0.528625903756567,0.6578947368421053,0.8046097172441258,0.5862208303869078,177.0,0.09615819209039547,0.9849717514124294,0,2022-03-16,1640,15.0,0.0847457627118644,Aadhya Das,30.0,Female,Surat,2022-03-16,177.0,15.0,4.9,0,Med
T00345,R0174,Zone_9,7.87,67.67,133.1,Cash,2023-01-22,0,0,Sunday,January,4.898585790287632,2.1826747963214883,8.226177727231525,-0.08481745685594655,0.16086548486822036,0.010471949217267029,0.30379256965944273,0.3359219434488252,0.447351584335118,320.0,0.02459375,0.41593749999999996,0,2019-02-07,2773,7.0,0.021875,Aadhya Patel,32.0,Male,Kolkata,2019-02-07,320.0,7.0,3.8,1,Med
T00346,R0051,Zone_1,4.32,22.26,93.22,Credit Card,2023-05-04,0,0,Thursday,May,4.545632473271895,1.6714733033535532,4.71805044483418,-0.8826076424280157,-1.101519040018784,-0.4905944840278173,0.16640866873065016,0.10986658701712466,0.31306192544701483,213.0,0.020281690140845073,0.4376525821596244,0,2020-04-05,2350,14.0,0.06572769953051644,Aarav Nair,21.0,Male,Kolkata,2020-04-05,213.0,14.0,4.02,1,Med
T00347,R0140,Zone_4,4.41,35.96,40.09,UPI,2023-02-08,0,0,Wednesday,February,3.7157647828953184,1.6882490928583902,5.99666574022598,-0.8623819757515407,-0.7206631054019164,-1.1581386063525747,0.16989164086687308,0.17806650736758262,0.13415496514799474,499.0,0.008837675350701403,0.08034068136272546,0,2020-04-17,2338,45.0,0.09018036072144289,Aadhya Nair,29.0,Female,Delhi,2020-04-17,499.0,45.0,4.92,0,High
T00348,R0155,Zone_3,3.14,26.64,33.21,Wallet,2023-06-30,0,0,Friday,June,3.5325179989895132,1.420695787837223,5.1613951602255765,-1.1477886055195767,-0.9797563397544131,-1.2445813611350767,0.12074303405572757,0.13167064914376742,0.11098764184934504,353.0,0.008895184135977337,0.09407932011331445,0,2019-02-10,2770,8.0,0.0226628895184136,Meera Reddy,23.0,Male,Hyderabad,2019-02-10,353.0,8.0,3.14,1,High
T00349,R0018,Zone_9,5.8,30.14,46.49,Wallet,2023-04-28,0,0,Friday,April,3.8605191625610304,1.916922612182061,5.489990892524322,-0.5500077904148715,-0.8824573783559433,-1.0777267414386194,0.2236842105263158,0.14909398645957786,0.1557059635653433,446.0,0.013004484304932735,0.10423766816143498,0,2023-01-09,1341,86.0,0.19282511210762332,Aarav Reddy,49.0,Female,Delhi,2023-01-09,446.0,86.0,3.29,0,High
T00350,R0184,Zone_1,13.44,90.43,219.56,Cash,2023-10-19,0,0,Thursday,October,5.396169766715541,2.67000213346468,9.509468965194639,1.1669265807881168,0.7935867309908414,1.096785986789233,0.5193498452012384,0.4492234169653525,0.7384921035794861,285.0,0.04715789473684211,0.7703859649122807,0,2020-03-04,2382,27.0,0.09473684210526316,Meera Nair,29.0,Female,Surat,2020-03-04,285.0,27.0,3.97,0,Med
T00351,R0278,Zone_7,12.44,86.85,295.14,UPI,2024-05-17,0,0,Friday,May,5.690832315480573,2.5982353350950036,9.31933474020544,0.9421969510495057,0.6940637933318348,2.046399854007474,0.4806501547987616,0.43140183193946635,0.9929959255143617,382.0,0.03256544502617801,0.7726178010471204,0,2021-09-02,1835,58.0,0.1518324607329843,Aarav Reddy,20.0,Female,Mumbai,2021-09-02,382.0,58.0,4.27,0,High
T00352,R0190,Zone_1,2.13,11.74,23.56,Wallet,2024-07-31,0,0,Wednesday,July,3.2011191032789417,1.1410330045520618,3.4263683398023628,-1.374765531555574,-1.3939719182793275,-1.36582737620065,0.08165634674922602,0.05749701314217444,0.07849277704818668,274.0,0.007773722627737226,0.085985401459854,0,2020-09-25,2177,47.0,0.17153284671532848,Saanvi Iyer,35.0,Other,Surat,2020-09-25,274.0,47.0,4.12,2,Med
T00353,R0066,Zone_1,9.07,47.59,170.17,Credit Card,2023-06-11,0,0,Sunday,June,5.142657214707572,2.309560706730471,6.898550572402873,0.18485809883038673,-0.39735255652642937,0.4762325480235678,0.3502321981424149,0.23596176821983275,0.5721790079806041,167.0,0.05431137724550898,1.0189820359281436,0,2022-06-03,1561,28.0,0.16766467065868262,Arjun Patel,38.0,Female,Bengaluru,2022-06-03,167.0,28.0,4.72,0,Med
T00354,R0094,Zone_5,5.99,57.23,112.32,Cash,2023-10-03,0,0,Tuesday,October,4.730215674962316,1.944480556245719,7.565051222562872,-0.5073091607645352,-0.12936341713178692,-0.2506153246752318,0.23103715170278638,0.2839506172839506,0.3773781863487894,480.0,0.012479166666666668,0.23399999999999999,0,2023-04-13,1247,62.0,0.12916666666666668,Diya Iyer,41.0,Other,Delhi,2023-04-13,480.0,62.0,4.87,2,High
T00355,R0042,Zone_3,11.91,74.32,100.52,Cash,2024-07-01,0,0,Monday,July,4.620255823406132,2.558002204858551,8.620904824900922,0.823090247288042,0.3457335115253128,-0.398874700610337,0.46013931888544896,0.369026284348865,0.337643533016803,23.0,0.5178260869565218,4.370434782608696,0,2021-05-20,1940,4.0,0.17391304347826086,Arjun Reddy,18.0,Female,Chennai,2021-05-20,23.0,4.0,3.03,0,Low
T00356,R0252,Zone_6,7.22,71.74,179.88,UPI,2023-01-30,0,0,Monday,January,5.197833827969714,2.1065702090680882,8.469946871143879,-0.23089171618604382,0.27401027712301224,0.5982324243227095,0.2786377708978328,0.3561827956989247,0.604875913391925,392.0,0.018418367346938774,0.45887755102040817,0,2020-09-23,2179,47.0,0.11989795918367346,Reyansh Gupta,38.0,Other,Ahmedabad,2020-09-23,392.0,47.0,4.83,2,High
T00357,R0070,Zone_2,9.86,84.18,174.1,UPI,2023-02-03,0,0,Friday,February,5.165357239291806,2.3850863145057892,9.174965939991276,0.36239450632388925,0.619838585636431,0.5256104588222936,0.38080495356037153,0.418110314615691,0.5854126679462571,310.0,0.03180645161290322,0.5616129032258065,0,2023-01-03,1347,6.0,0.01935483870967742,Meera Reddy,33.0,Male,Bengaluru,2023-01-03,310.0,6.0,3.54,1,Med
T00358,R0262,Zone_4,7.21,64.54,104.14,UPI,2023-10-29,0,0,Sunday,October,4.655292795391302,2.105352923464337,8.033679107357974,-0.23313901248342986,0.07385241367473175,-0.35339173951838093,0.27825077399380804,0.32034050179211476,0.3498333164966158,6.0,1.2016666666666667,17.356666666666666,0,2019-04-21,2700,0.0,0.0,Meera Singh,30.0,Male,Ahmedabad,2019-04-21,6.0,0.0,3.35,1,Low
T00359,R0266,Zone_6,2.94,23.28,30.06,UPI,2024-01-22,0,0,Monday,January,3.435920817720541,1.3711807233098425,4.824935232725927,-1.192734531467299,-1.0731633426969442,-1.2841590758974142,0.11300309597523221,0.11494424532058942,0.10038050981580629,98.0,0.03,0.30673469387755103,0,2020-09-25,2177,13.0,0.1326530612244898,Diya Reddy,29.0,Other,Chennai,2020-09-25,98.0,13.0,3.9,2,Low
T00360,R0135,Zone_8,8.24,46.06,136.7,Credit Card,2024-08-06,0,0,Tuesday,August,4.925077405734609,2.2235418856535927,6.786751800382861,-0.00166749385266044,-0.4398861025091891,0.05570362323136685,0.31811145510835914,0.2283452807646356,0.45947402094487655,153.0,0.0538562091503268,0.8934640522875816,0,2022-02-24,1660,8.0,0.05228758169934641,Reyansh Patel,38.0,Female,Ahmedabad,2022-02-24,153.0,8.0,3.47,0,Low
T00361,R0205,Zone_8,1.6400000000000001,12.3,18.88,Credit Card,2024-04-13,0,0,Saturday,April,2.989714201228428,0.9707789171582248,3.5071355833500366,-1.4848830501274932,-1.3784040844555723,-1.4246285524189801,0.0626934984520124,0.06028474711270411,0.06273360945550054,100.0,0.0164,0.1888,0,2019-05-12,2679,14.0,0.14,Diya Singh,31.0,Other,Surat,2019-05-12,100.0,14.0,4.66,2,Low
T00362,R0011,Zone_8,11.74,95.8,271.65,UPI,2024-04-20,0,0,Saturday,April,5.60818892137207,2.5447466501440172,9.787747442593725,0.7848862102324782,0.9428711374793506,1.7512631810654724,0.4535603715170279,0.4759557945041816,0.913897026635687,208.0,0.056442307692307694,1.3060096153846152,0,2020-04-14,2341,34.0,0.16346153846153846,Vivaan Nair,26.0,Male,Chennai,2020-04-14,208.0,34.0,4.0,1,Med
T00363,R0163,Zone_9,4.6,41.6,101.86,Wallet,2023-01-09,0,0,Monday,January,4.63336884034677,1.7227665977411035,6.44980619863884,-0.8196833461012047,-0.5638727790340964,-0.38203846639397754,0.17724458204334365,0.20614297092791717,0.3421557733104354,302.0,0.015231788079470197,0.33728476821192055,0,2020-02-20,2395,21.0,0.0695364238410596,Kavya Gupta,33.0,Other,Ahmedabad,2020-02-20,302.0,21.0,3.56,2,Med
T00364,R0289,Zone_2,4.97,39.77,98.47,Credit Card,2023-10-20,0,0,Friday,October,4.599856091164322,1.7867469274045107,6.3063460101710245,-0.7365333830979186,-0.6147462359938677,-0.42463162609058824,0.19156346749226005,0.19703305455993628,0.3307404788362461,322.0,0.015434782608695652,0.30580745341614907,0,2021-09-30,1807,14.0,0.043478260869565216,Aarav Gupta,21.0,Other,Chennai,2021-09-30,322.0,14.0,4.17,2,Med
T00365,R0025,Zone_6,7.96,43.83,195.74,Credit Card,2024-03-19,0,0,Tuesday,March,5.281883060084612,2.192770226986839,6.620422947214173,-0.06459179017947159,-0.5018794407716428,0.7975030770626054,0.30727554179566563,0.21724412584627636,0.658281981344917,42.0,0.1895238095238095,4.66047619047619,0,2021-10-22,1785,3.0,0.07142857142857142,Meera Das,21.0,Female,Mumbai,2021-10-22,42.0,3.0,4.01,0,Low
T00366,R0096,Zone_6,10.89,105.07,117.8,Credit Card,2024-01-16,0,0,Tuesday,January,4.777441406928545,2.4756977107026903,10.250365847129554,0.5938660249546589,1.200574386669012,-0.18176266534265748,0.42066563467492263,0.5221027479091995,0.3958312287436441,121.0,0.09000000000000001,0.9735537190082645,0,2019-12-28,2449,3.0,0.024793388429752067,Reyansh Das,40.0,Female,Kolkata,2019-12-28,121.0,3.0,4.46,0,Low
T00367,R0289,Zone_2,7.15,66.44,145.31,Credit Card,2024-05-24,0,0,Friday,May,4.985727658390071,2.0980179272527715,8.151073548925932,-0.24662279026774644,0.12667184986247226,0.1638827102484226,0.27592879256965946,0.3297988849064118,0.4884668485032158,322.0,0.02220496894409938,0.45127329192546584,0,2021-09-30,1807,14.0,0.043478260869565216,Aarav Gupta,21.0,Other,Chennai,2021-09-30,322.0,14.0,4.17,2,Med
T00368,R0046,Zone_5,16.21,93.77,297.22,Cash,2024-04-29,0,0,Monday,April,5.697831469162762,2.845490610223448,9.683491106000975,1.7894276551640698,0.886437739868238,2.0725337101045103,0.6265479876160991,0.46585025886101156,1.0,31.0,0.5229032258064517,9.587741935483871,0,2019-08-16,2583,4.0,0.12903225806451613,Vivaan Singh,31.0,Female,Kolkata,2019-08-16,31.0,4.0,3.87,0,Low
T00369,R0176,Zone_3,16.24,81.44,229.65,Credit Card,2024-07-10,0,0,Wednesday,July,5.440901410003829,2.847232265235547,9.024411338142782,1.7961695440562275,0.5436673987130572,1.2235603175676406,0.6277089783281733,0.4044703305455994,0.7724685995218372,260.0,0.06246153846153846,0.8832692307692308,0,2019-05-24,2667,13.0,0.05,Kavya Gupta,43.0,Male,Mumbai,2019-05-24,260.0,13.0,3.95,1,Med
T00370,R0263,Zone_8,16.58,129.55,182.4,UPI,2023-07-30,0,0,Sunday,July,5.211669559822364,2.866761892257031,11.382003338604326,1.8725776181673552,1.8811111223931674,0.6298945961325796,0.6408668730650154,0.6439665471923537,0.6133616190187561,297.0,0.05582491582491582,0.6141414141414142,0,2020-12-30,2081,21.0,0.0707070707070707,Ishaan Das,31.0,Other,Chennai,2020-12-30,297.0,21.0,3.84,2,Med
T00371,R0122,Zone_2,6.83,37.86,114.4,Wallet,2023-04-09,0,0,Sunday,April,4.748404354073999,2.057962510002712,6.153048025166064,-0.31853627178410204,-0.6678436692141756,-0.22448146857819615,0.26354489164086686,0.1875248904818797,0.3843822608344277,324.0,0.021080246913580247,0.3530864197530864,0,2022-11-22,1389,17.0,0.05246913580246913,Ishaan Patel,27.0,Female,Kolkata,2022-11-22,324.0,17.0,4.98,0,Med
T00372,R0039,Zone_5,0.59,3.19,9.63,UPI,2023-08-02,0,0,Wednesday,August,2.363680192353857,0.4637340162321401,1.786057109949175,-1.720849161353035,-1.631659381124161,-1.540848825927431,0.022058823529411766,0.014934289127837515,0.03158568205542648,190.0,0.003105263157894737,0.0506842105263158,0,2023-11-18,1028,14.0,0.07368421052631578,Aadhya Iyer,24.0,Male,Chennai,2023-11-18,190.0,14.0,4.2,1,Med
T00373,R0056,Zone_7,14.1,122.83,199.13,Credit Card,2024-04-20,0,0,Saturday,April,5.2989671553895334,2.714694743820879,11.08286966448672,1.3152481364156001,1.6942971165081047,0.8400962367592159,0.544891640866873,0.6105137395459976,0.6696972758191062,93.0,0.15161290322580645,2.1411827956989247,0,2021-02-26,2023,13.0,0.13978494623655913,Meera Patel,40.0,Other,Hyderabad,2021-02-26,93.0,13.0,3.25,2,Low
T00374,R0168,Zone_8,5.92,56.52,144.08,Cash,2023-02-27,0,0,Monday,February,4.977285314414702,1.9344157696295783,7.517978451685001,-0.5230402348462381,-0.14910120644404778,0.14842855496027194,0.228328173374613,0.2804161688570291,0.48432501599488165,471.0,0.01256900212314225,0.3059023354564756,0,2019-10-08,2530,74.0,0.15711252653927812,Diya Das,23.0,Male,Pune,2019-10-08,471.0,74.0,4.03,1,High
T00375,R0129,Zone_2,8.19,65.45,127.35,Wallet,2023-11-11,0,0,Saturday,November,4.854760907317149,2.2181159363675955,8.090117428072352,-0.012903975339591152,0.0991501436383338,-0.061773085666364747,0.3161764705882353,0.32487056949422544,0.4279893591945314,158.0,0.05183544303797468,0.8060126582278481,0,2022-10-08,1434,10.0,0.06329113924050633,Vivaan Singh,35.0,Male,Hyderabad,2022-10-08,158.0,10.0,3.9,1,Low
T00376,R0110,Zone_1,11.14,68.08,170.22,Cash,2024-05-07,0,0,Tuesday,May,5.142949279314339,2.4965057856313524,8.251060537894507,0.6500484323893116,0.17226336320346958,0.4768607657182082,0.4303405572755418,0.33796296296296297,0.5723473751557396,224.0,0.04973214285714286,0.7599107142857143,0,2023-02-04,1315,28.0,0.125,Vivaan Patel,19.0,Female,Kolkata,2023-02-04,224.0,28.0,4.43,0,Med
T00377,R0197,Zone_4,0.02,0.19,0.25,UPI,2024-03-11,0,0,Monday,March,0.22314355131420976,0.019802627296179712,0.43588989435406733,-1.8489450503040434,-1.715058490894278,-1.6587024654419469,0.0,0.0,0.0,475.0,4.210526315789474e-05,0.0005263157894736842,0,2020-10-08,2164,87.0,0.1831578947368421,Saanvi Das,29.0,Female,Bengaluru,2020-10-08,475.0,87.0,3.87,0,High
T00378,R0053,Zone_6,16.15,86.4,233.26,Credit Card,2023-06-30,0,0,Friday,June,5.4564316096417285,2.8419981736119486,9.2951600308978,1.7759438773797525,0.6815539268663175,1.2689176351206684,0.6242260061919505,0.42916168857029074,0.7846247095666228,63.0,0.2563492063492063,3.7025396825396824,0,2019-09-16,2552,7.0,0.1111111111111111,Arjun Reddy,45.0,Female,Delhi,2019-09-16,63.0,7.0,4.85,0,Low
T00379,R0288,Zone_5,12.37,74.24,206.15,UPI,2023-04-21,0,0,Friday,April,5.333443168523411,2.5930133911138515,8.616263691415206,0.9264658769678029,0.3435095352647764,0.9282980010867108,0.4779411764705882,0.3686280366387893,0.6933360272081355,43.0,0.28767441860465115,4.794186046511628,0,2021-08-30,1838,5.0,0.11627906976744186,Diya Ghosh,42.0,Male,Ahmedabad,2021-08-30,43.0,5.0,4.56,1,Low
T00380,R0095,Zone_3,9.76,91.81,107.79,Wallet,2024-06-20,0,0,Thursday,June,4.689419418432991,2.3758355547336385,9.581753492967767,0.3399215433500282,0.8319503214850952,-0.30753184780964066,0.37693498452012386,0.4560931899641577,0.3621241202815099,481.0,0.02029106029106029,0.2240956340956341,0,2020-10-07,2165,77.0,0.1600831600831601,Kavya Iyer,29.0,Female,Chennai,2020-10-07,481.0,77.0,4.26,0,High
T00381,R0184,Zone_10,12.45,65.64,223.92,Credit Card,2023-01-16,0,0,Monday,January,5.415744783424001,2.598979106047848,8.101851640211638,0.9444442473468918,0.10443208725710781,1.1515665697618649,0.4810371517027864,0.32581640780565513,0.7531737212513048,285.0,0.043684210526315784,0.7856842105263158,0,2020-03-04,2382,27.0,0.09473684210526316,Meera Nair,29.0,Female,Surat,2020-03-04,285.0,27.0,3.97,0,Med
T00382,R0012,Zone_7,10.78,83.18,92.76,UPI,2023-05-25,0,0,Thursday,May,4.540738325828703,2.4664031782234406,9.120307012376283,0.5691457656834115,0.5920388823797254,-0.49637408681850775,0.41640866873065013,0.41313221823974516,0.31151294743576796,248.0,0.04346774193548387,0.3740322580645162,0,2022-01-19,1696,11.0,0.04435483870967742,Aarav Das,31.0,Female,Hyderabad,2022-01-19,248.0,11.0,3.31,0,Med
T00383,R0195,Zone_6,8.58,81.92,159.71,Credit Card,2023-11-28,0,0,Tuesday,November,5.0796014985609785,2.259677591982769,9.050966799187808,0.07474058025846728,0.5570112562762761,0.34480940630482226,0.33126934984520123,0.4068598168060534,0.53695659494225,72.0,0.11916666666666667,2.2181944444444444,0,2021-05-27,1933,10.0,0.1388888888888889,Aadhya Reddy,33.0,Male,Kolkata,2021-05-27,72.0,10.0,4.97,1,Low
T00384,R0067,Zone_4,6.46,58.17,128.32,Credit Card,2023-01-28,0,0,Saturday,January,4.862289952857232,2.0095554142156695,7.626925986267338,-0.40168623478738813,-0.10323169607048348,-0.0495856623903434,0.24922600619195046,0.2886300278773397,0.4312556823921608,348.0,0.018563218390804596,0.36873563218390804,0,2022-07-24,1510,9.0,0.02586206896551724,Saanvi Iyer,32.0,Male,Pune,2022-07-24,348.0,9.0,3.38,1,High
T00385,R0110,Zone_3,4.3,21.99,82.52,Cash,2024-04-30,0,0,Tuesday,April,4.425086124134329,1.667706820558076,4.689349635077342,-0.8871022350227881,-1.1090249598980944,-0.6250330706808365,0.16563467492260062,0.10852250099561928,0.2770313499680102,224.0,0.01919642857142857,0.36839285714285713,0,2023-02-04,1315,28.0,0.125,Vivaan Patel,19.0,Female,Kolkata,2023-02-04,224.0,28.0,4.43,0,Med
T00386,R0009,Zone_2,9.44,90.19,229.79,UPI,2023-08-08,0,0,Tuesday,August,5.441508206138953,2.3456445824544927,9.496841580230766,0.26800806183367265,0.7869148022092318,1.2253193271126332,0.36455108359133126,0.44802867383512546,0.7729400276122167,172.0,0.054883720930232555,1.3359883720930232,0,2019-12-15,2462,21.0,0.12209302325581395,Diya Patel,42.0,Female,Ahmedabad,2019-12-15,172.0,21.0,4.11,0,Med
T00387,R0275,Zone_3,9.81,51.13,99.7,Credit Card,2024-03-04,0,0,Monday,March,4.612145799724517,2.3804716316511167,7.150524456289903,0.35115802483695896,-0.29894160699769134,-0.40917747080243744,0.3788699690402477,0.25358422939068104,0.33488231134458024,247.0,0.039716599190283405,0.4036437246963563,0,2022-10-04,1438,17.0,0.06882591093117409,Ishaan Das,21.0,Other,Jaipur,2022-10-04,247.0,17.0,3.07,2,Med
T00388,R0112,Zone_7,13.42,97.7,132.57,Credit Card,2024-08-07,0,0,Wednesday,August,4.8946256849890135,2.668616131856803,9.884331034521255,1.1624319881933447,0.9956905736670916,0.003812841654080085,0.5185758513931888,0.4854141776184787,0.4455668922786813,311.0,0.04315112540192926,0.4262700964630225,0,2020-11-13,2128,11.0,0.03536977491961415,Meera Nair,41.0,Female,Delhi,2020-11-13,311.0,11.0,3.24,0,Med
T00389,R0198,Zone_3,9.0,71.82,152.12,Wallet,2023-05-25,0,0,Thursday,May,5.031221927704644,2.302585092994046,8.474668135095321,0.1691270247486839,0.2762342533835486,0.24944596025842825,0.3475232198142415,0.3565810434090004,0.5113984577566758,202.0,0.04455445544554455,0.7530693069306931,0,2021-12-10,1736,23.0,0.11386138613861387,Vivaan Kumar,31.0,Other,Mumbai,2021-12-10,202.0,23.0,3.85,2,Med
T00390,R0296,Zone_10,3.73,22.49,81.24,UPI,2024-01-10,0,0,Wednesday,January,4.409641801706855,1.5539252025038417,4.742362280551751,-1.0151981239737962,-1.0951251082697415,-0.6411154436636275,0.14357585139318885,0.11101154918359218,0.2727211502845405,390.0,0.009564102564102565,0.2083076923076923,0,2021-02-20,2029,58.0,0.14871794871794872,Reyansh Patel,37.0,Other,Hyderabad,2021-02-20,390.0,58.0,3.97,2,High
T00391,R0094,Zone_2,0.12,0.86,1.07,Credit Card,2024-05-15,0,0,Wednesday,May,0.7275486072772778,0.11332868530700317,0.9273618495495703,-1.8264720873301823,-1.6964326897122852,-1.6483996952498465,0.0038699690402476776,0.003335324571883711,0.0027612216722227834,480.0,0.00025,0.0022291666666666666,0,2023-04-13,1247,62.0,0.12916666666666668,Diya Iyer,41.0,Other,Delhi,2023-04-13,480.0,62.0,4.87,2,High
T00392,R0014,Zone_1,7.36,66.1,171.59,Wallet,2023-05-07,0,0,Sunday,May,5.150918839543312,2.1234584270966104,8.130190649671137,-0.19942956802263814,0.11721995075519225,0.49407393055135185,0.28405572755417957,0.3281063321385902,0.5769606357544533,325.0,0.022646153846153847,0.5279692307692307,0,2021-06-08,1921,53.0,0.16307692307692306,Aarav Das,26.0,Female,Ahmedabad,2021-06-08,325.0,53.0,3.0,0,High
T00393,R0173,Zone_7,7.86,54.7,159.7,Credit Card,2023-06-03,0,0,Saturday,June,5.0795392727434665,2.1815467646169897,7.395944834840239,-0.08706475315333262,-0.1996966663712521,0.34468376276589396,0.30340557275541796,0.2713560334528077,0.5369229215072229,389.0,0.02020565552699229,0.4105398457583547,0,2020-01-15,2431,55.0,0.14138817480719795,Saanvi Ghosh,26.0,Other,Mumbai,2020-01-15,389.0,55.0,4.28,2,High
T00394,R0068,Zone_4,7.51,70.61,110.17,Cash,2023-05-28,0,0,Sunday,May,4.711060561245524,2.1412419425852827,8.402975663418287,-0.1657201235618466,0.24259661244293496,-0.2776286855447636,0.2898606811145511,0.35055754679410595,0.37013839781796143,456.0,0.016469298245614036,0.24160087719298246,0,2022-08-31,1472,70.0,0.15350877192982457,Meera Singh,30.0,Female,Ahmedabad,2022-08-31,456.0,70.0,4.97,0,High
T00395,R0051,Zone_9,0.35000000000000003,2.22,3.27,Cash,2024-08-15,0,0,Thursday,August,1.451613827240533,0.3001045924503381,1.489966442575134,-1.7747842724903018,-1.6586250932831657,-1.6207581166856742,0.01277089783281734,0.010105535643170052,0.010169377378186349,213.0,0.001643192488262911,0.015352112676056339,0,2020-04-05,2350,14.0,0.06572769953051644,Aarav Nair,21.0,Male,Kolkata,2020-04-05,213.0,14.0,4.02,1,Med
T00396,R0208,Zone_3,13.37,91.14,196.06,Credit Card,2023-01-22,0,0,Sunday,January,5.283508250894329,2.6651427000909336,9.546727187890099,1.151195506706414,0.8133245203031023,0.8015236703083031,0.516640866873065,0.45275786539227403,0.6593595312657844,356.0,0.0375561797752809,0.5507303370786517,0,2020-01-08,2438,53.0,0.14887640449438203,Aadhya Iyer,24.0,Other,Chennai,2020-01-08,356.0,53.0,4.75,2,High
T00397,R0256,Zone_1,13.36,71.18,261.94,UPI,2024-07-08,0,0,Monday,July,5.571925869268458,2.664446563620078,8.436824046997781,1.1489482104090278,0.25844244329925736,1.629263304766331,0.5162538699690402,0.35339506172839513,0.8812001212243661,265.0,0.050415094339622636,0.9884528301886792,0,2021-03-25,1996,8.0,0.03018867924528302,Aadhya Sharma,31.0,Female,Delhi,2021-03-25,265.0,8.0,3.65,0,Med
T00398,R0124,Zone_10,3.88,37.71,93.97,Cash,2023-10-02,0,0,Monday,October,4.553561052254861,1.5851452198650557,6.140846847137616,-0.9814886795130047,-0.6720136247026814,-0.48117121860821316,0.14938080495356038,0.18677817602548785,0.31558743307404785,419.0,0.009260143198090692,0.22427207637231503,0,2022-06-09,1555,25.0,0.059665871121718374,Aadhya Das,37.0,Other,Hyderabad,2022-06-09,419.0,25.0,3.59,2,High
T00399,R0129,Zone_6,12.03,83.87,251.96,Wallet,2024-06-25,0,0,Tuesday,June,5.533231373461162,2.567254391136754,9.158056562393574,0.8500578028566752,0.6112206776268522,1.5038710529161319,0.4647832817337461,0.41656710473914776,0.8475940330673132,158.0,0.07613924050632911,1.5946835443037974,0,2022-10-08,1434,10.0,0.06329113924050633,Vivaan Singh,35.0,Male,Hyderabad,2022-10-08,158.0,10.0,3.9,1,Low
T00400,R0254,Zone_3,12.76,94.88,248.24,UPI,2024-01-01,0,0,Monday,January,5.518416287676021,2.6217658325051976,9.740636529508736,1.0141104325658614,0.9172954104831813,1.4571316564348955,0.4930340557275542,0.47137594583831144,0.8350675152372293,363.0,0.03515151515151515,0.6838567493112948,0,2020-03-09,2377,70.0,0.1928374655647383,Meera Kumar,18.0,Male,Delhi,2020-03-09,363.0,70.0,3.68,1,High
T00401,R0273,Zone_2,8.19,69.1,106.28,UPI,2024-01-29,0,0,Monday,January,4.675442238973423,2.2181159363675955,8.312640976248161,-0.012903975339591152,0.20061906052530926,-0.3265040221877771,0.3161764705882353,0.3430406212664277,0.35703943159241674,289.0,0.02833910034602076,0.36775086505190313,0,2022-09-17,1455,48.0,0.16608996539792387,Aadhya Nair,43.0,Male,Delhi,2022-09-17,289.0,48.0,3.76,1,Med
T00402,R0258,Zone_6,3.26,29.49,44.3,Wallet,2024-06-20,0,0,Thursday,June,3.8133070324889884,1.449269160281279,5.430469592954186,-1.1208210499509434,-0.900527185472802,-1.1052426764638636,0.12538699690402477,0.14585822381521305,0.14833148129440682,313.0,0.010415335463258785,0.14153354632587858,0,2020-01-29,2417,39.0,0.12460063897763578,Vivaan Nair,32.0,Female,Jaipur,2020-01-29,313.0,39.0,3.76,0,Med
T00403,R0009,Zone_3,16.07,154.61,132.04,Credit Card,2024-03-08,0,0,Friday,March,4.890649834884672,2.837322536806349,12.434226956268734,1.7579655070006641,2.5777716860062116,-0.002846265909106858,0.6211300309597524,0.7687176423735564,0.4437822002222446,172.0,0.09343023255813954,0.7676744186046511,0,2019-12-15,2462,21.0,0.12209302325581395,Diya Patel,42.0,Female,Ahmedabad,2019-12-15,172.0,21.0,4.11,0,Med
T00404,R0266,Zone_4,9.9,93.13,150.23,UPI,2023-05-02,0,0,Tuesday,May,5.018801856762649,2.388762789235098,9.650388593212192,0.3713836915134339,0.8686459297839464,0.22569933140102563,0.3823529411764706,0.4626642771804062,0.5050341785365524,98.0,0.10102040816326531,1.5329591836734693,0,2020-09-25,2177,13.0,0.1326530612244898,Diya Reddy,29.0,Other,Chennai,2020-09-25,98.0,13.0,3.9,2,Low
T00405,R0079,Zone_4,6.74,35.29,90.18,Wallet,2024-03-01,0,0,Friday,March,4.512835574785296,2.046401687601636,5.940538696111658,-0.338761938460577,-0.7392889065839092,-0.528790119861946,0.26006191950464397,0.1747311827956989,0.3028252011987743,146.0,0.04616438356164384,0.6176712328767123,0,2020-09-23,2179,28.0,0.1917808219178082,Ishaan Nair,25.0,Male,Bengaluru,2020-09-23,146.0,28.0,4.92,1,Low
T00406,R0283,Zone_1,11.86,115.04,274.75,Wallet,2024-02-27,0,0,Tuesday,February,5.619494658133612,2.554121718809473,10.725670142233538,0.8118537658011113,1.477737428138368,1.7902126781331698,0.4582043343653251,0.5717343687773796,0.9243357914940903,245.0,0.04840816326530612,1.1214285714285714,0,2023-06-15,1184,45.0,0.1836734693877551,Diya Nair,19.0,Male,Surat,2023-06-15,245.0,45.0,3.55,1,Med
T00407,R0106,Zone_1,16.11,85.39,157.69,Cash,2024-05-08,0,0,Wednesday,May,5.066952613574751,2.839663087904102,9.240670971309388,1.7669546921902084,0.6534762265770447,0.31942941144135495,0.6226780185758514,0.42413381123058547,0.5301545610667744,6.0,2.685,26.281666666666666,0,2021-11-25,1751,1.0,0.16666666666666666,Aarav Patel,32.0,Other,Bengaluru,2021-11-25,6.0,1.0,4.03,2,Low
T00408,R0132,Zone_5,5.51,42.54,85.51,UPI,2024-02-15,0,0,Thursday,February,4.460260014192283,1.873339456220478,6.522269543648131,-0.6151793830390687,-0.5377410579727931,-0.5874656525413479,0.21246130030959753,0.21082238152130622,0.28709970704111526,484.0,0.011384297520661156,0.17667355371900828,0,2022-12-09,1372,25.0,0.05165289256198347,Aadhya Iyer,23.0,Male,Surat,2022-12-09,484.0,25.0,3.32,1,High
T00409,R0186,Zone_8,11.46,111.49,132.95,UPI,2023-10-10,0,0,Tuesday,October,4.897466595990617,2.522523513359307,10.558882516630252,0.7219619139056672,1.3790484815770625,0.008587296133346127,0.4427244582043344,0.5540621266427718,0.44684648280971134,373.0,0.030723860589812333,0.3564343163538874,0,2020-12-11,2100,19.0,0.05093833780160858,Ishaan Sharma,18.0,Other,Hyderabad,2020-12-11,373.0,19.0,3.26,2,High
T00410,R0098,Zone_10,17.72,114.01,297.22,UPI,2023-09-08,0,0,Friday,September,5.697831469162762,2.929592471049446,10.677546534667972,2.128769396069372,1.449103733783961,2.0725337101045103,0.684984520123839,0.5666069295101553,1.0,286.0,0.06195804195804196,1.0392307692307694,0,2023-04-29,1231,56.0,0.1958041958041958,Diya Singh,21.0,Other,Bengaluru,2023-04-29,286.0,56.0,3.5,2,Med
T00411,R0103,Zone_4,2.42,21.19,39.08,Credit Card,2023-06-18,0,0,Sunday,June,3.6908774567766094,1.2296405510745139,4.603259714593562,-1.3095939389313769,-1.1312647225034589,-1.1708286037843085,0.09287925696594428,0.10454002389486261,0.1307539482102569,175.0,0.013828571428571428,0.22331428571428572,0,2022-11-24,1387,14.0,0.08,Ishaan Gupta,37.0,Other,Surat,2022-11-24,175.0,14.0,3.07,2,Med
T00412,R0153,Zone_7,5.25,49.11,64.3,Cash,2023-01-07,0,0,Saturday,January,4.178992036282385,1.8325814637483102,7.0078527381787925,-0.6736090867711075,-0.35509700757623686,-0.853955598607753,0.20239938080495357,0.2435284747112704,0.21567835134862104,76.0,0.06907894736842106,0.8460526315789473,0,2020-05-04,2321,14.0,0.18421052631578946,Aadhya Ghosh,20.0,Male,Mumbai,2020-05-04,76.0,14.0,4.54,1,Low
T00413,R0172,Zone_8,5.01,40.1,53.07,UPI,2024-01-02,0,0,Tuesday,January,3.9902795033939134,1.7934247485471162,6.332456079595025,-0.7275441979083742,-0.6055723339191549,-0.9950532928239592,0.19311145510835914,0.19867582636399841,0.17786308381317975,168.0,0.02982142857142857,0.31589285714285714,0,2019-12-24,2453,14.0,0.08333333333333333,Reyansh Reddy,31.0,Other,Pune,2019-12-24,168.0,14.0,3.72,2,Med
T00414,R0049,Zone_8,7.21,67.64,164.58,Wallet,2024-02-08,0,0,Thursday,February,5.10945446171066,2.105352923464337,8.224354077980836,-0.23313901248342986,0.16003149377051915,0.4059978097627852,0.27825077399380804,0.3357726005575468,0.5533555578004512,375.0,0.019226666666666666,0.43888000000000005,0,2020-05-19,2306,55.0,0.14666666666666667,Meera Iyer,39.0,Male,Mumbai,2020-05-19,375.0,55.0,4.4,1,High
T00415,R0245,Zone_10,6.95,36.19,144.82,UPI,2023-07-01,0,0,Saturday,July,4.9823729843782845,2.0731719286662407,6.015812497078013,-0.2915687162154687,-0.7142691736528741,0.15772617684094778,0.26818885448916413,0.17921146953405015,0.48681685018688753,265.0,0.026226415094339622,0.5464905660377358,0,2020-03-04,2382,48.0,0.1811320754716981,Diya Sharma,35.0,Female,Hyderabad,2020-03-04,265.0,48.0,4.73,0,Med
T00416,R0123,Zone_8,9.5,49.27,219.89,Cash,2024-05-26,0,0,Sunday,May,5.397664840048735,2.3513752571634776,7.019259220174163,0.2814918396179894,-0.35064905505516386,1.1009322235738586,0.3668730650154799,0.24432497013142174,0.7396033269353806,156.0,0.060897435897435896,1.4095512820512819,0,2023-06-24,1175,26.0,0.16666666666666666,Meera Ghosh,32.0,Male,Bengaluru,2023-06-24,156.0,26.0,3.31,1,Low
T00417,R0030,Zone_8,3.9,26.49,53.68,Cash,2024-04-23,0,0,Tuesday,April,4.001498011855749,1.589235205116581,5.146843692983108,-0.9769940869182323,-0.983926295242919,-0.9873890369493477,0.1501547987616099,0.13092393468737554,0.1799171633498333,442.0,0.008823529411764706,0.12144796380090497,0,2021-01-08,2072,58.0,0.13122171945701358,Saanvi Patel,25.0,Other,Mumbai,2021-01-08,442.0,58.0,3.72,2,High
T00418,R0261,Zone_3,4.89,34.6,109.0,Credit Card,2023-06-04,0,0,Sunday,June,4.700480365792417,1.7732559976634952,5.882176467941097,-0.7545117534770076,-0.758470701831036,-0.29232897959934606,0.1884674922600619,0.17129629629629628,0.36619860591978987,477.0,0.010251572327044024,0.22851153039832284,0,2022-08-26,1477,83.0,0.1740041928721174,Aarav Kumar,31.0,Male,Pune,2022-08-26,477.0,83.0,4.24,1,High
T00419,R0171,Zone_1,9.51,59.25,86.21,Cash,2024-07-02,0,0,Tuesday,July,4.468319003238894,2.3523271848888596,7.697402159170326,0.2837391359153755,-0.0732080165532414,-0.5786706048163841,0.36726006191950467,0.2940063719633612,0.28945684749301276,276.0,0.034456521739130434,0.3123550724637681,0,2019-05-13,2678,19.0,0.06884057971014493,Kavya Singh,23.0,Female,Jaipur,2019-05-13,276.0,19.0,4.3,0,Med
T00420,R0232,Zone_10,8.77,78.52,188.49,Cash,2023-05-16,0,0,Tuesday,May,5.244336252681523,2.2793164660546914,8.861151166750288,0.11743920990880327,0.46249226520347664,0.7064115113397653,0.33862229102167185,0.3899342891278375,0.6338687409502644,172.0,0.05098837209302325,1.095872093023256,0,2022-12-08,1373,15.0,0.0872093023255814,Meera Das,38.0,Male,Jaipur,2022-12-08,172.0,15.0,3.94,1,Med
T00421,R0132,Zone_8,12.37,80.33,158.37,Wallet,2024-04-25,0,0,Thursday,April,5.071228542871542,2.5930133911138515,8.962700485902673,0.9264658769678029,0.512809728098114,0.32797317208846277,0.4779411764705882,0.3989446435682995,0.5324443546486177,484.0,0.02555785123966942,0.3272107438016529,0,2022-12-09,1372,25.0,0.05165289256198347,Aadhya Iyer,23.0,Male,Surat,2022-12-09,484.0,25.0,3.32,1,High
T00422,R0298,Zone_1,10.05,61.85,106.57,Cash,2024-07-13,0,0,Saturday,July,4.678141798443914,2.402430427963762,7.864477096412704,0.40509313597422564,-0.0009287880858066333,-0.3228603595588636,0.38815789473684215,0.3069494225408204,0.35801596120820284,65.0,0.15461538461538463,1.6395384615384614,0,2020-03-25,2361,11.0,0.16923076923076924,Vivaan Singh,35.0,Female,Ahmedabad,2020-03-25,65.0,11.0,3.88,0,Low
T00423,R0126,Zone_4,11.86,84.04,104.63,Credit Card,2024-05-13,0,0,Monday,May,4.659942421835071,2.554121718809473,9.167333309092673,0.8118537658011113,0.6159466271804922,-0.34723520611090625,0.4582043343653251,0.4174133811230586,0.35148331481294404,411.0,0.028856447688564477,0.2545742092457421,0,2022-09-25,1447,20.0,0.04866180048661801,Diya Reddy,29.0,Female,Surat,2022-09-25,411.0,20.0,3.65,0,High
T00424,R0224,Zone_9,2.29,16.33,23.04,Cash,2024-07-23,0,0,Tuesday,July,3.179719109667007,1.1908875647772805,4.04103947023535,-1.3388087907973962,-1.2663712803310485,-1.3723608402249092,0.0878482972136223,0.08034647550776583,0.0767417584267771,200.0,0.01145,0.1152,0,2020-08-04,2229,1.0,0.005,Ishaan Sharma,29.0,Female,Ahmedabad,2020-08-04,200.0,1.0,4.31,0,Med
T00425,R0280,Zone_7,6.08,41.88,74.74,UPI,2023-05-10,0,0,Wednesday,May,4.327306422473649,1.9572739077056285,6.471475874945375,-0.48708349408806034,-0.5560888621222188,-0.7227837439668634,0.2345201238390093,0.207536837913182,0.2508334175169209,172.0,0.035348837209302326,0.4345348837209302,0,2023-05-31,1199,23.0,0.13372093023255813,Saanvi Gupta,26.0,Other,Chennai,2023-05-31,172.0,23.0,4.43,2,Med
T00426,R0177,Zone_9,17.24,167.72,297.22,UPI,2023-10-16,0,0,Monday,October,5.697831469162762,2.9036169846461855,12.95067565804966,2.0208991737948385,2.9422257957016225,2.0725337101045103,0.6664086687306501,0.8339804858622063,1.0,489.0,0.03525562372188139,0.6078118609406954,0,2023-02-15,1304,63.0,0.12883435582822086,Ishaan Reddy,34.0,Other,Bengaluru,2023-02-15,489.0,63.0,4.48,2,High
T00427,R0116,Zone_7,9.96,63.62,227.53,Credit Card,2023-11-16,0,0,Thursday,November,5.431667492744793,2.3942522815198695,7.976214641043708,0.3848674692977507,0.04827668667856228,1.1969238873148929,0.38467492260061925,0.3157606531262445,0.7653298312960904,238.0,0.04184873949579832,0.9560084033613445,0,2020-02-08,2407,30.0,0.12605042016806722,Ishaan Kumar,34.0,Female,Bengaluru,2020-02-08,238.0,30.0,4.58,0,Med
T00428,R0252,Zone_6,11.74,101.14,211.83,Cash,2024-05-16,0,0,Thursday,May,5.360493724974712,2.5447466501440172,10.056838469419702,0.7848862102324782,1.091321552870159,0.9996635311978463,0.4535603715170279,0.5025388291517324,0.7124625383035323,392.0,0.029948979591836736,0.5403826530612246,0,2020-09-23,2179,47.0,0.11989795918367346,Reyansh Gupta,38.0,Other,Ahmedabad,2020-09-23,392.0,47.0,4.83,2,High
T00429,R0022,Zone_7,9.36,52.4,222.66,UPI,2023-02-19,0,0,Sunday,February,5.410127041600043,2.337952236831337,7.238784428341543,0.25002969145458376,-0.26363598386167525,1.13573548385693,0.36145510835913314,0.25990641178813223,0.7489308684378893,220.0,0.042545454545454546,1.0120909090909092,0,2020-09-14,2188,1.0,0.004545454545454545,Aarav Nair,43.0,Female,Kolkata,2020-09-14,220.0,1.0,3.32,0,Med
T00430,R0108,Zone_6,10.13,52.56,173.97,Cash,2024-02-23,0,0,Friday,February,5.164614530656529,2.4096441652874536,7.249827584156743,0.42307150635331453,-0.25918803134060225,0.523977092816229,0.3912538699690403,0.2607029072082836,0.5849749132909048,184.0,0.05505434782608696,0.9454891304347826,0,2019-05-31,2660,32.0,0.17391304347826086,Reyansh Gupta,18.0,Male,Pune,2019-05-31,184.0,32.0,4.88,1,Med
T00431,R0036,Zone_2,6.85,61.24,133.58,Credit Card,2024-02-26,0,0,Monday,February,4.9021588177601725,2.060513531794317,7.825599018605541,-0.3140416791893299,-0.017886607072397073,0.01650283908581391,0.2643188854489164,0.30391278375149344,0.4489679092164192,177.0,0.03870056497175141,0.7546892655367232,0,2022-03-16,1640,15.0,0.0847457627118644,Aadhya Das,30.0,Female,Surat,2022-03-16,177.0,15.0,4.9,0,Med
T00432,R0075,Zone_6,25.86,178.53,297.22,Credit Card,2024-06-26,0,0,Wednesday,June,5.697831469162762,3.2906381910950917,13.361511890501015,3.9580685821416663,3.2427405879066105,2.0725337101045103,1.0,0.8877937076861808,1.0,108.0,0.23944444444444443,2.7520370370370375,0,2021-04-30,1960,7.0,0.06481481481481481,Diya Reddy,18.0,Female,Mumbai,2021-04-30,108.0,7.0,4.83,0,Low
T00433,R0132,Zone_6,6.02,37.05,97.71,Wallet,2023-03-20,0,0,Monday,March,4.5921862584297966,1.9487632180377197,6.08687111741328,-0.5005672718723772,-0.6903614288521073,-0.4341805350491205,0.23219814241486067,0.18349263241736358,0.3281812977741859,484.0,0.012438016528925618,0.20188016528925617,0,2022-12-09,1372,25.0,0.05165289256198347,Aadhya Iyer,23.0,Male,Surat,2022-12-09,484.0,25.0,3.32,1,High
T00434,R0113,Zone_6,7.8100000000000005,68.77,146.59,Credit Card,2023-05-07,0,0,Sunday,May,4.994438159193685,2.175887439948088,8.292767933567175,-0.09830123464026312,0.19144515845059643,0.17996508323121368,0.30147058823529416,0.34139784946236557,0.4927770481866855,423.0,0.018463356973995274,0.346548463356974,0,2019-03-09,2743,26.0,0.061465721040189124,Aadhya Singh,26.0,Other,Chennai,2019-03-09,423.0,26.0,4.61,2,High
T00435,R0118,Zone_3,4.12,33.38,98.53,Cash,2024-08-03,0,0,Saturday,August,4.600459106257972,1.6331544390514163,5.7775427302617155,-0.927553568375738,-0.7923863398042169,-0.4238777648570199,0.1586687306501548,0.16522301871764236,0.33094251944640873,165.0,0.02496969696969697,0.5971515151515152,0,2023-09-26,1081,24.0,0.14545454545454545,Reyansh Gupta,29.0,Male,Surat,2023-09-26,165.0,24.0,4.13,1,Med
T00436,R0155,Zone_1,13.53,122.37,297.22,Credit Card,2023-07-05,0,0,Wednesday,July,5.697831469162762,2.6762154775821916,11.062097450302995,1.1871522474645917,1.6815092530100204,2.0725337101045103,0.5228328173374613,0.6082238152130626,1.0,353.0,0.03832861189801699,0.8419830028328613,0,2019-02-10,2770,8.0,0.0226628895184136,Meera Reddy,23.0,Male,Hyderabad,2019-02-10,353.0,8.0,3.14,1,High
T00437,R0167,Zone_1,5.24,44.91,76.91,Cash,2024-02-03,0,0,Saturday,February,4.355554314342767,1.8309801823813363,6.701492371106602,-0.6758563830684936,-0.47185576125440076,-0.6955190960194755,0.2020123839009288,0.22262046993229787,0.25814055291780313,117.0,0.044786324786324785,0.6573504273504274,0,2022-08-25,1478,5.0,0.042735042735042736,Kavya Nair,44.0,Male,Hyderabad,2022-08-25,117.0,5.0,4.75,1,Low
T00438,R0147,Zone_4,7.7,47.39,74.01,Wallet,2023-11-17,0,0,Friday,November,4.317621437981545,2.163323025660538,6.884039511798287,-0.1230214939115104,-0.40291249717777056,-0.7319557223086114,0.2972136222910217,0.23496614894464357,0.24837525675994207,239.0,0.03221757322175732,0.3096652719665272,0,2022-08-29,1474,21.0,0.08786610878661087,Saanvi Nair,35.0,Other,Mumbai,2022-08-29,239.0,21.0,3.91,2,Med
T00439,R0177,Zone_4,5.36,48.65,47.27,Wallet,2023-01-29,0,0,Sunday,January,3.8768102496724017,1.8500283773520307,6.974955196988724,-0.6488888274998602,-0.3678848710743215,-1.067926545402231,0.20665634674922603,0.2412385503783353,0.15833249149745765,489.0,0.01096114519427403,0.09666666666666668,0,2023-02-15,1304,63.0,0.12883435582822086,Ishaan Reddy,34.0,Other,Bengaluru,2023-02-15,489.0,63.0,4.48,2,High
T00440,R0125,Zone_2,7.31,37.33,145.67,Credit Card,2023-09-22,0,0,Friday,September,4.988185165258664,2.1174596088673567,6.109828148156051,-0.21066604950956885,-0.6825775119402296,0.1684058776498324,0.2821207430340557,0.1848864994026284,0.4896790921641916,99.0,0.07383838383838383,1.4714141414141413,0,2023-04-22,1238,19.0,0.1919191919191919,Saanvi Ghosh,44.0,Male,Ahmedabad,2023-04-22,99.0,19.0,3.89,1,Low
T00441,R0259,Zone_6,6.58,37.19,116.31,Credit Card,2023-05-17,0,0,Wednesday,May,4.764820003517629,2.0255131996542803,6.09836043539573,-0.3747186792187548,-0.6864694703961685,-0.20048355264293766,0.25386996904024767,0.184189565909996,0.39081388692460517,150.0,0.043866666666666665,0.7754,0,2019-06-25,2635,27.0,0.18,Aadhya Das,32.0,Male,Jaipur,2019-06-25,150.0,27.0,3.52,1,Low
T00442,R0229,Zone_2,7.78,70.99,182.86,Cash,2023-01-12,0,0,Thursday,January,5.2141745984356085,2.1724764076470255,8.425556361451747,-0.10504312353242151,0.253160499680483,0.6356741989232703,0.30030959752321984,0.35244922341696533,0.6149105970300031,146.0,0.05328767123287671,1.2524657534246577,0,2020-11-23,2118,16.0,0.1095890410958904,Reyansh Ghosh,22.0,Female,Mumbai,2020-11-23,146.0,16.0,4.43,0,Low
T00443,R0015,Zone_10,7.74,59.73,140.85,Credit Card,2024-08-02,0,0,Friday,August,4.95477016125486,2.167910189667444,7.728518616138541,-0.11403230872196596,-0.05986415899002277,0.10784569188650986,0.29876160990712075,0.2963958582238152,0.473448496481126,46.0,0.1682608695652174,3.0619565217391305,0,2022-12-19,1362,1.0,0.021739130434782608,Saanvi Patel,28.0,Other,Chennai,2022-12-19,46.0,1.0,3.87,2,Low
T00444,R0188,Zone_6,7.23,46.75,174.1,Wallet,2024-06-10,0,0,Monday,June,5.165357239291806,2.1077860146889784,6.837397165588672,-0.22864441988865755,-0.4207043072620622,0.5256104588222936,0.2790247678018576,0.23178016726403822,0.5854126679462571,436.0,0.01658256880733945,0.3993119266055046,0,2020-07-16,2248,64.0,0.14678899082568808,Vivaan Gupta,24.0,Male,Delhi,2020-07-16,436.0,64.0,3.15,1,High
T00445,R0133,Zone_3,7.16,40.94,90.92,Credit Card,2024-04-07,0,0,Sunday,April,4.5209186335405,2.0992441689760155,6.398437309218556,-0.24437549397036037,-0.5822205831835222,-0.51949249798127,0.27631578947368424,0.2028574273197929,0.3053170353907802,155.0,0.04619354838709677,0.5865806451612904,0,2019-07-13,2617,11.0,0.07096774193548387,Diya Kumar,25.0,Female,Delhi,2019-07-13,155.0,11.0,4.4,0,Low
T00446,R0107,Zone_4,14.54,124.1,297.22,UPI,2024-08-13,0,0,Tuesday,August,5.697831469162762,2.7434173449395014,11.140017953306897,1.414129173500589,1.729602739644121,2.0725337101045103,0.5619195046439629,0.6168359219434488,1.0,179.0,0.0812290502793296,1.6604469273743019,0,2020-01-11,2435,14.0,0.0782122905027933,Reyansh Gupta,33.0,Male,Hyderabad,2020-01-11,179.0,14.0,3.66,1,Med
T00447,R0081,Zone_4,12.41,72.07,107.14,Credit Card,2023-08-19,0,0,Saturday,August,4.683426683953859,2.596000697293587,8.48940516172953,0.9354550621573476,0.28318417919772504,-0.31569867783996436,0.47948916408668735,0.35782556750298683,0.35993534700474794,114.0,0.10885964912280702,0.9398245614035088,0,2022-01-31,1684,2.0,0.017543859649122806,Diya Reddy,42.0,Other,Mumbai,2022-01-31,114.0,2.0,3.9,2,Low
T00448,R0073,Zone_8,12.44,80.29,212.53,Wallet,2023-01-08,0,0,Sunday,January,5.363777338019823,2.5982353350950036,8.960468737739115,0.9421969510495057,0.511697739967846,1.00845857892281,0.4806501547987616,0.3987455197132617,0.7148196787554298,490.0,0.025387755102040815,0.43373469387755104,0,2021-06-19,1910,30.0,0.061224489795918366,Meera Das,41.0,Other,Ahmedabad,2021-06-19,490.0,30.0,3.01,2,High
T00449,R0151,Zone_7,4.34,40.27,49.93,UPI,2024-01-06,0,0,Saturday,January,3.9304521408965134,1.6752256529721035,6.345864795282043,-0.8781130498332436,-0.6008463843655149,-1.0345053640473685,0.16718266253869968,0.1995221027479092,0.16728962521466814,394.0,0.01101522842639594,0.1267258883248731,0,2023-02-25,1294,56.0,0.14213197969543148,Meera Reddy,34.0,Male,Hyderabad,2023-02-25,394.0,56.0,5.0,1,High
T00450,R0296,Zone_3,14.28,140.86,297.22,Cash,2024-03-26,0,0,Tuesday,March,5.697831469162762,2.7265447837383743,11.868445559549912,1.35569946976855,2.1955257662265084,2.0725337101045103,0.5518575851393189,0.7002688172043011,1.0,390.0,0.03661538461538461,0.7621025641025642,0,2021-02-20,2029,58.0,0.14871794871794872,Reyansh Patel,37.0,Other,Hyderabad,2021-02-20,390.0,58.0,3.97,2,High
T00451,R0064,Zone_2,13.66,132.11,297.22,Cash,2024-06-13,0,0,Thursday,June,5.697831469162762,2.6851226964585053,11.49391143171027,1.2163670993306115,1.952278362730334,2.0725337101045103,0.5278637770897833,0.6567104739147751,1.0,214.0,0.06383177570093458,1.3888785046728973,0,2023-09-30,1077,2.0,0.009345794392523364,Ishaan Nair,21.0,Female,Bengaluru,2023-09-30,214.0,2.0,4.21,0,Med
T00452,R0087,Zone_3,5.23,26.79,48.52,Credit Card,2023-08-28,0,0,Monday,August,3.9023766283763406,1.8293763327993617,5.175905717843014,-0.6781036793658797,-0.9755863842659074,-1.052221103036224,0.20162538699690405,0.1324173636001593,0.16254167087584603,362.0,0.014447513812154698,0.13403314917127074,0,2021-05-11,1949,33.0,0.09116022099447514,Saanvi Das,26.0,Female,Jaipur,2021-05-11,362.0,33.0,3.57,0,High
T00453,R0230,Zone_4,15.62,115.51,156.82,Credit Card,2023-01-08,0,0,Sunday,January,5.061455143092889,2.810606789427302,10.747557862137798,1.6568371736182887,1.4908032886690195,0.3084984235546141,0.6037151702786377,0.5740740740740741,0.5272249722194161,183.0,0.0853551912568306,0.8569398907103825,0,2022-11-22,1389,23.0,0.12568306010928962,Kavya Gupta,32.0,Male,Chennai,2022-11-22,183.0,23.0,3.65,1,Med
T00454,R0168,Zone_9,4.58,44.62,41.31,Credit Card,2023-06-18,0,0,Sunday,June,3.7450234647319762,1.7191887763932197,6.679820356865894,-0.8241779386959769,-0.4799176751988454,-1.1428100946033521,0.17647058823529413,0.22117682198327357,0.1382631242213018,471.0,0.009723991507430998,0.08770700636942676,0,2019-10-08,2530,74.0,0.15711252653927812,Diya Das,23.0,Male,Pune,2019-10-08,471.0,74.0,4.03,1,High
T00455,R0262,Zone_8,1.21,8.06,26.79,Credit Card,2023-11-04,0,0,Saturday,November,3.3246762437544124,0.7929925155296614,2.839013913315678,-1.5815167909150962,-1.4962748262640044,-1.3252445131268884,0.046052631578947366,0.039177618478693756,0.08936929656194227,6.0,0.20166666666666666,4.465,0,2019-04-21,2700,0.0,0.0,Meera Singh,30.0,Male,Ahmedabad,2019-04-21,6.0,0.0,3.35,1,Low
T00456,R0134,Zone_5,13.51,129.59,215.2,Wallet,2024-04-11,0,0,Thursday,April,5.376203905205108,2.6748380668960965,11.383760362902937,1.1826576548698196,1.8822231105234355,1.0420054038166007,0.5220588235294118,0.6441656710473915,0.7238104859076674,410.0,0.03295121951219512,0.5248780487804878,0,2022-07-30,1504,29.0,0.07073170731707316,Aadhya Singh,34.0,Male,Jaipur,2022-07-30,410.0,29.0,4.59,1,High
T00457,R0035,Zone_4,7.4,67.21,125.26,UPI,2024-06-06,0,0,Thursday,June,4.83834327293948,2.128231705849268,8.19817052762383,-0.1904403828330937,0.14807762137013553,-0.08803258530232816,0.28560371517027866,0.3336320191158901,0.42095161127386604,392.0,0.018877551020408164,0.31954081632653064,0,2022-03-20,1636,41.0,0.10459183673469388,Reyansh Das,39.0,Male,Kolkata,2022-03-20,392.0,41.0,3.49,1,High
T00458,R0049,Zone_8,12.88,109.54,291.71,UPI,2024-08-12,0,0,Monday,August,5.679182357787968,2.6304489550786583,10.466135867644754,1.041077988134495,1.3248390602264868,2.003304120155151,0.4976780185758515,0.5443548387096775,0.9814459373000638,375.0,0.03434666666666667,0.7778933333333333,0,2020-05-19,2306,55.0,0.14666666666666667,Meera Iyer,39.0,Male,Mumbai,2020-05-19,375.0,55.0,4.4,1,High
T00459,R0044,Zone_4,4.23,33.09,33.99,Credit Card,2024-06-11,0,0,Tuesday,June,3.5550623063795967,1.6544112780768316,5.7523908073078625,-0.9028333091044907,-0.8004482537486616,-1.2347811650986884,0.16292569659442727,0.1637793707686181,0.1136141697814594,271.0,0.015608856088560887,0.12542435424354245,0,2020-08-01,2232,5.0,0.01845018450184502,Arjun Gupta,36.0,Female,Hyderabad,2020-08-01,271.0,5.0,3.21,0,Med
T00460,R0033,Zone_1,1.69,14.68,38.42,UPI,2023-12-28,0,0,Thursday,December,3.674273301724574,0.9895411936137477,3.8314488121336034,-1.4736465686405629,-1.312240790704613,-1.17912107735356,0.06462848297213623,0.0721326164874552,0.12853150149846784,472.0,0.003580508474576271,0.08139830508474577,0,2019-05-22,2669,37.0,0.07838983050847458,Diya Iyer,18.0,Female,Chennai,2019-05-22,472.0,37.0,3.24,0,High
T00461,R0045,Zone_1,14.16,107.93,251.3,Wallet,2023-10-14,0,0,Saturday,October,5.530618855647012,2.7186603802142257,10.388936422945324,1.328731914199917,1.2800815379831907,1.4955785793468803,0.5472136222910217,0.5363401035444046,0.8453715863555241,100.0,0.1416,2.513,0,2023-07-12,1157,16.0,0.16,Saanvi Iyer,34.0,Other,Ahmedabad,2023-07-12,100.0,16.0,4.88,2,Low
T00462,R0170,Zone_9,0.96,8.71,12.92,Credit Card,2023-10-24,0,0,Tuesday,October,2.6333266549062735,0.6729444732424258,2.951270912674741,-1.6376991983497489,-1.4782050191471456,-1.499512101620101,0.03637770897832817,0.04241338112305855,0.04266424217934471,28.0,0.03428571428571429,0.4614285714285714,0,2020-05-20,2305,3.0,0.10714285714285714,Saanvi Kumar,29.0,Other,Bengaluru,2020-05-20,28.0,3.0,3.68,2,Low
T00463,R0039,Zone_8,0.19,0.98,3.37,Credit Card,2024-02-12,0,0,Monday,February,1.4747630091074988,0.17395330712343804,0.9899494936611666,-1.8107410132484796,-1.6930967253214806,-1.6195016812963936,0.006578947368421053,0.0039326961369972125,0.01050611172845742,190.0,0.001,0.01773684210526316,0,2023-11-18,1028,14.0,0.07368421052631578,Aadhya Iyer,24.0,Male,Chennai,2023-11-18,190.0,14.0,4.2,1,Med
T00464,R0242,Zone_6,1.63,12.85,13.09,Wallet,2024-03-12,0,0,Tuesday,March,2.645465325910589,0.9669838461896731,3.5846896657869842,-1.4871303464248795,-1.3631142476643843,-1.497376161458324,0.06230650154798762,0.06302270011947432,0.04323669057480554,445.0,0.0036629213483146063,0.02941573033707865,0,2022-06-05,1559,8.0,0.017977528089887642,Kavya Iyer,34.0,Male,Ahmedabad,2022-06-05,445.0,8.0,4.54,1,High
T00465,R0294,Zone_5,5.97,39.2,130.88,Cash,2023-10-12,0,0,Thursday,October,4.88189241820353,1.9416152247724325,6.260990336999411,-0.5118037533593076,-0.6305920668501899,-0.017420916424761224,0.23026315789473684,0.19419553962564715,0.4398760817591002,41.0,0.14560975609756097,3.1921951219512192,0,2021-04-02,1988,7.0,0.17073170731707318,Arjun Reddy,24.0,Male,Surat,2021-04-02,41.0,7.0,3.2,1,Low
T00466,R0245,Zone_8,2.8,24.45,37.18,UPI,2024-05-11,0,0,Saturday,May,3.6423118182976015,1.33500106673234,4.944694126030447,-1.2241966796307047,-1.0406376898865988,-1.1947008761806388,0.10758513931888546,0.12076861808044603,0.12435599555510657,265.0,0.010566037735849056,0.14030188679245284,0,2020-03-04,2382,48.0,0.1811320754716981,Diya Sharma,35.0,Female,Hyderabad,2020-03-04,265.0,48.0,4.73,0,Med
T00467,R0251,Zone_8,2.85,18.25,47.1,UPI,2023-09-06,0,0,Wednesday,September,3.8732821771117156,1.3480731482996928,4.272001872658765,-1.212960198143774,-1.2129958500781737,-1.0700624855640082,0.1095201238390093,0.08990442054958184,0.15776004310199682,213.0,0.013380281690140846,0.2211267605633803,0,2020-01-13,2433,26.0,0.12206572769953052,Vivaan Iyer,46.0,Female,Mumbai,2020-01-13,213.0,26.0,4.48,0,Med
T00468,R0112,Zone_5,7.82,40.71,120.44,Credit Card,2023-11-30,0,0,Thursday,November,4.79942031364732,2.1770218700187,6.380438856379708,-0.09605393834287707,-0.5886145149325644,-0.14859277106565089,0.30185758513931893,0.20171246515332536,0.4047210155908004,311.0,0.025144694533762058,0.3872668810289389,0,2020-11-13,2128,11.0,0.03536977491961415,Meera Nair,41.0,Female,Delhi,2020-11-13,311.0,11.0,3.24,0,Med
T00469,R0261,Zone_1,3.18,23.36,70.05,Cash,2023-10-18,0,0,Wednesday,October,4.263383854543109,1.430311246536665,4.833218389437829,-1.1387994203300325,-1.0709393664364077,-0.7817105637241213,0.12229102167182665,0.11534249303066507,0.23504057648920762,477.0,0.006666666666666667,0.14685534591194968,0,2022-08-26,1477,83.0,0.1740041928721174,Aarav Kumar,31.0,Male,Pune,2022-08-26,477.0,83.0,4.24,1,High
T00470,R0181,Zone_5,2.5300000000000002,19.07,56.62,Wallet,2024-06-26,0,0,Wednesday,June,4.053869729656382,1.2612978709452054,4.36692111217961,-1.2848736796601294,-1.190200093407675,-0.9504498365044994,0.09713622291021674,0.09398645957785744,0.18981715324780277,349.0,0.007249283667621777,0.1622349570200573,0,2019-01-09,2802,32.0,0.09169054441260745,Arjun Patel,32.0,Male,Hyderabad,2019-01-09,349.0,32.0,3.75,1,High
T00471,R0273,Zone_5,19.66,158.79,212.08,Credit Card,2024-08-15,0,0,Thursday,August,5.3616676820487985,3.0281994636914926,12.601190419956362,2.5647448777622777,2.6939744456192405,1.0028046196710476,0.760061919504644,0.7895260852250099,0.71330437417921,289.0,0.06802768166089966,0.7338408304498271,0,2022-09-17,1455,48.0,0.16608996539792387,Aadhya Nair,43.0,Male,Delhi,2022-09-17,289.0,48.0,3.76,1,Med
T00472,R0120,Zone_5,9.73,83.96,146.57,Credit Card,2023-03-30,0,0,Thursday,March,4.994302639475358,2.373043556642607,9.162968951164245,0.33317965445787007,0.6137226509199554,0.17971379615335745,0.37577399380804954,0.41701513341298285,0.4927097013166313,311.0,0.031286173633440516,0.4712861736334405,0,2020-07-12,2252,15.0,0.04823151125401929,Ishaan Gupta,18.0,Other,Surat,2020-07-12,311.0,15.0,4.55,2,Med
T00473,R0172,Zone_6,8.26,50.02,199.22,UPI,2024-02-18,0,0,Sunday,February,5.2994167619913375,2.225704048658088,7.07248188403477,0.002827098742111685,-0.3297992776126346,0.8412270286095684,0.3188854489164087,0.24805854241338113,0.6700003367343502,168.0,0.049166666666666664,1.1858333333333333,0,2019-12-24,2453,14.0,0.08333333333333333,Reyansh Reddy,31.0,Other,Pune,2019-12-24,168.0,14.0,3.72,2,Med
T00474,R0217,Zone_4,0.1,0.67,2.29,Wallet,2023-08-17,0,0,Thursday,August,1.1908875647772805,0.09531017980432487,0.8185352771872451,-1.8309666799249544,-1.7017146333310593,-1.6330711835006237,0.0030959752321981426,0.0023894862604540027,0.006869380745529851,104.0,0.0009615384615384616,0.02201923076923077,0,2023-03-03,1288,5.0,0.04807692307692308,Kavya Iyer,39.0,Other,Jaipur,2023-03-03,104.0,5.0,3.52,2,Low
T00475,R0010,Zone_4,6.77,51.15,72.84,UPI,2023-01-12,0,0,Thursday,January,4.301900590194597,2.050270164379556,7.151922818375489,-0.3320200495684188,-0.29838561293255733,-0.7466560163631938,0.2612229102167183,0.2536837913181999,0.24443546486177054,173.0,0.03913294797687861,0.4210404624277457,0,2023-05-14,1216,1.0,0.005780346820809248,Vivaan Gupta,25.0,Female,Surat,2023-05-14,173.0,1.0,3.38,0,Med
T00476,R0070,Zone_10,8.24,56.92,150.77,Credit Card,2023-06-09,0,0,Friday,June,5.022366216971954,2.2235418856535927,7.544534445544006,-0.00166749385266044,-0.13798132514136555,0.23248408250314087,0.31811145510835914,0.28240740740740744,0.5068525440280163,310.0,0.026580645161290325,0.48635483870967744,0,2023-01-03,1347,6.0,0.01935483870967742,Meera Reddy,33.0,Male,Bengaluru,2023-01-03,310.0,6.0,3.54,1,Med
T00477,R0143,Zone_4,0.03,0.22,0.6000000000000001,Credit Card,2024-07-26,0,0,Friday,July,0.47000362924573563,0.0295588022415444,0.469041575982343,-1.8466977540066574,-1.714224499796577,-1.654304941579465,0.0003869969040247677,0.00014934289127837522,0.0011785702259487492,74.0,0.0004054054054054054,0.008108108108108109,0,2023-03-28,1263,13.0,0.17567567567567569,Meera Kumar,42.0,Other,Kolkata,2023-03-28,74.0,13.0,4.56,2,Low
T00478,R0237,Zone_8,8.63,63.21,201.88,UPI,2023-08-21,0,0,Monday,August,5.312614671248861,2.2648832258100344,7.950471684120383,0.085977061745398,0.03687880834331306,0.874648209964431,0.33320433436532515,0.31371963361210675,0.6789574704515607,36.0,0.23972222222222225,5.607777777777778,0,2022-12-13,1368,3.0,0.08333333333333333,Aadhya Nair,40.0,Male,Chennai,2022-12-13,36.0,3.0,3.71,1,Low
T00479,R0062,Zone_10,13.96,88.15,160.7,UPI,2024-03-02,0,0,Saturday,March,5.085742766583061,2.7053799725463312,9.388823142439099,1.283785988252195,0.7302034075655525,0.3572481166586995,0.5394736842105263,0.437873357228196,0.5402902650099336,57.0,0.24491228070175441,2.8192982456140347,0,2019-05-13,2678,3.0,0.05263157894736842,Kavya Sharma,38.0,Male,Jaipur,2019-05-13,57.0,3.0,3.58,1,Low
T00480,R0022,Zone_9,6.26,40.23,59.35,UPI,2023-05-26,0,0,Friday,May,4.10016094754354,1.9823798288367047,6.342712353559792,-0.4466321607351104,-0.6019583724957832,-0.9161491503771405,0.24148606811145512,0.19932297889287134,0.19901000101020302,220.0,0.028454545454545455,0.2697727272727273,0,2020-09-14,2188,1.0,0.004545454545454545,Aarav Nair,43.0,Female,Kolkata,2020-09-14,220.0,1.0,3.32,0,Med
T00481,R0259,Zone_6,7.01,54.23,151.29,Credit Card,2023-11-19,0,0,Sunday,November,5.0257865978636,2.080690761080268,7.3641021177058645,-0.2780849384311521,-0.21276252690190392,0.2390175465273995,0.2705108359133127,0.2690163281561131,0.5086035626494259,150.0,0.046733333333333335,1.0086,0,2019-06-25,2635,27.0,0.18,Aadhya Das,32.0,Male,Jaipur,2019-06-25,150.0,27.0,3.52,1,Low
T00482,R0004,Zone_10,2.21,18.13,49.89,Credit Card,2023-01-12,0,0,Thursday,January,3.9296664406007413,1.1662709371419244,4.257933771208753,-1.356787161176485,-1.2163318144689783,-1.0350079382030808,0.08475232198142416,0.08930704898446834,0.1671549314745597,464.0,0.004762931034482758,0.10752155172413794,0,2019-07-28,2602,5.0,0.010775862068965518,Aarav Nair,19.0,Other,Kolkata,2019-07-28,464.0,5.0,3.19,2,High
T00483,R0257,Zone_6,1.0,9.25,20.02,Wallet,2023-04-14,0,0,Friday,April,3.045474365448805,0.6931471805599453,3.0413812651491097,-1.6287100131602044,-1.4631931793885247,-1.4103051889811817,0.037925696594427245,0.0451015531660693,0.06657238104859076,459.0,0.002178649237472767,0.043616557734204794,0,2023-03-11,1280,19.0,0.04139433551198257,Arjun Reddy,36.0,Other,Delhi,2023-03-11,459.0,19.0,4.82,2,High
T00484,R0002,Zone_5,13.29,118.88,145.19,Cash,2023-11-02,0,0,Thursday,November,4.9849071455235245,2.659559991941776,10.903210536351208,1.1332171363273251,1.5844882886441174,0.16237498778128587,0.5135448916408669,0.5908502588610115,0.4880627672828905,70.0,0.18985714285714284,2.0741428571428573,0,2019-11-23,2484,5.0,0.07142857142857142,Ishaan Nair,39.0,Female,Mumbai,2019-11-23,70.0,5.0,4.12,0,Low
T00485,R0196,Zone_4,4.69,45.53,99.57,UPI,2023-06-15,0,0,Thursday,June,4.610854002456389,1.7387102481382397,6.747592163134936,-0.7994576794247296,-0.45461994523524313,-0.4108108368085023,0.1807275541795666,0.2257068896853843,0.33444455668922785,51.0,0.0919607843137255,1.9523529411764704,0,2019-06-24,2636,9.0,0.17647058823529413,Vivaan Das,18.0,Male,Hyderabad,2019-06-24,51.0,9.0,4.93,1,Low
T00486,R0076,Zone_4,3.35,29.26,53.06,UPI,2024-05-06,0,0,Monday,May,3.9900945408483017,1.4701758451005926,5.409251334519409,-1.1005953832744686,-0.9069211172218443,-0.9951789363628871,0.1288699690402477,0.1447132616487455,0.17782941037815267,137.0,0.024452554744525547,0.3872992700729927,0,2022-01-02,1713,13.0,0.0948905109489051,Reyansh Reddy,40.0,Male,Bengaluru,2022-01-02,137.0,13.0,3.34,1,Low
T00487,R0242,Zone_7,4.54,23.31,73.76,Cash,2023-09-19,0,0,Tuesday,September,4.314282982587362,1.7119945007591924,4.828043081829324,-0.8331671238855214,-1.0723293515992431,-0.7350968107818128,0.17492260061919504,0.11509358821186778,0.2475334208842644,445.0,0.010202247191011236,0.16575280898876404,0,2022-06-05,1559,8.0,0.017977528089887642,Kavya Iyer,34.0,Male,Ahmedabad,2022-06-05,445.0,8.0,4.54,1,High
T00488,R0086,Zone_5,7.71,51.69,103.17,Wallet,2024-05-18,0,0,Saturday,May,4.646024179996357,2.1644717908644115,7.189575787207476,-0.12077419761412435,-0.2833737731739363,-0.3655791627944023,0.29760061919504643,0.25637196336121065,0.34656699329898644,337.0,0.02287833827893175,0.30614243323442136,0,2019-11-08,2499,17.0,0.050445103857566766,Vivaan Patel,23.0,Male,Hyderabad,2019-11-08,337.0,17.0,4.56,1,High
T00489,R0037,Zone_8,2.21,13.05,40.52,UPI,2024-03-25,0,0,Monday,March,3.7261752388576332,1.1662709371419244,3.6124783736376886,-1.356787161176485,-1.3575543070130431,-1.1527359341786683,0.08475232198142416,0.06401831939466349,0.13560292285416034,489.0,0.0045194274028629855,0.08286298568507158,0,2020-11-21,2120,6.0,0.012269938650306749,Aadhya Iyer,32.0,Other,Ahmedabad,2020-11-21,489.0,6.0,3.36,2,High
T00490,R0067,Zone_2,8.63,78.42,161.07,Cash,2024-04-29,0,0,Monday,April,5.088028340670028,2.2648832258100344,8.855506761332183,0.085977061745398,0.45971229487780624,0.3618969275990376,0.33320433436532515,0.38943647949024296,0.5415361821059366,348.0,0.024798850574712646,0.4628448275862069,0,2022-07-24,1510,9.0,0.02586206896551724,Saanvi Iyer,32.0,Male,Pune,2022-07-24,348.0,9.0,3.38,1,High
T00491,R0163,Zone_3,1.2,6.8100000000000005,16.77,UPI,2024-07-06,0,0,Saturday,July,2.87751164216656,0.7884573603642702,2.6095976701399777,-1.5837640872124823,-1.5310244553348864,-1.4511393391327998,0.0456656346749226,0.032954998008761456,0.05562851466478095,302.0,0.003973509933774834,0.05552980132450331,0,2020-02-20,2395,21.0,0.0695364238410596,Kavya Gupta,33.0,Other,Ahmedabad,2020-02-20,302.0,21.0,3.56,2,Med
T00492,R0045,Zone_1,11.87,66.9,296.53,UPI,2024-07-17,0,0,Wednesday,July,5.695515060237774,2.554899021608035,8.179242018671413,0.8141010620984974,0.1394597133605571,2.063864305918474,0.4585913312693498,0.3320888092393469,0.9976765329831294,100.0,0.11869999999999999,2.9652999999999996,0,2023-07-12,1157,16.0,0.16,Saanvi Iyer,34.0,Other,Ahmedabad,2023-07-12,100.0,16.0,4.88,2,Low
T00493,R0038,Zone_4,2.71,22.93,49.0,Credit Card,2023-03-30,0,0,Thursday,March,3.912023005428146,1.3110318766193438,4.788527957525152,-1.2444223463071795,-1.0828932388367911,-1.0461902131676777,0.10410216718266255,0.11320191158900836,0.16415799575714718,68.0,0.03985294117647059,0.7205882352941176,0,2023-02-11,1308,7.0,0.10294117647058823,Aarav Singh,37.0,Other,Kolkata,2023-02-11,68.0,7.0,4.07,2,Low
T00494,R0296,Zone_3,14.6,144.15,132.06,Cash,2023-07-11,0,0,Tuesday,July,4.890800154313742,2.747270914255491,12.006248373242993,1.4276129512849056,2.28698678994107,-0.0025949788312506186,0.5642414860681114,0.7166467542811629,0.4438495470922989,390.0,0.03743589743589743,0.3386153846153846,0,2021-02-20,2029,58.0,0.14871794871794872,Reyansh Patel,37.0,Other,Hyderabad,2021-02-20,390.0,58.0,3.97,2,High
T00495,R0167,Zone_7,7.95,68.38,178.37,Credit Card,2024-02-10,0,0,Saturday,February,5.189450711560923,2.191653532286764,8.269220035771209,-0.06683908647685766,0.1806032741804812,0.5792602499445733,0.3068885448916409,0.3394563918757467,0.599791224702832,117.0,0.06794871794871796,1.5245299145299145,0,2022-08-25,1478,5.0,0.042735042735042736,Kavya Nair,44.0,Male,Hyderabad,2022-08-25,117.0,5.0,4.75,1,Low
T00496,R0295,Zone_10,3.77,21.04,33.34,Wallet,2024-05-09,0,0,Thursday,May,3.5363108554693294,1.5623463049002497,4.586937976471886,-1.0062089387842519,-1.1354346779919648,-1.242947995129012,0.14512383900928794,0.10379330943847073,0.11142539650469745,98.0,0.038469387755102044,0.3402040816326531,0,2019-05-29,2662,18.0,0.1836734693877551,Kavya Gupta,18.0,Female,Delhi,2019-05-29,98.0,18.0,3.59,0,Low
T00497,R0043,Zone_2,12.56,91.02,170.33,Credit Card,2023-12-11,0,0,Monday,December,5.143591521344882,2.6071242825122494,9.540440241414439,0.9691645066181394,0.8099885559122975,0.478242844646417,0.4852941176470589,0.4521604938271605,0.5727177829410378,85.0,0.14776470588235294,2.0038823529411767,0,2021-12-10,1736,16.0,0.18823529411764706,Diya Kumar,28.0,Male,Ahmedabad,2021-12-10,85.0,16.0,4.68,1,Low
T00498,R0113,Zone_8,1.13,5.93,27.77,Credit Card,2024-01-17,0,0,Wednesday,January,3.3593331775634567,0.7561219797213337,2.435159132377184,-1.599495161294185,-1.5554881942007874,-1.312931446311939,0.04295665634674922,0.02857427319792911,0.09266929319459877,423.0,0.002671394799054373,0.0656501182033097,0,2019-03-09,2743,26.0,0.061465721040189124,Aadhya Singh,26.0,Other,Chennai,2019-03-09,423.0,26.0,4.61,2,High
T00499,R0100,Zone_5,5.26,43.63,102.93,Cash,2023-04-02,0,0,Sunday,April,4.6437175956003305,1.8341801851120072,6.605300901548695,-0.6713617904737215,-0.5074393814229838,-0.3685946077286755,0.20278637770897834,0.2162485065710872,0.34575883085833586,383.0,0.013733681462140991,0.26874673629242823,0,2021-05-24,1936,60.0,0.1566579634464752,Ishaan Gupta,28.0,Male,Delhi,2021-05-24,383.0,60.0,3.79,1,High
T00500,R0033,Zone_9,8.0,50.09,151.72,Cash,2024-01-22,0,0,Monday,January,5.028606179417492,2.1972245773362196,7.077428911688199,-0.05560260498992714,-0.3278532983846652,0.24442021870130598,0.3088235294117647,0.24840700915969732,0.5100515203555914,472.0,0.01694915254237288,0.3214406779661017,0,2019-05-22,2669,37.0,0.07838983050847458,Diya Iyer,18.0,Female,Chennai,2019-05-22,472.0,37.0,3.24,0,High
T00501,R0048,Zone_10,7.39,40.87,166.35,Wallet,2024-05-28,0,0,Tuesday,May,5.120087427657335,2.127040520479115,6.392964883369843,-0.19268767913047993,-0.5841665624114916,0.42823671615305076,0.2852167182662539,0.20250896057347667,0.5593157558002492,207.0,0.03570048309178744,0.803623188405797,0,2019-05-31,2660,1.0,0.004830917874396135,Kavya Sharma,35.0,Male,Hyderabad,2019-05-31,207.0,1.0,3.02,1,Med
T00502,R0256,Zone_9,2.04,11.32,41.24,Credit Card,2024-06-26,0,0,Wednesday,June,3.743367639398006,1.1118575154181303,3.3645207682521443,-1.3949911982320489,-1.4056477936471439,-1.1436895993758485,0.07817337461300311,0.055406212664277185,0.13802741017611206,265.0,0.00769811320754717,0.15562264150943397,0,2021-03-25,1996,8.0,0.03018867924528302,Aadhya Sharma,31.0,Female,Delhi,2021-03-25,265.0,8.0,3.65,0,Med
T00503,R0195,Zone_5,3.4,17.39,52.47,UPI,2024-07-22,0,0,Monday,July,3.97912074896064,1.4816045409242156,4.170131892398609,-1.0893589017875378,-1.2369035948789406,-1.0025919051596424,0.1308049535603715,0.08562325766626842,0.17584267771155332,72.0,0.04722222222222222,0.72875,0,2021-05-27,1933,10.0,0.1388888888888889,Aadhya Reddy,33.0,Male,Kolkata,2021-05-27,72.0,10.0,4.97,1,Low
T00504,R0092,Zone_10,8.84,67.65,83.37,Wallet,2023-02-27,0,0,Monday,February,4.435211888177536,2.286455711064162,8.224962005991275,0.1331702839905061,0.16030949080308635,-0.6143533698719517,0.3413312693498452,0.3358223815213063,0.2798935919453144,252.0,0.03507936507936508,0.33083333333333337,0,2019-07-18,2612,23.0,0.09126984126984126,Aarav Nair,21.0,Male,Surat,2019-07-18,252.0,23.0,4.51,1,Med
T00505,R0126,Zone_5,1.4,13.21,12.73,UPI,2024-04-19,0,0,Friday,April,2.6195832197798796,0.8754687373538999,3.6345563690772495,-1.53881816126476,-1.3531063544919701,-1.501899328859734,0.053405572755417956,0.06481481481481483,0.04202444691382968,411.0,0.00340632603406326,0.030973236009732362,0,2022-09-25,1447,20.0,0.04866180048661801,Diya Reddy,29.0,Female,Surat,2022-09-25,411.0,20.0,3.65,0,High
T00506,R0058,Zone_9,14.33,74.67,196.98,Wallet,2023-07-07,0,0,Friday,July,5.288166015491662,2.7298116928837226,8.641180474911978,1.3669359512554808,0.35546340766516,0.813082875889684,0.5537925696594428,0.37076861808044603,0.6624574872882782,480.0,0.029854166666666668,0.410375,0,2021-05-31,1929,25.0,0.052083333333333336,Vivaan Reddy,46.0,Male,Kolkata,2021-05-31,480.0,25.0,4.32,1,High
T00507,R0146,Zone_3,10.48,81.92,95.74,Credit Card,2024-02-21,0,0,Wednesday,February,4.572026967394837,2.4406063908914204,9.050966799187808,0.5017268767618284,0.5570112562762761,-0.4589323122179474,0.40479876160990713,0.4068598168060534,0.3215476310738458,80.0,0.131,1.19675,0,2020-04-15,2340,11.0,0.1375,Kavya Gupta,30.0,Male,Surat,2020-04-15,80.0,11.0,3.89,1,Low
T00508,R0027,Zone_4,5.43,36.8,93.29,UPI,2024-02-22,0,0,Thursday,February,4.546375139477586,1.860974538249528,6.06630035524124,-0.6331577534181576,-0.6973113546662837,-0.4897149792553208,0.20936532507739938,0.18224810832337712,0.3132976394922046,403.0,0.01347394540942928,0.23148883374689827,0,2019-10-05,2533,61.0,0.1513647642679901,Ishaan Iyer,39.0,Male,Jaipur,2019-10-05,403.0,61.0,3.98,1,High
T00509,R0040,Zone_3,6.9,44.89,136.69,Credit Card,2024-01-21,0,0,Sunday,January,4.925004781456281,2.066862759472976,6.7,-0.3028051977023992,-0.4724117553195347,0.05557797969243891,0.26625386996904027,0.22252090800477897,0.45944034750984947,485.0,0.01422680412371134,0.28183505154639177,0,2023-05-05,1225,36.0,0.07422680412371134,Aarav Gupta,34.0,Other,Surat,2023-05-05,485.0,36.0,4.41,2,High
T00510,R0044,Zone_6,17.31,121.35,297.22,UPI,2024-04-04,0,0,Thursday,April,5.697831469162762,2.907447358686419,11.015897603009932,2.0366302478765412,1.6531535556881802,2.0725337101045103,0.6691176470588235,0.6031461569095977,1.0,271.0,0.06387453874538745,1.0967527675276754,0,2020-08-01,2232,5.0,0.01845018450184502,Arjun Gupta,36.0,Female,Hyderabad,2020-08-01,271.0,5.0,3.21,0,Med
T00511,R0255,Zone_1,12.68,79.77,161.39,Wallet,2023-01-04,0,0,Wednesday,January,5.090000849476996,2.615934912194404,8.931405264570632,0.9961320621867725,0.4972418942743587,0.3659175208447353,0.48993808049535603,0.3961569095977698,0.542613732026804,475.0,0.026694736842105264,0.33976842105263155,0,2021-07-06,1893,42.0,0.08842105263157894,Reyansh Sharma,37.0,Female,Bengaluru,2021-07-06,475.0,42.0,3.12,0,High
T00512,R0119,Zone_2,9.9,57.09,121.66,Credit Card,2024-05-21,0,0,Tuesday,May,4.809416300197838,2.388762789235098,7.555792479945436,0.3713836915134339,-0.13325537558772554,-0.13326425931642816,0.3823529411764706,0.2832536837913182,0.40882917466410745,30.0,0.33,4.0553333333333335,0,2023-05-05,1225,1.0,0.03333333333333333,Saanvi Iyer,47.0,Male,Hyderabad,2023-05-05,30.0,1.0,4.39,1,Low
T00513,R0203,Zone_7,0.92,6.6,18.93,Credit Card,2024-02-08,0,0,Thursday,February,2.9922261342247034,0.6523251860396903,2.569046515733026,-1.6466883835392934,-1.5368623930187946,-1.4240003347243397,0.0348297213622291,0.03190959776981282,0.06290197663063608,152.0,0.0060526315789473685,0.12453947368421052,0,2023-07-25,1144,9.0,0.05921052631578947,Kavya Gupta,49.0,Female,Bengaluru,2023-07-25,152.0,9.0,3.6,0,Low
T00514,R0257,Zone_3,16.15,85.54,168.43,Cash,2023-05-20,0,0,Saturday,May,5.132439862170015,2.8419981736119486,9.248783703817493,1.7759438773797525,0.6576461820655507,0.4543705722500864,0.6242260061919505,0.4248805256869773,0.5663198302858875,459.0,0.03518518518518518,0.3669498910675381,0,2023-03-11,1280,19.0,0.04139433551198257,Arjun Reddy,36.0,Other,Delhi,2023-03-11,459.0,19.0,4.82,2,High
T00515,R0200,Zone_3,13.26,86.99,131.03,Cash,2023-11-11,0,0,Saturday,November,4.88302916949111,2.65745841498615,9.326842981416595,1.126475247435167,0.6979557517877736,-0.015536263340840325,0.5123839009287926,0.43209876543209874,0.4403811832845068,443.0,0.029932279909706545,0.29577878103837474,0,2021-11-15,1761,87.0,0.1963882618510158,Kavya Kumar,30.0,Other,Bengaluru,2021-11-15,443.0,87.0,3.6,2,High
T00516,R0103,Zone_1,7.26,67.64,94.7,Credit Card,2023-09-18,0,0,Monday,September,4.5612182984589085,2.1114245875328868,8.224354077980836,-0.22190253099649937,0.16003149377051915,-0.47199924026646506,0.2801857585139319,0.3357726005575468,0.3180455938310267,175.0,0.041485714285714285,0.5411428571428571,0,2022-11-24,1387,14.0,0.08,Ishaan Gupta,37.0,Other,Surat,2022-11-24,175.0,14.0,3.07,2,Med
T00517,R0055,Zone_3,5.25,28.74,49.29,Wallet,2023-07-08,0,0,Saturday,July,3.9178062501838733,1.8325814637483102,5.360970061472083,-0.6736090867711075,-0.9213769629153312,-1.042546550538764,0.20239938080495357,0.14212465153325365,0.16513452537293327,425.0,0.012352941176470587,0.11597647058823529,0,2021-11-07,1769,12.0,0.02823529411764706,Kavya Singh,32.0,Male,Delhi,2021-11-07,425.0,12.0,4.19,1,High
T00518,R0291,Zone_5,7.06,49.66,112.18,Wallet,2023-02-23,0,0,Thursday,February,4.728979471714378,2.0869135565185366,7.046985170979147,-0.2668484569442216,-0.33980717078504885,-0.2523743342202244,0.2724458204334365,0.24626642771804058,0.37690675825840997,499.0,0.014148296593186373,0.22480961923847698,0,2021-04-19,1971,94.0,0.18837675350701402,Arjun Ghosh,23.0,Other,Pune,2021-04-19,499.0,94.0,3.46,2,High
T00519,R0180,Zone_7,1.99,19.56,17.39,Credit Card,2023-08-08,0,0,Tuesday,August,2.91180703861623,1.095273387402595,4.422668877499196,-1.4062276797189794,-1.1765782388118895,-1.4433494397192603,0.07623839009287926,0.09642572680207089,0.05771626763646159,44.0,0.04522727272727273,0.39522727272727276,0,2019-12-03,2474,4.0,0.09090909090909091,Diya Kumar,33.0,Male,Hyderabad,2019-12-03,44.0,4.0,4.53,1,Low
T00520,R0221,Zone_10,5.65,30.29,109.51,UPI,2024-04-23,0,0,Tuesday,April,4.705106014600691,1.8946168546677629,5.503635162326805,-0.583717234875663,-0.8782874228674376,-0.28592115911401517,0.2178792569659443,0.1498407009159697,0.36791595110617237,106.0,0.05330188679245283,1.0331132075471698,0,2021-01-13,2067,1.0,0.009433962264150943,Diya Patel,21.0,Female,Delhi,2021-01-13,106.0,1.0,4.41,0,Low
T00521,R0240,Zone_10,11.82,111.26,263.6,UPI,2024-02-13,0,0,Tuesday,February,5.5782192516808555,2.551006451492524,10.547985589675406,0.8028645806115671,1.3726545498280205,1.6501201322283885,0.45665634674922606,0.5529171644763043,0.8867899114388659,174.0,0.06793103448275863,1.5149425287356324,0,2020-05-18,2307,2.0,0.011494252873563218,Aarav Iyer,30.0,Male,Delhi,2020-05-18,174.0,2.0,4.07,1,Med
T00522,R0131,Zone_2,1.04,5.23,12.62,Cash,2024-07-25,0,0,Thursday,July,2.611539300721366,0.712949807856125,2.2869193252058544,-1.61972082797066,-1.5749479864804816,-1.5032814077879426,0.03947368421052632,0.025089605734767026,0.041654039128531495,99.0,0.010505050505050505,0.12747474747474746,0,2019-10-22,2516,7.0,0.0707070707070707,Reyansh Ghosh,24.0,Male,Surat,2019-10-22,99.0,7.0,3.6,1,Low
T00523,R0044,Zone_4,6.43,50.8,80.02,UPI,2024-01-20,0,0,Saturday,January,4.394696037774544,2.005525858729668,7.127411872482185,-0.40842812367954656,-0.30811550907240437,-0.6564439554128503,0.24806501547987617,0.2519414575866189,0.26861299121123344,271.0,0.023726937269372694,0.2952767527675277,0,2020-08-01,2232,5.0,0.01845018450184502,Arjun Gupta,36.0,Female,Hyderabad,2020-08-01,271.0,5.0,3.21,0,Med
T00524,R0100,Zone_4,8.57,83.49,71.4,Wallet,2024-01-08,0,0,Monday,January,4.282206299391671,2.258633205464863,9.137286249209883,0.07249328396108122,0.6006567903893038,-0.7647486859688337,0.3308823529411765,0.4146754281162883,0.23958649021786713,383.0,0.02237597911227154,0.1864229765013055,0,2021-05-24,1936,60.0,0.1566579634464752,Ishaan Gupta,28.0,Male,Delhi,2021-05-24,383.0,60.0,3.79,1,High
T00525,R0207,Zone_3,8.52,62.34,174.3,Wallet,2023-11-13,0,0,Monday,November,5.1664987919271885,2.253394848803274,7.895568377260753,0.06125680247415051,0.012693066509979199,0.528123329600855,0.32894736842105265,0.30938868976503386,0.5860861366467993,47.0,0.18127659574468083,3.7085106382978728,0,2023-12-06,1010,3.0,0.06382978723404255,Ishaan Iyer,31.0,Male,Mumbai,2023-12-06,47.0,3.0,3.93,1,Low
T00526,R0207,Zone_3,2.11,18.12,29.03,Wallet,2023-11-20,0,0,Monday,November,3.402196881995239,1.1346227261911428,4.256759330758553,-1.3792601241503464,-1.2166098115015456,-1.297100360407004,0.08088235294117647,0.0892572680207089,0.09691214600801427,47.0,0.044893617021276595,0.6176595744680852,0,2023-12-06,1010,3.0,0.06382978723404255,Ishaan Iyer,31.0,Male,Mumbai,2023-12-06,47.0,3.0,3.93,1,Low
T00527,R0292,Zone_1,2.09,13.43,47.71,Credit Card,2024-02-19,0,0,Monday,February,3.8858843478184513,1.128171090909654,3.664696440361739,-1.3837547167451185,-1.346990419775495,-1.0623982296893966,0.08010835913312694,0.0659099960175229,0.15981412263865036,141.0,0.014822695035460992,0.3383687943262411,0,2020-06-28,2266,19.0,0.1347517730496454,Diya Patel,37.0,Female,Jaipur,2020-06-28,141.0,19.0,4.39,0,Low
T00528,R0257,Zone_3,13.45,121.78,297.22,Cash,2023-05-08,0,0,Monday,May,5.697831469162762,2.670694414558441,11.035397591387452,1.169173877085503,1.6651074280885638,2.0725337101045103,0.5197368421052632,0.6052867383512545,1.0,459.0,0.029302832244008713,0.6475381263616559,0,2023-03-11,1280,19.0,0.04139433551198257,Arjun Reddy,36.0,Other,Delhi,2023-03-11,459.0,19.0,4.82,2,High
T00529,R0015,Zone_7,1.88,10.26,33.99,Wallet,2024-01-28,0,0,Sunday,January,3.5550623063795967,1.0577902941478545,3.2031234756093934,-1.4309479389902267,-1.435115479099252,-1.2347811650986884,0.07198142414860682,0.05012943050577459,0.1136141697814594,46.0,0.0408695652173913,0.7389130434782609,0,2022-12-19,1362,1.0,0.021739130434782608,Saanvi Patel,28.0,Other,Chennai,2022-12-19,46.0,1.0,3.87,2,Low
T00530,R0112,Zone_1,13.04,99.41,118.18,Cash,2023-03-08,0,0,Wednesday,March,4.780634955318833,2.641910398597665,9.970456358662826,1.0770347288926723,1.043228066236058,-0.17698821086339125,0.5038699690402477,0.49392672242134605,0.39711081927467423,311.0,0.041929260450160766,0.38,0,2020-11-13,2128,11.0,0.03536977491961415,Meera Nair,41.0,Female,Delhi,2020-11-13,311.0,11.0,3.24,0,Med
T00531,R0267,Zone_2,5.59,46.5,122.05,UPI,2024-04-24,0,0,Wednesday,April,4.812590776837065,1.8855533485144158,6.819090848492928,-0.5972010126599798,-0.4276542330762386,-0.128364161298234,0.21555727554179566,0.23053564317005176,0.41014243863016464,131.0,0.04267175572519084,0.9316793893129771,0,2021-01-01,2079,11.0,0.08396946564885496,Arjun Iyer,37.0,Other,Jaipur,2021-01-01,131.0,11.0,4.5,2,Low
T00532,R0263,Zone_1,13.4,77.64,221.62,Wallet,2023-06-03,0,0,Saturday,June,5.405466282065079,2.667228206581955,8.811356308764276,1.1579373955985726,0.43802852633757583,1.1226685558084122,0.5178018575851394,0.3855535643170052,0.7454288311950702,297.0,0.04511784511784512,0.7461952861952862,0,2020-12-30,2081,21.0,0.0707070707070707,Ishaan Das,31.0,Other,Chennai,2020-12-30,297.0,21.0,3.84,2,Med
T00533,R0172,Zone_7,5.89,32.82,57.12,UPI,2023-02-01,0,0,Wednesday,February,4.062509838702082,1.9300710850255671,5.728874234961001,-0.5297821237383965,-0.8079541736279722,-0.9441676595580967,0.22716718266253869,0.1624352847471127,0.19150082499915813,168.0,0.035059523809523804,0.33999999999999997,0,2019-12-24,2453,14.0,0.08333333333333333,Reyansh Reddy,31.0,Other,Pune,2019-12-24,168.0,14.0,3.72,2,Med
T00534,R0284,Zone_8,2.17,13.05,51.16,UPI,2024-06-07,0,0,Friday,June,3.9543159176183975,1.1537315878891892,3.6124783736376886,-1.3657763463660295,-1.3575543070130431,-1.0190512087592176,0.08320433436532508,0.06401831939466349,0.1714314577230023,135.0,0.016074074074074074,0.37896296296296295,0,2019-07-31,2599,19.0,0.14074074074074075,Vivaan Das,28.0,Female,Surat,2019-07-31,135.0,19.0,4.95,0,Low
T00535,R0268,Zone_5,12.28,103.14,253.82,Wallet,2023-11-20,0,0,Monday,November,5.540557413553235,2.5862591440482876,10.155786527886454,0.906240210291328,1.1469209593835703,1.52724075115675,0.4744582043343653,0.5124950219036241,0.853857291982355,10.0,1.228,25.381999999999998,0,2022-10-16,1426,0.0,0.0,Ishaan Kumar,34.0,Male,Chennai,2022-10-16,10.0,0.0,4.6,1,Low
T00536,R0008,Zone_6,7.91,52.23,180.63,Cash,2023-10-12,0,0,Thursday,October,5.201971650761352,2.187174241482718,7.227032586061862,-0.0758282716664021,-0.2683619334153153,0.6076556897423137,0.3053405572755418,0.2590601354042214,0.6074014210189581,215.0,0.03679069767441861,0.840139534883721,0,2022-10-01,1441,23.0,0.10697674418604651,Ishaan Ghosh,28.0,Female,Jaipur,2022-10-01,215.0,23.0,4.02,0,Med
T00537,R0183,Zone_6,15.24,150.36,141.28,Credit Card,2023-03-22,0,0,Wednesday,March,4.957796947080254,2.787477334733532,12.262136844775466,1.5714399143176168,2.4596229471652125,0.11324836406041631,0.5890092879256966,0.7475607327757866,0.47489645418729165,406.0,0.037536945812807886,0.34798029556650245,0,2022-08-27,1476,66.0,0.1625615763546798,Arjun Patel,43.0,Other,Jaipur,2022-08-27,406.0,66.0,3.79,2,High
T00538,R0234,Zone_1,12.46,108.52,224.08,Credit Card,2023-09-02,0,0,Saturday,September,5.416455894565078,2.599722324216582,10.417293314484334,0.9466915436442783,1.2964833629046466,1.153576866384714,0.4814241486068112,0.5392771804062126,0.7537124962117385,183.0,0.06808743169398908,1.22448087431694,0,2022-12-01,1380,31.0,0.16939890710382513,Saanvi Nair,32.0,Other,Pune,2022-12-01,183.0,31.0,3.98,2,Med
T00539,R0172,Zone_6,6.85,45.73,120.22,UPI,2024-03-03,0,0,Sunday,March,4.797607076523139,2.060513531794317,6.762396025078685,-0.3140416791893299,-0.4490600045839021,-0.1513569289220681,0.2643188854489164,0.22670250896057345,0.40398020002020407,168.0,0.040773809523809525,0.7155952380952381,0,2019-12-24,2453,14.0,0.08333333333333333,Reyansh Reddy,31.0,Other,Pune,2019-12-24,168.0,14.0,3.72,2,Med
T00540,R0023,Zone_5,5.75,56.32,70.29,Credit Card,2023-03-02,0,0,Thursday,March,4.266756065129537,1.9095425048844386,7.504665215717488,-0.561244271901802,-0.154661147095389,-0.7786951187898479,0.22174922600619196,0.2794205495818399,0.23584873892985822,176.0,0.032670454545454544,0.39937500000000004,0,2019-10-09,2529,32.0,0.18181818181818182,Meera Iyer,24.0,Other,Jaipur,2019-10-09,176.0,32.0,3.21,2,Med
T00541,R0288,Zone_8,8.12,67.78,81.83,Cash,2023-10-21,0,0,Saturday,October,4.416790314610172,2.21046980408624,8.232860985101109,-0.02863504942129399,0.16392345222645796,-0.6337024748668723,0.3134674922600619,0.3364695340501792,0.27470788295113985,43.0,0.18883720930232556,1.9030232558139535,0,2021-08-30,1838,5.0,0.11627906976744186,Diya Ghosh,42.0,Male,Ahmedabad,2021-08-30,43.0,5.0,4.56,1,Low
T00542,R0238,Zone_2,8.95,74.18,155.25,Wallet,2023-03-20,0,0,Monday,March,5.051457288616511,2.2975725511705014,8.61278120005379,0.1578905432617532,0.34184155306937436,0.2887723879429095,0.34558823529411764,0.36832935085623264,0.5219382429201602,362.0,0.024723756906077345,0.42886740331491713,0,2019-04-22,2699,56.0,0.15469613259668508,Reyansh Patel,30.0,Other,Pune,2019-04-22,362.0,56.0,4.91,2,High
T00543,R0005,Zone_10,3.59,22.45,59.14,Credit Card,2023-02-19,0,0,Sunday,February,4.096675177560383,1.5238800240724537,4.738143096192854,-1.0466602721372018,-1.09623709640001,-0.9187876646946296,0.1381578947368421,0.11081242532855436,0.19830285887463378,294.0,0.012210884353741496,0.20115646258503403,0,2021-05-31,1929,30.0,0.10204081632653061,Diya Reddy,27.0,Male,Ahmedabad,2021-05-31,294.0,30.0,3.53,1,Med
T00544,R0133,Zone_3,12.21,79.45,159.69,Cash,2023-01-03,0,0,Tuesday,January,5.079477043053662,2.580974118534234,8.913472948295743,0.8905091362096256,0.4883459892322131,0.344558119226966,0.471749226006192,0.39456391875746716,0.5368892480721958,155.0,0.0787741935483871,1.030258064516129,0,2019-07-13,2617,11.0,0.07096774193548387,Diya Kumar,25.0,Female,Delhi,2019-07-13,155.0,11.0,4.4,0,Low
T00545,R0051,Zone_5,6.01,59.55,60.9,Credit Card,2024-08-07,0,0,Wednesday,August,4.12552017969055,1.9473377010464987,7.7168646482881895,-0.5028145681697631,-0.06486810557622978,-0.8966744018432918,0.23181114551083593,0.29549980087614497,0.20422938343940464,213.0,0.02821596244131455,0.2859154929577465,0,2020-04-05,2350,14.0,0.06572769953051644,Aarav Nair,21.0,Male,Kolkata,2020-04-05,213.0,14.0,4.02,1,Med
T00546,R0178,Zone_4,5.88,40.04,144.17,Wallet,2024-06-27,0,0,Thursday,June,4.9779054694733365,1.9286186519452522,6.32771680782255,-0.5320294200357826,-0.6072403161145573,0.1495593468106241,0.22678018575851394,0.19837714058144165,0.48462807691012555,56.0,0.105,2.5744642857142854,0,2021-05-15,1945,7.0,0.125,Saanvi Ghosh,27.0,Male,Delhi,2021-05-15,56.0,7.0,3.13,1,Low
T00547,R0016,Zone_9,5.3,29.91,48.14,UPI,2023-11-08,0,0,Wednesday,November,3.894673367093033,1.840549633397487,5.469003565550127,-0.662372605284177,-0.8888513101049856,-1.0569955575154903,0.2043343653250774,0.1479490242931103,0.16126208034481596,356.0,0.014887640449438203,0.1352247191011236,0,2022-01-24,1691,51.0,0.14325842696629212,Aarav Iyer,28.0,Female,Delhi,2022-01-24,356.0,51.0,3.06,0,High
T00548,R0211,Zone_4,9.16,68.5,91.28,UPI,2023-08-10,0,0,Thursday,August,4.524827433305553,2.318458442150336,8.276472678623424,0.2050837655068617,0.183939238571286,-0.5149693305798599,0.3537151702786378,0.34005376344086025,0.3065292790517561,435.0,0.021057471264367817,0.20983908045977012,0,2021-04-04,1986,17.0,0.03908045977011494,Arjun Reddy,36.0,Female,Mumbai,2021-04-04,435.0,17.0,3.63,0,High
T00549,R0046,Zone_2,4.54,30.89,73.67,Wallet,2024-05-28,0,0,Tuesday,May,4.3130784050476105,1.7119945007591924,5.5578772926361015,-0.8331671238855214,-0.861607600913414,-0.7362276026321652,0.17492260061919504,0.15282755874153722,0.24723035996902043,31.0,0.1464516129032258,2.376451612903226,0,2019-08-16,2583,4.0,0.12903225806451613,Vivaan Singh,31.0,Female,Kolkata,2019-08-16,31.0,4.0,3.87,0,Low
T00550,R0129,Zone_6,8.67,86.27,133.85,UPI,2023-01-05,0,0,Thursday,January,4.904163049585739,2.269028309465203,9.288164511893617,0.09496624693494224,0.6779399654429455,0.01989521463687117,0.3347523219814242,0.42851453604141776,0.44987709196215103,158.0,0.054873417721518984,0.8471518987341772,0,2022-10-08,1434,10.0,0.06329113924050633,Vivaan Singh,35.0,Male,Hyderabad,2022-10-08,158.0,10.0,3.9,1,Low
T00551,R0121,Zone_9,21.83,190.53,297.22,Wallet,2023-11-27,0,0,Monday,November,5.697831469162762,3.1280754605417043,13.803260484392808,3.052408174295063,3.5763370269870784,2.0725337101045103,0.8440402476780186,0.9475308641975309,1.0,378.0,0.05775132275132275,0.7862962962962964,0,2023-07-13,1156,10.0,0.026455026455026454,Diya Iyer,29.0,Male,Pune,2023-07-13,378.0,10.0,4.17,1,High
T00552,R0005,Zone_2,7.73,64.25,102.14,Credit Card,2024-07-27,0,0,Saturday,July,4.636087288622813,2.166765369851511,8.0156097709407,-0.11627960501935203,0.06579049973028693,-0.378520447303992,0.298374613003096,0.3188968538430904,0.3430986294911944,294.0,0.026292517006802723,0.34741496598639454,0,2021-05-31,1929,30.0,0.10204081632653061,Diya Reddy,27.0,Male,Ahmedabad,2021-05-31,294.0,30.0,3.53,1,Med
T00553,R0292,Zone_7,5.83,32.17,85.19,Wallet,2024-06-23,0,0,Sunday,June,4.456554161659308,1.9213246735826988,5.671860364994893,-0.543265901522713,-0.8260239807448307,-0.5914862457870457,0.2248452012383901,0.1591995221027479,0.2860221571202478,141.0,0.041347517730496455,0.6041843971631206,0,2020-06-28,2266,19.0,0.1347517730496454,Diya Patel,37.0,Female,Jaipur,2020-06-28,141.0,19.0,4.39,0,Low
T00554,R0143,Zone_6,0.34,2.43,6.66,Wallet,2023-10-27,0,0,Friday,October,2.0360119837525,0.29266961396282,1.5588457268119895,-1.7770315687876879,-1.6527871555992573,-1.5781649569890637,0.012383900928792572,0.01115093588211868,0.02158467185237566,74.0,0.0045945945945945945,0.09,0,2023-03-28,1263,13.0,0.17567567567567569,Meera Kumar,42.0,Other,Kolkata,2023-03-28,74.0,13.0,4.56,2,Low
T00555,R0293,Zone_3,8.25,70.59,124.79,Cash,2023-01-06,0,0,Friday,January,4.834613849850781,2.224623551524334,8.401785524517988,0.0005798024447256225,0.24204061837780094,-0.09393783163194674,0.3184984520123839,0.350457984866587,0.41936895982759204,248.0,0.03326612903225806,0.5031854838709677,0,2019-10-01,2537,44.0,0.1774193548387097,Arjun Kumar,39.0,Female,Delhi,2019-10-01,248.0,44.0,3.2,0,Med
T00556,R0175,Zone_10,2.45,19.43,53.43,Cash,2024-06-09,0,0,Sunday,June,3.9969154724461085,1.2383742310432684,4.407947368106838,-1.3028520500392184,-1.180192200235261,-0.990530125422549,0.0940402476780186,0.09577857427319793,0.1790753274741556,98.0,0.025,0.5452040816326531,0,2022-08-18,1485,8.0,0.08163265306122448,Diya Patel,35.0,Male,Chennai,2022-08-18,98.0,8.0,3.48,1,Low
T00557,R0196,Zone_10,6.12,31.21,115.58,Cash,2023-01-05,0,0,Thursday,January,4.758577732617404,1.9629077254238845,5.586591089385369,-0.4780943088985159,-0.8527116958712683,-0.20965553098468573,0.23606811145510836,0.1544205495818399,0.38835572616762637,51.0,0.12,2.2662745098039214,0,2019-06-24,2636,9.0,0.17647058823529413,Vivaan Das,18.0,Male,Hyderabad,2019-06-24,51.0,9.0,4.93,1,Low
T00558,R0145,Zone_5,8.76,84.65,94.17,Wallet,2023-06-29,0,0,Thursday,June,4.555664766084252,2.278292400425001,9.200543462209176,0.1151919136114172,0.6329044461670826,-0.478658347829652,0.3382352941176471,0.42045001991238556,0.31626090177459004,222.0,0.03945945945945946,0.4241891891891892,0,2022-12-09,1372,43.0,0.19369369369369369,Saanvi Nair,36.0,Female,Jaipur,2022-12-09,222.0,43.0,4.3,0,Med
T00559,R0010,Zone_1,0.65,4.04,5.95,Credit Card,2023-07-19,0,0,Wednesday,July,1.9387416595767009,0.5007752879124893,2.009975124224178,-1.7073653835687181,-1.6080296333559612,-1.5870856482529554,0.024380804953560375,0.01916567104739148,0.019193857965451054,173.0,0.003757225433526012,0.03439306358381503,0,2023-05-14,1216,1.0,0.005780346820809248,Vivaan Gupta,25.0,Female,Surat,2023-05-14,173.0,1.0,3.38,0,Med
T00560,R0106,Zone_1,8.79,44.59,85.75,UPI,2023-03-08,0,0,Wednesday,March,4.4630304188269685,2.281361456542419,6.67757440991862,0.1219338025035754,-0.48075166629654636,-0.5844502076070746,0.33939628482972134,0.22102747909199522,0.28790786948176583,6.0,1.4649999999999999,14.291666666666666,0,2021-11-25,1751,1.0,0.16666666666666666,Aarav Patel,32.0,Other,Bengaluru,2021-11-25,6.0,1.0,4.03,2,Low
T00561,R0278,Zone_9,9.52,81.51,158.21,UPI,2023-09-18,0,0,Monday,September,5.070224085507913,2.3532782073095637,9.028288874421332,0.28598643221276154,0.5456133779410268,0.325962875465614,0.36764705882352944,0.4048187972919156,0.531905579688184,382.0,0.024921465968586385,0.41416230366492146,0,2021-09-02,1835,58.0,0.1518324607329843,Aarav Reddy,20.0,Female,Mumbai,2021-09-02,382.0,58.0,4.27,0,High
T00562,R0242,Zone_10,1.51,13.28,20.21,UPI,2024-06-13,0,0,Thursday,June,3.0544727685765913,0.9202827531436926,3.6441734316577197,-1.5140979019935128,-1.351160375264001,-1.4079179617415487,0.0576625386996904,0.06516328156113102,0.0672121763141058,445.0,0.0033932584269662923,0.04541573033707865,0,2022-06-05,1559,8.0,0.017977528089887642,Kavya Iyer,34.0,Male,Ahmedabad,2022-06-05,445.0,8.0,4.54,1,High
T00563,R0211,Zone_5,6.04,52.85,79.74,Credit Card,2023-05-08,0,0,Monday,May,4.391234115424795,1.951608170169951,7.269800547470337,-0.4960726792776048,-0.25112611739615764,-0.6599619745028358,0.23297213622291021,0.2621465551573079,0.26767013503047443,435.0,0.013885057471264367,0.1833103448275862,0,2021-04-04,1986,17.0,0.03908045977011494,Arjun Reddy,36.0,Female,Mumbai,2021-04-04,435.0,17.0,3.63,0,High
T00564,R0003,Zone_5,1.15,8.5,17.88,Wallet,2023-01-26,0,0,Thursday,January,2.9381031607173544,0.7654678421395714,2.9154759474226504,-1.5950005686994126,-1.484042956831054,-1.4371929063117856,0.04373065015479876,0.04136798088410992,0.05936626595278984,45.0,0.025555555555555554,0.3973333333333333,0,2023-05-04,1226,9.0,0.2,Kavya Reddy,34.0,Male,Pune,2023-05-04,45.0,9.0,3.76,1,Low
T00565,R0139,Zone_9,15.88,90.14,211.49,UPI,2023-09-04,0,0,Monday,September,5.358894928433641,2.826129489167811,9.494208761134336,1.7152668773503281,0.7855248170463967,0.9953916508742924,0.6137770897832818,0.44777976901632816,0.7113176415126107,155.0,0.10245161290322581,1.3644516129032258,0,2023-10-09,1068,7.0,0.04516129032258064,Diya Gupta,44.0,Other,Kolkata,2023-10-09,155.0,7.0,4.39,2,Low
T00566,R0028,Zone_3,9.65,86.84,188.55,Wallet,2023-09-29,0,0,Friday,September,5.244652841962344,2.365559892155434,9.318798205777396,0.3152012840787812,0.693785796299268,0.7071653725733337,0.3726780185758514,0.43135205097570695,0.634070781560427,249.0,0.038755020080321285,0.7572289156626506,0,2023-11-11,1035,21.0,0.08433734939759036,Reyansh Sharma,20.0,Female,Surat,2023-11-11,249.0,21.0,3.79,0,Med
T00567,R0177,Zone_10,7.1,55.19,140.55,Wallet,2024-02-06,0,0,Tuesday,February,4.952653011557909,2.0918640616783932,7.4289972405433025,-0.25785927175467716,-0.18607481177546648,0.10407638571866841,0.2739938080495356,0.2737953006770211,0.47243829343031285,489.0,0.014519427402862986,0.2874233128834356,0,2023-02-15,1304,63.0,0.12883435582822086,Ishaan Reddy,34.0,Other,Bengaluru,2023-02-15,489.0,63.0,4.48,2,High
T00568,R0067,Zone_7,7.18,67.45,151.87,UPI,2023-04-01,0,0,Saturday,April,5.0295878870129425,2.1016921506146558,8.212794895770866,-0.23988090137558826,0.15474955015174513,0.24630487178522686,0.2770897832817337,0.3348267622461171,0.510556621880998,348.0,0.020632183908045977,0.4364080459770115,0,2022-07-24,1510,9.0,0.02586206896551724,Saanvi Iyer,32.0,Male,Pune,2022-07-24,348.0,9.0,3.38,1,High
T00569,R0077,Zone_3,13.66,71.95,231.84,Cash,2023-09-16,0,0,Saturday,September,5.450351522403535,2.6851226964585053,8.482334584299302,1.2163670993306115,0.2798482148069206,1.2510762525928847,0.5278637770897833,0.35722819593787336,0.7798430817927736,406.0,0.03364532019704434,0.5710344827586207,0,2019-09-07,2561,72.0,0.17733990147783252,Reyansh Das,28.0,Male,Mumbai,2019-09-07,406.0,72.0,3.79,1,High
T00570,R0167,Zone_9,7.53,47.67,122.72,Cash,2023-08-08,0,0,Tuesday,August,4.818020947816869,2.143589361503588,6.904346457123947,-0.16122553096707426,-0.395128580265893,-0.11994604419005427,0.29063467492260064,0.2363600159299084,0.41239855877698084,117.0,0.06435897435897436,1.048888888888889,0,2022-08-25,1478,5.0,0.042735042735042736,Kavya Nair,44.0,Male,Hyderabad,2022-08-25,117.0,5.0,4.75,1,Low
T00571,R0167,Zone_10,9.65,81.83,191.62,Credit Card,2024-07-24,0,0,Wednesday,July,5.260719336132718,2.365559892155434,9.045993588324059,0.3152012840787812,0.5545092829831725,0.7457379390242466,0.3726780185758514,0.40641178813221823,0.6444085261137489,117.0,0.08247863247863248,1.6377777777777778,0,2022-08-25,1478,5.0,0.042735042735042736,Kavya Nair,44.0,Male,Hyderabad,2022-08-25,117.0,5.0,4.75,1,Low
T00572,R0086,Zone_3,15.59,152.65,297.22,Wallet,2024-04-19,0,0,Friday,April,5.697831469162762,2.808800104202353,12.355160864998885,1.6500952847261305,2.523284267623068,2.0725337101045103,0.6025541795665635,0.7589605734767025,1.0,337.0,0.04626112759643917,0.8819584569732939,0,2019-11-08,2499,17.0,0.050445103857566766,Vivaan Patel,23.0,Male,Hyderabad,2019-11-08,337.0,17.0,4.56,1,High
T00573,R0170,Zone_1,6.27,60.88,114.19,UPI,2024-02-15,0,0,Thursday,February,4.746582938938415,1.9837562915454279,7.802563681252464,-0.44438486443772435,-0.027894500244811098,-0.2271199828956854,0.24187306501547987,0.302120669056153,0.38367511869885845,28.0,0.22392857142857142,4.078214285714286,0,2020-05-20,2305,3.0,0.10714285714285714,Saanvi Kumar,29.0,Other,Bengaluru,2020-05-20,28.0,3.0,3.68,2,Low
T00574,R0236,Zone_6,2.54,22.73,20.65,Wallet,2023-11-05,0,0,Sunday,November,3.075005454448499,1.264126727145683,4.767598976424087,-1.2826263833627434,-1.0884531794881325,-1.4023896460287142,0.0975232198142415,0.1122062923138192,0.0686938074552985,61.0,0.04163934426229508,0.3385245901639344,0,2020-08-10,2223,1.0,0.01639344262295082,Arjun Gupta,28.0,Male,Ahmedabad,2020-08-10,61.0,1.0,3.36,1,Low
T00575,R0141,Zone_8,3.88,25.14,92.56,UPI,2024-05-26,0,0,Sunday,May,4.538602941715978,1.5851452198650557,5.01398045468867,-0.9814886795130047,-1.0214558946394716,-0.49888695759706886,0.14938080495356038,0.12420350457984868,0.31083947873522577,53.0,0.07320754716981132,1.7464150943396226,0,2019-07-08,2622,0.0,0.0,Arjun Das,25.0,Other,Jaipur,2019-07-08,53.0,0.0,4.29,2,Low
T00576,R0049,Zone_10,15.14,80.45,148.79,Wallet,2023-08-31,0,0,Thursday,August,5.009234313180627,2.7813006628418027,8.969392398596462,1.5489669513437558,0.5161456924889188,0.2076066617953857,0.585139318885449,0.39954201513341303,0.5001852038926491,375.0,0.04037333333333334,0.3967733333333333,0,2020-05-19,2306,55.0,0.14666666666666667,Meera Iyer,39.0,Male,Mumbai,2020-05-19,375.0,55.0,4.4,1,High
T00577,R0055,Zone_6,8.46,68.07,69.76,Credit Card,2023-01-09,0,0,Monday,January,4.259293869291585,2.247072383063787,8.250454532933322,0.04777302468983413,0.17198536617090238,-0.7853542263530349,0.3266253869969041,0.3379131819992035,0.23406404687342156,425.0,0.01990588235294118,0.16414117647058823,0,2021-11-07,1769,12.0,0.02823529411764706,Kavya Singh,32.0,Male,Delhi,2021-11-07,425.0,12.0,4.19,1,High
T00578,R0007,Zone_10,5.49,44.83,83.51,Credit Card,2024-02-09,0,0,Friday,February,4.436869870556391,1.8702625307159986,6.695520890864279,-0.6196739756338409,-0.47407973751493715,-0.6125943603269589,0.211687306501548,0.2222222222222222,0.28036502003569386,458.0,0.011986899563318778,0.18233624454148473,0,2021-03-26,1995,82.0,0.17903930131004367,Ishaan Ghosh,18.0,Female,Mumbai,2021-03-26,458.0,82.0,4.03,0,High
T00579,R0249,Zone_1,12.87,127.32,191.9,Wallet,2024-05-23,0,0,Thursday,May,5.262171919911683,2.6297282343267403,11.283616441549224,1.0388306918371084,1.8191177841307133,0.7492559581142321,0.4972910216718266,0.6328653922739944,0.6453513822945078,396.0,0.0325,0.48459595959595964,0,2023-03-24,1267,48.0,0.12121212121212122,Diya Nair,20.0,Male,Mumbai,2023-03-24,396.0,48.0,4.49,1,High
T00580,R0284,Zone_3,12.99,102.01,116.95,UPI,2024-06-21,0,0,Friday,June,4.770260805853684,2.63834278867739,10.1,1.065798247405742,1.115507294703493,-0.19244236615154212,0.5019349845201239,0.5068697729988053,0.39296898676634,135.0,0.09622222222222222,0.8662962962962963,0,2019-07-31,2599,19.0,0.14074074074074075,Vivaan Das,28.0,Female,Surat,2019-07-31,135.0,19.0,4.95,0,Low
T00581,R0193,Zone_5,5.62,32.23,112.89,Wallet,2023-12-21,0,0,Thursday,December,4.7352330702862595,1.890095369948917,5.677147170894902,-0.5904591237678214,-0.8243559985494285,-0.24345364295633257,0.21671826625386997,0.15949820788530464,0.37929757214533455,389.0,0.014447300771208227,0.2902056555269923,0,2022-01-03,1712,68.0,0.17480719794344474,Kavya Singh,33.0,Female,Chennai,2022-01-03,389.0,68.0,4.41,0,High
T00582,R0177,Zone_5,3.14,17.29,38.14,Credit Card,2024-08-10,0,0,Saturday,August,3.66714496196793,1.420695787837223,4.158124577258358,-1.1477886055195767,-1.2396835652046112,-1.1826390964435456,0.12074303405572757,0.08512544802867383,0.12758864531770886,489.0,0.006421267893660532,0.0779959100204499,0,2023-02-15,1304,63.0,0.12883435582822086,Ishaan Reddy,34.0,Other,Bengaluru,2023-02-15,489.0,63.0,4.48,2,High
T00583,R0147,Zone_5,0.15,1.49,2.71,Wallet,2023-02-10,0,0,Friday,February,1.3110318766193438,0.1397619423751587,1.2206555615733703,-1.8197301984380236,-1.6789188766605605,-1.6277941548656454,0.005030959752321981,0.006471525288729589,0.00828366501666835,239.0,0.0006276150627615063,0.011338912133891214,0,2022-08-29,1474,21.0,0.08786610878661087,Saanvi Nair,35.0,Other,Mumbai,2022-08-29,239.0,21.0,3.91,2,Med
T00584,R0104,Zone_5,0.97,6.57,11.09,Cash,2024-03-04,0,0,Monday,March,2.492378664626701,0.6780335427498971,2.563201123595259,-1.6354519020523628,-1.537696384116496,-1.5225048692439351,0.03676470588235294,0.031760254878534455,0.036502003569384114,328.0,0.0029573170731707317,0.0338109756097561,0,2021-05-27,1933,1.0,0.003048780487804878,Diya Gupta,52.0,Male,Kolkata,2021-05-27,328.0,1.0,3.7,1,High
T00585,R0088,Zone_9,6.68,60.36,76.64,Wallet,2023-08-03,0,0,Thursday,August,4.35208275830081,2.038619547159581,7.769169839822013,-0.35224571624489376,-0.04235034593829813,-0.6989114715705329,0.25773993808049533,0.2995320589406611,0.25723137017207126,438.0,0.015251141552511414,0.1749771689497717,0,2019-07-07,2623,0.0,0.0,Diya Iyer,22.0,Other,Jaipur,2019-07-07,438.0,0.0,4.78,2,High
T00586,R0040,Zone_3,3.5300000000000002,33.61,32.14,UPI,2024-06-26,0,0,Wednesday,June,3.500741011998417,1.5107219394949427,5.797413216254298,-1.0601440499215184,-0.7859924080551747,-1.2580252198003787,0.1358359133126935,0.1663679808841099,0.10738458430144458,485.0,0.007278350515463918,0.0662680412371134,0,2023-05-05,1225,36.0,0.07422680412371134,Aarav Gupta,34.0,Other,Surat,2023-05-05,485.0,36.0,4.41,2,High
T00587,R0176,Zone_9,17.29,129.09,297.22,Wallet,2024-02-04,0,0,Sunday,February,5.697831469162762,2.906354462402774,11.361778029868388,2.032135655281769,1.8683232588950827,2.0725337101045103,0.668343653250774,0.6416766228594186,1.0,260.0,0.0665,1.1431538461538462,0,2019-05-24,2667,13.0,0.05,Kavya Gupta,43.0,Male,Mumbai,2019-05-24,260.0,13.0,3.95,1,Med
T00588,R0103,Zone_7,8.29,74.64,139.36,Cash,2023-06-22,0,0,Thursday,June,4.944210550715014,2.2289385528257473,8.63944442658207,0.009568987634269872,0.35462941656745883,0.08912480458622986,0.32004643962848295,0.37061927518916765,0.4684311546620871,175.0,0.047371428571428564,0.7963428571428572,0,2022-11-24,1387,14.0,0.08,Ishaan Gupta,37.0,Other,Surat,2022-11-24,175.0,14.0,3.07,2,Med
T00589,R0149,Zone_6,1.71,13.77,28.65,Credit Card,2023-10-05,0,0,Thursday,October,3.3894621254437345,0.9969486348916096,3.7107950630558943,-1.4691519760457905,-1.3375385206682149,-1.30187481488627,0.06540247678018576,0.06760254878534448,0.0956325554769842,89.0,0.019213483146067415,0.3219101123595505,0,2019-09-14,2554,8.0,0.0898876404494382,Diya Reddy,30.0,Male,Jaipur,2019-09-14,89.0,8.0,4.57,1,Low
T00590,R0067,Zone_6,15.09,133.2,145.23,Credit Card,2024-06-17,0,0,Monday,June,4.985180724623787,2.7781979610042917,11.541230437002806,1.537730469856825,1.9825800392801425,0.162877561936998,0.5832043343653251,0.6621365989645559,0.4881974610229989,348.0,0.04336206896551724,0.41732758620689653,0,2022-07-24,1510,9.0,0.02586206896551724,Saanvi Iyer,32.0,Male,Pune,2022-07-24,348.0,9.0,3.38,1,High
T00591,R0028,Zone_4,8.81,61.37,116.5,Cash,2023-08-24,0,0,Thursday,August,4.7664383335842135,2.2834022735772717,7.8339006886735545,0.1264283950983479,-0.014272645649025464,-0.19809632540330463,0.34017027863777094,0.3045599362803664,0.3914536821901202,249.0,0.03538152610441767,0.4678714859437751,0,2023-11-11,1035,21.0,0.08433734939759036,Reyansh Sharma,20.0,Female,Surat,2023-11-11,249.0,21.0,3.79,0,Med
T00592,R0098,Zone_5,11.52,78.71,114.56,Credit Card,2023-02-05,0,0,Sunday,February,4.749789875598035,2.5273273656719524,8.871865643707642,0.7354456916899836,0.4677742088222507,-0.22247117195534732,0.445046439628483,0.3908801274392672,0.3849210357948614,286.0,0.04027972027972028,0.4005594405594406,0,2023-04-29,1231,56.0,0.1958041958041958,Diya Singh,21.0,Other,Bengaluru,2023-04-29,286.0,56.0,3.5,2,Med
T00593,R0154,Zone_4,11.41,58.38,228.63,Wallet,2023-08-24,0,0,Thursday,August,5.436469317930779,2.5185025992165158,7.6406805979572265,0.7107254324187365,-0.09739375838657525,1.210744676596979,0.44078947368421056,0.2896754281162884,0.7690339091490722,466.0,0.024484978540772532,0.4906223175965665,0,2019-03-25,2727,79.0,0.16952789699570817,Kavya Patel,18.0,Other,Kolkata,2019-03-25,466.0,79.0,4.68,2,High
T00594,R0187,Zone_9,9.48,82.32,229.76,Cash,2024-07-23,0,0,Tuesday,July,5.441378209388689,2.349468678892896,9.073036977771004,0.2769972470232173,0.5681311375789582,1.224942396495849,0.36609907120743035,0.4088510553564317,0.7728390073071353,357.0,0.026554621848739496,0.6435854341736694,0,2022-08-05,1498,38.0,0.10644257703081232,Saanvi Reddy,27.0,Other,Surat,2022-08-05,357.0,38.0,4.71,2,High
T00595,R0175,Zone_2,10.62,80.66,135.0,Cash,2024-01-16,0,0,Tuesday,January,4.912654885736052,2.4527277514237653,8.981091247727083,0.5331890249252336,0.5219836301728268,0.0343442216135976,0.41021671826625383,0.4005874153723616,0.4537495369902684,98.0,0.1083673469387755,1.3775510204081634,0,2022-08-18,1485,8.0,0.08163265306122448,Diya Patel,35.0,Male,Chennai,2022-08-18,98.0,8.0,3.48,1,Low
T00596,R0290,Zone_10,9.19,58.17,176.65,UPI,2023-09-09,0,0,Saturday,September,5.179815322467036,2.321406847234633,7.626925986267338,0.2118256543990199,-0.10323169607048348,0.5576495612489478,0.35487616099071206,0.2886300278773397,0.5939993938781695,169.0,0.05437869822485207,1.045266272189349,0,2020-05-06,2319,4.0,0.023668639053254437,Saanvi Kumar,34.0,Other,Chennai,2020-05-06,169.0,4.0,4.28,2,Med
T00597,R0019,Zone_5,2.47,20.08,56.95,Cash,2023-07-11,0,0,Tuesday,July,4.059580569785761,1.244154593958768,4.481071300481616,-1.298357457444446,-1.1621223931184024,-0.9463035997198737,0.09481424148606814,0.09901433691756271,0.19092837660369733,266.0,0.009285714285714286,0.21409774436090226,0,2023-04-02,1258,24.0,0.09022556390977443,Kavya Patel,40.0,Other,Mumbai,2023-04-02,266.0,24.0,4.08,2,Med
T00598,R0077,Zone_8,9.83,57.3,109.08,Credit Card,2023-10-08,0,0,Sunday,October,4.701207374185033,2.382320061012899,7.569676347110224,0.3556526174317311,-0.12741743790381754,-0.29132383128792166,0.3796439628482972,0.2842990840302668,0.36646799340000674,406.0,0.024211822660098522,0.26866995073891625,0,2019-09-07,2561,72.0,0.17733990147783252,Reyansh Das,28.0,Male,Mumbai,2019-09-07,406.0,72.0,3.79,1,High
T00599,R0077,Zone_8,13.12,118.75,124.69,UPI,2023-08-18,0,0,Friday,August,4.8338185579367465,2.647592232065096,10.897247358851684,1.0950130992717613,1.5808743272207457,-0.0951942670212274,0.5069659442724458,0.5902031063321386,0.41903222547732094,406.0,0.03231527093596059,0.3071182266009852,0,2019-09-07,2561,72.0,0.17733990147783252,Reyansh Das,28.0,Male,Mumbai,2019-09-07,406.0,72.0,3.79,1,High
T00600,R0058,Zone_9,6.95,59.97,83.74,Wallet,2023-09-10,0,0,Sunday,September,4.439587745198413,2.0731719286662407,7.744029958619737,-0.2915687162154687,-0.053192230208413356,-0.6097045589316137,0.26818885448916413,0.29759060135404225,0.2811395090413173,480.0,0.014479166666666666,0.17445833333333333,0,2021-05-31,1929,25.0,0.052083333333333336,Vivaan Reddy,46.0,Male,Kolkata,2021-05-31,480.0,25.0,4.32,1,High
T00601,R0070,Zone_3,10.76,96.0,254.15,Wallet,2024-05-04,0,0,Saturday,May,5.54185160750998,2.464703942470481,9.797958971132712,0.5646511730886393,0.9484310781306918,1.531386987941376,0.41563467492260064,0.4769514137793708,0.8549685153382496,310.0,0.03470967741935484,0.8198387096774193,0,2023-01-03,1347,6.0,0.01935483870967742,Meera Reddy,33.0,Male,Bengaluru,2023-01-03,310.0,6.0,3.54,1,Med
T00602,R0268,Zone_10,10.1,100.47,211.34,UPI,2023-07-25,0,0,Tuesday,July,5.358188763585427,2.4069451083182885,10.023472452199387,0.416329617461156,1.072695751688166,0.9935069977903714,0.39009287925696595,0.49920350457984863,0.7108125399872041,10.0,1.01,21.134,0,2022-10-16,1426,0.0,0.0,Ishaan Kumar,34.0,Male,Chennai,2022-10-16,10.0,0.0,4.6,1,Low
T00603,R0021,Zone_10,17.08,144.62,297.22,Wallet,2023-04-09,0,0,Sunday,April,5.697831469162762,2.89480635496403,12.025805586321441,1.9849424330366607,2.300052650471722,2.0725337101045103,0.6602167182662538,0.7189864595778575,1.0,380.0,0.044947368421052625,0.7821578947368422,0,2019-05-08,2683,17.0,0.04473684210526316,Diya Ghosh,37.0,Female,Pune,2019-05-08,380.0,17.0,3.91,0,High
T00604,R0290,Zone_6,6.74,55.38,55.87,Credit Card,2023-06-02,0,0,Friday,June,4.040767961318708,2.046401687601636,7.441773982055623,-0.338761938460577,-0.18079286815669227,-0.9598731019241036,0.26006191950464397,0.2747411389884508,0.18729164562076975,169.0,0.03988165680473373,0.33059171597633136,0,2020-05-06,2319,4.0,0.023668639053254437,Saanvi Kumar,34.0,Other,Chennai,2020-05-06,169.0,4.0,4.28,2,Med
T00605,R0134,Zone_2,6.54,58.19,156.44,Wallet,2023-07-10,0,0,Monday,July,5.059044433303943,2.020222182019865,7.62823701781742,-0.38370786440829924,-0.10267570200534948,0.30372396907534804,0.25232198142414863,0.28872958980485863,0.525945381688386,410.0,0.015951219512195122,0.3815609756097561,0,2022-07-30,1504,29.0,0.07073170731707316,Aadhya Singh,34.0,Male,Jaipur,2022-07-30,410.0,29.0,4.59,1,High
T00606,R0190,Zone_1,7.42,41.81,83.65,Wallet,2024-06-01,0,0,Saturday,June,4.438525108579144,2.130609828254235,6.466065264130885,-0.18594579023832156,-0.5580348413501881,-0.610835350781966,0.2863777089783282,0.20718837116686578,0.28083644812607333,274.0,0.02708029197080292,0.30529197080291975,0,2020-09-25,2177,47.0,0.17153284671532848,Saanvi Iyer,35.0,Other,Surat,2020-09-25,274.0,47.0,4.12,2,Med
T00607,R0232,Zone_7,7.49,65.67,161.66,UPI,2024-06-28,0,0,Friday,June,5.091662132738629,2.138889000323256,8.103702857336268,-0.17021471615661873,0.10526607835480901,0.36930989639579287,0.28908668730650156,0.3259657506969335,0.5435229147725359,172.0,0.04354651162790698,0.9398837209302325,0,2022-12-08,1373,15.0,0.0872093023255814,Meera Das,38.0,Male,Jaipur,2022-12-08,172.0,15.0,3.94,1,Med
T00608,R0180,Zone_10,3.36,18.11,60.68,Cash,2023-09-26,0,0,Tuesday,September,4.1219597292550745,1.4724720573609429,4.255584566190643,-1.0983480869770825,-1.2168878085341126,-0.899438559699709,0.12925696594427244,0.08920748705694942,0.20348856786880828,44.0,0.07636363636363636,1.3790909090909091,0,2019-12-03,2474,4.0,0.09090909090909091,Diya Kumar,33.0,Male,Hyderabad,2019-12-03,44.0,4.0,4.53,1,Low
T00609,R0088,Zone_9,4.79,26.77,39.37,UPI,2024-02-17,0,0,Saturday,February,3.6980869348648495,1.7561322915849038,5.173973328110612,-0.7769847164508685,-0.9761423783310413,-1.1671849411553947,0.18459752321981424,0.13231780167264037,0.13173047782604302,438.0,0.010936073059360731,0.08988584474885844,0,2019-07-07,2623,0.0,0.0,Diya Iyer,22.0,Other,Jaipur,2019-07-07,438.0,0.0,4.78,2,High
T00610,R0157,Zone_6,9.5,80.41,84.66,Wallet,2023-09-18,0,0,Monday,September,4.450385972187225,2.3513752571634776,8.967162315916893,0.2814918396179894,0.5150337043586504,-0.5981453533502326,0.3668730650154799,0.39934289127837513,0.28423746506381115,319.0,0.029780564263322883,0.26539184952978057,0,2021-11-23,1753,27.0,0.08463949843260188,Kavya Nair,36.0,Female,Hyderabad,2021-11-23,319.0,27.0,4.65,0,Med
T00611,R0099,Zone_4,7.96,61.42,151.42,UPI,2024-01-28,0,0,Sunday,January,5.026639868237972,2.192770226986839,7.8370912971586595,-0.06459179017947159,-0.012882660486190061,0.24065091253346418,0.30727554179566563,0.30480884109916373,0.5090413173047782,80.0,0.0995,1.89275,0,2021-08-21,1847,8.0,0.1,Diya Gupta,35.0,Other,Mumbai,2021-08-21,80.0,8.0,3.7,2,Low
T00612,R0247,Zone_8,4.0,39.7,87.48,Credit Card,2024-03-07,0,0,Thursday,March,4.482776537774025,1.6094379124341003,6.300793600809346,-0.9545211239443713,-0.616692215221837,-0.5627138753725209,0.1540247678018576,0.19668458781362008,0.29373337374145536,249.0,0.01606425702811245,0.3513253012048193,0,2021-05-11,1949,47.0,0.18875502008032127,Aadhya Das,37.0,Male,Bengaluru,2021-05-11,249.0,47.0,4.92,1,Med
T00613,R0148,Zone_3,4.68,38.57,101.07,Cash,2024-08-01,0,0,Thursday,August,4.625658852415407,1.7369512327330598,6.210475022089695,-0.8017049757221159,-0.6481058799019146,-0.391964305969294,0.1803405572755418,0.19105933890880125,0.3394955719432939,412.0,0.011359223300970873,0.2453155339805825,0,2019-09-30,2538,34.0,0.0825242718446602,Aarav Kumar,44.0,Male,Ahmedabad,2019-09-30,412.0,34.0,3.36,1,High
T00614,R0252,Zone_5,6.22,32.14,82.7,UPI,2024-02-10,0,0,Saturday,February,4.4272389774954295,1.9768549529047348,5.669215113223347,-0.45562134592465486,-0.826857971842532,-0.6227714869801314,0.23993808049535603,0.15905017921146952,0.2776374717984982,392.0,0.01586734693877551,0.21096938775510204,0,2020-09-23,2179,47.0,0.11989795918367346,Reyansh Gupta,38.0,Other,Ahmedabad,2020-09-23,392.0,47.0,4.83,2,High
T00615,R0249,Zone_1,3.99,20.79,81.77,Wallet,2023-11-30,0,0,Thursday,November,4.416065676897304,1.6074359097634274,4.559605246071199,-0.9567684202417573,-1.1423846038061414,-0.6344563361004406,0.15363777089783281,0.10254878534448426,0.2745058423409772,396.0,0.010075757575757576,0.20648989898989897,0,2023-03-24,1267,48.0,0.12121212121212122,Diya Nair,20.0,Male,Mumbai,2023-03-24,396.0,48.0,4.49,1,High
T00616,R0182,Zone_4,5.43,34.75,111.09,Credit Card,2024-01-15,0,0,Monday,January,4.719302120033004,1.860974538249528,5.894913061275798,-0.6331577534181576,-0.7543007463425302,-0.2660694799633825,0.20936532507739938,0.17204301075268816,0.3732363538404553,8.0,0.67875,13.88625,0,2020-09-30,2172,0.0,0.0,Meera Patel,43.0,Male,Jaipur,2020-09-30,8.0,0.0,4.4,1,Low
T00617,R0215,Zone_7,5.3,47.72,89.41,Cash,2024-05-26,0,0,Sunday,May,4.504354880749275,1.840549633397487,6.907966415668217,-0.662372605284177,-0.39373859510305775,-0.5384646723594063,0.2043343653250774,0.23660892074870568,0.300232346701687,438.0,0.012100456621004566,0.20413242009132418,0,2020-02-28,2387,48.0,0.1095890410958904,Saanvi Gupta,26.0,Female,Hyderabad,2020-02-28,438.0,48.0,3.24,0,High
T00618,R0282,Zone_2,12.48,112.31,131.55,Wallet,2024-03-17,0,0,Sunday,March,4.886959932735035,2.601207105484161,10.59764124699454,0.9511861362390505,1.4018442382475613,-0.009002799316581322,0.4821981424148607,0.5581441656710474,0.44213220190591646,319.0,0.03912225705329154,0.41238244514106587,0,2022-05-02,1593,3.0,0.009404388714733543,Reyansh Kumar,22.0,Other,Bengaluru,2022-05-02,319.0,3.0,4.47,2,Med
T00619,R0026,Zone_8,13.08,87.75,177.87,Credit Card,2024-07-08,0,0,Monday,July,5.186659285005154,2.644755350729896,9.367496997597597,1.086023914082217,0.7190835262628701,0.5729780729981705,0.5054179566563468,0.4358821186778176,0.5981075529514766,44.0,0.2972727272727273,4.0425,0,2020-04-17,2338,5.0,0.11363636363636363,Aarav Kumar,26.0,Female,Surat,2020-04-17,44.0,5.0,3.17,0,Low
T00620,R0120,Zone_9,12.67,91.94,164.83,Credit Card,2024-07-20,0,0,Saturday,July,5.110963167226007,2.6152036507358583,9.588534820294496,0.9938847658893865,0.8355642829084667,0.4091388982359866,0.4895510835913313,0.4567403424930307,0.554197393676129,311.0,0.0407395498392283,0.53,0,2020-07-12,2252,15.0,0.04823151125401929,Ishaan Gupta,18.0,Other,Surat,2020-07-12,311.0,15.0,4.55,2,Med
T00621,R0261,Zone_4,10.13,63.13,190.94,Credit Card,2023-12-11,0,0,Monday,December,5.257182823189481,2.4096441652874536,7.945438943192503,0.42307150635331453,0.03465483208277665,0.7371941783771386,0.3912538699690403,0.31332138590203107,0.6421187325319055,477.0,0.021236897274633126,0.40029350104821804,0,2022-08-26,1477,83.0,0.1740041928721174,Aarav Kumar,31.0,Male,Pune,2022-08-26,477.0,83.0,4.24,1,High
T00622,R0117,Zone_3,4.46,30.63,101.5,Cash,2023-07-24,0,0,Monday,July,4.629862798578463,1.6974487897568136,5.534437640808685,-0.8511454942646103,-0.8688355237601576,-0.3865616337953875,0.17182662538699692,0.1515332536837913,0.3409435296494595,369.0,0.012086720867208672,0.2750677506775068,0,2021-06-12,1917,37.0,0.1002710027100271,Aadhya Gupta,21.0,Female,Ahmedabad,2021-06-12,369.0,37.0,3.16,0,High
T00623,R0236,Zone_3,12.8,93.31,160.15,Wallet,2023-06-23,0,0,Friday,June,5.082335608261447,2.624668592163159,9.659710140578753,1.023099617755406,0.8736498763701537,0.3503377220176566,0.4945820433436533,0.4635603345280765,0.5384382260834427,61.0,0.2098360655737705,2.625409836065574,0,2020-08-10,2223,1.0,0.01639344262295082,Arjun Gupta,28.0,Male,Ahmedabad,2020-08-10,61.0,1.0,3.36,1,Low
T00624,R0199,Zone_7,6.43,46.45,157.91,UPI,2023-01-31,0,0,Tuesday,January,5.068338004224545,2.005525858729668,6.815423684555495,-0.40842812367954656,-0.42904421823907385,0.32219356929777215,0.24806501547987617,0.2302867383512545,0.5308953766373707,344.0,0.01869186046511628,0.4590406976744186,0,2021-08-03,1865,27.0,0.07848837209302326,Aarav Das,29.0,Male,Ahmedabad,2021-08-03,344.0,27.0,3.91,1,High
T00625,R0099,Zone_2,8.12,45.04,125.93,Cash,2023-06-06,0,0,Tuesday,June,4.843635753400086,2.21046980408624,6.711184694225007,-0.02863504942129399,-0.4682417998310289,-0.07961446819414844,0.3134674922600619,0.22326762246117082,0.42320773142068224,80.0,0.10149999999999999,1.574125,0,2021-08-21,1847,8.0,0.1,Diya Gupta,35.0,Other,Mumbai,2021-08-21,80.0,8.0,3.7,2,Low
T00626,R0254,Zone_6,14.69,127.86,246.29,Wallet,2024-04-17,0,0,Wednesday,April,5.510561736993246,2.753023566744941,11.30751962191532,1.4478386179613807,1.834129623889334,1.4326311663439244,0.5677244582043344,0.6355535643170052,0.8285011954069433,363.0,0.04046831955922865,0.6784848484848485,0,2020-03-09,2377,70.0,0.1928374655647383,Meera Kumar,18.0,Male,Delhi,2020-03-09,363.0,70.0,3.68,1,High
T00627,R0215,Zone_1,8.42,65.2,194.46,Wallet,2023-06-11,0,0,Sunday,June,5.27535575491069,2.2428350885882717,8.07465169527454,0.038783839500289484,0.09220021782415738,0.7814207040798142,0.325077399380805,0.323626045400239,0.6539717816614473,438.0,0.019223744292237444,0.44397260273972605,0,2020-02-28,2387,48.0,0.1095890410958904,Saanvi Gupta,26.0,Female,Hyderabad,2020-02-28,438.0,48.0,3.24,0,High
T00628,R0011,Zone_9,9.24,53.33,173.78,Wallet,2023-01-17,0,0,Tuesday,January,5.163528040199398,2.3263016196113617,7.302739212103908,0.2230621358859506,-0.237782259832939,0.5215898655765959,0.3568111455108359,0.2645360414177619,0.5843351180253897,208.0,0.044423076923076926,0.8354807692307692,0,2020-04-14,2341,34.0,0.16346153846153846,Vivaan Nair,26.0,Male,Chennai,2020-04-14,208.0,34.0,4.0,1,Med
T00629,R0202,Zone_2,0.9400000000000001,9.32,8.98,Credit Card,2023-07-30,0,0,Sunday,July,2.300583090323373,0.6626879730752369,3.0528675044947495,-1.642193790944521,-1.4612472001605552,-1.5490156559577548,0.03560371517027864,0.04545001991238551,0.02939690877866451,317.0,0.002965299684542587,0.02832807570977918,0,2021-10-28,1779,0.0,0.0,Aadhya Reddy,27.0,Male,Ahmedabad,2021-10-28,317.0,0.0,4.72,1,Med
T00630,R0014,Zone_9,10.44,104.32,248.28,Wallet,2024-04-02,0,0,Tuesday,April,5.518576762682383,2.437115985951652,10.213716267842964,0.4927376915722837,1.1797246092264828,1.4576342305906076,0.40325077399380804,0.5183691756272402,0.8352022089773378,325.0,0.03212307692307692,0.7639384615384616,0,2021-06-08,1921,53.0,0.16307692307692306,Aarav Das,26.0,Female,Ahmedabad,2021-06-08,325.0,53.0,3.0,0,High
T00631,R0223,Zone_1,3.1,23.61,60.84,UPI,2023-01-12,0,0,Thursday,January,4.124550404279167,1.410986973710262,4.859012245302536,-1.1567777907091212,-1.0639894406222314,-0.8974282630768602,0.1191950464396285,0.11658701712465153,0.204027342829242,158.0,0.019620253164556962,0.38506329113924054,0,2019-11-29,2478,10.0,0.06329113924050633,Meera Ghosh,30.0,Female,Surat,2019-11-29,158.0,10.0,4.04,0,Low
T00632,R0296,Zone_1,13.06,98.26,211.91,Cash,2024-08-04,0,0,Sunday,August,5.360869541205001,2.643333886382519,9.912618221237011,1.0815293214874449,1.0112584074908468,1.0006686795092705,0.5046439628482973,0.4882019115890084,0.7127319257837491,390.0,0.03348717948717949,0.5433589743589744,0,2021-02-20,2029,58.0,0.14871794871794872,Reyansh Patel,37.0,Other,Hyderabad,2021-02-20,390.0,58.0,3.97,2,High
T00633,R0073,Zone_5,7.08,40.86,147.7,Wallet,2023-10-16,0,0,Monday,October,5.001930853466109,2.089391872533004,6.3921827257987545,-0.2623538643494493,-0.5844445594440586,0.19391151605222764,0.27321981424148606,0.20245917960971724,0.49651479947469435,490.0,0.014448979591836735,0.3014285714285714,0,2021-06-19,1910,30.0,0.061224489795918366,Meera Das,41.0,Other,Ahmedabad,2021-06-19,490.0,30.0,3.01,2,High
T00634,R0154,Zone_2,3.18,26.38,41.28,Credit Card,2024-03-16,0,0,Saturday,March,3.7443141610020367,1.430311246536665,5.136146415358503,-1.1387994203300325,-0.9869842626011566,-1.1431870252201362,0.12229102167182665,0.1303763440860215,0.13816210391622047,466.0,0.006824034334763949,0.08858369098712447,0,2019-03-25,2727,79.0,0.16952789699570817,Kavya Patel,18.0,Other,Kolkata,2019-03-25,466.0,79.0,4.68,2,High
T00635,R0275,Zone_10,6.21,54.65,58.18,Credit Card,2024-07-02,0,0,Tuesday,July,4.080583646972063,1.9754689512968577,7.392563831310488,-0.45786864222204093,-0.2010866515340875,-0.9308494444317228,0.2395510835913313,0.2711071286340104,0.1950702091120315,247.0,0.0251417004048583,0.23554655870445343,0,2022-10-04,1438,17.0,0.06882591093117409,Ishaan Das,21.0,Other,Jaipur,2022-10-04,247.0,17.0,3.07,2,Med
T00636,R0156,Zone_10,6.86,62.33,169.38,Wallet,2023-02-15,0,0,Wednesday,February,5.138031236614695,2.061786606441115,7.894935085230276,-0.31179438289194367,0.012415069477412,0.4663067084482515,0.2647058823529412,0.3093389088012744,0.5695188066134625,255.0,0.026901960784313728,0.664235294117647,0,2022-07-07,1527,18.0,0.07058823529411765,Ishaan Iyer,33.0,Female,Jaipur,2022-07-07,255.0,18.0,4.28,0,Med
T00637,R0097,Zone_9,10.43,91.42,172.22,Cash,2023-06-23,0,0,Friday,June,5.1545624629028985,2.4362414778067194,9.561380653441217,0.49049039527489763,0.82110843721498,0.5019894735038193,0.40286377708978327,0.45415173237753886,0.579082062161161,478.0,0.021820083682008367,0.3602928870292887,0,2021-01-25,2055,5.0,0.010460251046025104,Aarav Iyer,23.0,Other,Bengaluru,2021-01-25,478.0,5.0,3.28,2,High
T00638,R0074,Zone_10,11.35,102.24,272.71,Cash,2024-07-10,0,0,Wednesday,July,5.612069151732869,2.513656063073986,10.11137972781163,0.6972416546344198,1.121901226452535,1.7645813961918464,0.43846749226006193,0.5080147351652727,0.9174664107485604,199.0,0.057035175879396986,1.3704020100502512,0,2023-09-11,1096,22.0,0.11055276381909548,Vivaan Ghosh,23.0,Male,Kolkata,2023-09-11,199.0,22.0,4.89,1,Med
T00639,R0291,Zone_2,6.36,52.12,77.79,Wallet,2023-09-19,0,0,Tuesday,September,4.366786085257597,1.9960599327407849,7.219418259112018,-0.42415919776124916,-0.2714199007735529,-0.6844624645938064,0.24535603715170282,0.2585125448028674,0.2611038152001886,499.0,0.012745490981963929,0.1558917835671343,0,2021-04-19,1971,94.0,0.18837675350701402,Arjun Ghosh,23.0,Other,Pune,2021-04-19,499.0,94.0,3.46,2,High
T00640,R0105,Zone_2,13.06,111.2,238.26,Cash,2023-12-14,0,0,Thursday,December,5.477550826742758,2.643333886382519,10.545141061171254,1.0815293214874449,1.370986567632618,1.331739404584696,0.5046439628482973,0.5526184786937476,0.8014614270801764,346.0,0.037745664739884395,0.6886127167630057,0,2020-09-28,2174,9.0,0.02601156069364162,Diya Das,31.0,Female,Jaipur,2020-09-28,346.0,9.0,3.69,0,High
T00641,R0298,Zone_2,7.84,51.89,109.17,Cash,2024-08-07,0,0,Wednesday,August,4.702024627351974,2.179286876649552,7.2034713853808015,-0.09155934574810494,-0.27781383252259506,-0.29019303943756913,0.3026315789473684,0.25736758263639986,0.3667710543152507,65.0,0.12061538461538461,1.6795384615384616,0,2020-03-25,2361,11.0,0.16923076923076924,Vivaan Singh,35.0,Female,Ahmedabad,2020-03-25,65.0,11.0,3.88,0,Low
T00642,R0064,Zone_6,4.43,26.39,92.16,Cash,2024-06-01,0,0,Saturday,June,4.53431844501614,1.691939133945844,5.137119815616529,-0.8578873831567686,-0.9867062655685895,-0.5039126991541911,0.1706656346749226,0.13042612504978096,0.3094925413341415,214.0,0.02070093457943925,0.43065420560747664,0,2023-09-30,1077,2.0,0.009345794392523364,Ishaan Nair,21.0,Female,Bengaluru,2023-09-30,214.0,2.0,4.21,0,Med
T00643,R0216,Zone_2,2.44,13.98,20.76,Cash,2023-01-13,0,0,Friday,January,3.080073421987742,1.235471471385307,3.7389838191679834,-1.3050993463366047,-1.331700582984307,-1.4010075671005056,0.09365325077399382,0.06864794902429311,0.0690642152405967,335.0,0.007283582089552238,0.06197014925373135,0,2019-08-01,2598,24.0,0.07164179104477612,Ishaan Ghosh,44.0,Female,Chennai,2019-08-01,335.0,24.0,3.4,0,High
T00644,R0113,Zone_3,1.73,14.83,27.56,Cash,2023-01-07,0,0,Saturday,January,3.3520071374713836,1.0043016091968684,3.850973902793941,-1.4646573834510184,-1.308070835216107,-1.315569960629428,0.06617647058823531,0.07287933094384708,0.09196215105902951,423.0,0.004089834515366431,0.06515366430260047,0,2019-03-09,2743,26.0,0.061465721040189124,Aadhya Singh,26.0,Other,Chennai,2019-03-09,423.0,26.0,4.61,2,High
T00645,R0115,Zone_1,12.8,66.54,204.15,Credit Card,2024-02-23,0,0,Friday,February,5.323741418888195,2.624668592163159,8.157205403813245,1.023099617755406,0.12945182018814308,0.9031692933010997,0.4945820433436533,0.3302966945440064,0.686601340202714,170.0,0.07529411764705883,1.2008823529411765,0,2020-03-01,2385,15.0,0.08823529411764706,Aarav Ghosh,40.0,Female,Bengaluru,2020-03-01,170.0,15.0,4.4,0,Med
T00646,R0174,Zone_7,12.15,64.55,263.3,UPI,2024-02-10,0,0,Saturday,February,5.577084821610244,2.5764217586237734,8.034301463101817,0.8770253584253088,0.07413041070729855,1.6463508260605466,0.4694272445820434,0.32039028275587417,0.8857797083880526,320.0,0.03796875,0.8228125000000001,0,2019-02-07,2773,7.0,0.021875,Aadhya Patel,32.0,Male,Kolkata,2019-02-07,320.0,7.0,3.8,1,Med
T00647,R0056,Zone_6,4.12,38.92,80.46,UPI,2024-02-10,0,0,Saturday,February,4.400112102220266,1.6331544390514163,6.238589584192889,-0.927553568375738,-0.6383759837620675,-0.6509156397000159,0.1586687306501548,0.1928016726403823,0.27009462235242615,93.0,0.04430107526881721,0.8651612903225806,0,2021-02-26,2023,13.0,0.13978494623655913,Meera Patel,40.0,Other,Hyderabad,2021-02-26,93.0,13.0,3.25,2,Low
T00648,R0110,Zone_8,13.89,96.27,200.61,Cash,2023-03-20,0,0,Monday,March,5.30633513814162,2.7006898466959175,9.81172767661231,1.268054914170492,0.9559369980100022,0.8586914805205683,0.536764705882353,0.47829549980087616,0.6746809442031182,224.0,0.062008928571428576,0.8955803571428572,0,2023-02-04,1315,28.0,0.125,Vivaan Patel,19.0,Female,Kolkata,2023-02-04,224.0,28.0,4.43,0,Med
T00649,R0278,Zone_10,8.51,72.63,199.06,Wallet,2024-07-30,0,0,Tuesday,July,5.2986173215570345,2.252343876557299,8.522323626805074,0.05900950617676445,0.2987520130214803,0.8392167319867196,0.3285603715170279,0.3606133014735165,0.6694615617739166,382.0,0.022277486910994765,0.5210994764397906,0,2021-09-02,1835,58.0,0.1518324607329843,Aarav Reddy,20.0,Female,Mumbai,2021-09-02,382.0,58.0,4.27,0,High
T00650,R0183,Zone_3,5.89,52.13,120.01,Cash,2023-02-09,0,0,Thursday,February,4.7958731868099616,1.9300710850255671,7.220110802473879,-0.5297821237383965,-0.2711419037409857,-0.15399544323955716,0.22716718266253869,0.25856232576662685,0.4032730578846348,406.0,0.014507389162561576,0.2955911330049261,0,2022-08-27,1476,66.0,0.1625615763546798,Arjun Patel,43.0,Other,Jaipur,2022-08-27,406.0,66.0,3.79,2,High
T00651,R0253,Zone_9,4.54,40.37,36.81,Cash,2023-09-16,0,0,Saturday,September,3.6325736179028416,1.7119945007591924,6.353739056650029,-0.8331671238855214,-0.5980664140398444,-1.199349687120977,0.17492260061919504,0.20001991238550376,0.1231100784591036,173.0,0.02624277456647399,0.21277456647398846,0,2021-08-19,1849,24.0,0.13872832369942195,Ishaan Gupta,26.0,Male,Surat,2021-08-19,173.0,24.0,3.16,1,Med
T00652,R0051,Zone_2,4.11,36.54,92.07,Cash,2024-03-14,0,0,Thursday,March,4.533351898197619,1.631199404215613,6.044832503882965,-0.9298008646731241,-0.7045392775130271,-0.5050434910045437,0.15828173374613005,0.1809538032656312,0.3091894804188975,213.0,0.019295774647887325,0.4322535211267605,0,2020-04-05,2350,14.0,0.06572769953051644,Aarav Nair,21.0,Male,Kolkata,2020-04-05,213.0,14.0,4.02,1,Med
T00653,R0076,Zone_7,10.36,60.83,106.01,Wallet,2023-10-31,0,0,Tuesday,October,4.67292228803891,2.4300984132930052,7.7993589480161765,0.4747593211931948,-0.0292844854076465,-0.3298963977388345,0.4001547987616099,0.3018717642373556,0.35613024884668487,137.0,0.07562043795620438,0.7737956204379562,0,2022-01-02,1713,13.0,0.0948905109489051,Reyansh Reddy,40.0,Male,Bengaluru,2022-01-02,137.0,13.0,3.34,1,Low
T00654,R0091,Zone_6,11.25,78.11,193.37,Credit Card,2024-07-13,0,0,Saturday,July,5.269763559129975,2.505525936990736,8.83798619596116,0.6747686916605588,0.45109438686822745,0.7677255583366562,0.43459752321981426,0.38789326961369974,0.6503013772434926,334.0,0.033682634730538924,0.5789520958083832,0,2022-04-16,1609,43.0,0.12874251497005987,Meera Das,41.0,Other,Surat,2022-04-16,334.0,43.0,3.4,2,High
T00655,R0299,Zone_4,9.19,69.59,159.7,Wallet,2023-12-19,0,0,Tuesday,December,5.0795392727434665,2.321406847234633,8.342062095189654,0.2118256543990199,0.21424091512109528,0.34468376276589396,0.35487616099071206,0.3454798884906412,0.5369229215072229,457.0,0.02010940919037199,0.34945295404814003,0,2020-09-04,2198,0.0,0.0,Ishaan Gupta,33.0,Other,Kolkata,2020-09-04,457.0,0.0,3.92,2,High
T00656,R0073,Zone_10,2.25,11.5,41.0,Credit Card,2023-02-08,0,0,Wednesday,February,3.7376696182833684,1.1786549963416462,3.391164991562634,-1.3477979759869407,-1.400643847060937,-1.1467050443101219,0.08630030959752323,0.05630227001194743,0.13721924773546149,490.0,0.004591836734693878,0.0836734693877551,0,2021-06-19,1910,30.0,0.061224489795918366,Meera Das,41.0,Other,Ahmedabad,2021-06-19,490.0,30.0,3.01,2,High
T00657,R0101,Zone_6,9.48,67.16,153.7,Credit Card,2023-07-18,0,0,Tuesday,July,5.04148775757902,2.349468678892896,8.19512049941915,0.2769972470232173,0.14668763620730033,0.26929763940906076,0.36609907120743035,0.3333831142970928,0.5167188604909586,228.0,0.041578947368421056,0.6741228070175438,0,2020-11-01,2140,29.0,0.12719298245614036,Aarav Singh,37.0,Female,Delhi,2020-11-01,228.0,29.0,3.03,0,Med
T00658,R0034,Zone_4,10.83,85.4,175.44,UPI,2024-06-29,0,0,Saturday,June,5.172980875236739,2.4706386779902956,9.241212041718338,0.5803822471703421,0.6537542236096119,0.542446693038653,0.418343653250774,0.4241835921943449,0.5899249082398895,484.0,0.02237603305785124,0.36247933884297523,0,2019-04-23,2698,48.0,0.09917355371900827,Arjun Iyer,26.0,Other,Chennai,2019-04-23,484.0,48.0,3.1,2,High
T00659,R0235,Zone_8,4.65,41.2,54.67,Cash,2023-03-24,0,0,Friday,March,4.019441402195416,1.7316555451583497,6.418722614352485,-0.8084468646142741,-0.5749926603367785,-0.9749503265954702,0.1791795665634675,0.20415173237753884,0.1832508334175169,284.0,0.01637323943661972,0.1925,0,2021-02-15,2034,8.0,0.028169014084507043,Aarav Ghosh,34.0,Other,Delhi,2021-02-15,284.0,8.0,4.06,2,Med
T00660,R0298,Zone_4,8.22,44.79,124.91,Credit Card,2023-05-08,0,0,Monday,May,4.835567366013609,2.2213750375685026,6.692533152700851,-0.006162086447432565,-0.47519172564520534,-0.0924301091648102,0.31733746130030965,0.22202309836718437,0.4197730410479173,65.0,0.12646153846153846,1.9216923076923076,0,2020-03-25,2361,11.0,0.16923076923076924,Vivaan Singh,35.0,Female,Ahmedabad,2020-03-25,65.0,11.0,3.88,0,Low
T00661,R0232,Zone_1,1.32,10.7,16.12,Cash,2024-05-24,0,0,Friday,May,2.840247370713596,0.8415671856782186,3.271085446759225,-1.5567965316438488,-1.4228836096663016,-1.4593061691631233,0.05030959752321982,0.05231979291119076,0.05343974138801899,172.0,0.007674418604651163,0.09372093023255815,0,2022-12-08,1373,15.0,0.0872093023255814,Meera Das,38.0,Male,Jaipur,2022-12-08,172.0,15.0,3.94,1,Med
T00662,R0263,Zone_1,1.85,9.39,39.72,UPI,2023-11-22,0,0,Wednesday,November,3.7067193722422673,1.0473189942805592,3.0643106892089125,-1.437689827882385,-1.459301220932586,-1.162787417292913,0.07082043343653252,0.04579848665870172,0.13290904805199177,297.0,0.006228956228956229,0.13373737373737374,0,2020-12-30,2081,21.0,0.0707070707070707,Ishaan Das,31.0,Other,Chennai,2020-12-30,297.0,21.0,3.84,2,Med
T00663,R0219,Zone_1,6.38,39.23,98.44,Wallet,2023-05-12,0,0,Friday,May,4.599554447202456,1.998773638612381,6.263385665915839,-0.4196646051664771,-0.6297580757524889,-0.4250085567073725,0.24613003095975233,0.1943448825169255,0.3306394585311648,498.0,0.012811244979919678,0.1976706827309237,0,2021-04-13,1977,83.0,0.16666666666666666,Vivaan Sharma,25.0,Female,Pune,2021-04-13,498.0,83.0,4.15,0,High
T00664,R0164,Zone_1,6.45,40.09,156.9,Wallet,2024-05-09,0,0,Thursday,May,5.061961921261596,2.0082140323914683,6.331666447310692,-0.4039335310847742,-0.6058503309517219,0.30950357186603866,0.2488390092879257,0.19862604540023895,0.527494359699633,249.0,0.025903614457831327,0.6301204819277109,0,2022-07-06,1528,23.0,0.09236947791164658,Aadhya Ghosh,37.0,Other,Ahmedabad,2022-07-06,249.0,23.0,4.02,2,Med
T00665,R0068,Zone_6,9.76,72.89,188.8,Cash,2023-03-14,0,0,Tuesday,March,5.245970886175828,2.3758355547336385,8.537564055396597,0.3399215433500282,0.3059799358682239,0.710306461046535,0.37693498452012386,0.36190760653126247,0.6349126174361047,456.0,0.021403508771929824,0.41403508771929826,0,2022-08-31,1472,70.0,0.15350877192982457,Meera Singh,30.0,Female,Ahmedabad,2022-08-31,456.0,70.0,4.97,0,High
T00666,R0078,Zone_6,2.07,20.62,19.63,UPI,2023-10-30,0,0,Monday,October,3.0267463270831603,1.1216775615991057,4.540925015897091,-1.3882493093398907,-1.1471105533597814,-1.4152052869993759,0.0793343653250774,0.10170250896057348,0.06525911708253358,97.0,0.02134020618556701,0.20237113402061854,0,2023-01-02,1348,9.0,0.09278350515463918,Saanvi Sharma,30.0,Other,Jaipur,2023-01-02,97.0,9.0,3.62,2,Low
T00667,R0169,Zone_8,6.29,59.47,147.72,Cash,2024-03-28,0,0,Thursday,March,5.0020653434131885,1.986503546020567,7.71167945391923,-0.439890271842952,-0.06709208183676618,0.19416280313008388,0.2426470588235294,0.2951015531660693,0.4965821463447486,497.0,0.012655935613682093,0.2972233400402414,0,2023-02-21,1298,81.0,0.16297786720321933,Reyansh Kumar,32.0,Male,Delhi,2023-02-21,497.0,81.0,4.19,1,High
T00668,R0131,Zone_10,5.55,47.04,109.67,UPI,2023-04-12,0,0,Wednesday,April,4.706552800276694,1.8794650496471605,6.858571279792899,-0.6061901978495242,-0.4126423933176176,-0.28391086249116637,0.2140092879256966,0.2332238152130625,0.36845472606660606,99.0,0.05606060606060606,1.1077777777777778,0,2019-10-22,2516,7.0,0.0707070707070707,Reyansh Ghosh,24.0,Male,Surat,2019-10-22,99.0,7.0,3.6,1,Low
T00669,R0079,Zone_5,10.64,67.67,180.0,Credit Card,2024-06-22,0,0,Saturday,June,5.198497031265826,2.454447442303292,8.226177727231525,0.5376836175200062,0.16086548486822036,0.5997401467898462,0.41099071207430343,0.3359219434488252,0.6052799946122503,146.0,0.07287671232876712,1.2328767123287672,0,2020-09-23,2179,28.0,0.1917808219178082,Ishaan Nair,25.0,Male,Bengaluru,2020-09-23,146.0,28.0,4.92,1,Low
T00670,R0225,Zone_2,15.11,116.09,132.56,Wallet,2024-03-19,0,0,Tuesday,March,4.894550815075454,2.779440197188883,10.774506949276148,1.5422250624515972,1.5069271165579088,0.003687198115152144,0.5839783281733746,0.5769613699721227,0.4455332188436542,465.0,0.032494623655913976,0.2850752688172043,0,2020-06-15,2279,9.0,0.01935483870967742,Ishaan Sharma,39.0,Female,Delhi,2020-06-15,465.0,9.0,4.08,0,High
T00671,R0083,Zone_5,16.6,148.36,220.66,Credit Card,2023-11-30,0,0,Thursday,November,5.401144676347507,2.8678989020441064,12.18031198286809,1.877072210762128,2.404023540651801,1.110606776071319,0.6416408668730651,0.737604540023895,0.7421961814324679,475.0,0.03494736842105264,0.4645473684210526,0,2021-12-31,1715,39.0,0.08210526315789474,Kavya Patel,45.0,Female,Mumbai,2021-12-31,475.0,39.0,4.4,0,High
T00672,R0033,Zone_4,0.16,1.45,3.59,Wallet,2023-02-08,0,0,Wednesday,February,1.5238800240724537,0.1484200051182733,1.2041594578792296,-1.8174829021406378,-1.6800308647908289,-1.6167375234399766,0.005417956656346749,0.006272401433691756,0.011246927299053775,472.0,0.00033898305084745765,0.00760593220338983,0,2019-05-22,2669,37.0,0.07838983050847458,Diya Iyer,18.0,Female,Chennai,2019-05-22,472.0,37.0,3.24,0,High
T00673,R0226,Zone_7,7.76,47.47,102.43,Wallet,2023-11-25,0,0,Saturday,November,4.638895055389712,2.1701959049483,6.8898476035395735,-0.10953771612719383,-0.40068852091723417,-0.3748767846750783,0.2995356037151703,0.23536439665471923,0.3440751591069805,266.0,0.029172932330827066,0.38507518796992485,0,2021-07-30,1869,2.0,0.007518796992481203,Aarav Iyer,20.0,Other,Surat,2021-07-30,266.0,2.0,3.25,2,Med
T00674,R0155,Zone_9,2.44,16.42,55.16,Credit Card,2023-03-24,0,0,Friday,March,4.028204759717555,1.235471471385307,4.052159917870962,-1.3050993463366047,-1.263869307037945,-0.9687937931879956,0.09365325077399382,0.08079450418160097,0.18490083173384514,353.0,0.0069121813031161475,0.15626062322946174,0,2019-02-10,2770,8.0,0.0226628895184136,Meera Reddy,23.0,Male,Hyderabad,2019-02-10,353.0,8.0,3.14,1,High
T00675,R0299,Zone_5,7.68,47.46,127.94,Credit Card,2023-09-01,0,0,Friday,September,4.859347179882474,2.1610215286722587,6.889121859859935,-0.12751608650628274,-0.4009665179498012,-0.05436011686960944,0.2964396284829721,0.23531461569095977,0.4299760918611307,457.0,0.016805251641137855,0.2799562363238512,0,2020-09-04,2198,0.0,0.0,Ishaan Gupta,33.0,Other,Kolkata,2020-09-04,457.0,0.0,3.92,2,High
T00676,R0222,Zone_5,10.11,73.39,124.06,Wallet,2024-04-22,0,0,Monday,April,4.828793622139152,2.4078456036515385,8.566796367370944,0.41857691375854206,0.31987978749657675,-0.10310980997369483,0.3904798761609907,0.3643966547192354,0.4169107990706132,475.0,0.021284210526315787,0.26117894736842107,0,2022-08-28,1475,12.0,0.02526315789473684,Aarav Singh,27.0,Male,Surat,2022-08-28,475.0,12.0,3.44,1,High
T00677,R0237,Zone_5,8.41,50.53,176.08,Credit Card,2023-12-01,0,0,Friday,December,5.17660160786394,2.2417729535972883,7.108445681019163,0.03653654320290342,-0.3156214289517148,0.5504878795300487,0.3246904024767802,0.2505973715651135,0.5920800080816244,36.0,0.2336111111111111,4.891111111111112,0,2022-12-13,1368,3.0,0.08333333333333333,Aadhya Nair,40.0,Male,Chennai,2022-12-13,36.0,3.0,3.71,1,Low
T00678,R0285,Zone_5,7.75,65.69,99.93,Credit Card,2023-02-19,0,0,Sunday,February,4.614427207250769,2.169053700369523,8.104936767180853,-0.1117850124245799,0.10582207241994301,-0.4062876694070921,0.2991486068111455,0.32606531262445243,0.33565680035020373,244.0,0.031762295081967214,0.40954918032786886,0,2019-01-10,2801,16.0,0.06557377049180328,Diya Iyer,29.0,Female,Chennai,2019-01-10,244.0,16.0,4.97,0,Med
T00679,R0247,Zone_4,15.42,104.22,297.22,Wallet,2023-10-22,0,0,Sunday,October,5.697831469162762,2.7985001040242823,10.208819716304133,1.6118912476705667,1.1769446389008122,2.0725337101045103,0.5959752321981424,0.5178713659896456,1.0,249.0,0.06192771084337349,1.1936546184738956,0,2021-05-11,1949,47.0,0.18875502008032127,Aadhya Das,37.0,Male,Bengaluru,2021-05-11,249.0,47.0,4.92,1,Med
T00680,R0093,Zone_5,11.6,84.1,156.54,Wallet,2024-05-14,0,0,Tuesday,May,5.059679394275178,2.533696813957432,9.1706052144883,0.7534240620690725,0.6176146093758942,0.30498040446462854,0.4481424148606811,0.4177120669056153,0.526282116038657,119.0,0.09747899159663866,1.3154621848739496,0,2019-05-30,2661,18.0,0.15126050420168066,Diya Patel,33.0,Other,Surat,2019-05-30,119.0,18.0,3.77,2,Low
T00681,R0288,Zone_2,6.64,65.31,66.38,Wallet,2023-08-13,0,0,Sunday,August,4.2103482379784065,2.033397603178429,8.08146026408594,-0.3612349014344382,0.095258185182395,-0.8278217425107176,0.2561919504643963,0.324173636001593,0.22268242583425932,43.0,0.15441860465116278,1.543720930232558,0,2021-08-30,1838,5.0,0.11627906976744186,Diya Ghosh,42.0,Male,Ahmedabad,2021-08-30,43.0,5.0,4.56,1,Low
T00682,R0263,Zone_4,8.12,48.79,66.14,Credit Card,2024-07-02,0,0,Tuesday,July,4.206779991551889,2.21046980408624,6.984983894040129,-0.02863504942129399,-0.3639929126183827,-0.8308371874449909,0.3134674922600619,0.24193548387096772,0.22187426339360877,297.0,0.027340067340067338,0.2226936026936027,0,2020-12-30,2081,21.0,0.0707070707070707,Ishaan Das,31.0,Other,Chennai,2020-12-30,297.0,21.0,3.84,2,Med
T00683,R0143,Zone_3,12.35,76.72,167.95,Wallet,2024-02-16,0,0,Friday,February,5.129602813160299,2.5915163848462583,8.758995376183275,0.9219712843730308,0.41245279934140655,0.44833968238153954,0.4771671826625387,0.380973715651135,0.5647035054045862,74.0,0.16689189189189188,2.2695945945945946,0,2023-03-28,1263,13.0,0.17567567567567569,Meera Kumar,42.0,Other,Kolkata,2023-03-28,74.0,13.0,4.56,2,Low
T00684,R0129,Zone_8,11.05,109.43,172.84,Credit Card,2024-06-24,0,0,Monday,June,5.158135335948174,2.489064659936664,10.460879504133484,0.6298227657128367,1.3217810928682492,0.5097793729173588,0.42685758513931893,0.5438072481083234,0.5811698151328417,158.0,0.06993670886075949,1.0939240506329113,0,2022-10-08,1434,10.0,0.06329113924050633,Vivaan Singh,35.0,Male,Hyderabad,2022-10-08,158.0,10.0,3.9,1,Low
T00685,R0293,Zone_1,5.87,55.88,88.65,Cash,2024-08-11,0,0,Sunday,August,4.495913200051142,1.927164106234258,7.475292636412303,-0.5342767163331686,-0.16689301652833943,-0.5480135813179384,0.22639318885448917,0.2772301871764238,0.2976731656396269,248.0,0.023669354838709678,0.35745967741935486,0,2019-10-01,2537,44.0,0.1774193548387097,Arjun Kumar,39.0,Female,Delhi,2019-10-01,248.0,44.0,3.2,0,Med
T00686,R0183,Zone_6,0.88,5.24,15.53,Cash,2023-01-26,0,0,Thursday,January,2.805176911832933,0.6312717768418579,2.2891046284519194,-1.6556775687288379,-1.5746699894479144,-1.4667191379598785,0.033281733746130034,0.025139386698526483,0.05145300872141967,406.0,0.002167487684729064,0.038251231527093595,0,2022-08-27,1476,66.0,0.1625615763546798,Arjun Patel,43.0,Other,Jaipur,2022-08-27,406.0,66.0,3.79,2,High
T00687,R0011,Zone_10,2.08,18.39,45.79,Credit Card,2023-06-28,0,0,Wednesday,June,3.845669504878125,1.1249295969854831,4.288356328478313,-1.3860020130425046,-1.209103891622235,-1.0865217891635834,0.07972136222910219,0.09060135404221427,0.15334882311344578,208.0,0.01,0.22014423076923076,0,2020-04-14,2341,34.0,0.16346153846153846,Vivaan Nair,26.0,Male,Chennai,2020-04-14,208.0,34.0,4.0,1,Med
T00688,R0240,Zone_1,8.73,81.6,82.5,Cash,2023-12-16,0,0,Saturday,December,4.42484663185681,2.2752138961979136,9.033271832508971,0.10845002471925902,0.54811535123413,-0.6252843577586925,0.33707430340557276,0.4052668259657507,0.27696400309795605,174.0,0.05017241379310345,0.47413793103448276,0,2020-05-18,2307,2.0,0.011494252873563218,Aarav Iyer,30.0,Male,Delhi,2020-05-18,174.0,2.0,4.07,1,Med
T00689,R0023,Zone_9,0.93,5.95,23.2,Wallet,2023-03-31,0,0,Friday,March,3.186352633162641,0.6575200029167941,2.4392621835300936,-1.6444410872419073,-1.5549322001356534,-1.3703505436020602,0.035216718266253874,0.02867383512544803,0.07728053338721082,176.0,0.005284090909090909,0.1318181818181818,0,2019-10-09,2529,32.0,0.18181818181818182,Meera Iyer,24.0,Other,Jaipur,2019-10-09,176.0,32.0,3.21,2,Med
T00690,R0139,Zone_7,7.24,42.34,63.2,UPI,2024-04-12,0,0,Friday,April,4.162003210695915,2.1090003439213802,6.5069193939989765,-0.22639712359127148,-0.5433009986241342,-0.8677763878898391,0.27941176470588236,0.2098267622461171,0.21197427349563927,155.0,0.04670967741935484,0.407741935483871,0,2023-10-09,1068,7.0,0.04516129032258064,Diya Gupta,44.0,Other,Kolkata,2023-10-09,155.0,7.0,4.39,2,Low
T00691,R0233,Zone_9,5.73,45.95,133.37,Credit Card,2024-08-03,0,0,Saturday,August,4.9005971888873185,1.9065751436566365,6.7786429320329304,-0.5657388644965741,-0.4429440698674267,0.013864324768324648,0.22097523219814244,0.22779769016328155,0.44826076708084994,469.0,0.012217484008528786,0.2843710021321962,0,2023-11-23,1023,41.0,0.08742004264392324,Ishaan Iyer,30.0,Other,Hyderabad,2023-11-23,469.0,41.0,4.37,2,High
T00692,R0100,Zone_8,13.0,103.45,297.22,Cash,2023-09-29,0,0,Friday,September,5.697831469162762,2.6390573296152584,10.171037311896953,1.068045543703128,1.155538867393149,2.0725337101045103,0.5023219814241486,0.5140382317801673,1.0,383.0,0.033942558746736295,0.7760313315926893,0,2021-05-24,1936,60.0,0.1566579634464752,Ishaan Gupta,28.0,Male,Delhi,2021-05-24,383.0,60.0,3.79,1,High
T00693,R0007,Zone_8,1.4100000000000001,10.2,30.52,Cash,2024-05-08,0,0,Wednesday,May,3.4506222649896783,0.8796267475025636,3.1937438845342623,-1.536570864967374,-1.4367834612946544,-1.2783794731067237,0.053792569659442735,0.04983074472321784,0.10192948782705322,458.0,0.0030786026200873367,0.06663755458515283,0,2021-03-26,1995,82.0,0.17903930131004367,Ishaan Ghosh,18.0,Female,Mumbai,2021-03-26,458.0,82.0,4.03,0,High
T00694,R0139,Zone_10,1.6600000000000001,12.39,22.71,Credit Card,2024-01-02,0,0,Tuesday,January,3.165896900077314,0.9783261227936078,3.5199431813596083,-1.480388457532721,-1.375902111162469,-1.3765070770095347,0.06346749226006193,0.06073277578653923,0.07563053507088258,155.0,0.01070967741935484,0.14651612903225808,0,2023-10-09,1068,7.0,0.04516129032258064,Diya Gupta,44.0,Other,Kolkata,2023-10-09,155.0,7.0,4.39,2,Low
T00695,R0210,Zone_3,5.9,41.55,120.7,Cash,2023-07-07,0,0,Friday,July,4.801558999993482,1.9315214116032138,6.445928947793328,-0.5275348274410102,-0.5652627641969318,-0.14532603905352137,0.22755417956656349,0.20589406610911984,0.4055965249015052,94.0,0.06276595744680852,1.2840425531914894,0,2022-01-02,1713,5.0,0.05319148936170213,Meera Iyer,34.0,Other,Mumbai,2022-01-02,94.0,5.0,3.4,2,Low
T00696,R0212,Zone_5,11.17,61.83,259.1,UPI,2023-05-30,0,0,Tuesday,May,5.5610661724546055,2.498973906999436,7.863205453248694,0.6567903212814699,-0.0014847821509408336,1.5935805397107636,0.43150154798761614,0.3068498606133015,0.8716368656766676,73.0,0.15301369863013697,3.549315068493151,0,2023-09-11,1096,12.0,0.1643835616438356,Aadhya Iyer,36.0,Female,Ahmedabad,2023-09-11,73.0,12.0,3.22,0,Low
T00697,R0020,Zone_10,13.35,124.39,176.41,Cash,2023-06-27,0,0,Tuesday,June,5.178463438072558,2.66374994220563,11.153026495081951,1.1467009141116418,1.7376646535885656,0.5546341163146744,0.5158668730650154,0.6182795698924731,0.593191231437519,274.0,0.04872262773722628,0.6438321167883212,0,2019-09-17,2551,21.0,0.07664233576642336,Diya Das,35.0,Female,Chennai,2019-09-17,274.0,21.0,4.03,0,Med
T00698,R0225,Zone_8,3.45,32.28,76.58,UPI,2023-08-29,0,0,Tuesday,August,4.351309662011821,1.4929040961781488,5.681549084536717,-1.0781224203006072,-0.8229660133865931,-0.6996653328041013,0.13273993808049536,0.15974711270410194,0.2570293295619086,465.0,0.007419354838709678,0.16468817204301076,0,2020-06-15,2279,9.0,0.01935483870967742,Ishaan Sharma,39.0,Female,Delhi,2020-06-15,465.0,9.0,4.08,0,High
T00699,R0008,Zone_1,10.35,92.59,230.94,UPI,2023-10-31,0,0,Tuesday,October,5.446478717528557,2.4292177439274116,9.622369770487934,0.47251202489580874,0.8536340900253255,1.2397683340893597,0.39976780185758515,0.4599761051373955,0.776812472640334,215.0,0.04813953488372093,1.0741395348837208,0,2022-10-01,1441,23.0,0.10697674418604651,Ishaan Ghosh,28.0,Female,Jaipur,2022-10-01,215.0,23.0,4.02,0,Med
T00700,R0057,Zone_5,2.44,14.61,25.52,UPI,2024-01-19,0,0,Friday,January,3.277899165317662,1.235471471385307,3.8223029707232783,-1.3050993463366047,-1.3141867699325824,-1.3412012425707514,0.09365325077399382,0.07178414974113899,0.08509277031349967,407.0,0.005995085995085995,0.0627027027027027,0,2023-06-04,1195,11.0,0.02702702702702703,Aadhya Reddy,39.0,Male,Bengaluru,2023-06-04,407.0,11.0,3.66,1,High
T00701,R0185,Zone_3,4.26,26.43,98.86,Credit Card,2023-09-16,0,0,Saturday,September,4.603769205072463,1.6601310267496185,5.141011573610781,-0.8960914202123325,-0.9855942774383214,-0.4197315280723941,0.16408668730650156,0.13062524890481877,0.33205374280230326,201.0,0.021194029850746268,0.4918407960199005,0,2021-08-27,1841,12.0,0.05970149253731343,Vivaan Sharma,27.0,Male,Delhi,2021-08-27,201.0,12.0,4.05,1,Med
T00702,R0166,Zone_9,10.84,82.23,127.69,Cash,2024-07-11,0,0,Thursday,July,4.857406411505574,2.4714836294558595,9.068075870878012,0.5826295434677282,0.5656291642858549,-0.05750120534281082,0.41873065015479877,0.4084030266825966,0.4291342559854531,349.0,0.031060171919770774,0.36587392550143266,0,2021-03-16,2005,63.0,0.18051575931232092,Reyansh Sharma,24.0,Other,Chennai,2021-03-16,349.0,63.0,4.29,2,High
T00703,R0169,Zone_6,11.59,84.56,254.99,Wallet,2023-04-12,0,0,Wednesday,April,5.545138381216603,2.532902848056256,9.19565114605812,0.7511767657716865,0.6304024728739791,1.5419410452113327,0.44775541795665635,0.4200019912385504,0.8577970838805267,497.0,0.023319919517102616,0.5130583501006036,0,2023-02-21,1298,81.0,0.16297786720321933,Reyansh Kumar,32.0,Male,Delhi,2023-02-21,497.0,81.0,4.19,1,High
T00704,R0269,Zone_8,3.0,15.1,55.4,Wallet,2023-11-03,0,0,Friday,November,4.032469158504013,1.3862943611198906,3.8858718455450894,-1.1792507536829824,-1.3005649153367964,-0.9657783482537222,0.11532507739938082,0.07422341696535245,0.1857089941744957,423.0,0.0070921985815602835,0.1309692671394799,0,2019-05-19,2672,16.0,0.037825059101654845,Aadhya Sharma,41.0,Male,Mumbai,2019-05-19,423.0,16.0,3.41,1,High
T00705,R0268,Zone_10,10.37,72.86,110.81,Cash,2023-07-31,0,0,Monday,July,4.716801002159277,2.4309783077624445,8.53580693314932,0.4770066174905809,0.3051459447705227,-0.26958749905336804,0.40054179566563464,0.3617582636399841,0.37229349765969627,10.0,1.037,11.081,0,2022-10-16,1426,0.0,0.0,Ishaan Kumar,34.0,Male,Chennai,2022-10-16,10.0,0.0,4.6,1,Low
T00706,R0290,Zone_5,1.34,7.33,25.26,Cash,2023-09-16,0,0,Saturday,September,3.26804686887465,0.8501509293696101,2.7073972741361767,-1.5523019390490767,-1.5165686096413995,-1.3444679745828807,0.05108359133126936,0.035543608124253286,0.08421726100279489,169.0,0.007928994082840236,0.1494674556213018,0,2020-05-06,2319,4.0,0.023668639053254437,Saanvi Kumar,34.0,Other,Chennai,2020-05-06,169.0,4.0,4.28,2,Med
T00707,R0147,Zone_8,6.99,65.49,96.35,Credit Card,2023-11-13,0,0,Monday,November,4.578312731818208,2.0781907597781832,8.092589202474075,-0.28257953102592426,0.10026213176860181,-0.45126805634333605,0.26973684210526316,0.3250696933492632,0.32360171061049936,239.0,0.029246861924686195,0.4031380753138075,0,2022-08-29,1474,21.0,0.08786610878661087,Saanvi Nair,35.0,Other,Mumbai,2022-08-29,239.0,21.0,3.91,2,Med
T00708,R0127,Zone_3,2.33,15.08,27.27,UPI,2023-02-27,0,0,Monday,February,3.341801171705499,1.2029723039923526,3.8832975677895196,-1.3298196056078517,-1.3011209094019307,-1.3192136232583418,0.08939628482972138,0.07412385503783353,0.09098562144324342,43.0,0.05418604651162791,0.6341860465116279,0,2020-03-17,2369,2.0,0.046511627906976744,Vivaan Kumar,38.0,Male,Chennai,2020-03-17,43.0,2.0,4.83,1,Low
T00709,R0120,Zone_5,3.96,21.4,34.72,Wallet,2024-05-01,0,0,Wednesday,May,3.575710756008298,1.601405740736836,4.626013402488151,-0.9635103091339158,-1.125426784819551,-1.2256091867569405,0.15247678018575853,0.10558542413381122,0.11607233053843821,311.0,0.012733118971061093,0.11163987138263665,0,2020-07-12,2252,15.0,0.04823151125401929,Ishaan Gupta,18.0,Other,Surat,2020-07-12,311.0,15.0,4.55,2,Med
T00710,R0104,Zone_6,1.62,8.4,39.64,UPI,2024-02-14,0,0,Wednesday,February,3.7047528032702264,0.9631743177730056,2.898275349237888,-1.4893776427222656,-1.4868229271567246,-1.1637925656043373,0.06191950464396285,0.04087017124651534,0.13263966057177493,328.0,0.0049390243902439025,0.12085365853658536,0,2021-05-27,1933,1.0,0.003048780487804878,Diya Gupta,52.0,Male,Kolkata,2021-05-27,328.0,1.0,3.7,1,High
T00711,R0138,Zone_10,10.77,59.63,129.77,UPI,2023-07-06,0,0,Thursday,July,4.873440054918411,2.4655539212721855,7.722046360907192,0.5668984693860254,-0.06264412931569317,-0.031367349245775174,0.4160216718266254,0.29589804858622065,0.43613833047109135,13.0,0.8284615384615385,9.982307692307693,0,2022-07-28,1506,0.0,0.0,Ishaan Das,46.0,Male,Kolkata,2022-07-28,13.0,0.0,3.53,1,Low
T00712,R0186,Zone_2,10.77,97.47,91.35,Wallet,2024-06-27,0,0,Thursday,June,4.5255857066452485,2.4655539212721855,9.8726896031426,0.5668984693860254,0.9892966419180491,-0.5140898258073636,0.4160216718266254,0.4842692154520112,0.30676499309694577,373.0,0.028873994638069705,0.24490616621983913,0,2020-12-11,2100,19.0,0.05093833780160858,Ishaan Sharma,18.0,Other,Hyderabad,2020-12-11,373.0,19.0,3.26,2,High
T00713,R0155,Zone_5,4.54,30.68,56.41,UPI,2023-04-13,0,0,Thursday,April,4.050218504179545,1.7119945007591924,5.5389529696504916,-0.8331671238855214,-0.8674455385973223,-0.9530883508219887,0.17492260061919504,0.1517821585025886,0.18911001111223352,353.0,0.012861189801699717,0.15980169971671387,0,2019-02-10,2770,8.0,0.0226628895184136,Meera Reddy,23.0,Male,Hyderabad,2019-02-10,353.0,8.0,3.14,1,High
T00714,R0099,Zone_10,9.88,70.11,193.24,Cash,2023-01-25,0,0,Wednesday,January,5.2690945078711335,2.3869262414277967,8.373171442171717,0.3668890989186618,0.22869676081458212,0.7660921923305916,0.38157894736842113,0.34806849860613304,0.6498636225881402,80.0,0.12350000000000001,2.4155,0,2021-08-21,1847,8.0,0.1,Diya Gupta,35.0,Other,Mumbai,2021-08-21,80.0,8.0,3.7,2,Low
T00715,R0085,Zone_4,9.31,81.46,121.48,Credit Card,2024-05-31,0,0,Friday,May,4.807947751349428,2.333114298028869,9.02551937563706,0.23879320996765344,0.5442233927781912,-0.13552584301713305,0.35952012383900933,0.40456989247311825,0.40822305283361954,94.0,0.09904255319148937,1.2923404255319149,0,2022-09-17,1455,12.0,0.1276595744680851,Aadhya Ghosh,29.0,Female,Chennai,2022-09-17,94.0,12.0,4.95,0,Low
T00716,R0202,Zone_4,7.36,39.52,103.51,Wallet,2024-04-23,0,0,Tuesday,April,4.649282760606412,2.1234584270966104,6.286493458200685,-0.19942956802263814,-0.6216961618080441,-0.36130728247084837,0.28405572755417957,0.19578853046594982,0.3477118900899081,317.0,0.023217665615141957,0.3265299684542587,0,2021-10-28,1779,0.0,0.0,Aadhya Reddy,27.0,Male,Ahmedabad,2021-10-28,317.0,0.0,4.72,1,Med
T00717,R0281,Zone_9,18.79,108.29,297.22,Wallet,2024-07-06,0,0,Saturday,July,5.697831469162762,2.9851767596144745,10.406248123122953,2.369230099889686,1.2900894311556046,2.0725337101045103,0.7263931888544892,0.5381322182397452,1.0,268.0,0.07011194029850747,1.1090298507462688,0,2020-10-15,2157,17.0,0.06343283582089553,Arjun Iyer,21.0,Female,Jaipur,2020-10-15,268.0,17.0,4.74,0,Med
T00718,R0019,Zone_5,3.8,22.43,34.99,Cash,2023-07-19,0,0,Wednesday,July,3.5832411220909393,1.5686159179138452,4.736032094485847,-0.9994670498920936,-1.096793090465144,-1.2222168112058829,0.14628482972136223,0.11071286340103545,0.11698151328417011,266.0,0.014285714285714285,0.13154135338345865,0,2023-04-02,1258,24.0,0.09022556390977443,Kavya Patel,40.0,Other,Mumbai,2023-04-02,266.0,24.0,4.08,2,Med
T00719,R0088,Zone_9,8.07,64.32,70.11,UPI,2023-03-30,0,0,Thursday,March,4.2642279738954265,2.2049722641270453,8.019975062305368,-0.039871530908224304,0.06773647895825613,-0.7809567024905529,0.3115325077399381,0.3192453205894066,0.23524261709937028,438.0,0.018424657534246575,0.16006849315068494,0,2019-07-07,2623,0.0,0.0,Diya Iyer,22.0,Other,Jaipur,2019-07-07,438.0,0.0,4.78,2,High
T00720,R0142,Zone_8,6.09,35.44,97.92,UPI,2024-05-10,0,0,Friday,May,4.594311442653216,1.958685340544036,5.9531504264548865,-0.4848361977906743,-0.7351189510954034,-0.4315420207316313,0.23490712074303405,0.1754778972520908,0.3288884399097552,78.0,0.07807692307692307,1.2553846153846153,0,2021-03-04,2017,5.0,0.0641025641025641,Meera Nair,33.0,Female,Kolkata,2021-03-04,78.0,5.0,3.48,0,Low
T00721,R0236,Zone_8,6.14,39.16,117.18,Wallet,2024-02-14,0,0,Wednesday,February,4.772208885917529,1.965712776351493,6.257795138864806,-0.47359971630374376,-0.6317040549804583,-0.18955256475619678,0.23684210526315788,0.19399641577060928,0.3937434757719635,61.0,0.10065573770491802,1.920983606557377,0,2020-08-10,2223,1.0,0.01639344262295082,Arjun Gupta,28.0,Male,Ahmedabad,2020-08-10,61.0,1.0,3.36,1,Low
T00722,R0068,Zone_10,8.8,66.49,101.39,Wallet,2024-08-05,0,0,Monday,August,4.628789051586725,2.2823823856765264,8.154140052758475,0.12418109880096186,0.12806183502530746,-0.3879437127235961,0.33978328173374617,0.3300477897252091,0.34057312186416133,456.0,0.01929824561403509,0.22234649122807018,0,2022-08-31,1472,70.0,0.15350877192982457,Meera Singh,30.0,Female,Ahmedabad,2022-08-31,456.0,70.0,4.97,0,High
T00723,R0030,Zone_1,6.53,57.16,158.88,Cash,2023-01-23,0,0,Monday,January,5.074423533843123,2.018895041811802,7.560423268574319,-0.3859551607056853,-0.13130939635975633,0.3343809925737935,0.25193498452012386,0.2836021505376344,0.5341616998350002,442.0,0.014773755656108598,0.35945701357466064,0,2021-01-08,2072,58.0,0.13122171945701358,Saanvi Patel,25.0,Other,Mumbai,2021-01-08,442.0,58.0,3.72,2,High
T00724,R0286,Zone_7,3.7,28.26,54.64,Wallet,2023-09-08,0,0,Friday,September,4.018902367055242,1.547562508716013,5.316013544000805,-1.0219400128659546,-0.93472082047855,-0.9753272572122544,0.14241486068111456,0.13973516527279967,0.18314981311243558,29.0,0.12758620689655173,1.8841379310344828,0,2023-02-15,1304,0.0,0.0,Ishaan Nair,26.0,Male,Pune,2023-02-15,29.0,0.0,4.48,1,Low
T00725,R0042,Zone_8,8.62,52.02,140.1,Credit Card,2023-05-08,0,0,Monday,May,4.9494688588587685,2.263844264677615,7.212489168102785,0.08372976544801153,-0.2741998710992233,0.0984224264669057,0.33281733746130027,0.25801473516527285,0.47092298885409295,23.0,0.37478260869565216,6.091304347826087,0,2021-05-20,1940,4.0,0.17391304347826086,Arjun Reddy,18.0,Female,Chennai,2021-05-20,23.0,4.0,3.03,0,Low
T00726,R0095,Zone_4,13.91,106.66,153.83,Wallet,2024-03-11,0,0,Monday,March,5.042327740828745,2.702032128776647,10.327632836231157,1.2725495067652641,1.2447759148471742,0.2709310054151258,0.5375386996904025,0.5300179211469535,0.5171566151463111,481.0,0.02891891891891892,0.31981288981288986,0,2020-10-07,2165,77.0,0.1600831600831601,Kavya Iyer,29.0,Female,Chennai,2020-10-07,481.0,77.0,4.26,0,High
T00727,R0244,Zone_1,12.71,91.86,182.94,Cash,2024-04-12,0,0,Friday,April,5.214609617474552,2.6181254935742233,9.584362263604188,1.002873951078931,0.8333403066479304,0.6366793472346944,0.4910990712074304,0.456342094782955,0.6151799845102198,27.0,0.4707407407407408,6.775555555555555,0,2019-04-22,2699,1.0,0.037037037037037035,Aadhya Iyer,24.0,Female,Kolkata,2019-04-22,27.0,1.0,3.13,0,Low
T00728,R0165,Zone_1,9.02,74.07,124.34,UPI,2023-04-25,0,0,Tuesday,April,4.831030044796529,2.3045830956567186,8.606392972668631,0.17362161734345602,0.33878358571113637,-0.09959179088370926,0.34829721362229105,0.3677817602548785,0.4178536552513722,34.0,0.2652941176470588,3.657058823529412,0,2021-12-09,1737,5.0,0.14705882352941177,Meera Reddy,37.0,Female,Kolkata,2021-12-09,34.0,5.0,3.27,0,Low
T00729,R0150,Zone_2,4.32,25.6,72.15,Credit Card,2024-06-18,0,0,Tuesday,June,4.292512127466133,1.6714733033535532,5.059644256269407,-0.8826076424280157,-1.008668031141387,-0.7553254205492296,0.16640866873065016,0.12649342891278376,0.24211199784490015,215.0,0.020093023255813955,0.33558139534883724,0,2022-02-27,1657,16.0,0.07441860465116279,Ishaan Gupta,33.0,Male,Pune,2022-02-27,215.0,16.0,4.95,1,Med
T00730,R0083,Zone_9,8.93,76.17,169.27,Cash,2023-05-02,0,0,Tuesday,May,5.137385412432552,2.295560478057081,8.727542609463445,0.15339595066698106,0.3971629625502185,0.4649246295200431,0.3448142414860681,0.3782357626443648,0.5691483988281645,475.0,0.0188,0.35635789473684215,0,2021-12-31,1715,39.0,0.08210526315789474,Kavya Patel,45.0,Female,Mumbai,2021-12-31,475.0,39.0,4.4,0,High
T00731,R0235,Zone_1,13.42,107.43,297.22,Wallet,2023-12-01,0,0,Friday,December,5.697831469162762,2.668616131856803,10.36484442719716,1.1624319881933447,1.2661816863548379,2.0725337101045103,0.5185758513931888,0.5338510553564317,1.0,284.0,0.04725352112676056,1.046549295774648,0,2021-02-15,2034,8.0,0.028169014084507043,Aarav Ghosh,34.0,Other,Delhi,2021-02-15,284.0,8.0,4.06,2,Med
T00732,R0144,Zone_4,13.96,82.36,297.22,Credit Card,2023-08-03,0,0,Thursday,August,5.697831469162762,2.7053799725463312,9.075241043630742,1.283785988252195,0.5692431257092265,2.0725337101045103,0.5394736842105263,0.4090501792114695,1.0,194.0,0.07195876288659794,1.5320618556701033,0,2021-01-31,2049,10.0,0.05154639175257732,Ishaan Kumar,34.0,Other,Pune,2021-01-31,194.0,10.0,3.52,2,Med
T00733,R0083,Zone_9,9.8,87.85,105.78,Wallet,2024-06-30,0,0,Sunday,June,4.67077064307204,2.379546134130174,9.372833082905082,0.3489107285395729,0.7218634965885404,-0.33278619913417984,0.37848297213622295,0.43637992831541217,0.3553557598410614,475.0,0.02063157894736842,0.22269473684210528,0,2021-12-31,1715,39.0,0.08210526315789474,Kavya Patel,45.0,Female,Mumbai,2021-12-31,475.0,39.0,4.4,0,High
T00734,R0132,Zone_10,6.18,44.74,54.04,Cash,2023-05-15,0,0,Monday,May,4.008060193625088,1.9712993830601329,6.688796603276257,-0.4646105311141993,-0.47658171080804057,-0.9828658695479379,0.23839009287925697,0.2217741935483871,0.18112940701080915,484.0,0.012768595041322314,0.11165289256198346,0,2022-12-09,1372,25.0,0.05165289256198347,Aadhya Iyer,23.0,Male,Surat,2022-12-09,484.0,25.0,3.32,1,High
T00735,R0046,Zone_5,6.99,49.05,168.24,Cash,2023-09-22,0,0,Friday,September,5.131317825851867,2.0781907597781832,7.003570517957251,-0.28257953102592426,-0.3567649897716393,0.4519833450104534,0.26973684210526316,0.24322978892871364,0.5656800350203725,31.0,0.22548387096774195,5.427096774193549,0,2019-08-16,2583,4.0,0.12903225806451613,Vivaan Singh,31.0,Female,Kolkata,2019-08-16,31.0,4.0,3.87,0,Low
T00736,R0267,Zone_1,11.86,63.25,193.92,Credit Card,2023-02-02,0,0,Thursday,February,5.272589217975305,2.554121718809473,7.952986860293433,0.8118537658011113,0.03799079647358126,0.774635952977699,0.4582043343653251,0.3139187574671446,0.6521534161699835,131.0,0.09053435114503816,1.4803053435114504,0,2021-01-01,2079,11.0,0.08396946564885496,Arjun Iyer,37.0,Other,Jaipur,2021-01-01,131.0,11.0,4.5,2,Low
T00737,R0049,Zone_10,11.43,103.54,204.21,Wallet,2024-07-13,0,0,Saturday,July,5.324033845052673,2.5201129055226197,10.175460677532001,0.7152200250135087,1.1580408406862528,0.9039231545346681,0.44156346749226005,0.5144862604540025,0.6868033808128767,375.0,0.03048,0.54456,0,2020-05-19,2306,55.0,0.14666666666666667,Meera Iyer,39.0,Male,Mumbai,2020-05-19,375.0,55.0,4.4,1,High
T00738,R0129,Zone_5,0.79,4.2,15.17,UPI,2024-03-20,0,0,Wednesday,March,2.783157673589016,0.5822156198526637,2.04939015319192,-1.6759032354053127,-1.6035816808348882,-1.4712423053612884,0.029798761609907125,0.019962166467542813,0.050240765060443816,158.0,0.005,0.0960126582278481,0,2022-10-08,1434,10.0,0.06329113924050633,Vivaan Singh,35.0,Male,Hyderabad,2022-10-08,158.0,10.0,3.9,1,Low
T00739,R0202,Zone_2,11.29,57.39,225.53,Cash,2024-07-15,0,0,Monday,July,5.422877386483444,2.5087859235779435,7.575618786607468,0.683757876850103,-0.12491546461071393,1.1717951795292818,0.4361455108359133,0.28474711270410197,0.7585951442906691,317.0,0.03561514195583596,0.7114511041009464,0,2021-10-28,1779,0.0,0.0,Aadhya Reddy,27.0,Male,Ahmedabad,2021-10-28,317.0,0.0,4.72,1,Med
T00740,R0137,Zone_4,11.56,113.08,192.67,Wallet,2024-01-24,0,0,Wednesday,January,5.26615567973964,2.5305171610400525,10.633908030446756,0.7444348768795283,1.4232500097552245,0.7589305106116921,0.4465944272445821,0.5619772998805257,0.6479442367915951,166.0,0.06963855421686747,1.1606626506024096,0,2021-08-10,1858,32.0,0.1927710843373494,Arjun Gupta,27.0,Male,Bengaluru,2021-08-10,166.0,32.0,3.14,1,Med
T00741,R0074,Zone_1,3.56,26.1,56.39,Credit Card,2023-04-18,0,0,Tuesday,April,4.049870072120271,1.5173226235262949,5.10881590977792,-1.05340216102936,-0.9947681795130342,-0.9533396378998448,0.1369969040247678,0.12898247710075667,0.18904266424217933,199.0,0.017889447236180904,0.2833668341708543,0,2023-09-11,1096,22.0,0.11055276381909548,Vivaan Ghosh,23.0,Male,Kolkata,2023-09-11,199.0,22.0,4.89,1,Med
T00742,R0242,Zone_6,4.18,26.81,42.02,UPI,2024-02-03,0,0,Saturday,February,3.761665123839584,1.6448050562713916,5.177837386399847,-0.9140697905914213,-0.9750303902007733,-1.13388940333946,0.1609907120743034,0.1325169255276782,0.1406539381082264,445.0,0.009393258426966292,0.09442696629213485,0,2022-06-05,1559,8.0,0.017977528089887642,Kavya Iyer,34.0,Male,Ahmedabad,2022-06-05,445.0,8.0,4.54,1,High
T00743,R0157,Zone_2,4.21,41.73,90.77,Cash,2024-04-09,0,0,Tuesday,April,4.519285446830922,1.6505798557652755,6.4598761598036845,-0.907327901699263,-0.5602588176107247,-0.5213771510651909,0.16215170278637772,0.2067901234567901,0.3048119338653736,319.0,0.013197492163009404,0.28454545454545455,0,2021-11-23,1753,27.0,0.08463949843260188,Kavya Nair,36.0,Female,Hyderabad,2021-11-23,319.0,27.0,4.65,0,Med
T00744,R0229,Zone_8,4.6,43.9,90.14,Credit Card,2024-06-26,0,0,Wednesday,June,4.512396785835737,1.7227665977411035,6.6257075093909785,-0.8196833461012047,-0.4999334615436734,-0.5292926940176583,0.17724458204334365,0.21759259259259256,0.3026905074586659,146.0,0.03150684931506849,0.6173972602739726,0,2020-11-23,2118,16.0,0.1095890410958904,Reyansh Ghosh,22.0,Female,Mumbai,2020-11-23,146.0,16.0,4.43,0,Low
T00745,R0060,Zone_1,0.92,7.67,21.17,Credit Card,2024-04-01,0,0,Monday,April,3.09874002362822,0.6523251860396903,2.7694764848252458,-1.6466883835392934,-1.5071167105341197,-1.3958561820044553,0.0348297213622291,0.03723616089207488,0.07044482607670809,123.0,0.0074796747967479675,0.1721138211382114,0,2023-08-01,1137,7.0,0.056910569105691054,Aarav Nair,40.0,Female,Hyderabad,2023-08-01,123.0,7.0,4.57,0,Low
T00746,R0218,Zone_4,9.57,82.88,146.52,Credit Card,2023-10-24,0,0,Tuesday,October,4.993963759808284,2.3580197998821464,9.103845341392834,0.2972229136996923,0.5836989714027133,0.1790855784587174,0.3695820433436533,0.41163878932696135,0.4925413341414958,160.0,0.059812500000000005,0.9157500000000001,0,2019-01-11,2800,16.0,0.1,Arjun Reddy,34.0,Other,Delhi,2019-01-11,160.0,16.0,3.87,2,Low
T00747,R0286,Zone_6,4.07,31.13,74.18,Cash,2023-03-16,0,0,Thursday,March,4.319885238136032,1.623340817603092,5.579426493825329,-0.9387900498626685,-0.8549356721318048,-0.7298197821468344,0.15673374613003097,0.15402230187176422,0.2489477051554029,29.0,0.1403448275862069,2.557931034482759,0,2023-02-15,1304,0.0,0.0,Ishaan Nair,26.0,Male,Pune,2023-02-15,29.0,0.0,4.48,1,Low
T00748,R0020,Zone_9,7.65,74.95,122.69,Wallet,2023-01-03,0,0,Tuesday,January,4.817778435386918,2.157559320943788,8.657366805212773,-0.13425797539844092,0.3632473245770376,-0.12032297480683846,0.29527863777089786,0.3721624850657109,0.4122975384718995,274.0,0.02791970802919708,0.44777372262773724,0,2019-09-17,2551,21.0,0.07664233576642336,Diya Das,35.0,Female,Chennai,2019-09-17,274.0,21.0,4.03,0,Med
T00749,R0105,Zone_8,5.51,42.85,113.07,Cash,2024-03-17,0,0,Sunday,March,4.736812295039806,1.873339456220478,6.545991139621257,-0.6151793830390687,-0.5291231499632143,-0.24119205925562767,0.21246130030959753,0.21236559139784947,0.37990369397582247,346.0,0.01592485549132948,0.32679190751445086,0,2020-09-28,2174,9.0,0.02601156069364162,Diya Das,31.0,Female,Jaipur,2020-09-28,346.0,9.0,3.69,0,High
T00750,R0063,Zone_1,9.28,47.06,182.89,UPI,2023-05-17,0,0,Wednesday,May,5.214337752752762,2.330200260027019,6.860029154456998,0.23205132107549487,-0.4120863992524834,0.636051129540054,0.35835913312693496,0.23332337714058143,0.6150116173350842,329.0,0.028206686930091183,0.5558966565349543,0,2023-04-21,1239,33.0,0.10030395136778116,Diya Iyer,34.0,Male,Surat,2023-04-21,329.0,33.0,4.83,1,High
T00751,R0095,Zone_9,2.95,15.71,41.79,Cash,2023-12-23,0,0,Saturday,December,3.7563044304287256,1.3737155789130306,3.963584236521283,-1.190487235169913,-1.283607096350206,-1.1367792047348055,0.11339009287925698,0.07726005575467942,0.13987944910260294,481.0,0.006133056133056133,0.08688149688149688,0,2020-10-07,2165,77.0,0.1600831600831601,Kavya Iyer,29.0,Female,Chennai,2020-10-07,481.0,77.0,4.26,0,High
T00752,R0081,Zone_4,9.23,88.32,218.67,Credit Card,2024-07-07,0,0,Sunday,July,5.392126420226094,2.325324579963535,9.397872099576585,0.22081483958856454,0.7349293571191922,1.0856037118246358,0.35642414860681115,0.4387196336121067,0.7354951678620736,114.0,0.08096491228070175,1.918157894736842,0,2022-01-31,1684,2.0,0.017543859649122806,Diya Reddy,42.0,Other,Mumbai,2022-01-31,114.0,2.0,3.9,2,Low
T00753,R0013,Zone_6,9.95,66.91,136.07,UPI,2024-06-28,0,0,Friday,June,4.920491744243289,2.3933394562625097,8.179853299418028,0.3826201730003642,0.1397377103931239,0.04778808027889943,0.3842879256965944,0.3321385902031063,0.4573525945381688,6.0,1.6583333333333332,22.67833333333333,0,2019-04-01,2720,0.0,0.0,Ishaan Gupta,43.0,Female,Kolkata,2019-04-01,6.0,0.0,3.91,0,Low
T00754,R0088,Zone_6,12.14,121.09,232.59,UPI,2024-07-02,0,0,Tuesday,July,5.4535674418185955,2.5756610130564646,11.00409014866745,0.8747780621279228,1.6459256328414371,1.260499518012489,0.4690402476780186,0.6018518518518519,0.7823685894198067,438.0,0.027716894977168952,0.5310273972602739,0,2019-07-07,2623,0.0,0.0,Diya Iyer,22.0,Other,Jaipur,2019-07-07,438.0,0.0,4.78,2,High
T00755,R0029,Zone_8,17.84,165.01,297.22,Cash,2023-11-06,0,0,Monday,November,5.697831469162762,2.935982269148217,12.84562182223967,2.1557369516380054,2.8668885998759497,2.0725337101045103,0.6896284829721363,0.820489844683393,1.0,4.0,4.46,74.305,0,2022-07-24,1510,0.0,0.0,Kavya Iyer,30.0,Male,Surat,2022-07-24,4.0,0.0,3.69,1,Low
T00756,R0264,Zone_10,2.46,24.21,25.57,Wallet,2024-02-10,0,0,Saturday,February,3.279782759771722,1.2412685890696329,4.920365840057018,-1.3006047537418324,-1.0473096186682078,-1.3405730248761112,0.09442724458204335,0.11957387495021904,0.0852611374886352,401.0,0.0061346633416458855,0.06376558603491272,0,2019-02-06,2774,54.0,0.13466334164588528,Aadhya Das,27.0,Other,Delhi,2019-02-06,401.0,54.0,3.59,2,High
T00757,R0158,Zone_2,9.6,69.01,119.92,Cash,2023-10-03,0,0,Tuesday,October,4.795129169911258,2.3608540011180215,8.307225770376053,0.30396480259185044,0.19811708723220603,-0.15512623508990972,0.37074303405572756,0.3425925925925926,0.40296999696939084,441.0,0.021768707482993196,0.27192743764172334,0,2020-07-26,2238,60.0,0.1360544217687075,Aarav Iyer,27.0,Male,Ahmedabad,2020-07-26,441.0,60.0,3.57,1,High
T00758,R0029,Zone_9,4.45,40.55,97.15,UPI,2024-08-13,0,0,Tuesday,August,4.58649692072247,1.6956156086751528,6.367888189973187,-0.8533927905619964,-0.5930624674536374,-0.44121657322909147,0.17143962848297215,0.20091596973317402,0.32629558541266795,4.0,1.1125,24.2875,0,2022-07-24,1510,0.0,0.0,Kavya Iyer,30.0,Male,Surat,2022-07-24,4.0,0.0,3.69,1,Low
T00759,R0258,Zone_5,1.63,10.31,38.61,Wallet,2023-12-08,0,0,Friday,December,3.6790816116338254,0.9669838461896731,3.2109188716004646,-1.4871303464248795,-1.4337254939364166,-1.176733850113927,0.06230650154798762,0.050378335324571887,0.12917129676398287,313.0,0.0052076677316293925,0.12335463258785942,0,2020-01-29,2417,39.0,0.12460063897763578,Vivaan Nair,32.0,Female,Jaipur,2020-01-29,313.0,39.0,3.76,0,Med
T00760,R0109,Zone_2,12.21,66.9,141.11,Cash,2023-10-25,0,0,Wednesday,October,4.95660140560377,2.580974118534234,8.179242018671413,0.8905091362096256,0.1394597133605571,0.11111242389863953,0.471749226006192,0.3320888092393469,0.47432400579183087,62.0,0.19693548387096776,2.2759677419354842,0,2022-11-19,1392,5.0,0.08064516129032258,Vivaan Kumar,35.0,Female,Delhi,2022-11-19,62.0,5.0,3.35,0,Low
T00761,R0147,Zone_2,14.66,138.46,271.36,Cash,2023-08-28,0,0,Monday,August,5.607124720614766,2.751109690562657,11.766902736064406,1.4410967290692225,2.128806478410415,1.7476195184365593,0.56656346749226,0.6883213859020311,0.912920497019901,239.0,0.06133891213389121,1.135397489539749,0,2022-08-29,1474,21.0,0.08786610878661087,Saanvi Nair,35.0,Other,Mumbai,2022-08-29,239.0,21.0,3.91,2,Med
T00762,R0168,Zone_2,6.04,35.12,120.34,Wallet,2024-02-19,0,0,Monday,February,4.798596522514152,1.951608170169951,5.9262129560116215,-0.4960726792776048,-0.7440148561375491,-0.14984920645493136,0.23297213622291021,0.1738849064117881,0.40438428124052933,471.0,0.012823779193205945,0.2554989384288747,0,2019-10-08,2530,74.0,0.15711252653927812,Diya Das,23.0,Male,Pune,2019-10-08,471.0,74.0,4.03,1,High
T00763,R0085,Zone_10,9.05,82.0,95.17,Cash,2023-10-12,0,0,Thursday,October,4.56611745872439,2.307572634505085,9.055385138137417,0.18036350623561462,0.5592352325368125,-0.4660939939368465,0.34945820433436536,0.40725806451612906,0.3196282452773007,94.0,0.09627659574468087,1.0124468085106384,0,2022-09-17,1455,12.0,0.1276595744680851,Aadhya Ghosh,29.0,Female,Chennai,2022-09-17,94.0,12.0,4.95,0,Low
T00764,R0186,Zone_10,7.68,68.84,68.0,Wallet,2024-06-14,0,0,Friday,June,4.23410650459726,2.1610215286722587,8.296987405076615,-0.12751608650628274,0.19339113767856603,-0.8074674892043726,0.2964396284829721,0.34174631620868184,0.22813752230865067,373.0,0.02058981233243968,0.18230563002680966,0,2020-12-11,2100,19.0,0.05093833780160858,Ishaan Sharma,18.0,Other,Hyderabad,2020-12-11,373.0,19.0,3.26,2,High
T00765,R0201,Zone_9,10.17,51.68,102.51,Credit Card,2023-06-17,0,0,Saturday,June,4.639668226395659,2.413231613081109,7.188880302244572,0.4320606915428588,-0.2836517702065033,-0.3738716363636539,0.39280185758513936,0.25632218239745125,0.3443445465871974,183.0,0.05557377049180328,0.5601639344262296,0,2021-04-06,1984,15.0,0.08196721311475409,Meera Reddy,37.0,Female,Delhi,2021-04-06,183.0,15.0,3.84,0,Med
T00766,R0279,Zone_8,12.4,102.66,217.64,UPI,2024-06-30,0,0,Sunday,June,5.387426541619813,2.5952547069568657,10.132127121192273,0.9332077658599616,1.1335771018203515,1.072662427315046,0.4791021671826626,0.5101055356431701,0.7320268040542814,454.0,0.027312775330396475,0.47938325991189423,0,2022-04-21,1604,84.0,0.18502202643171806,Diya Singh,25.0,Other,Pune,2022-04-21,454.0,84.0,3.73,2,High
T00767,R0279,Zone_5,9.72,77.55,114.71,Wallet,2024-06-02,0,0,Sunday,June,4.7510870608882465,2.372111155642656,8.806247782114696,0.330932358160484,0.4355265530444722,-0.2205865188714266,0.37538699690402483,0.38510553564317007,0.38542613732026804,454.0,0.02140969162995595,0.25266519823788547,0,2022-04-21,1604,84.0,0.18502202643171806,Diya Singh,25.0,Other,Pune,2022-04-21,454.0,84.0,3.73,2,High
T00768,R0047,Zone_1,9.73,57.22,227.41,Wallet,2024-08-05,0,0,Monday,August,5.431142259660542,2.373043556642607,7.564390259630977,0.33317965445787007,-0.12964141416435393,1.1954161648477561,0.37577399380804954,0.28390083632019114,0.7649257500757651,69.0,0.14101449275362318,3.2957971014492755,0,2021-10-07,1800,3.0,0.043478260869565216,Reyansh Iyer,51.0,Female,Bengaluru,2021-10-07,69.0,3.0,4.86,0,Low
T00769,R0042,Zone_9,14.3,136.69,290.49,Cash,2023-06-12,0,0,Monday,June,5.675005699884782,2.72785282839839,11.69144986731757,1.3601940623633226,2.0796010036460455,1.9879756084059288,0.5526315789473685,0.679510155316607,0.9773377782267569,23.0,0.6217391304347827,12.63,0,2021-05-20,1940,4.0,0.17391304347826086,Arjun Reddy,18.0,Female,Chennai,2021-05-20,23.0,4.0,3.03,0,Low
T00770,R0154,Zone_1,7.18,62.64,127.03,UPI,2023-07-12,0,0,Wednesday,July,4.852264611458088,2.1016921506146558,7.914543574963751,-0.23988090137558826,0.021032977486990817,-0.06579367891206243,0.2770897832817337,0.3108821186778176,0.426911809273664,466.0,0.01540772532188841,0.27259656652360514,0,2019-03-25,2727,79.0,0.16952789699570817,Kavya Patel,18.0,Other,Kolkata,2019-03-25,466.0,79.0,4.68,2,High
T00771,R0058,Zone_1,12.62,113.65,150.09,Cash,2023-12-27,0,0,Wednesday,December,5.01787568575175,2.611539300721366,10.660675400742676,0.9826482844024557,1.439095840611547,0.22394032185603302,0.4876160990712074,0.5648148148148149,0.504562750446173,480.0,0.026291666666666665,0.3126875,0,2021-05-31,1929,25.0,0.052083333333333336,Vivaan Reddy,46.0,Male,Kolkata,2021-05-31,480.0,25.0,4.32,1,High
T00772,R0006,Zone_5,3.89,37.48,68.34,Cash,2023-11-14,0,0,Tuesday,November,4.239021940256878,1.5871923034867808,6.1220911460055865,-0.9792413832156184,-0.6784075564517238,-0.8031956088808188,0.14976780185758515,0.1856332138590203,0.22928241909957234,248.0,0.015685483870967742,0.27556451612903227,0,2023-06-30,1169,13.0,0.05241935483870968,Aarav Das,45.0,Female,Jaipur,2023-06-30,248.0,13.0,4.64,0,Med
T00773,R0045,Zone_1,16.04,113.26,297.22,UPI,2023-08-20,0,0,Sunday,August,5.697831469162762,2.8355635214011694,10.64236815751081,1.7512236181085055,1.4282539563414318,2.0725337101045103,0.6199690402476781,0.562873357228196,1.0,100.0,0.1604,2.9722000000000004,0,2023-07-12,1157,16.0,0.16,Saanvi Iyer,34.0,Other,Ahmedabad,2023-07-12,100.0,16.0,4.88,2,Low
T00774,R0199,Zone_4,11.69,79.48,280.26,Wallet,2023-10-09,0,0,Monday,October,5.639279508442102,2.540814281726296,8.915155635209068,0.7736497287455475,0.48917998032991433,1.8594422680825282,0.451625386996904,0.39471326164874554,0.9428898541940263,344.0,0.03398255813953488,0.8147093023255814,0,2021-08-03,1865,27.0,0.07848837209302326,Aarav Das,29.0,Male,Ahmedabad,2021-08-03,344.0,27.0,3.91,1,High
T00775,R0213,Zone_5,5.98,53.94,106.57,Credit Card,2023-02-13,0,0,Monday,February,4.678141798443914,1.9430489167742813,7.344385610791416,-0.5095564570619213,-0.22082444084634856,-0.3228603595588636,0.23065015479876164,0.2675726802070888,0.35801596120820284,456.0,0.013114035087719298,0.23370614035087717,0,2019-06-04,2656,26.0,0.05701754385964912,Kavya Ghosh,29.0,Female,Chennai,2019-06-04,456.0,26.0,3.74,0,High
T00776,R0093,Zone_2,2.5700000000000003,17.8,38.6,Wallet,2023-09-05,0,0,Tuesday,September,3.6788291182604347,1.2725655957915478,4.219004621945797,-1.275884494470585,-1.2255057165436911,-1.1768594936528551,0.09868421052631582,0.08766427718040622,0.1291376233289558,119.0,0.021596638655462186,0.3243697478991597,0,2019-05-30,2661,18.0,0.15126050420168066,Diya Patel,33.0,Other,Surat,2019-05-30,119.0,18.0,3.77,2,Low
T00777,R0023,Zone_5,8.0,40.24,164.23,Credit Card,2024-03-17,0,0,Sunday,March,5.1073384426629,2.1972245773362196,6.343500610861483,-0.05560260498992714,-0.6016803754632161,0.401600285900303,0.3088235294117647,0.19937275985663083,0.5521769875745024,176.0,0.045454545454545456,0.933125,0,2019-10-09,2529,32.0,0.18181818181818182,Meera Iyer,24.0,Other,Jaipur,2019-10-09,176.0,32.0,3.21,2,Med
T00778,R0129,Zone_4,2.09,13.29,35.96,Wallet,2023-03-04,0,0,Saturday,March,3.6098362467734835,1.128171090909654,3.645545226711637,-1.3837547167451185,-1.3508823782314339,-1.2100293879298616,0.08010835913312694,0.06521306252489048,0.1202478364817995,158.0,0.013227848101265823,0.22759493670886077,0,2022-10-08,1434,10.0,0.06329113924050633,Vivaan Singh,35.0,Male,Hyderabad,2022-10-08,158.0,10.0,3.9,1,Low
T00779,R0193,Zone_1,9.5,68.8,211.56,Cash,2023-07-12,0,0,Wednesday,July,5.359224301451558,2.3513752571634776,8.294576541331088,0.2814918396179894,0.1922791495482976,0.9962711556467887,0.3668730650154799,0.34154719235364395,0.7115533555578004,389.0,0.02442159383033419,0.5438560411311054,0,2022-01-03,1712,68.0,0.17480719794344474,Kavya Singh,33.0,Female,Chennai,2022-01-03,389.0,68.0,4.41,0,High
T00780,R0047,Zone_4,15.26,79.91,297.22,UPI,2024-06-30,0,0,Sunday,June,5.697831469162762,2.7887081041196646,8.939239341241512,1.575934506912389,0.5011338527302975,2.0725337101045103,0.5897832817337462,0.3968538430904022,1.0,69.0,0.22115942028985508,4.307536231884058,0,2021-10-07,1800,3.0,0.043478260869565216,Reyansh Iyer,51.0,Female,Bengaluru,2021-10-07,69.0,3.0,4.86,0,Low
T00781,R0105,Zone_8,8.8,66.42,85.32,Cash,2024-03-09,0,0,Saturday,March,4.458061320949879,2.2823823856765264,8.149846624323676,0.12418109880096186,0.12611585579733828,-0.589852879780981,0.33978328173374617,0.3296993229788929,0.2864599117756002,346.0,0.025433526011560695,0.24658959537572253,0,2020-09-28,2174,9.0,0.02601156069364162,Diya Das,31.0,Female,Jaipur,2020-09-28,346.0,9.0,3.69,0,High
T00782,R0032,Zone_2,7.11,61.63,176.63,Cash,2024-05-01,0,0,Wednesday,May,5.179702735211794,2.0930978681273213,7.850477692471968,-0.2556119754572909,-0.007044722802281848,0.5573982741710916,0.2743808049535604,0.30585424133811234,0.5939320470081153,213.0,0.033380281690140845,0.8292488262910798,0,2023-09-20,1087,24.0,0.11267605633802817,Kavya Reddy,18.0,Female,Mumbai,2023-09-20,213.0,24.0,4.0,0,Med
T00783,R0076,Zone_8,9.71,57.36,130.03,Wallet,2023-09-03,0,0,Sunday,September,4.875426304616494,2.3711778844596574,7.573638491504595,0.3286850618630979,-0.12574945570841511,-0.02810061723364585,0.37500000000000006,0.2845977698128236,0.43701383978179614,137.0,0.07087591240875914,0.9491240875912409,0,2022-01-02,1713,13.0,0.0948905109489051,Reyansh Reddy,40.0,Male,Bengaluru,2022-01-02,137.0,13.0,3.34,1,Low
T00784,R0173,Zone_1,9.43,91.48,122.19,Credit Card,2023-07-28,0,0,Friday,July,4.813727878973883,2.344686269012681,9.564517760974674,0.2657607655362866,0.8227764194103823,-0.12660515175324122,0.3641640866873065,0.4544504181600956,0.4106138667205441,389.0,0.02424164524421594,0.31411311053984575,0,2020-01-15,2431,55.0,0.14138817480719795,Saanvi Ghosh,26.0,Other,Mumbai,2020-01-15,389.0,55.0,4.28,2,High
T00785,R0290,Zone_9,3.81,28.82,70.83,Wallet,2023-12-02,0,0,Saturday,December,4.27430221608671,1.57069708411767,5.36842621258782,-0.9972197535947073,-0.9191529866547948,-0.771910367687733,0.146671826625387,0.14252289924332934,0.237667104421322,169.0,0.022544378698224853,0.41911242603550297,0,2020-05-06,2319,4.0,0.023668639053254437,Saanvi Kumar,34.0,Other,Chennai,2020-05-06,169.0,4.0,4.28,2,Med
T00786,R0035,Zone_1,9.2,65.36,150.05,Credit Card,2023-12-14,0,0,Thursday,December,5.017610907832681,2.322387720290225,8.084553172563094,0.21407295069640594,0.0966481703452302,0.2234377477003209,0.35526315789473684,0.3244225408203903,0.5044280567060646,392.0,0.023469387755102038,0.382780612244898,0,2022-03-20,1636,41.0,0.10459183673469388,Reyansh Das,39.0,Male,Kolkata,2022-03-20,392.0,41.0,3.49,1,High
T00787,R0183,Zone_7,11.1,92.83,152.12,Wallet,2024-01-25,0,0,Thursday,January,5.031221927704644,2.4932054526026954,9.634832639957997,0.641059247199767,0.8603060188069348,0.24944596025842825,0.42879256965944273,0.46117084826762245,0.5113984577566758,406.0,0.027339901477832513,0.37467980295566505,0,2022-08-27,1476,66.0,0.1625615763546798,Arjun Patel,43.0,Other,Jaipur,2022-08-27,406.0,66.0,3.79,2,High
T00788,R0139,Zone_1,6.7,59.38,166.87,Cash,2023-05-24,0,0,Wednesday,May,5.123189870334323,2.0412203288596382,7.705841939723395,-0.34775112365012145,-0.06959405512986959,0.4347701801773098,0.25851393188854493,0.2946535244922342,0.5610667744216588,155.0,0.043225806451612905,1.0765806451612903,0,2023-10-09,1068,7.0,0.04516129032258064,Diya Gupta,44.0,Other,Kolkata,2023-10-09,155.0,7.0,4.39,2,Low
T00789,R0045,Zone_8,12.89,105.09,220.17,Cash,2024-02-26,0,0,Monday,February,5.39893163658063,2.6311691567662523,10.251341375644458,1.043325284431881,1.2011303807341465,1.104450242663844,0.4980650154798762,0.5222023098367184,0.7405461831161396,100.0,0.12890000000000001,2.2016999999999998,0,2023-07-12,1157,16.0,0.16,Saanvi Iyer,34.0,Other,Ahmedabad,2023-07-12,100.0,16.0,4.88,2,Low
T00790,R0062,Zone_10,7.36,54.82,155.33,Credit Card,2024-01-24,0,0,Wednesday,January,5.051969157589233,2.1234584270966104,7.404052944165108,-0.19942956802263814,-0.1963607019804475,0.2897775362543341,0.28405572755417957,0.27195340501792115,0.5222076304003772,57.0,0.12912280701754386,2.7250877192982457,0,2019-05-13,2678,3.0,0.05263157894736842,Kavya Sharma,38.0,Male,Jaipur,2019-05-13,57.0,3.0,3.58,1,Low
T00791,R0164,Zone_2,11.83,78.97,286.93,UPI,2024-01-06,0,0,Saturday,January,5.6627173950376015,2.551786178627545,8.886506625215558,0.8051118769089531,0.4750021316689943,1.9432465085475412,0.4570433436532508,0.39217443249701317,0.9653500353571067,249.0,0.04751004016064257,1.1523293172690763,0,2022-07-06,1528,23.0,0.09236947791164658,Aadhya Ghosh,37.0,Other,Ahmedabad,2022-07-06,249.0,23.0,4.02,2,Med
T00792,R0105,Zone_2,19.37,143.84,283.31,Cash,2023-07-05,0,0,Wednesday,July,5.650065192150214,3.0140632302387145,11.99333148045196,2.4995732851380805,2.2783688819314913,1.8977635474555852,0.7488390092879258,0.7151035444046197,0.9531602518772939,346.0,0.05598265895953757,0.8188150289017341,0,2020-09-28,2174,9.0,0.02601156069364162,Diya Das,31.0,Female,Jaipur,2020-09-28,346.0,9.0,3.69,0,High
T00793,R0161,Zone_7,7.52,58.21,98.63,Wallet,2023-12-13,0,0,Wednesday,December,4.601463324056765,2.1424163408412245,7.62954782408499,-0.16347282726446052,-0.10211970794021527,-0.42262132946773945,0.29024767801857587,0.28882915173237755,0.3312792537966798,332.0,0.022650602409638555,0.29707831325301204,0,2019-03-27,2725,50.0,0.15060240963855423,Aarav Nair,32.0,Other,Surat,2019-03-27,332.0,50.0,4.91,2,High
T00794,R0209,Zone_7,1.71,16.51,37.86,UPI,2023-01-20,0,0,Friday,January,3.659965443949294,0.9969486348916096,4.063249930782009,-1.4691519760457905,-1.2613673337448417,-1.186157115533531,0.06540247678018576,0.08124253285543609,0.12664578913694985,109.0,0.015688073394495412,0.3473394495412844,0,2020-06-11,2283,20.0,0.1834862385321101,Vivaan Sharma,31.0,Other,Surat,2020-06-11,109.0,20.0,3.77,2,Low
T00795,R0296,Zone_4,6.32,48.62,81.7,Cash,2023-01-14,0,0,Saturday,January,4.415219602029645,1.9906103279732201,6.972804313904127,-0.4331483829507936,-0.3687188621720227,-0.6353358408729369,0.24380804953560373,0.24108920748705692,0.27427012829578745,390.0,0.016205128205128205,0.2094871794871795,0,2021-02-20,2029,58.0,0.14871794871794872,Reyansh Patel,37.0,Other,Hyderabad,2021-02-20,390.0,58.0,3.97,2,High
T00796,R0172,Zone_1,0.63,5.74,14.05,Wallet,2024-01-12,0,0,Friday,January,2.711377991194885,0.48858001481867097,2.3958297101421877,-1.7118599761634905,-1.5607701378195615,-1.4853143817212309,0.023606811145510838,0.027628434886499402,0.04646934033740782,168.0,0.00375,0.08363095238095239,0,2019-12-24,2453,14.0,0.08333333333333333,Reyansh Reddy,31.0,Other,Pune,2019-12-24,168.0,14.0,3.72,2,Med
T00797,R0258,Zone_7,11.06,69.44,227.04,Cash,2023-10-18,0,0,Wednesday,October,5.429521052163381,2.4898941912990393,8.333066662399863,0.6320700620102228,0.21007095963258926,1.1907673539074182,0.4272445820433437,0.3447331740342493,0.7636798329797622,313.0,0.03533546325878594,0.7253674121405751,0,2020-01-29,2417,39.0,0.12460063897763578,Vivaan Nair,32.0,Female,Jaipur,2020-01-29,313.0,39.0,3.76,0,Med
T00798,R0259,Zone_1,14.55,107.68,297.22,Credit Card,2024-04-08,0,0,Monday,April,5.697831469162762,2.744060638625243,10.376897416858279,1.4163764697979753,1.2731316121690142,2.0725337101045103,0.5623065015479877,0.5350955794504182,1.0,150.0,0.097,1.981466666666667,0,2019-06-25,2635,27.0,0.18,Aadhya Das,32.0,Male,Jaipur,2019-06-25,150.0,27.0,3.52,1,Low
T00799,R0154,Zone_3,11.48,59.73,237.17,Wallet,2023-12-15,0,0,Friday,December,5.472984704405132,2.5241273629412815,7.728518616138541,0.7264565065004394,-0.05986415899002277,1.318044258841538,0.4434984520123839,0.2963958582238152,0.7977910226622217,466.0,0.024635193133047212,0.5089484978540773,0,2019-03-25,2727,79.0,0.16952789699570817,Kavya Patel,18.0,Other,Kolkata,2019-03-25,466.0,79.0,4.68,2,High
T00800,R0175,Zone_7,9.6,93.14,195.74,Wallet,2024-01-11,0,0,Thursday,January,5.281883060084612,2.3608540011180215,9.65090669315583,0.30396480259185044,0.8689239268165136,0.7975030770626054,0.37074303405572756,0.46271405814416566,0.658281981344917,98.0,0.09795918367346938,1.9973469387755103,0,2022-08-18,1485,8.0,0.08163265306122448,Diya Patel,35.0,Male,Chennai,2022-08-18,98.0,8.0,3.48,1,Low
T00801,R0059,Zone_10,4.78,26.45,113.28,Cash,2024-04-09,0,0,Tuesday,April,4.738651577362572,1.7544036826842861,5.142956348249516,-0.7792320127482546,-0.9850382833731873,-0.2385535449381384,0.1842105263157895,0.1307248108323377,0.38061083611139174,357.0,0.013389355742296919,0.3173109243697479,0,2021-08-02,1866,11.0,0.03081232492997199,Aarav Sharma,43.0,Male,Delhi,2021-08-02,357.0,11.0,3.27,1,High
T00802,R0292,Zone_9,15.88,155.72,175.8,Wallet,2024-01-11,0,0,Thursday,January,5.175019150203543,2.826129489167811,12.478781991845198,1.7152668773503281,2.6086293566211545,0.5469698604400632,0.6137770897832818,0.7742433293508563,0.5911371519008655,141.0,0.11262411347517731,1.246808510638298,0,2020-06-28,2266,19.0,0.1347517730496454,Diya Patel,37.0,Female,Jaipur,2020-06-28,141.0,19.0,4.39,0,Low
T00803,R0282,Zone_2,11.77,69.66,114.25,Wallet,2024-01-15,0,0,Monday,January,4.747103681876758,2.547098670044448,8.346256645946132,0.7916280991246364,0.2161868943490645,-0.22636612166211706,0.4547213622291022,0.3458283552369574,0.3838771593090211,319.0,0.03689655172413793,0.35815047021943575,0,2022-05-02,1593,3.0,0.009404388714733543,Reyansh Kumar,22.0,Other,Bengaluru,2022-05-02,319.0,3.0,4.47,2,Med
T00804,R0260,Zone_4,9.42,66.66,191.57,UPI,2024-07-16,0,0,Tuesday,July,5.260459723991796,2.343727036325221,8.164557550780078,0.2635134692389005,0.1327877845789475,0.7451097213296061,0.36377708978328177,0.33089406610911987,0.6442401589386133,63.0,0.14952380952380953,3.040793650793651,0,2019-07-17,2613,3.0,0.047619047619047616,Reyansh Das,55.0,Other,Mumbai,2019-07-17,63.0,3.0,4.24,2,Low
T00805,R0207,Zone_9,9.02,86.02,210.79,Wallet,2023-08-14,0,0,Monday,August,5.35559521769951,2.3045830956567186,9.274696760541554,0.17362161734345602,0.6709900396287691,0.9865966031493283,0.34829721362229105,0.4272700119474313,0.7089605010607132,47.0,0.19191489361702127,4.484893617021276,0,2023-12-06,1010,3.0,0.06382978723404255,Ishaan Iyer,31.0,Male,Mumbai,2023-12-06,47.0,3.0,3.93,1,Low
T00806,R0194,Zone_7,8.56,67.99,187.22,UPI,2023-03-03,0,0,Friday,March,5.237611491430642,2.25758772706331,8.245604889879214,0.07024598766369516,0.16976138991036596,0.6904547818959021,0.33049535603715174,0.3375149342891278,0.6295922147018217,10.0,0.8560000000000001,18.722,0,2023-02-10,1309,2.0,0.2,Arjun Iyer,30.0,Other,Jaipur,2023-02-10,10.0,2.0,4.06,2,Low
T00807,R0155,Zone_7,10.26,57.9,128.4,UPI,2023-08-25,0,0,Friday,August,4.8629083820668,2.421256622711544,7.60920495189872,0.4522863582193338,-0.11073761594979409,-0.0485805140789188,0.39628482972136225,0.28728594185583434,0.4315250698723777,353.0,0.029065155807365437,0.36373937677053825,0,2019-02-10,2770,8.0,0.0226628895184136,Meera Reddy,23.0,Male,Hyderabad,2019-02-10,353.0,8.0,3.14,1,High
T00808,R0154,Zone_7,4.93,37.07,85.54,Wallet,2024-01-19,0,0,Friday,January,4.460606734796738,1.780024213009634,6.088513775955509,-0.7455225682874631,-0.6898054347869731,-0.5870887219245636,0.190015479876161,0.1835921943448825,0.2872007273461966,466.0,0.010579399141630901,0.18356223175965666,0,2019-03-25,2727,79.0,0.16952789699570817,Kavya Patel,18.0,Other,Kolkata,2019-03-25,466.0,79.0,4.68,2,High
T00809,R0011,Zone_4,15.63,95.95,148.68,Credit Card,2023-06-22,0,0,Thursday,June,5.0084996819658345,2.8112082932048366,9.795407086997457,1.6590844699156753,0.9470410929678567,0.20622458286717726,0.6041021671826626,0.4767025089605735,0.4998147961073509,208.0,0.07514423076923077,0.7148076923076924,0,2020-04-14,2341,34.0,0.16346153846153846,Vivaan Nair,26.0,Male,Chennai,2020-04-14,208.0,34.0,4.0,1,Med
T00810,R0026,Zone_8,8.76,71.48,84.68,Cash,2023-06-25,0,0,Sunday,June,4.450619426139493,2.278292400425001,8.4545845551393,0.1151919136114172,0.266782354276269,-0.5978940662723764,0.3382352941176471,0.35488849064117883,0.2843048119338654,44.0,0.1990909090909091,1.9245454545454548,0,2020-04-17,2338,5.0,0.11363636363636363,Aarav Kumar,26.0,Female,Surat,2020-04-17,44.0,5.0,3.17,0,Low
T00811,R0191,Zone_8,11.0,88.33,181.41,Wallet,2024-06-15,0,0,Saturday,June,5.206256900698823,2.4849066497880004,9.398404119849284,0.618586284225906,0.7352073541517593,0.617455885778702,0.42492260061919507,0.4387694145758662,0.6100279489510725,87.0,0.12643678160919541,2.0851724137931034,0,2020-08-14,2219,6.0,0.06896551724137931,Meera Gupta,33.0,Other,Surat,2020-08-14,87.0,6.0,4.56,2,Low
T00812,R0262,Zone_7,5.83,32.69,70.96,UPI,2023-04-17,0,0,Monday,April,4.2761104090823325,1.9213246735826988,5.717516943569122,-0.543265901522713,-0.811568135051344,-0.7702770016816683,0.2248452012383901,0.16178813221823973,0.23810485907667436,6.0,0.9716666666666667,11.826666666666666,0,2019-04-21,2700,0.0,0.0,Meera Singh,30.0,Male,Ahmedabad,2019-04-21,6.0,0.0,3.35,1,Low
T00813,R0002,Zone_10,9.87,78.29,150.1,Credit Card,2024-02-19,0,0,Monday,February,5.017941869278694,2.386006701133118,8.84816365128946,0.3646418026212753,0.4560983334544346,0.22406596539496096,0.38119195046439625,0.38878932696137003,0.5045964238812001,70.0,0.141,2.144285714285714,0,2019-11-23,2484,5.0,0.07142857142857142,Ishaan Nair,39.0,Female,Mumbai,2019-11-23,70.0,5.0,4.12,0,Low
T00814,R0040,Zone_2,3.41,27.78,72.45,Wallet,2023-06-28,0,0,Wednesday,June,4.296604902619887,1.4838746894587547,5.270673581241775,-1.0871116054901517,-0.9480646780417686,-0.751556114381388,0.1311919504643963,0.13734567901234568,0.24312220089571335,485.0,0.007030927835051546,0.14938144329896907,0,2023-05-05,1225,36.0,0.07422680412371134,Aarav Gupta,34.0,Other,Surat,2023-05-05,485.0,36.0,4.41,2,High
T00815,R0246,Zone_7,2.41,17.89,23.05,Cash,2024-04-06,0,0,Saturday,April,3.1801349965517702,1.2267122912954254,4.2296571965113205,-1.3118412352287627,-1.2230037432505878,-1.3722351966859812,0.09249226006191952,0.08811230585424135,0.07677543186180422,240.0,0.010041666666666667,0.09604166666666666,0,2021-03-31,1990,34.0,0.14166666666666666,Vivaan Das,29.0,Other,Mumbai,2021-03-31,240.0,34.0,4.79,2,Med
T00816,R0199,Zone_1,7.84,62.24,192.43,Cash,2023-01-18,0,0,Wednesday,January,5.264915689914006,2.179286876649552,7.889233169326408,-0.09155934574810494,0.009913096184308592,0.7559150656774191,0.3026315789473684,0.3088908801274393,0.6471360743509446,344.0,0.022790697674418603,0.5593895348837209,0,2021-08-03,1865,27.0,0.07848837209302326,Aarav Das,29.0,Male,Ahmedabad,2021-08-03,344.0,27.0,3.91,1,High
T00817,R0246,Zone_5,1.3900000000000001,11.53,27.24,Wallet,2024-06-13,0,0,Thursday,June,3.3407394126250414,0.8712933659434193,3.395585369269929,-1.541065457562146,-1.3998098559632357,-1.319590553875126,0.0530185758513932,0.056451612903225805,0.09088460113816209,240.0,0.005791666666666667,0.11349999999999999,0,2021-03-31,1990,34.0,0.14166666666666666,Vivaan Das,29.0,Other,Mumbai,2021-03-31,240.0,34.0,4.79,2,Med
T00818,R0095,Zone_8,20.2,152.79,297.22,Wallet,2023-07-14,0,0,Friday,July,5.697831469162762,3.054001181677967,12.360825215170708,2.686098877821127,2.5271762260790065,2.0725337101045103,0.7809597523219814,0.7596575069693349,1.0,481.0,0.04199584199584199,0.617920997920998,0,2020-10-07,2165,77.0,0.1600831600831601,Kavya Iyer,29.0,Female,Chennai,2020-10-07,481.0,77.0,4.26,0,High
T00819,R0276,Zone_1,0.34,2.99,5.01,Credit Card,2024-08-18,0,0,Sunday,August,1.7934247485471162,0.29266961396282,1.7291616465790582,-1.7770315687876879,-1.637219321775502,-1.5988961409121927,0.012383900928792572,0.013938669852648349,0.016028555072902982,196.0,0.0017346938775510206,0.025561224489795916,0,2022-11-07,1404,1.0,0.00510204081632653,Aadhya Ghosh,26.0,Other,Chennai,2022-11-07,196.0,1.0,3.63,2,Med
T00820,R0170,Zone_9,9.73,96.07,229.45,Cash,2023-03-01,0,0,Wednesday,March,5.440033919166517,2.373043556642607,9.801530492734285,0.33317965445787007,0.9503770573586611,1.2210474467890793,0.37577399380804954,0.47729988052568695,0.771795130821295,28.0,0.34750000000000003,8.194642857142856,0,2020-05-20,2305,3.0,0.10714285714285714,Saanvi Kumar,29.0,Other,Bengaluru,2020-05-20,28.0,3.0,3.68,2,Low
T00821,R0011,Zone_9,16.28,158.5,297.22,UPI,2023-01-08,0,0,Sunday,January,5.697831469162762,2.8495497633759097,12.589678312014172,1.8051587292457725,2.6859125316747963,2.0725337101045103,0.6292569659442725,0.7880824372759857,1.0,208.0,0.07826923076923077,1.4289423076923078,0,2020-04-14,2341,34.0,0.16346153846153846,Vivaan Nair,26.0,Male,Chennai,2020-04-14,208.0,34.0,4.0,1,Med
T00822,R0137,Zone_3,10.41,102.5,201.61,UPI,2023-10-09,0,0,Monday,October,5.31128294893806,2.4344901638739844,10.124228365658293,0.4859958026801255,1.1291291492992785,0.8712558344133738,0.4020897832817338,0.5093090402230187,0.6780482877058289,166.0,0.06271084337349397,1.2145180722891566,0,2021-08-10,1858,32.0,0.1927710843373494,Arjun Gupta,27.0,Male,Bengaluru,2021-08-10,166.0,32.0,3.14,1,Med
T00823,R0051,Zone_2,6.45,58.28,160.96,Wallet,2023-03-21,0,0,Tuesday,March,5.0873493911639605,2.0082140323914683,7.634133873596926,-0.4039335310847742,-0.10017372871224586,0.36051484867082917,0.2488390092879257,0.2891776184786938,0.5411657743206385,213.0,0.03028169014084507,0.7556807511737089,0,2020-04-05,2350,14.0,0.06572769953051644,Aarav Nair,21.0,Male,Kolkata,2020-04-05,213.0,14.0,4.02,1,Med
T00824,R0103,Zone_3,5.24,41.02,100.04,UPI,2023-10-13,0,0,Friday,October,4.6155164780422355,1.8309801823813363,6.404685784642366,-0.6758563830684936,-0.5799966069229856,-0.4049055904788835,0.2020123839009288,0.20325567502986858,0.3360272081355019,175.0,0.029942857142857143,0.5716571428571429,0,2022-11-24,1387,14.0,0.08,Ishaan Gupta,37.0,Other,Surat,2022-11-24,175.0,14.0,3.07,2,Med
T00825,R0173,Zone_9,11.37,81.72,227.27,Cash,2024-04-20,0,0,Saturday,April,5.430529138856541,2.5152741864043966,9.039911503991618,0.7017362472291919,0.5514513156249349,1.1936571553027635,0.4392414860681114,0.4058641975308642,0.7644543219853858,389.0,0.02922879177377892,0.584241645244216,0,2020-01-15,2431,55.0,0.14138817480719795,Saanvi Ghosh,26.0,Other,Mumbai,2020-01-15,389.0,55.0,4.28,2,High
T00826,R0274,Zone_6,4.0,36.46,49.98,Cash,2024-01-02,0,0,Tuesday,January,3.9314333989479695,1.6094379124341003,6.038211655780211,-0.9545211239443713,-0.7067632537735635,-1.0338771463527283,0.1540247678018576,0.18055555555555555,0.16745799238980366,31.0,0.12903225806451613,1.6122580645161289,0,2019-03-18,2734,5.0,0.16129032258064516,Reyansh Nair,27.0,Female,Surat,2019-03-18,31.0,5.0,3.04,0,Low
T00827,R0123,Zone_8,7.4,53.16,177.79,Cash,2023-03-29,0,0,Wednesday,March,5.186211932763729,2.128231705849268,7.291090453423274,-0.1904403828330937,-0.242508209386579,0.571972924686746,0.28560371517027866,0.26368976503385105,0.5978381654712597,156.0,0.04743589743589744,1.139679487179487,0,2023-06-24,1175,26.0,0.16666666666666666,Meera Ghosh,32.0,Male,Bengaluru,2023-06-24,156.0,26.0,3.31,1,Low
T00828,R0217,Zone_1,11.46,102.49,223.52,Wallet,2024-01-04,0,0,Thursday,January,5.413964790073998,2.522523513359307,10.123734488813898,0.7219619139056672,1.1288511522667115,1.146540828204743,0.4427244582043344,0.5092592592592593,0.7518267838502205,104.0,0.1101923076923077,2.1492307692307695,0,2023-03-03,1288,5.0,0.04807692307692308,Kavya Iyer,39.0,Other,Jaipur,2023-03-03,104.0,5.0,3.52,2,Low
T00829,R0219,Zone_8,6.46,44.85,64.33,Credit Card,2024-03-19,0,0,Tuesday,March,4.179451348852659,2.0095554142156695,6.697014260101288,-0.40168623478738813,-0.47352374344980297,-0.8535786679909689,0.24922600619195046,0.22232178414974113,0.21577937165370237,498.0,0.012971887550200803,0.12917670682730922,0,2021-04-13,1977,83.0,0.16666666666666666,Vivaan Sharma,25.0,Female,Pune,2021-04-13,498.0,83.0,4.15,0,High
T00830,R0211,Zone_4,8.44,42.96,70.59,UPI,2024-03-29,0,0,Friday,March,4.270955399408094,2.244955980157409,6.554387843269576,0.04327843209506161,-0.5260651826049767,-0.7749258126220062,0.3258513931888545,0.2129131819992035,0.23685894198067142,435.0,0.019402298850574713,0.16227586206896552,0,2021-04-04,1986,17.0,0.03908045977011494,Arjun Reddy,36.0,Female,Mumbai,2021-04-04,435.0,17.0,3.63,0,High
T00831,R0095,Zone_2,6.48,41.54,101.23,UPI,2023-12-06,0,0,Wednesday,December,4.627225176768922,2.012232791986386,6.445153217728808,-0.3971916421926158,-0.5655407612294988,-0.389954009346445,0.25,0.2058442851453604,0.34003434690372764,481.0,0.013471933471933473,0.21045738045738047,0,2020-10-07,2165,77.0,0.1600831600831601,Kavya Iyer,29.0,Female,Chennai,2020-10-07,481.0,77.0,4.26,0,High
T00832,R0263,Zone_5,3.15,25.7,27.71,Cash,2024-06-23,0,0,Sunday,June,3.3572454941329726,1.423108334242607,5.06951674225463,-1.1455413092221907,-1.0058880608157166,-1.313685307545507,0.12113003095975233,0.12699123855037833,0.09246725258443612,297.0,0.010606060606060605,0.0932996632996633,0,2020-12-30,2081,21.0,0.0707070707070707,Ishaan Das,31.0,Other,Chennai,2020-12-30,297.0,21.0,3.84,2,Med
T00833,R0100,Zone_8,13.95,128.35,249.64,UPI,2023-11-23,0,0,Thursday,November,5.524017646643936,2.7047112998366956,11.329165900453573,1.2815386919548084,1.8477514784851201,1.4747217518848228,0.5390866873065016,0.6379928315412187,0.8397817961410242,383.0,0.03642297650130548,0.6518015665796344,0,2021-05-24,1936,60.0,0.1566579634464752,Ishaan Gupta,28.0,Male,Delhi,2021-05-24,383.0,60.0,3.79,1,High
T00834,R0196,Zone_6,14.97,148.09,297.22,Cash,2023-11-17,0,0,Friday,November,5.697831469162762,2.770711962226921,12.169223475637219,1.510762914288192,2.39651762077249,2.0725337101045103,0.5785603715170279,0.7362604540023895,1.0,51.0,0.29352941176470587,5.827843137254902,0,2019-06-24,2636,9.0,0.17647058823529413,Vivaan Das,18.0,Male,Hyderabad,2019-06-24,51.0,9.0,4.93,1,Low
T00835,R0175,Zone_10,6.42,50.58,90.17,UPI,2023-10-25,0,0,Wednesday,October,4.5127258955968115,2.004179057179289,7.111961754677819,-0.4106754199769326,-0.31423144378887957,-0.5289157634008741,0.2476780185758514,0.25084627638391077,0.3027915277637472,98.0,0.06551020408163265,0.9201020408163265,0,2022-08-18,1485,8.0,0.08163265306122448,Diya Patel,35.0,Male,Chennai,2022-08-18,98.0,8.0,3.48,1,Low
T00836,R0074,Zone_3,6.67,63.51,134.88,Wallet,2023-11-20,0,0,Monday,November,4.911772143292383,2.0373166153791646,7.969316156358712,-0.35449301254227983,0.045218719320324674,0.032836499146460876,0.2573529411764706,0.3152130625248905,0.45334545576994306,199.0,0.033517587939698494,0.6777889447236181,0,2023-09-11,1096,22.0,0.11055276381909548,Vivaan Ghosh,23.0,Male,Kolkata,2023-09-11,199.0,22.0,4.89,1,Med
T00837,R0249,Zone_5,7.11,38.44,172.27,Cash,2024-01-27,0,0,Saturday,January,5.154851071522756,2.0930978681273213,6.2,-0.2556119754572909,-0.6517198413252864,0.5026176911984597,0.2743808049535604,0.1904121863799283,0.5792504293362966,396.0,0.017954545454545456,0.43502525252525254,0,2023-03-24,1267,48.0,0.12121212121212122,Diya Nair,20.0,Male,Mumbai,2023-03-24,396.0,48.0,4.49,1,High
T00838,R0064,Zone_5,10.69,67.78,97.49,Wallet,2023-05-21,0,0,Sunday,May,4.589955020181611,2.458733775483977,8.232860985101109,0.5489200990069365,0.16392345222645796,-0.4369446929055377,0.41292569659442724,0.3364695340501792,0.32744048220358957,214.0,0.04995327102803738,0.45556074766355137,0,2023-09-30,1077,2.0,0.009345794392523364,Ishaan Nair,21.0,Female,Bengaluru,2023-09-30,214.0,2.0,4.21,0,Med
T00839,R0017,Zone_1,3.47,34.41,43.68,UPI,2024-03-16,0,0,Saturday,March,3.799525974201,1.4973884086254776,5.866003750424985,-1.073627827705835,-0.7637526454498103,-1.113032575877403,0.1335139318885449,0.17035045798486656,0.1462437283227262,288.0,0.012048611111111112,0.15166666666666667,0,2023-03-18,1273,21.0,0.07291666666666667,Meera Das,49.0,Female,Mumbai,2023-03-18,288.0,21.0,3.83,0,Med
T00840,R0165,Zone_7,7.5600000000000005,59.67,80.83,Cash,2023-11-18,0,0,Saturday,November,4.4046439245392905,2.1471001901536506,7.72463591375024,-0.15448364207491588,-0.06153214118542498,-0.6462668287596778,0.29179566563467496,0.2960971724412585,0.2713405394484291,34.0,0.22235294117647061,2.3773529411764707,0,2021-12-09,1737,5.0,0.14705882352941177,Meera Reddy,37.0,Female,Kolkata,2021-12-09,34.0,5.0,3.27,0,Low
T00841,R0057,Zone_8,9.31,84.72,172.07,UPI,2024-05-28,0,0,Tuesday,May,5.153696136936908,2.333114298028869,9.204346799203082,0.23879320996765344,0.6348504253950519,0.5001048204198983,0.35952012383900933,0.42079848665870173,0.5785769606357544,407.0,0.022874692874692876,0.42277641277641276,0,2023-06-04,1195,11.0,0.02702702702702703,Aadhya Reddy,39.0,Male,Bengaluru,2023-06-04,407.0,11.0,3.66,1,High
T00842,R0286,Zone_10,11.21,90.18,256.47,Cash,2023-08-18,0,0,Friday,August,5.550903208462204,2.502255288122613,9.496315074806649,0.6657795064710145,0.786636805176665,1.5605362889726853,0.43304953560371523,0.44797889287136605,0.8627807522645385,29.0,0.38655172413793104,8.843793103448277,0,2023-02-15,1304,0.0,0.0,Ishaan Nair,26.0,Male,Pune,2023-02-15,29.0,0.0,4.48,1,Low
T00843,R0024,Zone_10,5.9,35.3,53.0,UPI,2023-08-07,0,0,Monday,August,3.9889840465642745,1.9315214116032138,5.941380311005179,-0.5275348274410102,-0.7390109095513422,-0.9959327975964555,0.22755417956656349,0.17478096375945837,0.17762736976799,140.0,0.04214285714285715,0.37857142857142856,0,2019-07-10,2620,16.0,0.11428571428571428,Meera Kumar,41.0,Other,Chennai,2019-07-10,140.0,16.0,3.49,2,Low
T00844,R0195,Zone_9,10.02,77.79,144.86,UPI,2023-09-04,0,0,Monday,September,4.982647257556087,2.3997118037247684,8.81986394452885,0.3983512470820671,0.4421984818260818,0.15822875099666026,0.38699690402476783,0.3863002787733971,0.486951543926996,72.0,0.13916666666666666,2.0119444444444445,0,2021-05-27,1933,10.0,0.1388888888888889,Aadhya Reddy,33.0,Male,Kolkata,2021-05-27,72.0,10.0,4.97,1,Low
T00845,R0121,Zone_2,9.73,85.5,159.08,Credit Card,2023-09-18,0,0,Monday,September,5.075673690275478,2.373043556642607,9.246621004453464,0.33317965445787007,0.6565341939352823,0.3368938633523548,0.37577399380804954,0.4246814018319395,0.5348351685355424,378.0,0.02574074074074074,0.42084656084656086,0,2023-07-13,1156,10.0,0.026455026455026454,Diya Iyer,29.0,Male,Pune,2023-07-13,378.0,10.0,4.17,1,High
T00846,R0069,Zone_8,13.04,76.02,201.73,Cash,2024-01-31,0,0,Wednesday,January,5.311875044480103,2.641910398597665,8.718944890294926,1.0770347288926723,0.3929930070617125,0.8727635568805102,0.5038699690402477,0.3774890481879729,0.6784523689261541,16.0,0.815,12.608125,0,2023-02-01,1318,1.0,0.0625,Diya Singh,22.0,Male,Ahmedabad,2023-02-01,16.0,1.0,4.56,1,Low
T00847,R0287,Zone_8,5.37,46.74,100.4,Wallet,2024-06-29,0,0,Saturday,June,4.619073091157083,1.851599469584072,6.836665854054885,-0.6466415312024741,-0.42098230429462924,-0.4003824230774735,0.20704334365325078,0.23173038630027876,0.3372394517964778,320.0,0.01678125,0.31375000000000003,0,2021-12-17,1729,34.0,0.10625,Saanvi Singh,18.0,Other,Delhi,2021-12-17,320.0,34.0,3.33,2,Med
T00848,R0234,Zone_10,5.41,31.94,69.82,Wallet,2023-12-05,0,0,Tuesday,December,4.2601414466837575,1.8578592709325787,5.651548460377917,-0.6376523460129297,-0.8324179124938731,-0.7846003651194666,0.20859133126934987,0.15805455993628037,0.23426608748358416,183.0,0.029562841530054645,0.3815300546448087,0,2022-12-01,1380,31.0,0.16939890710382513,Saanvi Nair,32.0,Other,Pune,2022-12-01,183.0,31.0,3.98,2,Med
T00849,R0218,Zone_3,14.01,112.36,252.18,Credit Card,2023-06-25,0,0,Sunday,June,5.5341006982086824,2.7087166456453704,10.6,1.2950224697391253,1.4032342234103965,1.5066352107725491,0.5414086687306502,0.5583930704898447,0.8483348486379095,160.0,0.0875625,1.576125,0,2019-01-11,2800,16.0,0.1,Arjun Reddy,34.0,Other,Delhi,2019-01-11,160.0,16.0,3.87,2,Low
T00850,R0078,Zone_3,0.18,1.0,2.6,UPI,2023-07-17,0,0,Monday,July,1.2809338454620642,0.16551443847757338,1.0,-1.8129883095458657,-1.6925407312563465,-1.629176233793854,0.006191950464396285,0.004032258064516129,0.007913257231370173,97.0,0.0018556701030927835,0.026804123711340208,0,2023-01-02,1348,9.0,0.09278350515463918,Saanvi Sharma,30.0,Other,Jaipur,2023-01-02,97.0,9.0,3.62,2,Low
T00851,R0151,Zone_9,16.15,104.49,297.22,UPI,2023-05-03,0,0,Wednesday,May,5.697831469162762,2.8419981736119486,10.222035022440492,1.7759438773797525,1.1844505587801228,2.0725337101045103,0.6242260061919505,0.5192154520111509,1.0,394.0,0.040989847715736036,0.7543654822335026,0,2023-02-25,1294,56.0,0.14213197969543148,Meera Reddy,34.0,Male,Hyderabad,2023-02-25,394.0,56.0,5.0,1,High
T00852,R0237,Zone_10,20.78,119.75,297.22,Credit Card,2023-02-28,0,0,Tuesday,February,5.697831469162762,3.0809921175048145,10.943034314119645,2.8164420630695224,1.6086740304774514,2.0725337101045103,0.803405572755418,0.5951812027080844,1.0,36.0,0.5772222222222223,8.256111111111112,0,2022-12-13,1368,3.0,0.08333333333333333,Aadhya Nair,40.0,Male,Chennai,2022-12-13,36.0,3.0,3.71,1,Low
T00853,R0014,Zone_9,10.39,73.68,186.29,UPI,2024-05-09,0,0,Thursday,May,5.232658217741762,2.432735777459091,8.583705493549974,0.4815012100853534,0.3279417014410215,0.6787699327755929,0.40131578947368424,0.36584030266825973,0.6264605852443007,325.0,0.03196923076923077,0.5731999999999999,0,2021-06-08,1921,53.0,0.16307692307692306,Aarav Das,26.0,Female,Ahmedabad,2021-06-08,325.0,53.0,3.0,0,High
T00854,R0198,Zone_1,12.07,74.81,147.41,Cash,2023-05-08,0,0,Monday,May,4.999978713907727,2.570319527636131,8.649277426467485,0.8590469880462198,0.3593553661210988,0.19026785342331412,0.46633126934984526,0.3714655515730785,0.49553826985890825,202.0,0.05975247524752476,0.7297524752475247,0,2021-12-10,1736,23.0,0.11386138613861387,Vivaan Kumar,31.0,Other,Mumbai,2021-12-10,202.0,23.0,3.85,2,Med
T00855,R0121,Zone_2,0.55,5.44,4.88,UPI,2023-03-18,0,0,Saturday,March,1.7715567619105355,0.4382549309311553,2.3323807579381204,-1.7298383465425795,-1.5691100487965732,-1.6005295069182575,0.020510835913312698,0.026135005973715653,0.015590800417550595,378.0,0.0014550264550264552,0.01291005291005291,0,2023-07-13,1156,10.0,0.026455026455026454,Diya Iyer,29.0,Male,Pune,2023-07-13,378.0,10.0,4.17,1,High
T00856,R0047,Zone_10,4.53,28.41,68.32,Cash,2023-09-16,0,0,Saturday,September,4.238733464847405,1.7101878155342434,5.330103188494571,-0.8354144201829073,-0.930550864990044,-0.8034468959586749,0.1745356037151703,0.14048187972919154,0.2292150722295181,69.0,0.06565217391304348,0.9901449275362317,0,2021-10-07,1800,3.0,0.043478260869565216,Reyansh Iyer,51.0,Female,Bengaluru,2021-10-07,69.0,3.0,4.86,0,Low
T00857,R0070,Zone_8,13.29,112.97,182.82,Wallet,2023-01-31,0,0,Tuesday,January,5.213957017929963,2.659559991941776,10.6287346377638,1.1332171363273251,1.420192042396987,0.6351716247675577,0.5135448916408669,0.5614297092791717,0.6147759032898945,310.0,0.04287096774193548,0.589741935483871,0,2023-01-03,1347,6.0,0.01935483870967742,Meera Reddy,33.0,Male,Bengaluru,2023-01-03,310.0,6.0,3.54,1,Med
T00858,R0051,Zone_1,9.81,84.78,203.51,UPI,2023-11-03,0,0,Friday,November,5.320616874042804,2.3804716316511167,9.207605551933684,0.35115802483695896,0.6365184075904543,0.895128106809704,0.3788699690402477,0.4210971724412585,0.6844462403609791,213.0,0.04605633802816902,0.9554460093896713,0,2020-04-05,2350,14.0,0.06572769953051644,Aarav Nair,21.0,Male,Kolkata,2020-04-05,213.0,14.0,4.02,1,Med
T00859,R0077,Zone_10,7.09,47.03,153.29,Credit Card,2024-04-29,0,0,Monday,April,5.0388339484549345,2.0906287310704004,6.8578422262399705,-0.2601065680520632,-0.41292039035018463,0.2641462543130106,0.27360681114551083,0.23317403424930305,0.5153382496548472,406.0,0.017463054187192118,0.3775615763546798,0,2019-09-07,2561,72.0,0.17733990147783252,Reyansh Das,28.0,Male,Mumbai,2019-09-07,406.0,72.0,3.79,1,High
T00860,R0173,Zone_2,9.16,68.84,226.07,Wallet,2023-12-10,0,0,Sunday,December,5.425258339989186,2.318458442150336,8.296987405076615,0.2050837655068617,0.19339113767856603,1.1785799306313967,0.3537151702786378,0.34174631620868184,0.7604135097821328,389.0,0.02354755784061697,0.5811568123393316,0,2020-01-15,2431,55.0,0.14138817480719795,Saanvi Ghosh,26.0,Other,Mumbai,2020-01-15,389.0,55.0,4.28,2,High
T00861,R0174,Zone_4,10.53,65.78,127.52,UPI,2024-01-14,0,0,Sunday,January,4.856084534247658,2.4449523342809676,8.110487038396647,0.5129633582487586,0.10832404571304663,-0.059637145504587784,0.40673374613003094,0.3265133412982876,0.42856180758999224,320.0,0.03290625,0.39849999999999997,0,2019-02-07,2773,7.0,0.021875,Aadhya Patel,32.0,Male,Kolkata,2019-02-07,320.0,7.0,3.8,1,Med
T00862,R0007,Zone_3,6.53,49.22,114.54,Cash,2023-06-30,0,0,Friday,June,4.7496167903531195,2.018895041811802,7.0156966867161525,-0.3859551607056853,-0.35203904021799926,-0.22272245903320337,0.25193498452012386,0.24407606531262444,0.38485368892480726,458.0,0.01425764192139738,0.2500873362445415,0,2021-03-26,1995,82.0,0.17903930131004367,Ishaan Ghosh,18.0,Female,Mumbai,2021-03-26,458.0,82.0,4.03,0,High
T00863,R0026,Zone_7,7.86,60.9,110.73,Cash,2023-12-21,0,0,Thursday,December,4.716085246559246,2.1815467646169897,7.803845206050668,-0.08706475315333262,-0.027338506179677095,-0.27059264736479244,0.30340557275541796,0.30222023098367184,0.3720241101794794,44.0,0.17863636363636365,2.516590909090909,0,2020-04-17,2338,5.0,0.11363636363636363,Aarav Kumar,26.0,Female,Surat,2020-04-17,44.0,5.0,3.17,0,Low
T00864,R0074,Zone_9,7.82,71.16,98.63,UPI,2023-07-01,0,0,Saturday,July,4.601463324056765,2.1770218700187,8.435638683585257,-0.09605393834287707,0.25788644923412296,-0.42262132946773945,0.30185758513931893,0.35329549980087616,0.3312792537966798,199.0,0.0392964824120603,0.4956281407035176,0,2023-09-11,1096,22.0,0.11055276381909548,Vivaan Ghosh,23.0,Male,Kolkata,2023-09-11,199.0,22.0,4.89,1,Med
T00865,R0255,Zone_5,2.74,18.84,59.39,Credit Card,2023-12-21,0,0,Thursday,December,4.10082352831981,1.3190856114264407,4.340506882842141,-1.237680457415021,-1.1965940251567175,-0.9156465762214282,0.10526315789473686,0.09284149741138989,0.19914469475031146,475.0,0.00576842105263158,0.1250315789473684,0,2021-07-06,1893,42.0,0.08842105263157894,Reyansh Sharma,37.0,Female,Bengaluru,2021-07-06,475.0,42.0,3.12,0,High
T00866,R0147,Zone_2,9.62,51.86,99.1,UPI,2023-04-29,0,0,Saturday,April,4.6061696863211745,2.362739015813793,7.201388754955532,0.3084593951866226,-0.2786478236202963,-0.41671608313812086,0.37151702786377705,0.2572182397451215,0.33286190524295384,239.0,0.0402510460251046,0.4146443514644351,0,2022-08-29,1474,21.0,0.08786610878661087,Saanvi Nair,35.0,Other,Mumbai,2022-08-29,239.0,21.0,3.91,2,Med
T00867,R0166,Zone_4,17.02,118.13,218.52,Wallet,2023-05-22,0,0,Monday,May,5.39144334453752,2.8914822521801917,10.868762579061151,1.9714586552523443,1.563638511201588,1.0837190587407153,0.6578947368421053,0.5871166865790521,0.734990066336667,349.0,0.048767908309455585,0.6261318051575931,0,2021-03-16,2005,63.0,0.18051575931232092,Reyansh Sharma,24.0,Other,Chennai,2021-03-16,349.0,63.0,4.29,2,High
T00868,R0250,Zone_4,16.66,114.82,137.33,Cash,2023-10-09,0,0,Monday,October,4.929642134886724,2.8713021951758138,10.715409464878139,1.8905559885464445,1.4716214934218923,0.06361916618383463,0.6439628482972136,0.5706391875746715,0.46159544735158436,163.0,0.10220858895705522,0.842515337423313,0,2021-02-01,2048,31.0,0.1901840490797546,Aadhya Iyer,34.0,Female,Jaipur,2021-02-01,163.0,31.0,4.63,0,Low
T00869,R0286,Zone_5,0.62,4.67,7.34,UPI,2024-05-06,0,0,Monday,May,2.1210632163706555,0.4824261492442927,2.1610182784974308,-1.7141072724608766,-1.5905158203042367,-1.5696211963419557,0.023219814241486073,0.022301871764237355,0.02387446543421894,29.0,0.021379310344827585,0.25310344827586206,0,2023-02-15,1304,0.0,0.0,Ishaan Nair,26.0,Male,Pune,2023-02-15,29.0,0.0,4.48,1,Low
T00870,R0057,Zone_7,10.85,77.61,128.96,Cash,2023-06-30,0,0,Friday,June,4.8672267108008995,2.47232786758114,8.809653795694812,0.5848768397651143,0.4371945352398746,-0.04154447589894768,0.41911764705882354,0.38540422142572683,0.4334107822338957,407.0,0.02665847665847666,0.31685503685503685,0,2023-06-04,1195,11.0,0.02702702702702703,Aadhya Reddy,39.0,Male,Bengaluru,2023-06-04,407.0,11.0,3.66,1,High
T00871,R0189,Zone_7,11.38,72.47,243.21,Wallet,2023-06-27,0,0,Tuesday,June,5.4980285108791245,2.5160822672564502,8.512931340026183,0.7039835435265783,0.29430406050040747,1.3939329563540837,0.4396284829721363,0.3598168060533652,0.8181297774185945,238.0,0.047815126050420174,1.021890756302521,0,2019-09-16,2552,42.0,0.17647058823529413,Reyansh Gupta,29.0,Female,Delhi,2019-09-16,238.0,42.0,3.28,0,Med
T00872,R0034,Zone_7,5.95,32.62,102.85,Credit Card,2024-05-18,0,0,Saturday,May,4.642947550322122,1.9387416595767009,5.711392124517454,-0.5162983459540798,-0.8135141142793133,-0.36959975604010015,0.22948916408668732,0.1614396654719235,0.345489443378119,484.0,0.012293388429752066,0.2125,0,2019-04-23,2698,48.0,0.09917355371900827,Arjun Iyer,26.0,Other,Chennai,2019-04-23,484.0,48.0,3.1,2,High
T00873,R0115,Zone_3,3.18,26.02,27.84,Wallet,2023-04-25,0,0,Tuesday,April,3.3617633124167483,1.430311246536665,5.10098029794274,-1.1387994203300325,-0.9969921557735706,-1.3120519415394425,0.12229102167182665,0.12858422939068098,0.09290500723978852,170.0,0.018705882352941176,0.16376470588235295,0,2020-03-01,2385,15.0,0.08823529411764706,Aarav Ghosh,40.0,Female,Bengaluru,2020-03-01,170.0,15.0,4.4,0,Med
T00874,R0295,Zone_1,1.4,9.79,20.57,UPI,2024-01-30,0,0,Tuesday,January,3.071303460401065,0.8754687373538999,3.128897569432403,-1.53881816126476,-1.4481813396299037,-1.4033947943401388,0.053405572755417956,0.04778972520908004,0.06842441997508165,98.0,0.014285714285714285,0.20989795918367346,0,2019-05-29,2662,18.0,0.1836734693877551,Kavya Gupta,18.0,Female,Delhi,2019-05-29,98.0,18.0,3.59,0,Low
T00875,R0023,Zone_10,5.78,42.73,81.27,Credit Card,2023-08-16,0,0,Wednesday,August,4.410006521180839,1.9139771019523042,6.536818798161686,-0.5545023830096436,-0.532459114354019,-0.6407385130468434,0.22291021671826627,0.21176821983273594,0.2728221705896218,176.0,0.032840909090909094,0.4617613636363636,0,2019-10-09,2529,32.0,0.18181818181818182,Meera Iyer,24.0,Other,Jaipur,2019-10-09,176.0,32.0,3.21,2,Med
T00876,R0238,Zone_10,9.75,76.65,222.47,Cash,2024-08-18,0,0,Sunday,August,5.409277176856294,2.3749057545736716,8.754998572244316,0.3376742470526422,0.4105068201134373,1.133348256617297,0.3765479876160991,0.38062524890481886,0.7482910731723743,362.0,0.026933701657458564,0.6145580110497237,0,2019-04-22,2699,56.0,0.15469613259668508,Reyansh Patel,30.0,Other,Pune,2019-04-22,362.0,56.0,4.91,2,High
T00877,R0077,Zone_5,7.21,48.52,59.5,Wallet,2023-08-28,0,0,Monday,August,4.102643365036796,2.105352923464337,6.9656299069072,-0.23313901248342986,-0.3714988324976931,-0.9142644972932196,0.27825077399380804,0.24059139784946237,0.19951510253560964,406.0,0.017758620689655173,0.14655172413793102,0,2019-09-07,2561,72.0,0.17733990147783252,Reyansh Das,28.0,Male,Mumbai,2019-09-07,406.0,72.0,3.79,1,High
T00878,R0148,Zone_7,4.95,26.83,42.56,Credit Card,2024-06-10,0,0,Monday,June,3.77413929806476,1.7833912195575383,5.179768334587948,-0.7410279756926907,-0.9744743961356391,-1.1271046522373451,0.19078947368421054,0.1326164874551971,0.1424723035996902,412.0,0.012014563106796118,0.10330097087378641,0,2019-09-30,2538,34.0,0.0825242718446602,Aarav Kumar,44.0,Male,Ahmedabad,2019-09-30,412.0,34.0,3.36,1,High
T00879,R0039,Zone_9,1.75,16.89,20.55,UPI,2023-05-23,0,0,Tuesday,May,3.070375816549757,1.0116009116784799,4.109744517606903,-1.4601627908562462,-1.2508034465072935,-1.403646081417995,0.06695046439628484,0.0831342094782955,0.06835707310502744,190.0,0.009210526315789473,0.1081578947368421,0,2023-11-18,1028,14.0,0.07368421052631578,Aadhya Iyer,24.0,Male,Chennai,2023-11-18,190.0,14.0,4.2,1,Med
T00880,R0041,Zone_2,9.75,66.7,135.01,UPI,2023-10-23,0,0,Monday,October,4.912728412444662,2.3749057545736716,8.167006795638168,0.3376742470526422,0.13389977270921588,0.034469865152525536,0.3765479876160991,0.3310931899641577,0.45378321042529546,353.0,0.02762039660056657,0.38246458923512744,0,2020-04-11,2344,8.0,0.0226628895184136,Aarav Nair,25.0,Other,Pune,2020-04-11,353.0,8.0,4.74,2,High
T00881,R0247,Zone_9,13.33,91.19,297.22,UPI,2023-02-01,0,0,Wednesday,February,5.697831469162762,2.6623552418400807,9.54934552731233,1.1422063215168696,0.8147145054659375,2.0725337101045103,0.515092879256966,0.4530067702110713,1.0,249.0,0.05353413654618474,1.1936546184738956,0,2021-05-11,1949,47.0,0.18875502008032127,Aadhya Das,37.0,Male,Bengaluru,2021-05-11,249.0,47.0,4.92,1,Med
T00882,R0194,Zone_2,3.37,20.05,41.32,UPI,2024-05-23,0,0,Thursday,May,3.7452597875500437,1.4747630091074988,4.4777226354476225,-1.0961007906796962,-1.1629563842161035,-1.142684451064424,0.1296439628482972,0.09886499402628436,0.1382967976563289,10.0,0.337,4.132,0,2023-02-10,1309,2.0,0.2,Arjun Iyer,30.0,Other,Jaipur,2023-02-10,10.0,2.0,4.06,2,Low
T00883,R0187,Zone_3,10.24,87.48,225.6,Credit Card,2024-06-05,0,0,Wednesday,June,5.423186348593906,2.419478844465545,9.353074360871938,0.44779176562456163,0.7115776063835596,1.1726746843017781,0.3955108359133127,0.43453803265631225,0.7588308583358587,357.0,0.028683473389355743,0.6319327731092437,0,2022-08-05,1498,38.0,0.10644257703081232,Saanvi Reddy,27.0,Other,Surat,2022-08-05,357.0,38.0,4.71,2,High
T00884,R0162,Zone_8,1.4,13.58,22.43,Wallet,2024-02-20,0,0,Tuesday,February,3.1540172525197043,0.8754687373538999,3.6851051545376556,-1.53881816126476,-1.3428204642869892,-1.3800250960995204,0.053405572755417956,0.06665671047391478,0.07468767889012357,394.0,0.0035532994923857864,0.05692893401015228,0,2023-08-14,1124,38.0,0.09644670050761421,Meera Patel,30.0,Male,Hyderabad,2023-08-14,394.0,38.0,4.28,1,High
T00885,R0249,Zone_4,4.71,45.28,52.61,UPI,2023-07-13,0,0,Thursday,July,3.9817356178394463,1.742219023667919,6.729041536504289,-0.7949630868299574,-0.46156987104941954,-1.0008328956146497,0.1815015479876161,0.22446236559139784,0.17631410580193282,396.0,0.011893939393939394,0.13285353535353536,0,2023-03-24,1267,48.0,0.12121212121212122,Diya Nair,20.0,Male,Mumbai,2023-03-24,396.0,48.0,4.49,1,High
T00886,R0002,Zone_1,11.65,102.84,246.12,Wallet,2024-04-04,0,0,Thursday,April,5.509874048610326,2.5376572151735295,10.141005867269776,0.7646605435560032,1.1385810484065586,1.4304952261821477,0.450077399380805,0.5110015929908404,0.8279287470114826,70.0,0.16642857142857143,3.516,0,2019-11-23,2484,5.0,0.07142857142857142,Ishaan Nair,39.0,Female,Mumbai,2019-11-23,70.0,5.0,4.12,0,Low
T00887,R0101,Zone_1,2.41,16.66,35.05,Cash,2024-08-03,0,0,Saturday,August,3.584906863730958,1.2267122912954254,4.08166632639171,-1.3118412352287627,-1.2571973782563357,-1.2214629499723146,0.09249226006191952,0.08198924731182795,0.11718355389433274,228.0,0.010570175438596492,0.15372807017543857,0,2020-11-01,2140,29.0,0.12719298245614036,Aarav Singh,37.0,Female,Delhi,2020-11-01,228.0,29.0,3.03,0,Med
T00888,R0057,Zone_7,4.98,26.52,103.75,Cash,2024-06-15,0,0,Saturday,June,4.6515765588022475,1.7884205679625405,5.149757275833493,-0.7342860868005324,-0.9830923041452178,-0.35829183753657506,0.19195046439628485,0.13107327757865392,0.3485200525305586,407.0,0.012235872235872237,0.2549140049140049,0,2023-06-04,1195,11.0,0.02702702702702703,Aadhya Reddy,39.0,Male,Bengaluru,2023-06-04,407.0,11.0,3.66,1,High
T00889,R0259,Zone_3,15.09,102.66,150.23,UPI,2023-04-05,0,0,Wednesday,April,5.018801856762649,2.7781979610042917,10.132127121192273,1.537730469856825,1.1335771018203515,0.22569933140102563,0.5832043343653251,0.5101055356431701,0.5050341785365524,150.0,0.1006,1.0015333333333332,0,2019-06-25,2635,27.0,0.18,Aadhya Das,32.0,Male,Jaipur,2019-06-25,150.0,27.0,3.52,1,Low
T00890,R0130,Zone_7,4.34,40.13,47.99,Cash,2023-03-04,0,0,Saturday,March,3.8916161956504833,1.6752256529721035,6.334824385884742,-0.8781130498332436,-0.6047383428214537,-1.058880210599411,0.16718266253869968,0.1988251692552768,0.16075697881940937,316.0,0.013734177215189873,0.15186708860759493,0,2019-02-16,2764,62.0,0.1962025316455696,Diya Ghosh,27.0,Female,Pune,2019-02-16,316.0,62.0,3.62,0,Med
T00891,R0235,Zone_9,3.73,18.95,85.21,Cash,2023-10-22,0,0,Sunday,October,4.456786180221833,1.5539252025038417,4.3531597719357835,-1.0151981239737962,-1.19353605779848,-0.5912349587091896,0.14357585139318885,0.09338908801274393,0.28608950399030203,284.0,0.013133802816901408,0.30003521126760563,0,2021-02-15,2034,8.0,0.028169014084507043,Aarav Ghosh,34.0,Other,Delhi,2021-02-15,284.0,8.0,4.06,2,Med
T00892,R0058,Zone_1,10.88,98.7,166.96,Credit Card,2023-12-12,0,0,Tuesday,December,5.123725855815993,2.474856313934499,9.934787365615835,0.5916187286572728,1.0234902769237972,0.4359009720276623,0.4202786377708979,0.49039227399442453,0.5613698353369028,480.0,0.02266666666666667,0.3478333333333333,0,2021-05-31,1929,25.0,0.052083333333333336,Vivaan Reddy,46.0,Male,Kolkata,2021-05-31,480.0,25.0,4.32,1,High
T00893,R0252,Zone_8,17.77,102.14,182.03,Credit Card,2024-01-19,0,0,Friday,January,5.209650073831871,2.9322598505984176,10.10643359449811,2.1400058775563027,1.1191212561268646,0.6252457851922415,0.6869195046439629,0.5075169255276782,0.6121157019227531,392.0,0.04533163265306123,0.4643622448979592,0,2020-09-23,2179,47.0,0.11989795918367346,Reyansh Gupta,38.0,Other,Ahmedabad,2020-09-23,392.0,47.0,4.83,2,High
T00894,R0067,Zone_7,6.8,59.24,151.6,Credit Card,2024-06-24,0,0,Monday,June,5.027820118850356,2.0541237336955462,7.696752561957543,-0.3252781606762604,-0.0734860135858084,0.24291249623416925,0.26238390092879255,0.29395659099960175,0.5096474391352661,348.0,0.01954022988505747,0.435632183908046,0,2022-07-24,1510,9.0,0.02586206896551724,Saanvi Iyer,32.0,Male,Pune,2022-07-24,348.0,9.0,3.38,1,High
T00895,R0278,Zone_9,11.84,88.76,271.84,Cash,2024-04-19,0,0,Friday,April,5.608885542786519,2.552565298261815,9.421252570651102,0.8073591732063392,0.7471612265521429,1.7536504083051054,0.45743034055727555,0.44090999601752295,0.914536821901202,382.0,0.030994764397905758,0.7116230366492146,0,2021-09-02,1835,58.0,0.1518324607329843,Aarav Reddy,20.0,Female,Mumbai,2021-09-02,382.0,58.0,4.27,0,High
T00896,R0157,Zone_8,14.73,146.17,297.22,Cash,2023-08-26,0,0,Saturday,August,5.697831469162762,2.7555697170701863,12.090078577081291,1.4568278031509252,2.343142190519615,2.0725337101045103,0.5692724458204335,0.7267025089605734,1.0,319.0,0.0461755485893417,0.9317241379310346,0,2021-11-23,1753,27.0,0.08463949843260188,Kavya Nair,36.0,Female,Hyderabad,2021-11-23,319.0,27.0,4.65,0,Med
T00897,R0201,Zone_3,9.63,65.64,170.7,Wallet,2023-08-30,0,0,Wednesday,August,5.14574876790343,2.363680192353857,8.101851640211638,0.31070669148400903,0.10443208725710781,0.48289165558675473,0.37190402476780193,0.32581640780565513,0.5739637000370407,183.0,0.05262295081967214,0.9327868852459016,0,2021-04-06,1984,15.0,0.08196721311475409,Meera Reddy,37.0,Female,Delhi,2021-04-06,183.0,15.0,3.84,0,Med
T00898,R0044,Zone_10,6.65,56.17,124.87,Credit Card,2023-02-12,0,0,Sunday,February,4.835249628303414,2.0347056478384444,7.494664769020694,-0.35898760513705197,-0.1588311025838948,-0.09293268332052232,0.2565789473684211,0.2786738351254481,0.41963834730780886,271.0,0.024538745387453875,0.46077490774907753,0,2020-08-01,2232,5.0,0.01845018450184502,Arjun Gupta,36.0,Female,Hyderabad,2020-08-01,271.0,5.0,3.21,0,Med
T00899,R0127,Zone_2,3.62,28.17,64.51,UPI,2023-03-15,0,0,Wednesday,March,4.182202802743785,1.5303947050936475,5.30754180388624,-1.0399183832450434,-0.9372227937716534,-0.8513170842902639,0.1393188854489164,0.13928713659896455,0.2163854934841903,43.0,0.08418604651162791,1.500232558139535,0,2020-03-17,2369,2.0,0.046511627906976744,Vivaan Kumar,38.0,Male,Chennai,2020-03-17,43.0,2.0,4.83,1,Low
T00900,R0276,Zone_7,0.87,6.01,10.08,Credit Card,2023-11-07,0,0,Tuesday,November,2.405141681319138,0.6259384308664953,2.4515301344262523,-1.657924865026224,-1.5532642179402512,-1.5351948666756687,0.03289473684210526,0.028972520908004777,0.0331009866316463,196.0,0.004438775510204082,0.05142857142857143,0,2022-11-07,1404,1.0,0.00510204081632653,Aadhya Ghosh,26.0,Other,Chennai,2022-11-07,196.0,1.0,3.63,2,Med
T00901,R0127,Zone_3,13.56,93.94,276.55,Wallet,2024-03-02,0,0,Saturday,March,5.626001097136171,2.67827804276854,9.692264957170744,1.1938941363567503,0.8911636894218781,1.81282851514022,0.5239938080495357,0.46669653524492233,0.9303970097989696,43.0,0.31534883720930235,6.43139534883721,0,2020-03-17,2369,2.0,0.046511627906976744,Vivaan Kumar,38.0,Male,Chennai,2020-03-17,43.0,2.0,4.83,1,Low
T00902,R0065,Zone_1,8.9,67.69,181.01,Wallet,2023-10-14,0,0,Saturday,October,5.204061630622316,2.2925347571405443,8.227393268830657,0.14665406177482287,0.16142147893335435,0.6124301442215797,0.34365325077399383,0.33602150537634407,0.6086810115499881,180.0,0.049444444444444444,1.005611111111111,0,2023-06-28,1171,32.0,0.17777777777777778,Meera Nair,43.0,Other,Mumbai,2023-06-28,180.0,32.0,4.52,2,Med
T00903,R0186,Zone_7,14.66,92.85,179.72,UPI,2024-02-09,0,0,Friday,February,5.196948872159748,2.751109690562657,9.635870484808313,1.4410967290692225,0.8608620128720688,0.5962221276998607,0.56656346749226,0.46127041019514137,0.6043371384314914,373.0,0.0393029490616622,0.4818230563002681,0,2020-12-11,2100,19.0,0.05093833780160858,Ishaan Sharma,18.0,Other,Hyderabad,2020-12-11,373.0,19.0,3.26,2,High
T00904,R0013,Zone_10,12.94,86.59,291.02,Credit Card,2023-09-01,0,0,Friday,September,5.676822293073418,2.6347624053323777,9.305374790947434,1.0545617659188113,0.6868358704850915,1.9946347159691156,0.5,0.43010752688172044,0.9791224702831934,6.0,2.1566666666666667,48.50333333333333,0,2019-04-01,2720,0.0,0.0,Ishaan Gupta,43.0,Female,Kolkata,2019-04-01,6.0,0.0,3.91,0,Low
T00905,R0227,Zone_1,4.92,25.19,109.4,Credit Card,2024-01-24,0,0,Wednesday,January,4.704110133842995,1.7783364488959144,5.018964036531842,-0.7477698645848492,-1.0200659094766362,-0.2873032380422238,0.18962848297213622,0.12445240939864598,0.3675455433208742,320.0,0.015375,0.34187500000000004,0,2020-07-11,2253,23.0,0.071875,Arjun Nair,25.0,Other,Pune,2020-07-11,320.0,23.0,4.12,2,Med
T00906,R0165,Zone_3,2.07,17.59,43.41,Cash,2023-08-01,0,0,Tuesday,August,3.7934646693040106,1.1216775615991057,4.194043395102153,-1.3882493093398907,-1.2313436542275995,-1.1164249514284605,0.0793343653250774,0.08661887694145759,0.14533454557699427,34.0,0.060882352941176464,1.2767647058823528,0,2021-12-09,1737,5.0,0.14705882352941177,Meera Reddy,37.0,Female,Kolkata,2021-12-09,34.0,5.0,3.27,0,Low
T00907,R0037,Zone_7,10.06,91.36,240.09,Cash,2023-05-25,0,0,Thursday,May,5.485170307761209,2.403334996094189,9.558242516278817,0.4073404322716117,0.8194404550195775,1.3547321722085304,0.3885448916408669,0.4538530465949821,0.807623665690137,489.0,0.020572597137014315,0.49098159509202455,0,2020-11-21,2120,6.0,0.012269938650306749,Aadhya Iyer,32.0,Other,Ahmedabad,2020-11-21,489.0,6.0,3.36,2,High
T00908,R0108,Zone_8,4.84,30.09,115.68,Credit Card,2024-03-26,0,0,Tuesday,March,4.759435144999521,1.7647307968401356,5.485435260760991,-0.7657482349639381,-0.8838473635187786,-0.20839909559540507,0.18653250773993807,0.14884508164078056,0.38869246051789746,184.0,0.026304347826086955,0.6286956521739131,0,2019-05-31,2660,32.0,0.17391304347826086,Reyansh Gupta,18.0,Male,Pune,2019-05-31,184.0,32.0,4.88,1,Med
T00909,R0172,Zone_7,9.88,53.08,100.96,Credit Card,2024-08-14,0,0,Wednesday,August,4.6245805795079145,2.3869262414277967,7.285602240034794,0.3668890989186618,-0.2447321856471154,-0.39334638489750257,0.38157894736842113,0.26329151732377537,0.3391251641579957,168.0,0.05880952380952381,0.6009523809523809,0,2019-12-24,2453,14.0,0.08333333333333333,Reyansh Reddy,31.0,Other,Pune,2019-12-24,168.0,14.0,3.72,2,Med
T00910,R0279,Zone_2,4.34,43.01,60.59,Cash,2024-05-24,0,0,Friday,May,4.120499519698952,1.6752256529721035,6.558200972827838,-0.8781130498332436,-0.5246751974421414,-0.9005693515500616,0.16718266253869968,0.21316208681800078,0.20318550695356433,454.0,0.009559471365638766,0.1334581497797357,0,2022-04-21,1604,84.0,0.18502202643171806,Diya Singh,25.0,Other,Pune,2022-04-21,454.0,84.0,3.73,2,High
T00911,R0035,Zone_4,3.69,22.16,37.73,Credit Card,2024-03-25,0,0,Monday,March,3.6566144935266607,1.5454325824581878,4.707440918375928,-1.0241873091633409,-1.1042990103444545,-1.187790481539596,0.14202786377708979,0.10936877737953007,0.12620803448159745,392.0,0.009413265306122449,0.09624999999999999,0,2022-03-20,1636,41.0,0.10459183673469388,Reyansh Das,39.0,Male,Kolkata,2022-03-20,392.0,41.0,3.49,1,High
T00912,R0274,Zone_1,7.3,69.3,121.11,UPI,2023-05-09,0,0,Tuesday,May,4.8049222778449305,2.1162555148025524,8.324662155306964,-0.2129133458069549,0.20617900117665044,-0.14017465395747117,0.28173374613003094,0.3440362405416169,0.40697713573761657,31.0,0.23548387096774193,3.906774193548387,0,2019-03-18,2734,5.0,0.16129032258064516,Reyansh Nair,27.0,Female,Surat,2019-03-18,31.0,5.0,3.04,0,Low
T00913,R0263,Zone_3,12.67,124.91,201.48,UPI,2023-12-04,0,0,Monday,December,5.3106411162368685,2.6152036507358583,11.176314240392491,0.9938847658893865,1.7521204992820525,0.8696224684073088,0.4895510835913313,0.620868180007965,0.6776105330504764,297.0,0.04265993265993266,0.6783838383838383,0,2020-12-30,2081,21.0,0.0707070707070707,Ishaan Das,31.0,Other,Chennai,2020-12-30,297.0,21.0,3.84,2,Med
T00914,R0077,Zone_9,9.53,77.61,180.39,UPI,2023-08-25,0,0,Friday,August,5.200649409369878,2.354228326145884,8.809653795694812,0.2882337285101476,0.4371945352398746,0.6046402448080402,0.36803405572755415,0.38540422142572683,0.6065932585783075,406.0,0.023472906403940886,0.4443103448275862,0,2019-09-07,2561,72.0,0.17733990147783252,Reyansh Das,28.0,Male,Mumbai,2019-09-07,406.0,72.0,3.79,1,High
T00915,R0090,Zone_9,13.89,74.43,250.88,UPI,2023-07-23,0,0,Sunday,July,5.528952783620542,2.7006898466959175,8.627282306729043,1.268054914170492,0.3487914788835508,1.490301550711902,0.536764705882353,0.3695738749502191,0.8439573020843856,152.0,0.09138157894736842,1.6505263157894736,0,2021-01-31,2049,25.0,0.16447368421052633,Kavya Iyer,33.0,Female,Mumbai,2021-01-31,152.0,25.0,4.51,0,Low
T00916,R0239,Zone_5,1.83,15.84,19.9,Cash,2023-07-11,0,0,Tuesday,July,3.039749158970765,1.0402767116551463,3.97994974842648,-1.4421844204771572,-1.2799931349268345,-1.4118129114483184,0.07004643962848299,0.07790720828355237,0.06616829982826547,268.0,0.006828358208955224,0.07425373134328357,0,2020-03-13,2373,10.0,0.03731343283582089,Diya Iyer,36.0,Male,Mumbai,2020-03-13,268.0,10.0,3.36,1,Med
T00917,R0073,Zone_2,2.71,13.69,46.35,UPI,2023-02-07,0,0,Tuesday,February,3.8575668196320874,1.3110318766193438,3.6999999999999997,-1.2444223463071795,-1.3397624969287516,-1.0794857509836124,0.10410216718266255,0.06720430107526881,0.1552345354749638,490.0,0.005530612244897959,0.09459183673469387,0,2021-06-19,1910,30.0,0.061224489795918366,Meera Das,41.0,Other,Ahmedabad,2021-06-19,490.0,30.0,3.01,2,High
T00918,R0252,Zone_7,7.55,50.09,76.83,Credit Card,2023-09-06,0,0,Wednesday,September,4.354526960971297,2.145931282948669,7.077428911688199,-0.15673093837230215,-0.3278532983846652,-0.6965242443308999,0.29140866873065013,0.24840700915969732,0.25787116543758626,392.0,0.01926020408163265,0.19599489795918368,0,2020-09-23,2179,47.0,0.11989795918367346,Reyansh Gupta,38.0,Other,Ahmedabad,2020-09-23,392.0,47.0,4.83,2,High
T00919,R0116,Zone_7,18.83,125.22,170.0,UPI,2023-12-22,0,0,Friday,December,5.14166355650266,2.9871959425317045,11.190174261377702,2.37821928507923,1.7607384072916312,0.474096607861791,0.7279411764705882,0.6224113898845082,0.5716065595851433,238.0,0.07911764705882353,0.7142857142857143,0,2020-02-08,2407,30.0,0.12605042016806722,Ishaan Kumar,34.0,Female,Bengaluru,2020-02-08,238.0,30.0,4.58,0,Med
T00920,R0060,Zone_4,11.37,58.78,247.77,Credit Card,2024-05-04,0,0,Saturday,May,5.516528774816684,2.5152741864043966,7.666811592833099,0.7017362472291919,-0.08627387708389303,1.4512264101052768,0.4392414860681114,0.2916666666666667,0.8334848637909553,123.0,0.0924390243902439,2.0143902439024393,0,2023-08-01,1137,7.0,0.056910569105691054,Aarav Nair,40.0,Female,Hyderabad,2023-08-01,123.0,7.0,4.57,0,Low
T00921,R0252,Zone_4,2.67,24.93,55.78,UPI,2024-01-31,0,0,Wednesday,January,4.039184151044825,1.3001916620664788,4.992995093127972,-1.253411531496724,-1.0272938323233798,-0.9610038937744562,0.10255417956656347,0.12315810434090003,0.1869885847055258,392.0,0.0068112244897959185,0.14229591836734695,0,2020-09-23,2179,47.0,0.11989795918367346,Reyansh Gupta,38.0,Other,Ahmedabad,2020-09-23,392.0,47.0,4.83,2,High
T00922,R0147,Zone_2,7.62,72.73,127.17,Cash,2023-11-22,0,0,Wednesday,November,4.853357507741733,2.154085084675602,8.528188553262645,-0.1409998642905993,0.3015319833471511,-0.06403466936706964,0.29411764705882354,0.36111111111111116,0.4273832373640435,239.0,0.03188284518828452,0.532092050209205,0,2022-08-29,1474,21.0,0.08786610878661087,Saanvi Nair,35.0,Other,Mumbai,2022-08-29,239.0,21.0,3.91,2,Med
T00923,R0217,Zone_4,9.1,56.24,210.44,Cash,2023-01-03,0,0,Tuesday,January,5.353941270296033,2.312535423847214,7.49933330370107,0.19159998772254494,-0.15688512335592542,0.9821990792868465,0.35139318885448917,0.27902230187176424,0.7077819308347644,104.0,0.0875,2.0234615384615386,0,2023-03-03,1288,5.0,0.04807692307692308,Kavya Iyer,39.0,Other,Jaipur,2023-03-03,104.0,5.0,3.52,2,Low
T00924,R0174,Zone_3,5.16,48.08,63.21,UPI,2024-06-01,0,0,Saturday,June,4.162158961805957,1.8180767775454285,6.9339743293438865,-0.6938347534475825,-0.38373070193064374,-0.8676507443509109,0.19891640866873067,0.23840103544404617,0.21200794693066638,320.0,0.016125,0.19753125,0,2019-02-07,2773,7.0,0.021875,Aadhya Patel,32.0,Male,Kolkata,2019-02-07,320.0,7.0,3.8,1,Med
T00925,R0281,Zone_2,11.07,94.88,147.37,UPI,2024-01-04,0,0,Thursday,January,4.999709153962702,2.4907230351094403,9.740636529508736,0.6343173583076088,0.9172954104831813,0.189765279267602,0.4276315789473685,0.47137594583831144,0.49540357611879987,268.0,0.04130597014925373,0.5498880597014926,0,2020-10-15,2157,17.0,0.06343283582089553,Arjun Iyer,21.0,Female,Jaipur,2020-10-15,268.0,17.0,4.74,0,Med
T00926,R0187,Zone_1,7.22,39.11,119.19,Wallet,2024-03-19,0,0,Tuesday,March,4.7890738239646975,2.1065702090680882,6.253798845501828,-0.23089171618604382,-0.6330940401432935,-0.1642982134316578,0.2786377708978328,0.193747510951812,0.400511836212412,357.0,0.020224089635854342,0.3338655462184874,0,2022-08-05,1498,38.0,0.10644257703081232,Saanvi Reddy,27.0,Other,Surat,2022-08-05,357.0,38.0,4.71,2,High
T00927,R0269,Zone_9,6.5,42.38,147.96,Credit Card,2023-05-01,0,0,Monday,May,5.003677813528757,2.0149030205422647,6.509992319503918,-0.3926970495978437,-0.5421890104938659,0.1971782480643573,0.25077399380804954,0.2100258861011549,0.4973903087853992,423.0,0.015366430260047281,0.3497872340425532,0,2019-05-19,2672,16.0,0.037825059101654845,Aadhya Sharma,41.0,Male,Mumbai,2019-05-19,423.0,16.0,3.41,1,High
T00928,R0276,Zone_2,14.3,137.43,278.06,UPI,2023-04-27,0,0,Thursday,April,5.631426812464061,2.72785282839839,11.723054209547954,1.3601940623633226,2.100172784056008,1.831800689518356,0.5526315789473685,0.6831939466348069,0.9354816984880627,196.0,0.07295918367346939,1.4186734693877552,0,2022-11-07,1404,1.0,0.00510204081632653,Aadhya Ghosh,26.0,Other,Chennai,2022-11-07,196.0,1.0,3.63,2,Med
T00929,R0013,Zone_5,0.55,3.71,10.4,Cash,2023-09-02,0,0,Saturday,September,2.4336133554004498,0.4382549309311553,1.9261360284258222,-1.7298383465425795,-1.617203535430674,-1.531174273429971,0.020510835913312698,0.01752289924332935,0.034178536552513725,6.0,0.09166666666666667,1.7333333333333334,0,2019-04-01,2720,0.0,0.0,Ishaan Gupta,43.0,Female,Kolkata,2019-04-01,6.0,0.0,3.91,0,Low
T00930,R0113,Zone_5,3.19,27.81,58.83,UPI,2023-09-08,0,0,Friday,September,4.09150720740194,1.4327007339340463,5.273518749374084,-1.1365521240326464,-0.9472306869440676,-0.9226826144013993,0.12267801857585141,0.13749502190362403,0.19725898238879344,423.0,0.007541371158392435,0.13907801418439716,0,2019-03-09,2743,26.0,0.061465721040189124,Aadhya Singh,26.0,Other,Chennai,2019-03-09,423.0,26.0,4.61,2,High
T00931,R0061,Zone_3,3.91,28.84,90.56,UPI,2023-05-19,0,0,Friday,May,4.516994495084366,1.5912739418064292,5.370288632839021,-0.9747467906208462,-0.9185969925896608,-0.52401566538268,0.1505417956656347,0.14262246117084826,0.30410479172980437,168.0,0.023273809523809523,0.5390476190476191,0,2020-08-20,2213,25.0,0.1488095238095238,Meera Reddy,25.0,Male,Mumbai,2020-08-20,168.0,25.0,3.69,1,Med
T00932,R0247,Zone_1,3.76,19.55,57.91,UPI,2023-06-08,0,0,Thursday,June,4.076010855533596,1.5602476682433286,4.421538193886829,-1.008456235081638,-1.1768562358444563,-0.9342418199827804,0.14473684210526316,0.09637594583831144,0.1941610263662996,249.0,0.015100401606425702,0.23257028112449799,0,2021-05-11,1949,47.0,0.18875502008032127,Aadhya Das,37.0,Male,Bengaluru,2021-05-11,249.0,47.0,4.92,1,Med
T00933,R0255,Zone_9,4.36,25.49,79.42,Credit Card,2024-05-04,0,0,Saturday,May,4.387262901469128,1.6789639750827108,5.048762224545735,-0.8736184572384713,-1.0117259984996245,-0.6639825677485335,0.16795665634674925,0.1259458383114297,0.26659258510960704,475.0,0.009178947368421054,0.16720000000000002,0,2021-07-06,1893,42.0,0.08842105263157894,Reyansh Sharma,37.0,Female,Bengaluru,2021-07-06,475.0,42.0,3.12,0,High
T00934,R0216,Zone_3,10.44,55.17,193.77,UPI,2023-03-20,0,0,Monday,March,5.271819375241808,2.437115985951652,7.427651041883968,0.4927376915722837,-0.18663080584060046,0.7727512998937784,0.40325077399380804,0.2736957387495022,0.6516483146445768,335.0,0.03116417910447761,0.5784179104477613,0,2019-08-01,2598,24.0,0.07164179104477612,Ishaan Ghosh,44.0,Female,Chennai,2019-08-01,335.0,24.0,3.4,0,High
T00935,R0113,Zone_5,13.48,132.65,269.7,Wallet,2024-06-14,0,0,Friday,June,5.601011196620256,2.6727683869575705,11.517378173872732,1.1759157659776616,1.967290202488955,1.7267626909745017,0.5208978328173375,0.6593986459577857,0.9073307068054012,423.0,0.03186761229314421,0.6375886524822695,0,2019-03-09,2743,26.0,0.061465721040189124,Aadhya Singh,26.0,Other,Chennai,2019-03-09,423.0,26.0,4.61,2,High
T00936,R0213,Zone_10,12.58,84.71,163.24,Cash,2023-12-23,0,0,Saturday,December,5.101328772710678,2.60859812213055,9.203803561571705,0.9736590992129115,0.6345724283624846,0.3891615755464258,0.48606811145510836,0.4207487056949422,0.5488433175068189,456.0,0.027587719298245616,0.3579824561403509,0,2019-06-04,2656,26.0,0.05701754385964912,Kavya Ghosh,29.0,Female,Chennai,2019-06-04,456.0,26.0,3.74,0,High
T00937,R0033,Zone_9,2.9,18.4,33.13,Cash,2024-06-15,0,0,Saturday,June,3.530176762918616,1.3609765531356006,4.2895221179054435,-1.2017237166568433,-1.208825894589668,-1.2455865094465013,0.11145510835913314,0.09065113500597372,0.11071825436912819,472.0,0.006144067796610169,0.0701906779661017,0,2019-05-22,2669,37.0,0.07838983050847458,Diya Iyer,18.0,Female,Chennai,2019-05-22,472.0,37.0,3.24,0,High
T00938,R0011,Zone_9,7.46,58.35,186.41,Cash,2023-03-05,0,0,Sunday,March,5.233298730173588,2.135349173618132,7.638717169787085,-0.1769566050487771,-0.09822774948427647,0.6802776552427297,0.28792569659442724,0.28952608522501,0.626864666464626,208.0,0.03586538461538462,0.896201923076923,0,2020-04-14,2341,34.0,0.16346153846153846,Vivaan Nair,26.0,Male,Chennai,2020-04-14,208.0,34.0,4.0,1,Med
T00939,R0017,Zone_8,10.26,73.94,165.32,Credit Card,2024-03-19,0,0,Tuesday,March,5.113913643549758,2.421256622711544,8.598837130682265,0.4522863582193338,0.33516962428776476,0.41529543164346105,0.39628482972136225,0.3671346077260056,0.5558473919924571,288.0,0.035625,0.5740277777777778,0,2023-03-18,1273,21.0,0.07291666666666667,Meera Das,49.0,Female,Mumbai,2023-03-18,288.0,21.0,3.83,0,Med
T00940,R0222,Zone_4,9.2,76.52,164.3,Credit Card,2023-05-05,0,0,Friday,May,5.107762004826979,2.322387720290225,8.747571091451615,0.21407295069640594,0.4068928586900653,0.40247979067279965,0.35526315789473684,0.3799780963759458,0.5524127016196922,475.0,0.019368421052631576,0.3458947368421053,0,2022-08-28,1475,12.0,0.02526315789473684,Aarav Singh,27.0,Male,Surat,2022-08-28,475.0,12.0,3.44,1,High
T00941,R0280,Zone_8,14.53,145.24,162.1,Wallet,2024-05-11,0,0,Saturday,May,5.094363509626968,2.7427736371605955,12.051555916146263,1.411881877203203,2.3172884664908793,0.3748382121086273,0.5615325077399381,0.7220728793309439,0.5450045459137286,172.0,0.0844767441860465,0.9424418604651162,0,2023-05-31,1199,23.0,0.13372093023255813,Saanvi Gupta,26.0,Other,Chennai,2023-05-31,172.0,23.0,4.43,2,Med
T00942,R0201,Zone_1,4.62,40.67,99.35,Cash,2024-03-31,0,0,Sunday,March,4.608664075242347,1.7263316639055997,6.377303505401009,-0.8151887535064324,-0.5897265030628326,-0.4135749946649195,0.1780185758513932,0.20151334129828752,0.3337037411186315,183.0,0.025245901639344263,0.5428961748633879,0,2021-04-06,1984,15.0,0.08196721311475409,Meera Reddy,37.0,Female,Delhi,2021-04-06,183.0,15.0,3.84,0,Med
T00943,R0046,Zone_4,8.78,60.28,92.28,Wallet,2024-01-14,0,0,Sunday,January,4.535605722602182,2.280339484046726,7.764019577512669,0.11968650620618933,-0.04457432219883454,-0.5024049766870544,0.33900928792569657,0.29913381123058547,0.30989662255446676,31.0,0.2832258064516129,2.9767741935483873,0,2019-08-16,2583,4.0,0.12903225806451613,Vivaan Singh,31.0,Female,Kolkata,2019-08-16,31.0,4.0,3.87,0,Low
T00944,R0218,Zone_2,6.03,55.04,71.04,Cash,2024-06-18,0,0,Tuesday,June,4.277221520307755,1.9501867058225735,7.418894796396563,-0.49831997557499086,-0.19024476726397227,-0.7692718533702437,0.23258513931888547,0.2730485862206292,0.23837424655689127,160.0,0.0376875,0.44400000000000006,0,2019-01-11,2800,16.0,0.1,Arjun Reddy,34.0,Other,Delhi,2019-01-11,160.0,16.0,3.87,2,Low
T00945,R0295,Zone_2,9.26,68.11,120.01,Cash,2023-04-05,0,0,Wednesday,April,4.7958731868099616,2.3282528397426234,8.252878285786117,0.22755672848072273,0.1730973543011708,-0.15399544323955716,0.35758513931888547,0.33811230585424135,0.4032730578846348,98.0,0.09448979591836734,1.224591836734694,0,2019-05-29,2662,18.0,0.1836734693877551,Kavya Gupta,18.0,Female,Delhi,2019-05-29,98.0,18.0,3.59,0,Low
T00946,R0005,Zone_3,2.61,18.63,43.31,Cash,2023-05-17,0,0,Wednesday,May,3.7912103852113983,1.2837077723447896,4.316248370981447,-1.2668953092810409,-1.2024319628406255,-1.117681386817741,0.10023219814241487,0.09179609717244126,0.14499781122672323,294.0,0.008877551020408162,0.14731292517006803,0,2021-05-31,1929,30.0,0.10204081632653061,Diya Reddy,27.0,Male,Ahmedabad,2021-05-31,294.0,30.0,3.53,1,Med
T00947,R0246,Zone_9,3.36,31.91,74.45,Credit Card,2023-12-09,0,0,Saturday,December,4.323470185213858,1.4724720573609429,5.64889369699944,-1.0983480869770825,-0.8332519035915743,-0.726427406595777,0.12925696594427244,0.157905217045002,0.24985688790113478,240.0,0.014,0.31020833333333336,0,2021-03-31,1990,34.0,0.14166666666666666,Vivaan Das,29.0,Other,Mumbai,2021-03-31,240.0,34.0,4.79,2,Med
T00948,R0272,Zone_2,4.35,34.4,107.4,Credit Card,2024-02-13,0,0,Tuesday,February,4.685828089005546,1.6770965609079151,5.865151319446072,-0.8758657535358575,-0.7640306424823773,-0.31243194582783484,0.16756965944272445,0.1703006770211071,0.36081085631545273,432.0,0.010069444444444443,0.24861111111111112,0,2020-01-15,2431,4.0,0.009259259259259259,Kavya Ghosh,21.0,Male,Kolkata,2020-01-15,432.0,4.0,4.79,1,High
T00949,R0194,Zone_1,5.18,49.09,72.43,Cash,2023-11-30,0,0,Thursday,November,4.296332571463519,1.8213182714695995,7.006425622241344,-0.6893401608528104,-0.35565300164137087,-0.7518074014592441,0.1996904024767802,0.2434289127837515,0.24305485402565916,10.0,0.518,7.243,0,2023-02-10,1309,2.0,0.2,Arjun Iyer,30.0,Other,Jaipur,2023-02-10,10.0,2.0,4.06,2,Low
T00950,R0209,Zone_3,15.74,117.86,169.17,Credit Card,2024-01-20,0,0,Saturday,January,5.136797937383345,2.8178010650613294,10.856334556377673,1.6838047291869225,1.5561325913222777,0.46366819413076227,0.608359133126935,0.5857726005575468,0.5688116644778933,109.0,0.14440366972477064,1.552018348623853,0,2020-06-11,2283,20.0,0.1834862385321101,Vivaan Sharma,31.0,Other,Surat,2020-06-11,109.0,20.0,3.77,2,Low
T00951,R0004,Zone_6,13.88,86.75,297.22,Credit Card,2024-06-01,0,0,Saturday,June,5.697831469162762,2.700018029404946,9.313968005098578,1.265807617873106,0.6912838230061644,2.0725337101045103,0.5363777089783283,0.4309040223018718,1.0,464.0,0.02991379310344828,0.6405603448275863,0,2019-07-28,2602,5.0,0.010775862068965518,Aarav Nair,19.0,Other,Kolkata,2019-07-28,464.0,5.0,3.19,2,High
T00952,R0231,Zone_3,6.94,35.39,72.75,UPI,2023-12-21,0,0,Thursday,December,4.300680995219929,2.0719132752590443,5.948949487094339,-0.2938160125128548,-0.7365089362582385,-0.7477868082135464,0.26780185758513936,0.1752289924332935,0.24413240394652655,328.0,0.021158536585365855,0.22179878048780488,0,2019-08-26,2573,22.0,0.06707317073170732,Ishaan Nair,19.0,Other,Mumbai,2019-08-26,328.0,22.0,4.81,2,High
T00953,R0149,Zone_4,8.86,59.47,160.65,Cash,2024-03-18,0,0,Monday,March,5.0854335041714425,2.288486168614544,7.71167945391923,0.13766487658527823,-0.06709208183676618,0.3566198989640594,0.34210526315789475,0.2951015531660693,0.5401218978347981,89.0,0.0995505617977528,1.8050561797752809,0,2019-09-14,2554,8.0,0.0898876404494382,Diya Reddy,30.0,Male,Jaipur,2019-09-14,89.0,8.0,4.57,1,Low
T00954,R0179,Zone_7,0.03,0.25,0.52,Cash,2023-06-19,0,0,Monday,June,0.41871033485818504,0.0295588022415444,0.5,-1.8466977540066574,-1.7133905086988757,-1.6553100898908895,0.0003869969040247677,0.00029868578255675033,0.0009091827457318921,274.0,0.00010948905109489051,0.0018978102189781024,0,2022-04-11,1614,14.0,0.051094890510948905,Meera Patel,28.0,Male,Kolkata,2022-04-11,274.0,14.0,4.64,1,Med
T00955,R0184,Zone_2,7.1,65.16,134.22,Wallet,2023-07-10,0,0,Monday,July,4.906903081662532,2.0918640616783932,8.072174428244226,-0.25785927175467716,0.09108822969388898,0.024544025577209274,0.2739938080495356,0.3234269215452011,0.451123009058154,285.0,0.024912280701754386,0.4709473684210526,0,2020-03-04,2382,27.0,0.09473684210526316,Meera Nair,29.0,Female,Surat,2020-03-04,285.0,27.0,3.97,0,Med
T00956,R0083,Zone_6,8.8,70.86,73.86,Cash,2023-04-21,0,0,Friday,April,4.315619702476283,2.2823823856765264,8.417838202293984,0.12418109880096186,0.24954653825711137,-0.7338403753925322,0.33978328173374617,0.3518020708880924,0.24787015523453546,475.0,0.018526315789473686,0.15549473684210527,0,2021-12-31,1715,39.0,0.08210526315789474,Kavya Patel,45.0,Female,Mumbai,2021-12-31,475.0,39.0,4.4,0,High
T00957,R0077,Zone_2,13.73,92.67,287.95,Wallet,2024-08-20,0,0,Tuesday,August,5.666253662763787,2.689886230474539,9.626525853079086,1.2320981734123142,0.855858066285862,1.9560621495182027,0.5305727554179567,0.46037435284747114,0.9687847257298716,406.0,0.033817733990147786,0.7092364532019704,0,2019-09-07,2561,72.0,0.17733990147783252,Reyansh Das,28.0,Male,Mumbai,2019-09-07,406.0,72.0,3.79,1,High
T00958,R0217,Zone_9,9.63,84.29,188.14,Wallet,2023-12-21,0,0,Thursday,December,5.242487481587366,2.363680192353857,9.180958555619343,0.31070669148400903,0.6228965529946686,0.702013987477283,0.37190402476780193,0.41865790521704505,0.6326901707243155,104.0,0.09259615384615386,1.8090384615384614,0,2023-03-03,1288,5.0,0.04807692307692308,Kavya Iyer,39.0,Other,Jaipur,2023-03-03,104.0,5.0,3.52,2,Low
T00959,R0246,Zone_9,10.16,92.18,182.43,Credit Card,2023-08-09,0,0,Wednesday,August,5.21183312332626,2.412335956953165,9.601041610158765,0.42981339524547274,0.8422362116900763,0.6302715267493638,0.3924148606811146,0.4579350856232577,0.6134626393238374,240.0,0.042333333333333334,0.760125,0,2021-03-31,1990,34.0,0.14166666666666666,Vivaan Das,29.0,Other,Mumbai,2021-03-31,240.0,34.0,4.79,2,Med
T00960,R0097,Zone_5,9.49,82.0,235.17,UPI,2024-03-20,0,0,Wednesday,March,5.46455188468906,2.3504224224082058,9.055385138137417,0.2792445433206034,0.5592352325368125,1.292915551055927,0.3664860681114551,0.40725806451612906,0.7910563356568002,478.0,0.01985355648535565,0.49198744769874475,0,2021-01-25,2055,5.0,0.010460251046025104,Aarav Iyer,23.0,Other,Bengaluru,2021-01-25,478.0,5.0,3.28,2,High
T00961,R0248,Zone_8,9.35,59.55,103.62,Cash,2023-11-12,0,0,Sunday,November,4.650334737942465,2.336986519711378,7.7168646482881895,0.2477823951571977,-0.06486810557622978,-0.35992520354263974,0.36106811145510836,0.29549980087614497,0.3480822978752063,104.0,0.08990384615384615,0.9963461538461539,0,2021-10-24,1783,12.0,0.11538461538461539,Vivaan Ghosh,18.0,Female,Chennai,2021-10-24,104.0,12.0,3.65,0,Low
T00962,R0238,Zone_3,1.02,8.88,8.86,Cash,2023-03-04,0,0,Saturday,March,2.288486168614544,0.7030975114131134,2.979932885150268,-1.6242154205654322,-1.4734790695935056,-1.5505233784248915,0.03869969040247678,0.04325965750696934,0.02899282755833922,362.0,0.0028176795580110497,0.02447513812154696,0,2019-04-22,2699,56.0,0.15469613259668508,Reyansh Patel,30.0,Other,Pune,2019-04-22,362.0,56.0,4.91,2,High
T00963,R0243,Zone_3,5.92,34.82,101.62,Wallet,2024-05-09,0,0,Thursday,May,4.631032845513819,1.9344157696295783,5.900847396772772,-0.5230402348462381,-0.7523547671145608,-0.3850539113282508,0.228328173374613,0.17239147749900438,0.3413476108697848,315.0,0.018793650793650793,0.3226031746031746,0,2023-02-06,1313,11.0,0.03492063492063492,Ishaan Patel,33.0,Male,Jaipur,2023-02-06,315.0,11.0,3.7,1,Med
T00964,R0137,Zone_1,15.17,87.29,297.22,Wallet,2024-02-05,0,0,Monday,February,5.697831469162762,2.783157673589016,9.342911751697113,1.555708840235914,0.7062956627647856,2.0725337101045103,0.5863003095975232,0.43359219434488255,1.0,166.0,0.0913855421686747,1.7904819277108435,0,2021-08-10,1858,32.0,0.1927710843373494,Arjun Gupta,27.0,Male,Bengaluru,2021-08-10,166.0,32.0,3.14,1,Med
T00965,R0050,Zone_3,12.12,115.9,118.59,Wallet,2023-07-17,0,0,Monday,July,4.7840692259807165,2.574137783515943,10.765686229869418,0.8702834695331502,1.5016451729391347,-0.17183682576734102,0.468266253869969,0.576015531660693,0.3984914301107856,330.0,0.036727272727272726,0.3593636363636364,0,2022-10-06,1436,41.0,0.12424242424242424,Diya Das,49.0,Male,Ahmedabad,2022-10-06,330.0,41.0,3.42,1,High
T00966,R0157,Zone_10,10.47,93.11,110.17,Credit Card,2023-02-21,0,0,Tuesday,February,4.711060561245524,2.4397349311412793,9.649352309870336,0.4994795804644423,0.8680899357188124,-0.2776286855447636,0.4044117647058824,0.4625647152528873,0.37013839781796143,319.0,0.03282131661442007,0.3453605015673981,0,2021-11-23,1753,27.0,0.08463949843260188,Kavya Nair,36.0,Female,Hyderabad,2021-11-23,319.0,27.0,4.65,0,Med
T00967,R0102,Zone_1,8.33,80.15,102.36,Credit Card,2024-04-03,0,0,Wednesday,April,4.638218040034292,2.2332350148592526,8.952653238007155,0.01855817282381452,0.5078057815119071,-0.3757562894475748,0.32159442724458204,0.3980485862206293,0.34383944506179076,123.0,0.06772357723577235,0.8321951219512195,0,2023-05-13,1217,22.0,0.17886178861788618,Aarav Nair,18.0,Female,Chennai,2023-05-13,123.0,22.0,4.1,0,Low
T00968,R0155,Zone_9,11.3,93.89,153.11,Cash,2023-08-24,0,0,Thursday,August,5.037666633147286,2.509599262378372,9.689685237405806,0.6860051731474894,0.8897737042590429,0.26188467061230586,0.4365325077399381,0.4664476304261251,0.5147321278243594,353.0,0.032011331444759206,0.4337393767705383,0,2019-02-10,2770,8.0,0.0226628895184136,Meera Reddy,23.0,Male,Hyderabad,2019-02-10,353.0,8.0,3.14,1,High
T00969,R0050,Zone_10,3.2800000000000002,27.7,79.39,Wallet,2024-07-23,0,0,Tuesday,July,4.386889790339869,1.4539530095937054,5.263078946776307,-1.1163264573561713,-0.9502886543023052,-0.6643594983653177,0.12616099071207432,0.13694743130227,0.26649156480452574,330.0,0.00993939393939394,0.24057575757575758,0,2022-10-06,1436,41.0,0.12424242424242424,Diya Das,49.0,Male,Ahmedabad,2022-10-06,330.0,41.0,3.42,1,High
T00970,R0138,Zone_5,0.1,0.9,1.23,Credit Card,2023-07-22,0,0,Saturday,July,0.8020015854720274,0.09531017980432487,0.9486832980505138,-1.8309666799249544,-1.695320701582017,-1.6463893986269977,0.0030959752321981426,0.003534448426921545,0.003299996632656497,13.0,0.007692307692307693,0.09461538461538462,0,2022-07-28,1506,0.0,0.0,Ishaan Das,46.0,Male,Kolkata,2022-07-28,13.0,0.0,3.53,1,Low
T00971,R0089,Zone_1,6.09,53.05,135.64,Wallet,2023-02-13,0,0,Monday,February,4.91734973004026,1.958685340544036,7.283543093852058,-0.4848361977906743,-0.24556617674481662,0.042385408104992965,0.23490712074303405,0.263142174432497,0.45590463683200316,308.0,0.01977272727272727,0.44038961038961033,0,2022-09-21,1451,6.0,0.01948051948051948,Saanvi Reddy,48.0,Other,Surat,2022-09-21,308.0,6.0,3.91,2,Med
T00972,R0184,Zone_9,10.69,74.54,173.15,UPI,2023-08-08,0,0,Tuesday,August,5.159916996812011,2.458733775483977,8.633655077659752,0.5489200990069365,0.3518494462417884,0.5136743226241285,0.41292569659442724,0.3701214655515731,0.582213691618682,285.0,0.03750877192982456,0.6075438596491228,0,2020-03-04,2382,27.0,0.09473684210526316,Meera Nair,29.0,Female,Surat,2020-03-04,285.0,27.0,3.97,0,Med
T00973,R0172,Zone_1,8.54,51.74,95.55,UPI,2023-11-18,0,0,Saturday,November,4.570061008874523,2.255493485460195,7.193052203341778,0.06575139506892264,-0.2819837880111009,-0.4613195394575804,0.32972136222910214,0.256620868180008,0.3209078358083308,168.0,0.05083333333333333,0.56875,0,2019-12-24,2453,14.0,0.08333333333333333,Reyansh Reddy,31.0,Other,Pune,2019-12-24,168.0,14.0,3.72,2,Med
T00974,R0277,Zone_6,13.07,116.12,130.39,Wallet,2024-02-03,0,0,Saturday,February,4.87816999965373,2.644044871126298,10.775899034419355,1.083776617784831,1.50776110765561,-0.023577449832236048,0.505030959752322,0.5771107128634011,0.4382260834427719,433.0,0.030184757505773673,0.3011316397228637,0,2021-01-22,2058,16.0,0.03695150115473441,Kavya Gupta,42.0,Female,Jaipur,2021-01-22,433.0,16.0,3.06,0,High
T00975,R0246,Zone_6,9.76,53.7,109.37,Wallet,2023-01-14,0,0,Saturday,January,4.703838357784793,2.3758355547336385,7.328028384224504,0.3399215433500282,-0.22749636962795777,-0.287680168659008,0.37693498452012386,0.26637793707686186,0.36744452301579283,240.0,0.04066666666666666,0.4557083333333333,0,2021-03-31,1990,34.0,0.14166666666666666,Vivaan Das,29.0,Other,Mumbai,2021-03-31,240.0,34.0,4.79,2,Med
T00976,R0130,Zone_5,8.22,49.88,135.05,Wallet,2024-06-16,0,0,Sunday,June,4.913022465229256,2.2213750375685026,7.06257743320383,-0.006162086447432565,-0.3336912360685734,0.03497243930823802,0.31733746130030965,0.2473616089207487,0.45391790416540395,316.0,0.026012658227848102,0.42737341772151904,0,2019-02-16,2764,62.0,0.1962025316455696,Diya Ghosh,27.0,Female,Pune,2019-02-16,316.0,62.0,3.62,0,Med
T00977,R0201,Zone_1,14.64,93.63,297.22,UPI,2023-05-15,0,0,Monday,May,5.697831469162762,2.7498317351171653,9.67625960792702,1.4366021364744503,0.8825457814122992,2.0725337101045103,0.5657894736842106,0.4651533253683791,1.0,183.0,0.08,1.624153005464481,0,2021-04-06,1984,15.0,0.08196721311475409,Meera Reddy,37.0,Female,Delhi,2021-04-06,183.0,15.0,3.84,0,Med
T00978,R0085,Zone_5,13.66,124.34,142.31,Cash,2024-04-15,0,0,Monday,April,4.96501011606998,2.6851226964585053,11.150784725749126,1.2163670993306115,1.7362746684257304,0.12618964857000603,0.5278637770897833,0.6180306650736759,0.4783648179950837,94.0,0.1453191489361702,1.513936170212766,0,2022-09-17,1455,12.0,0.1276595744680851,Aadhya Ghosh,29.0,Female,Chennai,2022-09-17,94.0,12.0,4.95,0,Low
T00979,R0169,Zone_8,7.51,48.91,168.46,Wallet,2023-03-24,0,0,Friday,March,5.132616910770318,2.1412419425852827,6.993568473962345,-0.1657201235618466,-0.3606569482275781,0.4547475028668706,0.2898606811145511,0.24253285543608122,0.5664208505909688,497.0,0.01511066398390342,0.33895372233400406,0,2023-02-21,1298,81.0,0.16297786720321933,Reyansh Kumar,32.0,Male,Delhi,2023-02-21,497.0,81.0,4.19,1,High
T00980,R0196,Zone_6,2.48,17.97,26.54,Credit Card,2023-07-29,0,0,Saturday,July,3.315639493300509,1.247032293786383,4.2391036788453285,-1.29611016114706,-1.2207797669900513,-1.32838560160009,0.0952012383900929,0.088510553564317,0.08852746068626459,51.0,0.04862745098039216,0.5203921568627451,0,2019-06-24,2636,9.0,0.17647058823529413,Vivaan Das,18.0,Male,Hyderabad,2019-06-24,51.0,9.0,4.93,1,Low
T00981,R0190,Zone_6,3.46,20.02,80.21,Cash,2023-01-10,0,0,Tuesday,January,4.397038392294319,1.4951487660319727,4.474371464239419,-1.0758751240032214,-1.1637903753138046,-0.6540567281732172,0.13312693498452013,0.09871565113500598,0.2692527864767485,274.0,0.012627737226277372,0.29273722627737225,0,2020-09-25,2177,47.0,0.17153284671532848,Saanvi Iyer,35.0,Other,Surat,2020-09-25,274.0,47.0,4.12,2,Med
T00982,R0073,Zone_7,7.19,38.88,157.25,Credit Card,2023-04-20,0,0,Thursday,April,5.064176061024286,2.1029138978649784,6.235382907247958,-0.237633605078202,-0.6394879718923357,0.31390109572852054,0.27747678018575855,0.1926025487853445,0.5286729299255817,490.0,0.014673469387755102,0.3209183673469388,0,2021-06-19,1910,30.0,0.061224489795918366,Meera Das,41.0,Other,Ahmedabad,2021-06-19,490.0,30.0,3.01,2,High
T00983,R0077,Zone_4,6.17,52.93,83.76,Wallet,2023-09-16,0,0,Saturday,September,4.4398237334000985,1.969905654611529,7.275300681071539,-0.4668578274115854,-0.24890214113562123,-0.6094532718537575,0.2380030959752322,0.2625448028673835,0.2812068559113715,406.0,0.015197044334975368,0.20630541871921185,0,2019-09-07,2561,72.0,0.17733990147783252,Reyansh Das,28.0,Male,Mumbai,2019-09-07,406.0,72.0,3.79,1,High
T00984,R0283,Zone_5,16.29,113.75,178.58,UPI,2024-06-26,0,0,Wednesday,June,5.1906207910926625,2.850128299695199,10.665364503850771,1.8074060255431583,1.4418758109372174,0.5818987642620626,0.6296439628482973,0.5653126244524094,0.6004983668384012,245.0,0.06648979591836734,0.7288979591836735,0,2023-06-15,1184,45.0,0.1836734693877551,Diya Nair,19.0,Male,Surat,2023-06-15,245.0,45.0,3.55,1,Med
T00985,R0209,Zone_2,0.4,2.19,8.96,Wallet,2024-01-12,0,0,Friday,January,2.298577071596507,0.33647223662121295,1.4798648586948742,-1.763547791003371,-1.6594590843808668,-1.5492669430356107,0.014705882352941178,0.009956192751891677,0.029329561908610295,109.0,0.003669724770642202,0.08220183486238533,0,2020-06-11,2283,20.0,0.1834862385321101,Vivaan Sharma,31.0,Other,Surat,2020-06-11,109.0,20.0,3.77,2,Low
T00986,R0120,Zone_10,7.68,41.52,120.11,Wallet,2023-02-25,0,0,Saturday,February,4.7966992235329595,2.1610215286722587,6.443601477434805,-0.12751608650628274,-0.5660967552946328,-0.1527390078502767,0.2964396284829721,0.2057447232178415,0.4036097922349059,311.0,0.024694533762057876,0.3862057877813505,0,2020-07-12,2252,15.0,0.04823151125401929,Ishaan Gupta,18.0,Other,Surat,2020-07-12,311.0,15.0,4.55,2,Med
T00987,R0133,Zone_4,2.67,15.91,57.6,UPI,2024-02-27,0,0,Tuesday,February,4.070734696582967,1.3001916620664788,3.988734135035826,-1.253411531496724,-1.2780471556988648,-0.9381367696895502,0.10255417956656347,0.07825567502986858,0.19311714988045928,155.0,0.017225806451612903,0.3716129032258065,0,2019-07-13,2617,11.0,0.07096774193548387,Diya Kumar,25.0,Female,Delhi,2019-07-13,155.0,11.0,4.4,0,Low
T00988,R0289,Zone_2,8.58,80.43,163.1,Credit Card,2023-06-03,0,0,Saturday,June,5.100475998096045,2.259677591982769,8.968277426574181,0.07474058025846728,0.5155896984237848,0.3874025660014328,0.33126934984520123,0.3994424532058941,0.5483718894164393,322.0,0.026645962732919255,0.5065217391304347,0,2021-09-30,1807,14.0,0.043478260869565216,Aarav Gupta,21.0,Other,Chennai,2021-09-30,322.0,14.0,4.17,2,Med
T00989,R0256,Zone_2,9.91,66.8,153.36,Cash,2023-09-15,0,0,Friday,September,5.039287536669418,2.3896797998449792,8.17312669668102,0.37363098781082,0.13667974303488628,0.26502575908550724,0.3827399380804954,0.3315909996017523,0.515573963700037,265.0,0.03739622641509434,0.5787169811320755,0,2021-03-25,1996,8.0,0.03018867924528302,Aadhya Sharma,31.0,Female,Delhi,2021-03-25,265.0,8.0,3.65,0,Med
T00990,R0237,Zone_4,5.98,47.26,59.33,Credit Card,2023-02-04,0,0,Saturday,February,4.09982949245267,1.9430489167742813,6.8745908969188845,-0.5095564570619213,-0.4065264586011424,-0.9164004374549966,0.23065015479876164,0.2343189964157706,0.1989426541401488,36.0,0.16611111111111113,1.6480555555555556,0,2022-12-13,1368,3.0,0.08333333333333333,Aadhya Nair,40.0,Male,Chennai,2022-12-13,36.0,3.0,3.71,1,Low
T00991,R0070,Zone_5,10.65,97.69,133.59,Credit Card,2024-02-25,0,0,Sunday,February,4.902233120245624,2.4553061800117097,9.883825170448938,0.5399309138173922,0.9954125766345243,0.01662848262474185,0.4113777089783282,0.48536439665471925,0.4490015826514463,310.0,0.03435483870967742,0.43093548387096775,0,2023-01-03,1347,6.0,0.01935483870967742,Meera Reddy,33.0,Male,Bengaluru,2023-01-03,310.0,6.0,3.54,1,Med
T00992,R0050,Zone_2,7.01,65.59,137.36,UPI,2024-06-14,0,0,Friday,June,4.929858984068968,2.080690761080268,8.098765338000602,-0.2780849384311521,0.10304210209427261,0.06399609680061881,0.2705108359133127,0.3255675029868579,0.46169646765666567,330.0,0.021242424242424243,0.4162424242424243,0,2022-10-06,1436,41.0,0.12424242424242424,Diya Das,49.0,Male,Ahmedabad,2022-10-06,330.0,41.0,3.42,1,High
T00993,R0280,Zone_3,7.1,40.01,158.37,UPI,2023-09-10,0,0,Sunday,September,5.071228542871542,2.0918640616783932,6.325345840347388,-0.25785927175467716,-0.6080743072122584,0.32797317208846277,0.2739938080495356,0.19822779769016327,0.5324443546486177,172.0,0.04127906976744186,0.9207558139534884,0,2023-05-31,1199,23.0,0.13372093023255813,Saanvi Gupta,26.0,Other,Chennai,2023-05-31,172.0,23.0,4.43,2,Med
T00994,R0161,Zone_5,5.91,44.63,125.74,Cash,2024-03-17,0,0,Sunday,March,4.842137743895371,1.9329696377795786,6.680568838055634,-0.5252875311436241,-0.47963967816627817,-0.08200169543378164,0.22794117647058826,0.22122660294703306,0.42256793615516713,332.0,0.01780120481927711,0.3787349397590361,0,2019-03-27,2725,50.0,0.15060240963855423,Aarav Nair,32.0,Other,Surat,2019-03-27,332.0,50.0,4.91,2,High
T00995,R0233,Zone_5,11.25,101.38,171.94,Credit Card,2023-01-19,0,0,Thursday,January,5.152944713532285,2.505525936990736,10.0687635785135,0.6747686916605588,1.0979934816517682,0.49847145441383367,0.43459752321981426,0.5037335722819594,0.578139205980402,469.0,0.02398720682302772,0.3666098081023454,0,2023-11-23,1023,41.0,0.08742004264392324,Ishaan Iyer,30.0,Other,Hyderabad,2023-11-23,469.0,41.0,4.37,2,High
T00996,R0035,Zone_3,8.69,84.88,106.87,Cash,2023-04-16,0,0,Sunday,April,4.680926798387338,2.2710944259026746,9.213034245024817,0.09946083952971436,0.6392983779161246,-0.3190910533910218,0.3355263157894737,0.42159498207885304,0.35902616425901607,392.0,0.022168367346938774,0.2726275510204082,0,2022-03-20,1636,41.0,0.10459183673469388,Reyansh Das,39.0,Male,Kolkata,2022-03-20,392.0,41.0,3.49,1,High
T00997,R0041,Zone_7,15.87,109.81,289.04,UPI,2023-08-09,0,0,Wednesday,August,5.670018844503392,2.825536896557877,10.47902667235846,1.7130195810529416,1.3323449801057972,1.9697572952613611,0.6133900928792569,0.5456989247311829,0.9724551301478264,353.0,0.04495750708215297,0.8188101983002833,0,2020-04-11,2344,8.0,0.0226628895184136,Aarav Nair,25.0,Other,Pune,2020-04-11,353.0,8.0,4.74,2,High
T00998,R0084,Zone_5,14.35,101.77,192.38,Wallet,2023-03-23,0,0,Thursday,March,5.264657165055401,2.731115474033206,10.088111815399351,1.371430543850253,1.1088353659218835,0.7552868479827786,0.5545665634674922,0.5056750298685783,0.646967707175809,366.0,0.039207650273224044,0.5256284153005464,0,2019-07-21,2609,6.0,0.01639344262295082,Kavya Sharma,38.0,Male,Jaipur,2019-07-21,366.0,6.0,4.67,1,High
T00999,R0277,Zone_10,10.77,99.49,249.99,Wallet,2024-02-07,0,0,Wednesday,February,5.525413097700675,2.4655539212721855,9.974467404327912,0.5668984693860254,1.0454520424965945,1.479119275747305,0.4160216718266254,0.49432497013142174,0.8409603663669731,433.0,0.0248729792147806,0.5773441108545034,0,2021-01-22,2058,16.0,0.03695150115473441,Kavya Gupta,42.0,Female,Jaipur,2021-01-22,433.0,16.0,3.06,0,High
T01000,R0253,Zone_7,2.8,24.44,37.65,Credit Card,2024-08-02,0,0,Friday,August,3.654546775033431,1.33500106673234,4.94368283772331,-1.2241966796307047,-1.0409156869191656,-1.1887956298510203,0.10758513931888546,0.12071883711668659,0.1259386470013806,173.0,0.016184971098265895,0.2176300578034682,0,2021-08-19,1849,24.0,0.13872832369942195,Ishaan Gupta,26.0,Male,Surat,2021-08-19,173.0,24.0,3.16,1,Med
T01001,R0135,Zone_1,0.58,5.31,13.96,Credit Card,2024-06-30,0,0,Sunday,June,2.7053799725463312,0.4574248470388754,2.3043437243605824,-1.723096457650421,-1.572724010219945,-1.4864451735715831,0.021671826625386997,0.02548785344484269,0.04616627942216386,153.0,0.003790849673202614,0.09124183006535948,0,2022-02-24,1660,8.0,0.05228758169934641,Reyansh Patel,38.0,Female,Ahmedabad,2022-02-24,153.0,8.0,3.47,0,Low
T01002,R0248,Zone_6,12.93,94.92,284.82,Cash,2024-06-13,0,0,Thursday,June,5.6553622420536485,2.6340447877917144,9.74268956705488,1.0523144696214253,0.9184073986134498,1.9167357218337213,0.4996130030959752,0.4715750696933493,0.9582449405663871,104.0,0.12432692307692307,2.738653846153846,0,2021-10-24,1783,12.0,0.11538461538461539,Vivaan Ghosh,18.0,Female,Chennai,2021-10-24,104.0,12.0,3.65,0,Low
T01003,R0190,Zone_5,5.62,50.57,106.41,Cash,2023-09-03,0,0,Sunday,September,4.676653287609955,1.890095369948917,7.11125867902441,-0.5904591237678214,-0.31450944082144655,-0.3248706561817124,0.21671826625386997,0.25079649542015137,0.35747718624776914,274.0,0.02051094890510949,0.38835766423357665,0,2020-09-25,2177,47.0,0.17153284671532848,Saanvi Iyer,35.0,Other,Surat,2020-09-25,274.0,47.0,4.12,2,Med
T01004,R0225,Zone_7,9.17,57.22,143.16,Wallet,2023-07-07,0,0,Friday,July,4.9709237938600275,2.3194422100604686,7.564390259630977,0.20733106180424776,-0.12964141416435393,0.13686934937889064,0.3541021671826626,0.28390083632019114,0.48122705997238774,465.0,0.01972043010752688,0.30787096774193545,0,2020-06-15,2279,9.0,0.01935483870967742,Ishaan Sharma,39.0,Female,Delhi,2020-06-15,465.0,9.0,4.08,0,High
T01005,R0025,Zone_8,4.85,31.44,62.93,Credit Card,2023-10-16,0,0,Monday,October,4.157788734778635,1.766441661243765,5.607138307550475,-0.763500938666552,-0.8463177641222259,-0.8711687634408966,0.18691950464396284,0.15556551174830743,0.21106509074990737,42.0,0.11547619047619047,1.4983333333333333,0,2021-10-22,1785,3.0,0.07142857142857142,Meera Das,21.0,Female,Mumbai,2021-10-22,42.0,3.0,4.01,0,Low
T01006,R0272,Zone_5,10.59,99.0,205.44,Cash,2023-05-26,0,0,Friday,May,5.330009813280526,2.4501426573516603,9.9498743710662,0.5264471360330755,1.0318301879008087,0.9193773098228188,0.40905572755417957,0.4918857029072083,0.6909452133212108,432.0,0.024513888888888887,0.47555555555555556,0,2020-01-15,2431,4.0,0.009259259259259259,Kavya Ghosh,21.0,Male,Kolkata,2020-01-15,432.0,4.0,4.79,1,High
T01007,R0016,Zone_10,12.79,67.67,192.63,Cash,2023-03-14,0,0,Tuesday,March,5.265949121515307,2.6239436918052106,8.226177727231525,1.0208523214580196,0.16086548486822036,0.75842793645598,0.49419504643962847,0.3359219434488252,0.6478095430514866,356.0,0.03592696629213483,0.5410955056179775,0,2022-01-24,1691,51.0,0.14325842696629212,Aarav Iyer,28.0,Female,Delhi,2022-01-24,356.0,51.0,3.06,0,High
T01008,R0237,Zone_6,1.9500000000000002,18.2,24.05,Cash,2024-03-13,0,0,Wednesday,March,3.2208738275308737,1.0818051703517284,4.266145801540309,-1.415216864908524,-1.214385835241009,-1.3596708427931754,0.0746904024767802,0.08965551573078455,0.08014277536451493,36.0,0.05416666666666667,0.6680555555555556,0,2022-12-13,1368,3.0,0.08333333333333333,Aadhya Nair,40.0,Male,Chennai,2022-12-13,36.0,3.0,3.71,1,Low
T01009,R0148,Zone_9,3.93,34.86,59.65,Wallet,2024-06-10,0,0,Monday,June,4.105119635390059,1.5953389880545987,5.904235767650205,-0.9702521980260741,-0.7512427789842926,-0.9123798442092987,0.1513157894736842,0.1725906013540422,0.20002020406101623,412.0,0.00953883495145631,0.14478155339805826,0,2019-09-30,2538,34.0,0.0825242718446602,Aarav Kumar,44.0,Male,Ahmedabad,2019-09-30,412.0,34.0,3.36,1,High
T01010,R0130,Zone_2,0.32,2.7,6.4,Wallet,2023-10-28,0,0,Saturday,October,2.0014800002101243,0.2776317365982795,1.6431676725154984,-1.7815261613824598,-1.6452812357199467,-1.581431689001193,0.011609907120743035,0.012495021903624054,0.020709162541670875,316.0,0.0010126582278481013,0.020253164556962026,0,2019-02-16,2764,62.0,0.1962025316455696,Diya Ghosh,27.0,Female,Pune,2019-02-16,316.0,62.0,3.62,0,Med
T01011,R0099,Zone_6,9.17,65.75,164.57,UPI,2024-02-28,0,0,Wednesday,February,5.10939406611952,2.3194422100604686,8.108637370113428,0.20733106180424776,0.10749005461534543,0.4058721662238569,0.3541021671826626,0.3263639984070092,0.5533218843654241,80.0,0.114625,2.057125,0,2021-08-21,1847,8.0,0.1,Diya Gupta,35.0,Other,Mumbai,2021-08-21,80.0,8.0,3.7,2,Low
T01012,R0159,Zone_4,0.33,3.1,5.82,Cash,2024-06-16,0,0,Sunday,June,1.9198594718553708,0.2851789422336624,1.760681686165901,-1.7792788650850737,-1.6341613544172644,-1.5887190142590204,0.011996904024767803,0.01448626045400239,0.01875610331009866,79.0,0.004177215189873418,0.07367088607594938,0,2020-05-21,2304,2.0,0.02531645569620253,Ishaan Singh,43.0,Female,Bengaluru,2020-05-21,79.0,2.0,4.9,0,Low
T01013,R0117,Zone_1,6.17,36.26,146.37,UPI,2023-06-05,0,0,Monday,June,4.992946431225172,1.969905654611529,6.021627686929839,-0.4668578274115854,-0.7123231944249047,0.17720092537479648,0.2380030959752322,0.17955993628036637,0.49203623261608914,369.0,0.016720867208672087,0.39666666666666667,0,2021-06-12,1917,37.0,0.1002710027100271,Aadhya Gupta,21.0,Female,Ahmedabad,2021-06-12,369.0,37.0,3.16,0,High
T01014,R0028,Zone_9,10.6,101.63,157.5,UPI,2024-07-19,0,0,Friday,July,5.065754593317335,2.451005098112319,10.081170566953025,0.5286944323304615,1.1049434074659445,0.3170421842017219,0.40944272445820434,0.5049780963759458,0.5295147658012593,249.0,0.04257028112449799,0.6325301204819277,0,2023-11-11,1035,21.0,0.08433734939759036,Reyansh Sharma,20.0,Female,Surat,2023-11-11,249.0,21.0,3.79,0,Med
T01015,R0177,Zone_9,18.29,123.71,297.22,Wallet,2023-05-17,0,0,Wednesday,May,5.697831469162762,2.9595868269176377,11.122499719037982,2.25686528502038,1.7187608553740057,2.0725337101045103,0.7070433436532508,0.6148944643568299,1.0,489.0,0.03740286298568507,0.6078118609406954,0,2023-02-15,1304,63.0,0.12883435582822086,Ishaan Reddy,34.0,Other,Bengaluru,2023-02-15,489.0,63.0,4.48,2,High
T01016,R0036,Zone_6,9.84,78.98,216.27,Cash,2023-08-13,0,0,Sunday,August,5.3811408197471495,2.3832429960115,8.887069258197553,0.35789991372911717,0.4752801287015615,1.0554492624819027,0.380030959752322,0.39222421346077263,0.7274135434555679,177.0,0.05559322033898305,1.2218644067796611,0,2022-03-16,1640,15.0,0.0847457627118644,Aadhya Das,30.0,Female,Surat,2022-03-16,177.0,15.0,4.9,0,Med
T01017,R0250,Zone_10,14.26,132.02,247.26,UPI,2023-02-12,0,0,Sunday,February,5.514476584087801,2.725235025856311,11.489995648389081,1.351204877173778,1.9497763894372304,1.4448185896199457,0.5510835913312694,0.6562624452409399,0.8317675186045728,163.0,0.08748466257668712,1.5169325153374233,0,2021-02-01,2048,31.0,0.1901840490797546,Aadhya Iyer,34.0,Female,Jaipur,2021-02-01,163.0,31.0,4.63,0,Low
T01018,R0226,Zone_4,9.3,50.64,147.85,Credit Card,2023-09-06,0,0,Wednesday,September,5.002939087461785,2.33214389523559,7.116178749862878,0.23654591367026737,-0.31256346159347714,0.19579616913614853,0.35913312693498456,0.25114496216646753,0.49701990100010096,266.0,0.0349624060150376,0.5558270676691729,0,2021-07-30,1869,2.0,0.007518796992481203,Aarav Iyer,20.0,Other,Surat,2021-07-30,266.0,2.0,3.25,2,Med
T01019,R0102,Zone_4,9.55,48.82,120.65,Wallet,2024-01-07,0,0,Sunday,January,4.801148069229532,2.3561258599220753,6.987131027825369,0.29272832110492014,-0.36315892152068147,-0.14595425674816162,0.36880804953560375,0.2420848267622461,0.4054281577263697,123.0,0.07764227642276424,0.9808943089430895,0,2023-05-13,1217,22.0,0.17886178861788618,Aarav Nair,18.0,Female,Chennai,2023-05-13,123.0,22.0,4.1,0,Low
T01020,R0107,Zone_8,6.95,60.81,146.22,Cash,2023-01-29,0,0,Sunday,January,4.991928066630559,2.0731719286662407,7.798076685952761,-0.2915687162154687,-0.029840479472780502,0.17531627229087557,0.26818885448916413,0.30177220230983676,0.4915311310906825,179.0,0.0388268156424581,0.8168715083798883,0,2020-01-11,2435,14.0,0.0782122905027933,Reyansh Gupta,33.0,Male,Hyderabad,2020-01-11,179.0,14.0,3.66,1,Med
T01021,R0011,Zone_6,6.08,47.67,122.18,UPI,2023-11-10,0,0,Friday,November,4.813646700258897,1.9572739077056285,6.904346457123947,-0.48708349408806034,-0.395128580265893,-0.12673079529216916,0.2345201238390093,0.2363600159299084,0.4105801932855171,208.0,0.02923076923076923,0.5874038461538462,0,2020-04-14,2341,34.0,0.16346153846153846,Vivaan Nair,26.0,Male,Chennai,2020-04-14,208.0,34.0,4.0,1,Med
T01022,R0278,Zone_7,13.87,87.85,244.45,Wallet,2023-12-09,0,0,Saturday,December,5.503093260504062,2.6993457604720636,9.372833082905082,1.2635603215757194,0.7218634965885404,1.4095127551811621,0.5359907120743034,0.43637992831541217,0.8223052833619556,382.0,0.03630890052356021,0.6399214659685863,0,2021-09-02,1835,58.0,0.1518324607329843,Aarav Reddy,20.0,Female,Mumbai,2021-09-02,382.0,58.0,4.27,0,High
T01023,R0241,Zone_10,9.87,70.99,244.47,Cash,2024-01-17,0,0,Wednesday,January,5.503174740174929,2.386006701133118,8.425556361451747,0.3646418026212753,0.253160499680483,1.4097640422590185,0.38119195046439625,0.35244922341696533,0.8223726302320099,165.0,0.05981818181818181,1.4816363636363636,0,2020-01-13,2433,3.0,0.01818181818181818,Kavya Gupta,34.0,Female,Chennai,2020-01-13,165.0,3.0,3.28,0,Med
T01024,R0095,Zone_8,9.68,66.56,148.52,Credit Card,2023-06-27,0,0,Tuesday,June,5.0074301631473075,2.3683728335320486,8.158431221748456,0.32194317297093933,0.13000781425327707,0.20421428624432844,0.3738390092879257,0.3303962564715253,0.49927602114691716,481.0,0.020124740124740123,0.3087733887733888,0,2020-10-07,2165,77.0,0.1600831600831601,Kavya Iyer,29.0,Female,Chennai,2020-10-07,481.0,77.0,4.26,0,High
T01025,R0126,Zone_4,4.96,28.48,55.26,Credit Card,2024-06-14,0,0,Friday,June,4.029983803061711,1.7850704810772584,5.336665625650533,-0.7387806793953047,-0.9286048857620748,-0.9675373577987151,0.1911764705882353,0.14083034647550777,0.1852375660841162,411.0,0.012068126520681266,0.13445255474452555,0,2022-09-25,1447,20.0,0.04866180048661801,Diya Reddy,29.0,Female,Surat,2022-09-25,411.0,20.0,3.65,0,High
T01026,R0252,Zone_2,6.27,38.05,65.09,UPI,2023-01-01,0,0,Sunday,January,4.191017449482361,1.9837562915454279,6.168468205316454,-0.44438486443772435,-0.6625617255954016,-0.8440297590324367,0.24187306501547987,0.18847072879330942,0.21833855271576252,392.0,0.01599489795918367,0.16604591836734695,0,2020-09-23,2179,47.0,0.11989795918367346,Reyansh Gupta,38.0,Other,Ahmedabad,2020-09-23,392.0,47.0,4.83,2,High
T01027,R0240,Zone_8,18.34,150.69,262.04,Cash,2023-05-26,0,0,Friday,May,5.572306111867815,2.9621754900251482,12.275585525749882,2.268101766507311,2.468796849239925,1.6305197401556117,0.7089783281733747,0.7492035045798486,0.8815368555746372,174.0,0.10540229885057471,1.505977011494253,0,2020-05-18,2307,2.0,0.011494252873563218,Aarav Iyer,30.0,Male,Delhi,2020-05-18,174.0,2.0,4.07,1,Med
T01028,R0190,Zone_5,7.66,46.22,85.51,Credit Card,2023-12-30,0,0,Saturday,December,4.460260014192283,2.1587147225743437,6.798529252713413,-0.13201067910105485,-0.43543814998811625,-0.5874656525413479,0.29566563467492263,0.22914177618478693,0.28709970704111526,274.0,0.027956204379562043,0.31208029197080295,0,2020-09-25,2177,47.0,0.17153284671532848,Saanvi Iyer,35.0,Other,Surat,2020-09-25,274.0,47.0,4.12,2,Med
T01029,R0234,Zone_2,14.63,86.74,293.26,Wallet,2024-05-19,0,0,Sunday,May,5.684463730269801,2.749192144433385,9.313431161500041,1.4343548401770643,0.6910058259735972,2.022778868689,0.5654024767801858,0.4308542413381123,0.9866653197292655,183.0,0.07994535519125684,1.6025136612021857,0,2022-12-01,1380,31.0,0.16939890710382513,Saanvi Nair,32.0,Other,Pune,2022-12-01,183.0,31.0,3.98,2,Med
T01030,R0099,Zone_2,5.4,40.85,103.87,Cash,2023-09-08,0,0,Friday,September,4.652721487846314,1.8562979903656263,6.391400472509918,-0.6398996423103158,-0.5847225564766256,-0.35678411506943836,0.2082043343653251,0.20240939864595778,0.34892413375088394,80.0,0.0675,1.298375,0,2021-08-21,1847,8.0,0.1,Diya Gupta,35.0,Other,Mumbai,2021-08-21,80.0,8.0,3.7,2,Low
T01031,R0068,Zone_1,12.01,105.43,140.67,Credit Card,2023-12-15,0,0,Friday,December,4.95350040939126,2.565718292524414,10.267911179982033,0.8455632102619031,1.2105822798414265,0.10558410818580477,0.4640092879256966,0.5238948626045401,0.47284237465063805,456.0,0.026337719298245615,0.3084868421052631,0,2022-08-31,1472,70.0,0.15350877192982457,Meera Singh,30.0,Female,Ahmedabad,2022-08-31,456.0,70.0,4.97,0,High
T01032,R0221,Zone_7,9.45,94.3,88.52,Cash,2023-12-04,0,0,Monday,December,4.494462064003669,2.34660197841082,9.710818709048171,0.2702553581310587,0.9011715825942921,-0.5496469473240033,0.36493808049535603,0.46848864994026285,0.2972354109842745,106.0,0.08915094339622641,0.8350943396226415,0,2021-01-13,2067,1.0,0.009433962264150943,Diya Patel,21.0,Female,Delhi,2021-01-13,106.0,1.0,4.41,0,Low
T01033,R0236,Zone_2,5.98,46.66,49.41,Credit Card,2023-07-04,0,0,Tuesday,July,3.9201895680945396,1.9430489167742813,6.830812543175226,-0.5095564570619213,-0.42320628055516585,-1.0410388280716274,0.23065015479876164,0.23133213859020307,0.16553860659325856,61.0,0.09803278688524591,0.8099999999999999,0,2020-08-10,2223,1.0,0.01639344262295082,Arjun Gupta,28.0,Male,Ahmedabad,2020-08-10,61.0,1.0,3.36,1,Low
T01034,R0123,Zone_10,11.24,61.04,117.46,Wallet,2023-04-19,0,0,Wednesday,April,4.774575350848819,2.50470927708418,7.812809993849844,0.6725213953631727,-0.023446547723738286,-0.18603454566621141,0.4342105263157895,0.3029171644763043,0.39468633195272246,156.0,0.07205128205128206,0.7529487179487179,0,2023-06-24,1175,26.0,0.16666666666666666,Meera Ghosh,32.0,Male,Bengaluru,2023-06-24,156.0,26.0,3.31,1,Low
T01035,R0205,Zone_5,0.28,1.92,4.33,Credit Card,2024-05-08,0,0,Wednesday,May,1.673351238177753,0.2468600779315258,1.3856406460551018,-1.7905153465720043,-1.6669650042601771,-1.6074399015593004,0.010061919504643965,0.0086121067303863,0.013738761491059704,100.0,0.0028000000000000004,0.0433,0,2019-05-12,2679,14.0,0.14,Diya Singh,31.0,Other,Surat,2019-05-12,100.0,14.0,4.66,2,Low
T01036,R0037,Zone_3,10.87,87.78,215.53,Credit Card,2024-07-28,0,0,Sunday,July,5.3777291059721986,2.4740142086215764,9.369098142297368,0.5893714323598864,0.7199175173605713,1.0461516406012266,0.41989164086687303,0.436031461569096,0.7249217092635619,489.0,0.022229038854805726,0.4407566462167689,0,2020-11-21,2120,6.0,0.012269938650306749,Aadhya Iyer,32.0,Other,Ahmedabad,2020-11-21,489.0,6.0,3.36,2,High
T01037,R0106,Zone_6,11.93,98.95,168.44,Cash,2023-06-18,0,0,Sunday,June,5.132498881853096,2.559550192783766,9.947361459201128,0.8275848398828142,1.0304402027379735,0.45449621578901434,0.46091331269349844,0.49163679808841104,0.5663535037209145,6.0,1.9883333333333333,28.073333333333334,0,2021-11-25,1751,1.0,0.16666666666666666,Aarav Patel,32.0,Other,Bengaluru,2021-11-25,6.0,1.0,4.03,2,Low
T01038,R0017,Zone_8,9.37,71.95,204.58,Credit Card,2024-06-20,0,0,Thursday,June,5.325835252584776,2.3389170222414357,8.482334584299302,0.25227698775196983,0.2798482148069206,0.9085719654750062,0.36184210526315785,0.35722819593787336,0.6880492979088797,288.0,0.03253472222222222,0.7103472222222222,0,2023-03-18,1273,21.0,0.07291666666666667,Meera Das,49.0,Female,Mumbai,2023-03-18,288.0,21.0,3.83,0,Med
T01039,R0177,Zone_3,14.55,118.05,125.89,Cash,2024-08-14,0,0,Wednesday,August,4.8433205694088235,2.744060638625243,10.865081684000355,1.4163764697979753,1.5614145349410518,-0.08011704234986074,0.5623065015479877,0.5867184388689765,0.4230730376805738,489.0,0.029754601226993867,0.2574437627811861,0,2023-02-15,1304,63.0,0.12883435582822086,Ishaan Reddy,34.0,Other,Bengaluru,2023-02-15,489.0,63.0,4.48,2,High
T01040,R0028,Zone_6,7.66,55.38,77.21,Cash,2023-03-04,0,0,Saturday,March,4.35939751661352,2.1587147225743437,7.441773982055623,-0.13201067910105485,-0.18079286815669227,-0.6917497898516338,0.29566563467492263,0.2747411389884508,0.25915075596861636,249.0,0.03076305220883534,0.3100803212851405,0,2023-11-11,1035,21.0,0.08433734939759036,Reyansh Sharma,20.0,Female,Surat,2023-11-11,249.0,21.0,3.79,0,Med
T01041,R0269,Zone_1,7.25,68.25,172.44,UPI,2024-02-02,0,0,Friday,February,5.155831718251282,2.1102132003465894,8.261355820929152,-0.2241498272938854,0.17698931275710958,0.5047536313602364,0.27979876160990713,0.3388092393468738,0.5798228777317573,423.0,0.017139479905437353,0.4076595744680851,0,2019-05-19,2672,16.0,0.037825059101654845,Aadhya Sharma,41.0,Male,Mumbai,2019-05-19,423.0,16.0,3.41,1,High
T01042,R0090,Zone_7,9.78,49.56,160.2,Wallet,2024-08-19,0,0,Monday,August,5.0826458300725275,2.377692565480851,7.0398863627192165,0.34441613594480036,-0.34258714111071925,0.3509659397122967,0.37770897832817335,0.24576861808044603,0.5386065932585783,152.0,0.0643421052631579,1.0539473684210525,0,2021-01-31,2049,25.0,0.16447368421052633,Kavya Iyer,33.0,Female,Mumbai,2021-01-31,152.0,25.0,4.51,0,Low
T01043,R0026,Zone_10,12.34,119.46,164.63,Credit Card,2024-07-02,0,0,Tuesday,July,5.109756384964063,2.590767040487478,10.929775843996069,0.9197239880756447,1.6006121165330065,0.40662602745742527,0.47678018575851394,0.5937375547590601,0.5535239249755867,44.0,0.28045454545454546,3.741590909090909,0,2020-04-17,2338,5.0,0.11363636363636363,Aarav Kumar,26.0,Female,Surat,2020-04-17,44.0,5.0,3.17,0,Low
T01044,R0077,Zone_9,10.85,89.48,102.05,Wallet,2023-08-16,0,0,Wednesday,August,4.635214307336468,2.47232786758114,9.459386872308373,0.5848768397651143,0.7671770128969709,-0.3796512391543445,0.41911764705882354,0.44449422540820394,0.3427955685759504,406.0,0.02672413793103448,0.25135467980295567,0,2019-09-07,2561,72.0,0.17733990147783252,Reyansh Das,28.0,Male,Mumbai,2019-09-07,406.0,72.0,3.79,1,High
T01045,R0124,Zone_10,6.87,43.58,89.69,Credit Card,2023-01-12,0,0,Thursday,January,4.507447097459476,2.063058062429312,6.601514977639602,-0.3095470865945576,-0.5088293665858192,-0.5349466532694208,0.26509287925696595,0.2159996017522899,0.30117520288244604,419.0,0.01639618138424821,0.21405727923627685,0,2022-06-09,1555,25.0,0.059665871121718374,Aadhya Das,37.0,Other,Hyderabad,2022-06-09,419.0,25.0,3.59,2,High
T01046,R0121,Zone_9,3.02,18.46,29.53,Wallet,2023-12-02,0,0,Saturday,December,3.4187098067467865,1.3912819026309295,4.296510211788167,-1.1747561610882102,-1.2071579123942655,-1.2908181834606012,0.11609907120743035,0.09094982078853048,0.09859581775936962,378.0,0.007989417989417989,0.07812169312169312,0,2023-07-13,1156,10.0,0.026455026455026454,Diya Iyer,29.0,Male,Pune,2023-07-13,378.0,10.0,4.17,1,High
T01047,R0117,Zone_6,11.32,97.67,102.93,Wallet,2023-09-22,0,0,Friday,September,4.6437175956003305,2.511223958105374,9.882813364624468,0.6904997657422616,0.9948565825693904,-0.3685946077286755,0.43730650154798767,0.48526483472720033,0.34575883085833586,369.0,0.03067750677506775,0.27894308943089435,0,2021-06-12,1917,37.0,0.1002710027100271,Aadhya Gupta,21.0,Female,Ahmedabad,2021-06-12,369.0,37.0,3.16,0,High
T01048,R0231,Zone_7,4.05,39.82,44.61,Credit Card,2023-02-07,0,0,Tuesday,February,3.820126990723609,1.6193882432872684,6.3103090257134005,-0.9432846424574408,-0.6133562508310325,-1.101347726757094,0.15595975232198142,0.19728195937873355,0.14937535778024713,328.0,0.012347560975609755,0.13600609756097562,0,2019-08-26,2573,22.0,0.06707317073170732,Ishaan Nair,19.0,Other,Mumbai,2019-08-26,328.0,22.0,4.81,2,High
T01049,R0270,Zone_9,3.91,35.35,85.13,Credit Card,2023-11-25,0,0,Saturday,November,4.455857782801083,1.5912739418064292,5.9455865984779,-0.9747467906208462,-0.7376209243885068,-0.592240107020614,0.1505417956656347,0.17502986857825567,0.28582011651008515,455.0,0.008593406593406594,0.1870989010989011,0,2022-01-02,1713,64.0,0.14065934065934066,Aadhya Reddy,35.0,Male,Hyderabad,2022-01-02,455.0,64.0,3.08,1,High
T01050,R0032,Zone_4,4.73,30.01,69.7,UPI,2023-07-22,0,0,Saturday,July,4.258445572902527,1.7457155307266483,5.478138369920935,-0.7904684942351852,-0.8860713397793151,-0.7861080875866032,0.18227554179566566,0.1484468339307049,0.2338620062632589,213.0,0.022206572769953054,0.32723004694835683,0,2023-09-20,1087,24.0,0.11267605633802817,Kavya Reddy,18.0,Female,Mumbai,2023-09-20,213.0,24.0,4.0,0,Med
T01051,R0135,Zone_8,8.29,58.13,153.56,UPI,2023-01-18,0,0,Wednesday,January,5.040582370464208,2.2289385528257473,7.624303246854758,0.009568987634269872,-0.10434368420075167,0.2675386298640682,0.32004643962848295,0.2884309040223019,0.5162474324005791,153.0,0.05418300653594771,1.0036601307189543,0,2022-02-24,1660,8.0,0.05228758169934641,Reyansh Patel,38.0,Female,Ahmedabad,2022-02-24,153.0,8.0,3.47,0,Low
T01052,R0246,Zone_10,4.02,33.06,87.4,UPI,2023-12-24,0,0,Sunday,December,4.481871969643598,1.6134299337036377,5.749782604586021,-0.9500265313495991,-0.8012822448463627,-0.5637190236839453,0.1547987616099071,0.1636300278773397,0.29346398626123854,240.0,0.016749999999999998,0.3641666666666667,0,2021-03-31,1990,34.0,0.14166666666666666,Vivaan Das,29.0,Other,Mumbai,2021-03-31,240.0,34.0,4.79,2,Med
T01053,R0105,Zone_5,2.32,17.07,20.14,Wallet,2024-07-07,0,0,Sunday,July,3.051166980442092,1.199964782928397,4.13158565202272,-1.3320669019052378,-1.2457994999210864,-1.408797466514045,0.0890092879256966,0.08403026682596576,0.06697646226891604,346.0,0.006705202312138728,0.05820809248554913,0,2020-09-28,2174,9.0,0.02601156069364162,Diya Das,31.0,Female,Jaipur,2020-09-28,346.0,9.0,3.69,0,High
T01054,R0231,Zone_7,4.71,42.7,98.65,Wallet,2023-07-04,0,0,Tuesday,July,4.6016640466588035,1.742219023667919,6.534523701081817,-0.7949630868299574,-0.53329310545172,-0.4223700423898832,0.1815015479876161,0.2116188769414576,0.33134660066673405,328.0,0.014359756097560976,0.30076219512195124,0,2019-08-26,2573,22.0,0.06707317073170732,Ishaan Nair,19.0,Other,Mumbai,2019-08-26,328.0,22.0,4.81,2,High
T01055,R0119,Zone_6,7.08,35.42,88.14,Cash,2023-08-10,0,0,Thursday,August,4.49020816751841,2.089391872533004,5.951470406546604,-0.2623538643494493,-0.7356749451605373,-0.5544214018032694,0.27321981424148606,0.1753783353245719,0.2959558204532444,30.0,0.23600000000000002,2.938,0,2023-05-05,1225,1.0,0.03333333333333333,Saanvi Iyer,47.0,Male,Hyderabad,2023-05-05,30.0,1.0,4.39,1,Low
T01056,R0266,Zone_7,10.27,74.55,168.21,Wallet,2024-02-26,0,0,Monday,February,5.131140547080535,2.422144328051685,8.634234187233979,0.45453365451671984,0.3521274432743552,0.4516064143936692,0.396671826625387,0.37017124651533256,0.5655790147152912,98.0,0.10479591836734693,1.7164285714285714,0,2020-09-25,2177,13.0,0.1326530612244898,Diya Reddy,29.0,Other,Chennai,2020-09-25,98.0,13.0,3.9,2,Low
T01057,R0282,Zone_3,8.34,61.91,144.33,UPI,2024-02-09,0,0,Friday,February,4.979007018638079,2.234306252240751,7.868290792796107,0.020805469121200584,0.0007391941095955723,0.15156964343347332,0.3219814241486068,0.3072481083233771,0.48516685187055936,319.0,0.026144200626959248,0.4524451410658308,0,2022-05-02,1593,3.0,0.009404388714733543,Reyansh Kumar,22.0,Other,Bengaluru,2022-05-02,319.0,3.0,4.47,2,Med
T01058,R0192,Zone_2,2.6,15.42,31.62,UPI,2023-06-09,0,0,Friday,June,3.484925597192868,1.2809338454620642,3.9268307832143723,-1.269142605578427,-1.2916690102946506,-1.2645586838246377,0.09984520123839011,0.07581640780565511,0.10563356568003501,449.0,0.005790645879732739,0.07042316258351894,0,2021-08-23,1845,31.0,0.06904231625835189,Aadhya Nair,31.0,Male,Delhi,2021-08-23,449.0,31.0,3.89,1,High
T01059,R0164,Zone_8,9.14,84.79,160.24,Cash,2024-06-12,0,0,Wednesday,June,5.082893938248965,2.316487998163037,9.208148565265441,0.20058917291208958,0.6367964046230215,0.3514685138680092,0.35294117647058826,0.42114695340501795,0.5387412869986867,249.0,0.03670682730923695,0.6435341365461847,0,2022-07-06,1528,23.0,0.09236947791164658,Aadhya Ghosh,37.0,Other,Ahmedabad,2022-07-06,249.0,23.0,4.02,2,Med
T01060,R0285,Zone_5,9.61,90.21,92.12,Cash,2023-12-07,0,0,Thursday,December,4.533888983983128,2.3617969526258915,9.497894503520241,0.3062120988892365,0.7874707962743658,-0.5044152733099033,0.37113003095975233,0.4481282357626443,0.30935784759403306,244.0,0.03938524590163934,0.3775409836065574,0,2019-01-10,2801,16.0,0.06557377049180328,Diya Iyer,29.0,Female,Chennai,2019-01-10,244.0,16.0,4.97,0,Med
T01061,R0172,Zone_9,5.73,48.94,113.7,Credit Card,2023-07-10,0,0,Monday,July,4.742320024135325,1.9065751436566365,6.99571297295708,-0.5657388644965741,-0.3598229571298769,-0.23327651630316007,0.22097523219814244,0.2426821983273596,0.3820251203825302,168.0,0.03410714285714286,0.6767857142857143,0,2019-12-24,2453,14.0,0.08333333333333333,Reyansh Reddy,31.0,Other,Pune,2019-12-24,168.0,14.0,3.72,2,Med
T01062,R0127,Zone_4,4.02,20.5,99.65,Wallet,2023-02-03,0,0,Friday,February,4.611649152085801,1.6134299337036377,4.527692569068709,-0.9500265313495991,-1.150446517750586,-0.40980568849707766,0.1547987616099071,0.10110513739545998,0.3347139441694447,43.0,0.09348837209302324,2.3174418604651166,0,2020-03-17,2369,2.0,0.046511627906976744,Vivaan Kumar,38.0,Male,Chennai,2020-03-17,43.0,2.0,4.83,1,Low
T01063,R0226,Zone_5,4.02,31.06,46.8,Cash,2024-08-09,0,0,Friday,August,3.86702563949741,1.6134299337036377,5.573149917237109,-0.9500265313495991,-0.8568816513597741,-1.0738317917318498,0.1547987616099071,0.15367383512544802,0.1567498400511836,266.0,0.015112781954887217,0.17593984962406015,0,2021-07-30,1869,2.0,0.007518796992481203,Aarav Iyer,20.0,Other,Surat,2021-07-30,266.0,2.0,3.25,2,Med
T01064,R0183,Zone_2,5.34,26.75,85.55,UPI,2023-01-17,0,0,Tuesday,January,4.4607222816222185,1.8468787684491346,5.172040216394301,-0.6533834200946326,-0.9766983723961755,-0.5869630783856357,0.20588235294117646,0.13221823974512145,0.2872344007812237,406.0,0.013152709359605911,0.21071428571428572,0,2022-08-27,1476,66.0,0.1625615763546798,Arjun Patel,43.0,Other,Jaipur,2022-08-27,406.0,66.0,3.79,2,High
T01065,R0092,Zone_4,19.07,184.53,297.22,Wallet,2024-01-18,0,0,Thursday,January,5.697831469162762,2.9992261628082466,13.584181977579659,2.432154396216497,3.4095388074468445,2.0725337101045103,0.7372291021671827,0.9176622859418558,1.0,252.0,0.07567460317460317,1.1794444444444445,0,2019-07-18,2612,23.0,0.09126984126984126,Aarav Nair,21.0,Male,Surat,2019-07-18,252.0,23.0,4.51,1,Med
T01066,R0250,Zone_1,3.55,18.67,62.38,Credit Card,2024-03-02,0,0,Saturday,March,4.149148354262775,1.5151272329628591,4.32087954009366,-1.0556494573267463,-1.2013199747103573,-0.8780791580819397,0.13660990712074303,0.0919952210274791,0.20921305182341648,163.0,0.021779141104294478,0.3826993865030675,0,2021-02-01,2048,31.0,0.1901840490797546,Aadhya Iyer,34.0,Female,Jaipur,2021-02-01,163.0,31.0,4.63,0,Low
T01067,R0029,Zone_9,9.33,82.67,138.15,Wallet,2023-09-09,0,0,Saturday,September,4.9355524879719,2.3350522831315472,9.092304438369846,0.24328780256242558,0.5778610337188054,0.07392193637593508,0.3602941176470588,0.41059338908801274,0.4643566690238071,4.0,2.3325,34.5375,0,2022-07-24,1510,0.0,0.0,Kavya Iyer,30.0,Male,Surat,2022-07-24,4.0,0.0,3.69,1,Low
T01068,R0116,Zone_10,4.43,30.69,67.17,Cash,2023-05-27,0,0,Saturday,May,4.222004585374694,1.691939133945844,5.539855593785816,-0.8578873831567686,-0.8671675415647552,-0.8178959029354012,0.1706656346749226,0.15183193946634807,0.2253426272014008,238.0,0.01861344537815126,0.28222689075630253,0,2020-02-08,2407,30.0,0.12605042016806722,Ishaan Kumar,34.0,Female,Bengaluru,2020-02-08,238.0,30.0,4.58,0,Med
T01069,R0218,Zone_6,5.47,32.45,112.98,Credit Card,2023-10-15,0,0,Sunday,October,4.736022994406854,1.8671761085128091,5.6964901474504455,-0.6241685682286131,-0.8182400638329531,-0.24232285110598004,0.21091331269349844,0.16059338908801274,0.3796006330605785,160.0,0.034187499999999996,0.706125,0,2019-01-11,2800,16.0,0.1,Arjun Reddy,34.0,Other,Delhi,2019-01-11,160.0,16.0,3.87,2,Low
T01070,R0029,Zone_9,4.47,32.59,36.56,UPI,2024-01-01,0,0,Monday,January,3.6259396543400624,1.6992786164338898,5.708765190476834,-0.8488981979672242,-0.8143481053770144,-1.2024907755941783,0.17221362229102166,0.16129032258064516,0.12226824258342593,4.0,1.1175,9.14,0,2022-07-24,1510,0.0,0.0,Kavya Iyer,30.0,Male,Surat,2022-07-24,4.0,0.0,3.69,1,Low
T01071,R0286,Zone_5,12.01,119.25,131.8,Cash,2024-06-04,0,0,Tuesday,June,4.888844237042334,2.565718292524414,10.920164833920778,0.8455632102619031,1.5947741788490986,-0.005861710843379941,0.4640092879256966,0.5926921545201115,0.4429740377815941,29.0,0.41413793103448276,4.544827586206897,0,2023-02-15,1304,0.0,0.0,Ishaan Nair,26.0,Male,Pune,2023-02-15,29.0,0.0,4.48,1,Low
T01072,R0112,Zone_6,9.9,68.06,139.84,Cash,2024-05-10,0,0,Friday,May,4.947624494286852,2.388762789235098,8.249848483457136,0.3713836915134339,0.17170736913833556,0.09515569445477638,0.3823529411764706,0.33786340103544404,0.4700474795433882,311.0,0.031832797427652736,0.4496463022508039,0,2020-11-13,2128,11.0,0.03536977491961415,Meera Nair,41.0,Female,Delhi,2020-11-13,311.0,11.0,3.24,0,Med
T01073,R0121,Zone_10,7.35,72.94,89.7,Wallet,2023-12-01,0,0,Friday,December,4.507557357121091,2.122261538862764,8.54049178911847,-0.2016768643200244,0.3073699210310591,-0.5348210097304927,0.2836687306501548,0.3621565113500597,0.3012088763174732,378.0,0.019444444444444445,0.23730158730158732,0,2023-07-13,1156,10.0,0.026455026455026454,Diya Iyer,29.0,Male,Pune,2023-07-13,378.0,10.0,4.17,1,High
T01074,R0109,Zone_10,10.51,68.93,203.11,Credit Card,2023-08-11,0,0,Friday,August,5.318659064205951,2.4432162227337915,8.302409288875127,0.5084687656539866,0.19589311097166964,0.8901023652525821,0.40595975232198145,0.342194344882517,0.683099302959895,62.0,0.16951612903225807,3.2759677419354842,0,2022-11-19,1392,5.0,0.08064516129032258,Vivaan Kumar,35.0,Female,Delhi,2022-11-19,62.0,5.0,3.35,0,Low
T01075,R0240,Zone_7,11.72,88.22,143.06,UPI,2024-05-16,0,0,Thursday,May,4.9702298794612165,2.543175557911976,9.392550239418473,0.780391617637706,0.7321493867935217,0.13561291398961017,0.4527863777089784,0.43822182397451215,0.4808903256221167,174.0,0.06735632183908047,0.8221839080459771,0,2020-05-18,2307,2.0,0.011494252873563218,Aarav Iyer,30.0,Male,Delhi,2020-05-18,174.0,2.0,4.07,1,Med
T01076,R0257,Zone_1,3.75,22.05,70.87,Credit Card,2023-11-10,0,0,Friday,November,4.274858931480352,1.55814461804655,4.695742752749559,-1.010703531379024,-1.1073569777026921,-0.7714077935320207,0.1443498452012384,0.10882118677817604,0.23780179816143043,459.0,0.008169934640522876,0.154400871459695,0,2023-03-11,1280,19.0,0.04139433551198257,Arjun Reddy,36.0,Other,Delhi,2023-03-11,459.0,19.0,4.82,2,High
T01077,R0241,Zone_4,10.74,66.68,206.08,Wallet,2024-06-27,0,0,Thursday,June,5.333105192033701,2.4630018143999504,8.165782265037441,0.5601565804938672,0.1333437786440819,0.9274184963142145,0.4148606811145511,0.33099362803663884,0.6931003131629457,165.0,0.06509090909090909,1.248969696969697,0,2020-01-13,2433,3.0,0.01818181818181818,Kavya Gupta,34.0,Female,Chennai,2020-01-13,165.0,3.0,3.28,0,Med
T01078,R0091,Zone_6,4.41,23.03,86.33,UPI,2023-06-01,0,0,Thursday,June,4.469694046425642,1.6882490928583902,4.798958220280731,-0.8623819757515407,-1.0801132685111206,-0.5771628823492474,0.16989164086687308,0.11369972122660295,0.289860928713338,334.0,0.013203592814371258,0.2584730538922156,0,2022-04-16,1609,43.0,0.12874251497005987,Meera Das,41.0,Other,Surat,2022-04-16,334.0,43.0,3.4,2,High
T01079,R0030,Zone_5,12.19,101.66,231.15,Cash,2023-05-18,0,0,Thursday,May,5.447383714465931,2.579458966729223,10.08265837961398,0.886014543614853,1.1057773985636459,1.242406848406849,0.4709752321981424,0.5051274392672243,0.7775196147759033,442.0,0.02757918552036199,0.5229638009049774,0,2021-01-08,2072,58.0,0.13122171945701358,Saanvi Patel,25.0,Other,Mumbai,2021-01-08,442.0,58.0,3.72,2,High
T01080,R0194,Zone_2,11.7,95.21,108.88,Credit Card,2023-11-19,0,0,Sunday,November,4.699388861227073,2.5416019934645457,9.757561170702441,0.7758970250429336,0.9264693125578941,-0.29383670206648277,0.4520123839009288,0.4730187176423735,0.36579452469946455,10.0,1.17,10.888,0,2023-02-10,1309,2.0,0.2,Arjun Iyer,30.0,Other,Jaipur,2023-02-10,10.0,2.0,4.06,2,Low
T01081,R0212,Zone_3,10.02,79.07,216.29,Cash,2024-06-18,0,0,Tuesday,June,5.381232866875345,2.3997118037247684,8.892131353055914,0.3983512470820671,0.4777821019946647,1.0557005495597587,0.38699690402476783,0.3926722421346077,0.727480890325622,73.0,0.13726027397260274,2.962876712328767,0,2023-09-11,1096,12.0,0.1643835616438356,Aadhya Iyer,36.0,Female,Ahmedabad,2023-09-11,73.0,12.0,3.22,0,Low
T01082,R0134,Zone_1,6.95,57.46,149.19,Credit Card,2024-03-05,0,0,Tuesday,March,5.01190115921749,2.0731719286662407,7.58023746329889,-0.2915687162154687,-0.12296948538274452,0.212632403352508,0.26818885448916413,0.2850955794504182,0.5015321412937334,410.0,0.016951219512195123,0.3638780487804878,0,2022-07-30,1504,29.0,0.07073170731707316,Aadhya Singh,34.0,Male,Jaipur,2022-07-30,410.0,29.0,4.59,1,High
T01083,R0136,Zone_7,5.37,49.34,69.98,Cash,2024-01-11,0,0,Thursday,January,4.2623981472183505,1.851599469584072,7.024243731534378,-0.6466415312024741,-0.34870307582719445,-0.7825900684966176,0.20704334365325078,0.24467343687773796,0.2348048624440179,339.0,0.01584070796460177,0.2064306784660767,0,2019-01-19,2792,11.0,0.032448377581120944,Diya Ghosh,34.0,Male,Hyderabad,2019-01-19,339.0,11.0,3.82,1,High
T01084,R0177,Zone_10,6.68,45.42,145.41,Cash,2023-06-15,0,0,Thursday,June,4.986410905205391,2.038619547159581,6.739436178197699,-0.35224571624489376,-0.45767791259348073,0.16513914563770307,0.25773993808049533,0.22515929908403026,0.48880358285348685,489.0,0.013660531697341513,0.29736196319018404,0,2023-02-15,1304,63.0,0.12883435582822086,Ishaan Reddy,34.0,Other,Bengaluru,2023-02-15,489.0,63.0,4.48,2,High
T01085,R0013,Zone_2,11.85,72.66,216.01,Cash,2023-12-03,0,0,Sunday,December,5.379943435427982,2.553343811341229,8.524083528450435,0.8096064695037253,0.29958600411918146,1.0521825304697732,0.4578173374613003,0.3607626443647949,0.7265380341448631,6.0,1.9749999999999999,36.001666666666665,0,2019-04-01,2720,0.0,0.0,Ishaan Gupta,43.0,Female,Kolkata,2019-04-01,6.0,0.0,3.91,0,Low
T01086,R0151,Zone_1,4.59,27.07,48.72,UPI,2023-07-22,0,0,Saturday,July,3.9064072666425105,1.7209792871670078,5.202883815731425,-0.8219306423985908,-0.9678024673540297,-1.0497082322576632,0.17685758513931887,0.13381123058542413,0.16321513957638817,394.0,0.0116497461928934,0.12365482233502538,0,2023-02-25,1294,56.0,0.14213197969543148,Meera Reddy,34.0,Male,Hyderabad,2023-02-25,394.0,56.0,5.0,1,High
T01087,R0081,Zone_10,8.25,59.48,185.89,Cash,2023-08-25,0,0,Friday,August,5.230520208482211,2.224623551524334,7.712327793863536,0.0005798024447256225,-0.06681408480419919,0.6737441912184706,0.3184984520123839,0.29515133412982875,0.6251136478432164,114.0,0.07236842105263158,1.6306140350877192,0,2022-01-31,1684,2.0,0.017543859649122806,Diya Reddy,42.0,Other,Mumbai,2022-01-31,114.0,2.0,3.9,2,Low
T01088,R0193,Zone_7,0.74,5.51,7.1,UPI,2024-03-18,0,0,Monday,March,2.0918640616783932,0.5538851132264376,2.3473389188611002,-1.6871397168922433,-1.567164069568604,-1.5726366412762292,0.027863777089783284,0.026483472720031858,0.02306630299356837,389.0,0.0019023136246786633,0.018251928020565553,0,2022-01-03,1712,68.0,0.17480719794344474,Kavya Singh,33.0,Female,Chennai,2022-01-03,389.0,68.0,4.41,0,High
T01089,R0118,Zone_7,9.3,51.55,81.43,Wallet,2024-05-07,0,0,Tuesday,May,4.411949448325136,2.33214389523559,7.179832867135557,0.23654591367026737,-0.2872657316298751,-0.6387282164239944,0.35913312693498456,0.25567502986857826,0.2733609455500556,165.0,0.056363636363636366,0.4935151515151516,0,2023-09-26,1081,24.0,0.14545454545454545,Reyansh Gupta,29.0,Male,Surat,2023-09-26,165.0,24.0,4.13,1,Med
T01090,R0130,Zone_1,2.8200000000000003,21.83,38.66,Cash,2023-03-20,0,0,Monday,March,3.68034312309165,1.340250422618484,4.672258554489466,-1.2197020870359323,-1.1134729124191673,-1.176105632419287,0.10835913312693501,0.10772600557546794,0.12933966393911842,316.0,0.008924050632911393,0.12234177215189872,0,2019-02-16,2764,62.0,0.1962025316455696,Diya Ghosh,27.0,Female,Pune,2019-02-16,316.0,62.0,3.62,0,Med
T01091,R0189,Zone_10,1.4100000000000001,8.43,12.9,Cash,2024-01-12,0,0,Friday,January,2.631888840136646,0.8796267475025636,2.903446228191595,-1.536570864967374,-1.4859889360590233,-1.4997633886979571,0.053792569659442735,0.04101951413779371,0.0425968953092905,238.0,0.005924369747899161,0.05420168067226891,0,2019-09-16,2552,42.0,0.17647058823529413,Reyansh Gupta,29.0,Female,Delhi,2019-09-16,238.0,42.0,3.28,0,Med
T01092,R0037,Zone_7,10.59,54.2,131.17,Credit Card,2024-04-13,0,0,Saturday,April,4.884088972769716,2.4501426573516603,7.362064927722384,0.5264471360330755,-0.21359651799960494,-0.013777253795847723,0.40905572755417957,0.26886698526483477,0.4408526113748863,489.0,0.02165644171779141,0.26824130879345603,0,2020-11-21,2120,6.0,0.012269938650306749,Aadhya Iyer,32.0,Other,Ahmedabad,2020-11-21,489.0,6.0,3.36,2,High
T01093,R0234,Zone_6,9.05,83.05,142.74,Wallet,2024-03-24,0,0,Sunday,March,4.968006112040297,2.307572634505085,9.113177272499422,0.18036350623561462,0.5884249209563533,0.13159232074391247,0.34945820433436536,0.4124850657108722,0.4798127757012493,183.0,0.04945355191256831,0.78,0,2022-12-01,1380,31.0,0.16939890710382513,Saanvi Nair,32.0,Other,Pune,2022-12-01,183.0,31.0,3.98,2,Med
T01094,R0126,Zone_4,5.78,52.57,86.21,Wallet,2023-04-22,0,0,Saturday,April,4.468319003238894,1.9139771019523042,7.250517222929686,-0.5545023830096436,-0.2589100343080352,-0.5786706048163841,0.22291021671826627,0.260752688172043,0.28945684749301276,411.0,0.014063260340632605,0.20975669099756689,0,2022-09-25,1447,20.0,0.04866180048661801,Diya Reddy,29.0,Female,Surat,2022-09-25,411.0,20.0,3.65,0,High
T01095,R0188,Zone_3,6.49,49.78,71.11,Wallet,2023-11-03,0,0,Friday,November,4.2781927309286685,2.0135687975291283,7.055494312945054,-0.39494434589522975,-0.33647120639424405,-0.7683923485977474,0.2503869969040248,0.2468637992831541,0.23860996060208098,436.0,0.014885321100917432,0.16309633027522935,0,2020-07-16,2248,64.0,0.14678899082568808,Vivaan Gupta,24.0,Male,Delhi,2020-07-16,436.0,64.0,3.15,1,High
T01096,R0070,Zone_8,19.36,144.13,297.22,UPI,2024-04-13,0,0,Saturday,April,5.697831469162762,3.013572191682322,12.005415444706609,2.4973259888406942,2.2864307958759356,2.0725337101045103,0.7484520123839009,0.716547192353644,1.0,310.0,0.0624516129032258,0.9587741935483872,0,2023-01-03,1347,6.0,0.01935483870967742,Meera Reddy,33.0,Male,Bengaluru,2023-01-03,310.0,6.0,3.54,1,Med
T01097,R0021,Zone_7,7.03,55.96,171.02,UPI,2024-07-02,0,0,Tuesday,July,5.147610749123333,2.0831845279586703,7.4806416837060175,-0.2735903458363798,-0.16466904026780302,0.48691224883245277,0.27128482972136225,0.2776284348864994,0.5750412499579082,380.0,0.0185,0.45005263157894737,0,2019-05-08,2683,17.0,0.04473684210526316,Diya Ghosh,37.0,Female,Pune,2019-05-08,380.0,17.0,3.91,0,High
T01098,R0259,Zone_6,6.99,40.01,58.66,Credit Card,2023-11-06,0,0,Monday,November,4.088661779086602,2.0781907597781832,6.325345840347388,-0.28257953102592426,-0.6080743072122584,-0.9248185545631763,0.26973684210526316,0.19822779769016327,0.19668653399333264,150.0,0.0466,0.3910666666666666,0,2019-06-25,2635,27.0,0.18,Aadhya Das,32.0,Male,Jaipur,2019-06-25,150.0,27.0,3.52,1,Low
T01099,R0198,Zone_8,11.26,76.08,145.06,Cash,2024-01-26,0,0,Friday,January,4.984017496191964,2.506341930508065,8.72238499494261,0.6770159879579448,0.3946609892571149,0.16074162177522122,0.43498452012383904,0.37778773397052967,0.4876250126275381,202.0,0.055742574257425744,0.7181188118811881,0,2021-12-10,1736,23.0,0.11386138613861387,Vivaan Kumar,31.0,Other,Mumbai,2021-12-10,202.0,23.0,3.85,2,Med
T01100,R0151,Zone_1,8.44,82.0,90.85,Credit Card,2023-06-13,0,0,Tuesday,June,4.520156811661135,2.244955980157409,9.055385138137417,0.04327843209506161,0.5592352325368125,-0.5203720027537664,0.3258513931888545,0.40725806451612906,0.30508132134559046,394.0,0.021421319796954313,0.23058375634517764,0,2023-02-25,1294,56.0,0.14213197969543148,Meera Reddy,34.0,Male,Hyderabad,2023-02-25,394.0,56.0,5.0,1,High
T01101,R0228,Zone_2,12.94,127.54,297.22,Credit Card,2024-06-15,0,0,Saturday,June,5.697831469162762,2.6347624053323777,11.2933608815091,1.0545617659188113,1.8252337188471885,2.0725337101045103,0.5,0.6339605734767025,1.0,10.0,1.294,29.722,0,2020-05-18,2307,0.0,0.0,Kavya Ghosh,21.0,Female,Pune,2020-05-18,10.0,0.0,4.84,0,Low
T01102,R0291,Zone_5,9.39,64.4,183.71,Wallet,2024-02-02,0,0,Friday,February,5.218787027591229,2.340843805111136,8.024961059095553,0.25677158034674236,0.06996045521879293,0.6463538997321548,0.36261609907120745,0.3196435682994823,0.6177728390073072,499.0,0.018817635270541082,0.3681563126252505,0,2021-04-19,1971,94.0,0.18837675350701402,Arjun Ghosh,23.0,Other,Pune,2021-04-19,499.0,94.0,3.46,2,High
T01103,R0005,Zone_9,11.81,68.62,211.36,Credit Card,2023-06-01,0,0,Thursday,June,5.3582829477154705,2.550226115908643,8.283718971573094,0.800617284314181,0.1872752029620908,0.9937582848682277,0.4562693498452013,0.34065113500597377,0.7108798868572583,294.0,0.04017006802721088,0.7189115646258504,0,2021-05-31,1929,30.0,0.10204081632653061,Diya Reddy,27.0,Male,Ahmedabad,2021-05-31,294.0,30.0,3.53,1,Med
T01104,R0013,Zone_9,10.22,98.6,233.8,UPI,2023-08-18,0,0,Friday,August,5.458734087953942,2.4176979000945504,9.929753269845127,0.4432971730297895,1.0207103065981264,1.2757023862227836,0.3947368421052632,0.48989446435682993,0.7864430750580866,6.0,1.7033333333333334,38.96666666666667,0,2019-04-01,2720,0.0,0.0,Ishaan Gupta,43.0,Female,Kolkata,2019-04-01,6.0,0.0,3.91,0,Low
T01105,R0170,Zone_8,11.23,105.21,165.37,Credit Card,2023-01-14,0,0,Saturday,January,5.1142142236716515,2.503891949699081,10.257192598367254,0.6702740990657866,1.2044663451249509,0.4159236493381015,0.4338235294117647,0.522799681401832,0.5560157591675927,28.0,0.4010714285714286,5.906071428571429,0,2020-05-20,2305,3.0,0.10714285714285714,Saanvi Kumar,29.0,Other,Bengaluru,2020-05-20,28.0,3.0,3.68,2,Low
T01106,R0196,Zone_10,7.79,49.26,194.33,Credit Card,2023-12-04,0,0,Monday,December,5.27469043591688,2.1736147116970854,7.018546858146634,-0.10279582723503546,-0.35092705208773106,0.7797873380737496,0.3006965944272446,0.24427518916766228,0.6535340270060949,51.0,0.15274509803921568,3.8103921568627452,0,2019-06-24,2636,9.0,0.17647058823529413,Vivaan Das,18.0,Male,Hyderabad,2019-06-24,51.0,9.0,4.93,1,Low
T01107,R0095,Zone_10,9.11,70.09,151.09,Wallet,2023-03-25,0,0,Saturday,March,5.024472450884278,2.3135250330323798,8.371977066380438,0.19384728401993098,0.2281407667494481,0.23650467574883854,0.35178018575851394,0.3479689366786141,0.5079300939488837,481.0,0.01893970893970894,0.3141164241164241,0,2020-10-07,2165,77.0,0.1600831600831601,Kavya Iyer,29.0,Female,Chennai,2020-10-07,481.0,77.0,4.26,0,High
T01108,R0182,Zone_10,6.64,57.07,62.99,UPI,2023-11-06,0,0,Monday,November,4.158726821151369,2.033397603178429,7.554468876102409,-0.3612349014344382,-0.13381136965285975,-0.8704149022073282,0.2561919504643963,0.2831541218637993,0.21126713136007003,8.0,0.83,7.87375,0,2020-09-30,2172,0.0,0.0,Meera Patel,43.0,Male,Jaipur,2020-09-30,8.0,0.0,4.4,1,Low
T01109,R0064,Zone_9,11.02,95.62,248.7,Credit Card,2023-09-26,0,0,Tuesday,September,5.520260197285728,2.4865719291070616,9.778547949465707,0.6230808768206781,0.9378671908931437,1.4629112592255857,0.4256965944272446,0.4750597371565114,0.8366164932484762,214.0,0.05149532710280374,1.1621495327102804,0,2023-09-30,1077,2.0,0.009345794392523364,Ishaan Nair,21.0,Female,Bengaluru,2023-09-30,214.0,2.0,4.21,0,Med
T01110,R0192,Zone_8,1.27,10.48,17.78,UPI,2023-01-03,0,0,Tuesday,January,2.932792473780117,0.8197798314933114,3.237282811247729,-1.5680330131307796,-1.4289995443827768,-1.4384493417010662,0.04837461300309598,0.05122461170848268,0.059029531602518774,449.0,0.0028285077951002227,0.03959910913140312,0,2021-08-23,1845,31.0,0.06904231625835189,Aadhya Nair,31.0,Male,Delhi,2021-08-23,449.0,31.0,3.89,1,High
T01111,R0006,Zone_2,11.63,116.2,183.38,UPI,2024-03-03,0,0,Sunday,March,5.216998845370449,2.5360749363624,10.779610382569492,0.7601659509612311,1.5099850839161464,0.6422076629475288,0.4493034055727555,0.5775089605734768,0.6166616156514125,248.0,0.04689516129032258,0.7394354838709677,0,2023-06-30,1169,13.0,0.05241935483870968,Aarav Das,45.0,Female,Jaipur,2023-06-30,248.0,13.0,4.64,0,Med
T01112,R0218,Zone_5,12.99,76.01,108.6,Wallet,2024-01-26,0,0,Friday,January,4.696837374513915,2.63834278867739,8.718371407550839,1.065798247405742,0.3927150100291457,-0.2973547211564683,0.5019349845201239,0.3774392672242135,0.36485166851870554,160.0,0.0811875,0.67875,0,2019-01-11,2800,16.0,0.1,Arjun Reddy,34.0,Other,Delhi,2019-01-11,160.0,16.0,3.87,2,Low
T01113,R0294,Zone_7,11.71,68.92,242.46,Credit Card,2024-07-21,0,0,Sunday,July,5.49495265798145,2.542389085201363,8.301807032206904,0.77814432134032,0.19561511393910244,1.3845096909344794,0.4523993808049536,0.34214456391875747,0.8156042697915614,41.0,0.285609756097561,5.913658536585366,0,2021-04-02,1988,7.0,0.17073170731707318,Arjun Reddy,24.0,Male,Surat,2021-04-02,41.0,7.0,3.2,1,Low
T01114,R0002,Zone_7,7.48,65.33,152.09,Wallet,2024-08-03,0,0,Saturday,August,5.03102598374399,2.1377104498038118,8.082697569499926,-0.17246201245400478,0.095814179247529,0.24906902964164407,0.2886996904024768,0.3242731979291119,0.5112974374515944,70.0,0.10685714285714286,2.1727142857142856,0,2019-11-23,2484,5.0,0.07142857142857142,Ishaan Nair,39.0,Female,Mumbai,2019-11-23,70.0,5.0,4.12,0,Low
T01115,R0060,Zone_3,10.53,99.34,215.24,UPI,2023-05-04,0,0,Thursday,May,5.376388901968192,2.4449523342809676,9.966945369570357,0.5129633582487586,1.0412820870080888,1.0425079779723132,0.40673374613003094,0.4935782556750299,0.7239451796477758,123.0,0.08560975609756097,1.749918699186992,0,2023-08-01,1137,7.0,0.056910569105691054,Aarav Nair,40.0,Female,Hyderabad,2023-08-01,123.0,7.0,4.57,0,Low
T01116,R0242,Zone_6,4.12,32.03,55.21,Credit Card,2024-05-28,0,0,Tuesday,May,4.029094677013983,1.6331544390514163,5.659505278732409,-0.927553568375738,-0.8299159392007696,-0.9681655754933552,0.1586687306501548,0.15850258861011549,0.1850691989089807,445.0,0.009258426966292135,0.12406741573033708,0,2022-06-05,1559,8.0,0.017977528089887642,Kavya Iyer,34.0,Male,Ahmedabad,2022-06-05,445.0,8.0,4.54,1,High
T01117,R0086,Zone_5,12.19,98.93,263.64,Cash,2024-03-14,0,0,Thursday,March,5.578370411835326,2.579458966729223,9.946356116689167,0.886014543614853,1.0298842086728397,1.6506227063841004,0.4709752321981424,0.4915372361608921,0.8869246051789742,337.0,0.03617210682492582,0.7823145400593471,0,2019-11-08,2499,17.0,0.050445103857566766,Vivaan Patel,23.0,Male,Hyderabad,2019-11-08,337.0,17.0,4.56,1,High
T01118,R0108,Zone_1,2.5,16.36,30.74,Credit Card,2023-09-02,0,0,Saturday,September,3.457577715098263,1.252762968495368,4.044749683231337,-1.2916155685522879,-1.2655372892333474,-1.2756153152503065,0.09597523219814243,0.08049581839904421,0.10267030339764957,184.0,0.01358695652173913,0.16706521739130434,0,2019-05-31,2660,32.0,0.17391304347826086,Reyansh Gupta,18.0,Male,Pune,2019-05-31,184.0,32.0,4.88,1,Med
T01119,R0280,Zone_2,10.97,56.48,178.73,Wallet,2023-02-14,0,0,Tuesday,February,5.1914557247639435,2.482403519569882,7.515317691222374,0.6118443953337478,-0.15021319457431617,0.5837834173459832,0.4237616099071208,0.28021704500199124,0.6010034683638077,172.0,0.06377906976744187,1.039127906976744,0,2023-05-31,1199,23.0,0.13372093023255813,Saanvi Gupta,26.0,Other,Chennai,2023-05-31,172.0,23.0,4.43,2,Med
T01120,R0172,Zone_9,10.66,56.81,244.47,UPI,2023-05-13,0,0,Saturday,May,5.503174740174929,2.4561641809223462,7.5372408744845085,0.5421782101147783,-0.14103929249960317,1.4097640422590185,0.411764705882353,0.2818598168060534,0.8223726302320099,168.0,0.06345238095238095,1.4551785714285714,0,2019-12-24,2453,14.0,0.08333333333333333,Reyansh Reddy,31.0,Other,Pune,2019-12-24,168.0,14.0,3.72,2,Med
T01121,R0292,Zone_5,10.03,88.93,156.58,Credit Card,2024-03-23,0,0,Saturday,March,5.059933265817542,2.400618833265411,9.430270409696638,0.4005985433794531,0.7518871761057829,0.305482978620341,0.38738390092879255,0.4417562724014337,0.5264168097787656,141.0,0.07113475177304963,1.1104964539007094,0,2020-06-28,2266,19.0,0.1347517730496454,Diya Patel,37.0,Female,Jaipur,2020-06-28,141.0,19.0,4.39,0,Low
T01122,R0055,Zone_4,5.76,52.2,101.78,Credit Card,2023-11-05,0,0,Sunday,November,4.632590781564083,1.9110228900548727,7.224956747275377,-0.558996975604416,-0.26919592451301627,-0.38304361470540194,0.22213622291021673,0.2589107925129431,0.3418863858302185,425.0,0.013552941176470587,0.23948235294117648,0,2021-11-07,1769,12.0,0.02823529411764706,Kavya Singh,32.0,Male,Delhi,2021-11-07,425.0,12.0,4.19,1,High
T01123,R0296,Zone_8,11.8,103.58,106.02,Cash,2024-01-05,0,0,Friday,January,4.673015732883159,2.5494451709255714,10.17742600071354,0.7983699880167949,1.1591528288165207,-0.3297707541999066,0.4558823529411765,0.5146853843090402,0.35616392228171195,390.0,0.03025641025641026,0.27184615384615385,0,2021-02-20,2029,58.0,0.14871794871794872,Reyansh Patel,37.0,Other,Hyderabad,2021-02-20,390.0,58.0,3.97,2,High
T01124,R0104,Zone_5,1.19,9.21,29.08,Cash,2023-08-24,0,0,Thursday,August,3.403860499081639,0.7839015438284094,3.034798181098704,-1.5860113835098684,-1.4643051675187928,-1.2964721427123638,0.045278637770897835,0.04490242931103147,0.0970805131831498,328.0,0.0036280487804878046,0.08865853658536585,0,2021-05-27,1933,1.0,0.003048780487804878,Diya Gupta,52.0,Male,Kolkata,2021-05-27,328.0,1.0,3.7,1,High
T01125,R0072,Zone_8,11.89,107.51,104.44,UPI,2023-05-23,0,0,Tuesday,May,4.658142070754197,2.556451816951096,10.368702908271603,0.8185956546932699,1.2684056626153741,-0.3496224333505393,0.4593653250773994,0.5342493030665074,0.35084351954742904,62.0,0.1917741935483871,1.6845161290322581,0,2023-11-05,1041,10.0,0.16129032258064516,Saanvi Das,25.0,Other,Jaipur,2023-11-05,62.0,10.0,4.07,2,Low
T01126,R0079,Zone_2,8.96,61.07,138.99,Wallet,2024-01-06,0,0,Saturday,January,4.941570991486734,2.298577071596507,7.814729681825213,0.16013783955913966,-0.022612556626037086,0.08447599364589176,0.34597523219814247,0.30306650736758267,0.46718523756608415,146.0,0.061369863013698636,0.9519863013698631,0,2020-09-23,2179,28.0,0.1917808219178082,Ishaan Nair,25.0,Male,Bengaluru,2020-09-23,146.0,28.0,4.92,1,Low
T01127,R0133,Zone_3,13.25,93.39,167.01,UPI,2024-05-19,0,0,Sunday,May,5.124023501441311,2.6567569067146595,9.66385016440135,1.1242279511377808,0.8758738526306901,0.43652918972230237,0.5119969040247678,0.4639585822381522,0.5615382025120382,155.0,0.08548387096774193,1.077483870967742,0,2019-07-13,2617,11.0,0.07096774193548387,Diya Kumar,25.0,Female,Delhi,2019-07-13,155.0,11.0,4.4,0,Low
T01128,R0071,Zone_2,9.0,58.88,98.07,UPI,2023-06-28,0,0,Wednesday,June,4.5958266709849385,2.302585092994046,7.6733304373003515,0.1691270247486839,-0.08349390675822242,-0.42965736764771056,0.3475232198142415,0.2921644763042613,0.32939354143516175,67.0,0.13432835820895522,1.463731343283582,0,2021-01-09,2071,4.0,0.05970149253731343,Vivaan Nair,35.0,Male,Ahmedabad,2021-01-09,67.0,4.0,3.82,1,Low
T01129,R0146,Zone_2,17.19,127.78,178.73,Credit Card,2024-01-05,0,0,Friday,January,5.1914557247639435,2.900871992530031,11.303981599418853,2.009662692307909,1.831905647628798,0.5837834173459832,0.6644736842105264,0.6351553166069295,0.6010034683638077,80.0,0.214875,2.2341249999999997,0,2020-04-15,2340,11.0,0.1375,Kavya Gupta,30.0,Male,Surat,2020-04-15,80.0,11.0,3.89,1,Low
T01130,R0262,Zone_8,3.29,17.71,79.68,Cash,2024-04-23,0,0,Tuesday,April,4.390490713086011,1.4562867329399256,4.208325082500163,-1.1140791610587852,-1.2280076898367946,-0.660715835736404,0.12654798761609906,0.0872162485065711,0.26746809442031183,6.0,0.5483333333333333,13.280000000000001,0,2019-04-21,2700,0.0,0.0,Meera Singh,30.0,Male,Ahmedabad,2019-04-21,6.0,0.0,3.35,1,Low
T01131,R0044,Zone_7,11.05,86.86,214.61,Credit Card,2024-03-09,0,0,Saturday,March,5.373471220148461,2.489064659936664,9.319871243745807,0.6298227657128367,0.694341790364402,1.0345924350198457,0.42685758513931893,0.4314516129032258,0.7218237532410682,271.0,0.040774907749077494,0.791918819188192,0,2020-08-01,2232,5.0,0.01845018450184502,Arjun Gupta,36.0,Female,Hyderabad,2020-08-01,271.0,5.0,3.21,0,Med
T01132,R0225,Zone_1,3.5700000000000003,34.45,71.15,Cash,2024-06-24,0,0,Monday,June,4.27874728521988,1.5195132049061133,5.869412236331676,-1.051154864731974,-0.7626406573195418,-0.7678897744420351,0.13738390092879257,0.17054958183990443,0.23874465434218944,465.0,0.00767741935483871,0.15301075268817205,0,2020-06-15,2279,9.0,0.01935483870967742,Ishaan Sharma,39.0,Female,Delhi,2020-06-15,465.0,9.0,4.08,0,High
T01133,R0020,Zone_5,7.37,52.98,176.44,Credit Card,2023-06-15,0,0,Thursday,June,5.178632523602057,2.124653884501384,7.2787361540311375,-0.19718227172525207,-0.247512155972786,0.5550110469314585,0.28444272445820434,0.2627937076861808,0.5932922517426003,274.0,0.026897810218978104,0.6439416058394161,0,2019-09-17,2551,21.0,0.07664233576642336,Diya Das,35.0,Female,Chennai,2019-09-17,274.0,21.0,4.03,0,Med
T01134,R0104,Zone_2,11.71,87.2,262.76,UPI,2024-04-12,0,0,Friday,April,5.5750395987634755,2.542389085201363,9.338094023943002,0.77814432134032,0.7037936894716821,1.6395660749584315,0.4523993808049536,0.4331441656710474,0.8839613428965888,328.0,0.035701219512195126,0.8010975609756097,0,2021-05-27,1933,1.0,0.003048780487804878,Diya Gupta,52.0,Male,Kolkata,2021-05-27,328.0,1.0,3.7,1,High
T01135,R0246,Zone_5,11.13,92.96,251.81,Credit Card,2023-08-15,0,0,Tuesday,August,5.532638218452371,2.495681722955959,9.64157663455516,0.6478011360919256,0.8639199802303064,1.5019863998322112,0.4299535603715171,0.4618180007964954,0.8470889315419066,240.0,0.046375000000000006,1.0492083333333333,0,2021-03-31,1990,34.0,0.14166666666666666,Vivaan Das,29.0,Other,Mumbai,2021-03-31,240.0,34.0,4.79,2,Med
T01136,R0160,Zone_10,18.4,146.43,213.49,UPI,2023-09-15,0,0,Friday,September,5.3682631172347035,2.9652730660692823,12.100826418059222,2.2815855442916275,2.350370113366359,1.0205203586599034,0.7113003095975232,0.7279968140183194,0.7180523285180321,438.0,0.04200913242009132,0.48742009132420094,0,2021-06-16,1913,7.0,0.01598173515981735,Kavya Nair,30.0,Male,Surat,2021-06-16,438.0,7.0,4.42,1,High
T01137,R0209,Zone_3,6.24,35.59,52.27,Wallet,2024-07-17,0,0,Wednesday,July,3.9753733209289077,1.979621206397625,5.965735495309862,-0.4511267533298825,-0.7309489956068974,-1.0051047759382035,0.24071207430340558,0.1762246117084827,0.1751692090110112,109.0,0.05724770642201835,0.4795412844036698,0,2020-06-11,2283,20.0,0.1834862385321101,Vivaan Sharma,31.0,Other,Surat,2020-06-11,109.0,20.0,3.77,2,Low
T01138,R0137,Zone_7,14.43,122.32,159.75,UPI,2023-05-08,0,0,Monday,May,5.079850363117729,2.7363136663750693,11.059837250158791,1.3894089142293418,1.6801192678471848,0.34531198046053435,0.5576625386996904,0.6079749103942652,0.5370912886823584,166.0,0.08692771084337349,0.9623493975903614,0,2021-08-10,1858,32.0,0.1927710843373494,Arjun Gupta,27.0,Male,Bengaluru,2021-08-10,166.0,32.0,3.14,1,Med
T01139,R0022,Zone_7,6.73,40.71,154.02,Credit Card,2023-03-22,0,0,Wednesday,March,5.043554140853366,2.0451088625993306,6.380438856379708,-0.3410092347579631,-0.5886145149325644,0.27331823265475885,0.2596749226006192,0.20171246515332536,0.5177964104118261,220.0,0.030590909090909092,0.7000909090909091,0,2020-09-14,2188,1.0,0.004545454545454545,Aarav Nair,43.0,Female,Kolkata,2020-09-14,220.0,1.0,3.32,0,Med
T01140,R0164,Zone_4,4.5,44.65,99.91,Wallet,2024-06-15,0,0,Saturday,June,4.614229030476437,1.7047480922384253,6.682065548915245,-0.8421563090750658,-0.47908368410114416,-0.40653895648494837,0.17337461300309598,0.22132616487455195,0.3355894534801495,249.0,0.018072289156626505,0.4012449799196787,0,2022-07-06,1528,23.0,0.09236947791164658,Aadhya Ghosh,37.0,Other,Ahmedabad,2022-07-06,249.0,23.0,4.02,2,Med
T01141,R0030,Zone_6,0.11,0.64,1.18,UPI,2024-08-05,0,0,Monday,August,0.7793248768009976,0.10436001532424277,0.8,-1.8287193836275684,-1.7025486244287604,-1.6470176163216377,0.0034829721362229105,0.002240143369175627,0.0031316294575209607,442.0,0.000248868778280543,0.002669683257918552,0,2021-01-08,2072,58.0,0.13122171945701358,Saanvi Patel,25.0,Other,Mumbai,2021-01-08,442.0,58.0,3.72,2,High
T01142,R0178,Zone_1,8.81,51.87,89.49,UPI,2023-08-30,0,0,Wednesday,August,4.505239347363042,2.2834022735772717,7.202083032012336,0.1264283950983479,-0.2783698265877293,-0.5374595240479819,0.34017027863777094,0.25726802070888094,0.3005017341819039,56.0,0.15732142857142858,1.5980357142857142,0,2021-05-15,1945,7.0,0.125,Saanvi Ghosh,27.0,Male,Delhi,2021-05-15,56.0,7.0,3.13,1,Low
T01143,R0103,Zone_5,5.39,47.46,121.44,Cash,2023-05-07,0,0,Sunday,May,4.807621114077212,1.8547342683894434,6.889121859859935,-0.642146938607702,-0.4009665179498012,-0.13602841717284536,0.2078173374613003,0.23531461569095977,0.4080883590935111,175.0,0.030799999999999998,0.6939428571428571,0,2022-11-24,1387,14.0,0.08,Ishaan Gupta,37.0,Other,Surat,2022-11-24,175.0,14.0,3.07,2,Med
T01144,R0105,Zone_6,12.24,61.4,157.65,Cash,2023-07-01,0,0,Saturday,July,5.066700518029204,2.5832425505088623,7.835815209663893,0.8972510251017838,-0.013438654551324262,0.3189268372856428,0.4729102167182663,0.30470927917164475,0.530019867326666,346.0,0.035375722543352604,0.455635838150289,0,2020-09-28,2174,9.0,0.02601156069364162,Diya Das,31.0,Female,Jaipur,2020-09-28,346.0,9.0,3.69,0,High
T01145,R0250,Zone_2,5.36,44.08,84.12,Credit Card,2024-02-12,0,0,Monday,February,4.444062025593334,1.8500283773520307,6.6392770690791325,-0.6488888274998602,-0.4949295149574664,-0.6049301044523475,0.20665634674922603,0.21848864994026282,0.2824190995723474,163.0,0.032883435582822085,0.5160736196319019,0,2021-02-01,2048,31.0,0.1901840490797546,Aadhya Iyer,34.0,Female,Jaipur,2021-02-01,163.0,31.0,4.63,0,Low
T01146,R0271,Zone_3,5.62,40.07,81.25,Wallet,2024-04-03,0,0,Wednesday,April,4.409763389645481,1.890095369948917,6.330086887239385,-0.5904591237678214,-0.6064063250168561,-0.6409898001246994,0.21671826625386997,0.19852648347272003,0.2727548237195676,58.0,0.09689655172413793,1.4008620689655173,0,2022-10-07,1435,6.0,0.10344827586206896,Saanvi Iyer,22.0,Male,Bengaluru,2022-10-07,58.0,6.0,4.37,1,Low
T01147,R0252,Zone_8,9.77,89.81,121.46,Credit Card,2024-05-06,0,0,Monday,May,4.8077844460498085,2.3767644911682972,9.476813810558905,0.3421688396474143,0.7763509149716838,-0.1357771300949893,0.37732198142414863,0.4461369972122661,0.4081557059635653,392.0,0.024923469387755103,0.3098469387755102,0,2020-09-23,2179,47.0,0.11989795918367346,Reyansh Gupta,38.0,Other,Ahmedabad,2020-09-23,392.0,47.0,4.83,2,High
T01148,R0181,Zone_5,16.61,84.85,292.75,Cash,2023-05-24,0,0,Wednesday,May,5.682729065458369,2.8684669225081145,9.211405973031479,1.879319507059514,0.6384643868184234,2.0163710482036694,0.6420278637770898,0.42144563918757466,0.9849479745428831,349.0,0.04759312320916905,0.8388252148997135,0,2019-01-09,2802,32.0,0.09169054441260745,Arjun Patel,32.0,Male,Hyderabad,2019-01-09,349.0,32.0,3.75,1,High
T01149,R0016,Zone_10,2.56,13.49,39.28,Cash,2024-07-16,0,0,Tuesday,July,3.6958550678503617,1.269760544863939,3.6728735344413916,-1.278131790767971,-1.3453224375800925,-1.1683157330057472,0.09829721362229103,0.06620868180007965,0.13142741691079907,356.0,0.0071910112359550565,0.11033707865168539,0,2022-01-24,1691,51.0,0.14325842696629212,Aarav Iyer,28.0,Female,Delhi,2022-01-24,356.0,51.0,3.06,0,High
T01150,R0164,Zone_7,13.09,116.53,281.31,Wallet,2023-04-07,0,0,Friday,April,5.64300575794059,2.645465325910589,10.79490620616965,1.088271210379603,1.5191589859908592,1.8726348396699741,0.5058049535603716,0.5791517323775388,0.9464255648718726,249.0,0.05257028112449799,1.1297590361445784,0,2022-07-06,1528,23.0,0.09236947791164658,Aadhya Ghosh,37.0,Other,Ahmedabad,2022-07-06,249.0,23.0,4.02,2,Med
T01151,R0018,Zone_7,12.37,100.7,283.95,UPI,2024-07-21,0,0,Sunday,July,5.652313726281008,2.5930133911138515,10.03493896344168,0.9264658769678029,1.0790896834372086,1.9058047339469806,0.4779411764705882,0.5003484667463163,0.9553153517190288,446.0,0.027735426008968608,0.6366591928251121,0,2023-01-09,1341,86.0,0.19282511210762332,Aarav Reddy,49.0,Female,Delhi,2023-01-09,446.0,86.0,3.29,0,High
T01152,R0083,Zone_3,6.9,45.91,114.37,Cash,2024-01-12,0,0,Friday,January,4.748144354939198,2.066862759472976,6.775691846593969,-0.3028051977023992,-0.4440560579976951,-0.22485839919498035,0.26625386996904027,0.2275985663082437,0.3842812405293464,475.0,0.014526315789473686,0.24077894736842106,0,2021-12-31,1715,39.0,0.08210526315789474,Kavya Patel,45.0,Female,Mumbai,2021-12-31,475.0,39.0,4.4,0,High
T01153,R0226,Zone_3,11.38,88.26,165.7,Credit Card,2024-08-15,0,0,Thursday,August,5.116195789756748,2.5160822672564502,9.394679345246436,0.7039835435265783,0.7332613749237901,0.4200698861227271,0.4396284829721363,0.43842094782955005,0.5571269825234871,266.0,0.042781954887218046,0.6229323308270677,0,2021-07-30,1869,2.0,0.007518796992481203,Aarav Iyer,20.0,Other,Surat,2021-07-30,266.0,2.0,3.25,2,Med
T01154,R0183,Zone_3,6.58,47.62,54.52,Cash,2024-05-12,0,0,Sunday,May,4.016743316198549,2.0255131996542803,6.900724599634447,-0.3747186792187548,-0.3965185654287284,-0.976834979679391,0.25386996904024767,0.23611111111111108,0.1827457318921103,406.0,0.016206896551724137,0.13428571428571429,0,2022-08-27,1476,66.0,0.1625615763546798,Arjun Patel,43.0,Other,Jaipur,2022-08-27,406.0,66.0,3.79,2,High
T01155,R0154,Zone_10,19.86,142.38,189.24,Credit Card,2023-12-11,0,0,Monday,December,5.248286432942471,3.0378334495726262,11.932309080810805,2.6096908037099995,2.2377813151767008,0.7158347767593695,0.7678018575851393,0.7078355236957388,0.6363942485772973,466.0,0.04261802575107296,0.4060944206008584,0,2019-03-25,2727,79.0,0.16952789699570817,Kavya Patel,18.0,Other,Kolkata,2019-03-25,466.0,79.0,4.68,2,High
T01156,R0234,Zone_1,7.44,68.85,171.29,Cash,2024-06-25,0,0,Tuesday,June,5.149179103544315,2.132982308607866,8.297590011563598,-0.18145119764354922,0.19366913471113284,0.49030462438351,0.28715170278637775,0.34179609717244125,0.57595043270364,183.0,0.04065573770491804,0.9360109289617486,0,2022-12-01,1380,31.0,0.16939890710382513,Saanvi Nair,32.0,Other,Pune,2022-12-01,183.0,31.0,3.98,2,Med
T01157,R0231,Zone_7,8.4,75.64,141.77,Cash,2024-07-17,0,0,Wednesday,July,4.961234943801129,2.2407096892759584,8.69712596206356,0.03428924690551736,0.3824291198241645,0.11940489746789114,0.32430340557275544,0.3755973715651135,0.47654645250361993,328.0,0.025609756097560978,0.4322256097560976,0,2019-08-26,2573,22.0,0.06707317073170732,Ishaan Nair,19.0,Other,Mumbai,2019-08-26,328.0,22.0,4.81,2,High
T01158,R0197,Zone_8,6.37,41.96,155.87,UPI,2023-10-07,0,0,Saturday,October,5.055417436868149,1.9974177062012453,6.477653896280659,-0.4219119014638631,-0.5538648858616824,0.29656228735644896,0.24574303405572756,0.20793508562325766,0.524025995891841,475.0,0.013410526315789473,0.32814736842105263,0,2020-10-08,2164,87.0,0.1831578947368421,Saanvi Das,29.0,Female,Bengaluru,2020-10-08,475.0,87.0,3.87,0,High
T01159,R0212,Zone_7,0.47000000000000003,4.04,4.82,Wallet,2023-06-10,0,0,Saturday,June,1.7613002617433464,0.38526240079064494,2.009975124224178,-1.7478167169216683,-1.6080296333559612,-1.601283368151826,0.017414860681114554,0.01916567104739148,0.015388759807387952,73.0,0.006438356164383562,0.06602739726027397,0,2023-09-11,1096,12.0,0.1643835616438356,Aadhya Iyer,36.0,Female,Ahmedabad,2023-09-11,73.0,12.0,3.22,0,Low
T01160,R0094,Zone_3,6.68,65.51,134.89,Wallet,2023-03-17,0,0,Friday,March,4.911845734932406,2.038619547159581,8.093824806604106,-0.35224571624489376,0.1008181258337362,0.03296214268538882,0.25773993808049533,0.3251692552767822,0.45337912920497014,480.0,0.013916666666666666,0.28102083333333333,0,2023-04-13,1247,62.0,0.12916666666666668,Diya Iyer,41.0,Other,Delhi,2023-04-13,480.0,62.0,4.87,2,High
T01161,R0021,Zone_3,9.16,49.15,114.53,UPI,2024-08-06,0,0,Tuesday,August,4.749530236494927,2.318458442150336,7.010706098532443,0.2050837655068617,-0.35398501944596866,-0.2228481025721315,0.3537151702786378,0.2437275985663082,0.3848200154897801,380.0,0.024105263157894737,0.30139473684210527,0,2019-05-08,2683,17.0,0.04473684210526316,Diya Ghosh,37.0,Female,Pune,2019-05-08,380.0,17.0,3.91,0,High
T01162,R0013,Zone_4,15.5,122.4,248.96,Cash,2024-02-05,0,0,Monday,February,5.521300905060881,2.803360380906535,11.063453348751466,1.6298696180496557,1.6823432441077215,1.4661779912377153,0.5990712074303406,0.6083731581043409,0.837492002559181,6.0,2.5833333333333335,41.49333333333333,0,2019-04-01,2720,0.0,0.0,Ishaan Gupta,43.0,Female,Kolkata,2019-04-01,6.0,0.0,3.91,0,Low
T01163,R0052,Zone_5,10.46,55.26,108.33,Cash,2024-04-13,0,0,Saturday,April,4.694370831446394,2.4388627112865935,7.43370701601832,0.4972322841670562,-0.18412883254749707,-0.3007470967075258,0.40402476780185764,0.27414376742333735,0.36394248577297367,40.0,0.2615,2.70825,0,2021-03-09,2012,7.0,0.175,Reyansh Singh,23.0,Other,Hyderabad,2021-03-09,40.0,7.0,4.74,2,Low
T01164,R0126,Zone_9,7.05,66.14,86.28,Credit Card,2023-12-15,0,0,Friday,December,4.469121341524815,2.0856720914304723,8.132650244538985,-0.26909575324160767,0.11833193888546065,-0.5777911000438876,0.27205882352941174,0.32830545599362804,0.2896925615382025,411.0,0.017153284671532848,0.20992700729927008,0,2022-09-25,1447,20.0,0.04866180048661801,Diya Reddy,29.0,Female,Surat,2022-09-25,411.0,20.0,3.65,0,High
T01165,R0032,Zone_3,8.3,67.39,175.63,UPI,2023-12-15,0,0,Friday,December,5.174057149167352,2.2300144001592104,8.209141246196218,0.011816283931656334,0.15308156795634273,0.544833920278286,0.3204334365325078,0.33452807646356036,0.5905647035054046,213.0,0.03896713615023475,0.8245539906103286,0,2023-09-20,1087,24.0,0.11267605633802817,Kavya Reddy,18.0,Female,Mumbai,2023-09-20,213.0,24.0,4.0,0,Med
T01166,R0142,Zone_1,9.64,71.93,131.44,Credit Card,2023-07-01,0,0,Saturday,July,4.886129712679046,2.3646204839134985,8.481155581640984,0.3129539877813951,0.2792922207417866,-0.010384878244790102,0.37229102167182665,0.3571286340103545,0.4417617941206182,78.0,0.1235897435897436,1.685128205128205,0,2021-03-04,2017,5.0,0.0641025641025641,Meera Nair,33.0,Female,Kolkata,2021-03-04,78.0,5.0,3.48,0,Low
T01167,R0130,Zone_9,6.11,44.64,64.43,Cash,2024-01-06,0,0,Saturday,January,4.180980868881647,1.9615022438151495,6.681317235396026,-0.4803416051959019,-0.47936168113371114,-0.8523222326016883,0.23568111455108362,0.2212763839107925,0.21611610600397346,316.0,0.019335443037974683,0.20389240506329115,0,2019-02-16,2764,62.0,0.1962025316455696,Diya Ghosh,27.0,Female,Pune,2019-02-16,316.0,62.0,3.62,0,Med
T01168,R0063,Zone_4,11.41,106.3,220.99,Wallet,2024-05-20,0,0,Monday,May,5.402632335812676,2.5185025992165158,10.310189135025603,0.7107254324187365,1.23476802167476,1.1147530128559449,0.44078947368421056,0.5282258064516129,0.7433074047883624,329.0,0.03468085106382979,0.6717021276595745,0,2023-04-21,1239,33.0,0.10030395136778116,Diya Iyer,34.0,Male,Surat,2023-04-21,329.0,33.0,4.83,1,High
T01169,R0241,Zone_5,16.13,160.35,197.92,Credit Card,2023-11-09,0,0,Thursday,November,5.292902733846538,2.8408313123360287,12.662938047704412,1.7714492847849803,2.7373419826997014,0.8248933685489211,0.6234520123839009,0.7972919155714855,0.6656227901808263,165.0,0.09775757575757575,1.1995151515151514,0,2020-01-13,2433,3.0,0.01818181818181818,Kavya Gupta,34.0,Female,Chennai,2020-01-13,165.0,3.0,3.28,0,Med
T01170,R0285,Zone_2,6.18,37.37,85.02,Cash,2023-03-17,0,0,Friday,March,4.45457982735559,1.9712993830601329,6.11310068623117,-0.4646105311141993,-0.6814655238099614,-0.5936221859488227,0.23839009287925697,0.18508562325766625,0.285449708724787,244.0,0.025327868852459016,0.3484426229508197,0,2019-01-10,2801,16.0,0.06557377049180328,Diya Iyer,29.0,Female,Chennai,2019-01-10,244.0,16.0,4.97,0,Med
T01171,R0239,Zone_6,14.04,139.0,244.43,Credit Card,2023-02-23,0,0,Thursday,February,5.503011774193717,2.7107133185216936,11.789826122551595,1.3017643586312833,2.1438183181690356,1.4092614681033064,0.5425696594427245,0.6910095579450418,0.8222379364919015,268.0,0.05238805970149253,0.9120522388059702,0,2020-03-13,2373,10.0,0.03731343283582089,Diya Iyer,36.0,Male,Mumbai,2020-03-13,268.0,10.0,3.36,1,Med
T01172,R0066,Zone_7,12.38,74.37,101.96,UPI,2024-04-14,0,0,Sunday,April,4.634340563287871,2.5937610547000824,8.623804264940155,0.9287131732651894,0.3471234966881484,-0.38078203100469704,0.4783281733746131,0.36927518916766233,0.34249250766070644,167.0,0.07413173652694612,0.6105389221556886,0,2022-06-03,1561,28.0,0.16766467065868262,Arjun Patel,38.0,Female,Bengaluru,2022-06-03,167.0,28.0,4.72,0,Med
T01173,R0202,Zone_2,10.69,59.82,106.28,Cash,2023-01-04,0,0,Wednesday,January,4.675442238973423,2.458733775483977,7.734339015067803,0.5489200990069365,-0.057362185696919164,-0.3265040221877771,0.41292569659442724,0.29684388689765034,0.35703943159241674,317.0,0.03372239747634069,0.33526813880126183,0,2021-10-28,1779,0.0,0.0,Aadhya Reddy,27.0,Male,Ahmedabad,2021-10-28,317.0,0.0,4.72,1,Med
T01174,R0182,Zone_1,8.56,69.75,149.43,UPI,2024-07-27,0,0,Saturday,July,5.013497859709733,2.25758772706331,8.351646544245034,0.07024598766369516,0.21868886764216808,0.2156478482867814,0.33049535603715174,0.3462763839107925,0.502340303734384,8.0,1.07,18.67875,0,2020-09-30,2172,0.0,0.0,Meera Patel,43.0,Male,Jaipur,2020-09-30,8.0,0.0,4.4,1,Low
T01175,R0122,Zone_10,9.69,65.12,237.59,Cash,2024-03-16,0,0,Saturday,March,5.474746597637154,2.3693087250369538,8.069696400732806,0.3241904692683254,0.08997624156362098,1.3233212874765166,0.37422600619195046,0.3232277976901633,0.7992053069333602,324.0,0.029907407407407407,0.7333024691358024,0,2022-11-22,1389,17.0,0.05246913580246913,Ishaan Patel,27.0,Female,Kolkata,2022-11-22,324.0,17.0,4.98,0,Med
T01176,R0250,Zone_3,6.91,41.03,166.82,Cash,2023-05-02,0,0,Tuesday,May,5.122891976441923,2.0681277817795625,6.4054664154923175,-0.30055790140501315,-0.5797186098904186,0.43414196248266934,0.26664086687306504,0.20330545599362804,0.5608984072465232,163.0,0.042392638036809815,1.0234355828220858,0,2021-02-01,2048,31.0,0.1901840490797546,Aadhya Iyer,34.0,Female,Jaipur,2021-02-01,163.0,31.0,4.63,0,Low
T01177,R0253,Zone_6,17.18,169.04,297.22,Wallet,2023-06-17,0,0,Saturday,June,5.697831469162762,2.900322088749333,13.001538370516005,2.007415396010522,2.9789214040004737,2.0725337101045103,0.6640866873065016,0.8405515730784547,1.0,173.0,0.09930635838150288,1.718034682080925,0,2021-08-19,1849,24.0,0.13872832369942195,Ishaan Gupta,26.0,Male,Surat,2021-08-19,173.0,24.0,3.16,1,Med
T01178,R0131,Zone_5,4.41,41.48,64.51,Credit Card,2023-05-07,0,0,Sunday,May,4.182202802743785,1.6882490928583902,6.440496875241847,-0.8623819757515407,-0.5672087434249011,-0.8513170842902639,0.16989164086687308,0.20554559936280364,0.2163854934841903,99.0,0.04454545454545455,0.6516161616161616,0,2019-10-22,2516,7.0,0.0707070707070707,Reyansh Ghosh,24.0,Male,Surat,2019-10-22,99.0,7.0,3.6,1,Low
T01179,R0191,Zone_4,13.67,108.06,297.22,Credit Card,2023-05-07,0,0,Sunday,May,5.697831469162762,2.6858045921548905,10.395191195932858,1.2186143956279976,1.2836954994065621,2.0725337101045103,0.528250773993808,0.5369872560732776,1.0,87.0,0.1571264367816092,3.41632183908046,0,2020-08-14,2219,6.0,0.06896551724137931,Meera Gupta,33.0,Other,Surat,2020-08-14,87.0,6.0,4.56,2,Low
T01180,R0044,Zone_3,15.75,82.66,297.22,UPI,2023-01-04,0,0,Wednesday,January,5.697831469162762,2.8183982582710754,9.091754506144564,1.6860520254843085,0.5775830366862381,2.0725337101045103,0.6087461300309598,0.4105436081242533,1.0,271.0,0.058118081180811805,1.0967527675276754,0,2020-08-01,2232,5.0,0.01845018450184502,Arjun Gupta,36.0,Female,Hyderabad,2020-08-01,271.0,5.0,3.21,0,Med
T01181,R0252,Zone_6,6.38,61.03,138.42,Cash,2023-03-03,0,0,Friday,March,4.937490960058253,1.998773638612381,7.812169993030106,-0.4196646051664771,-0.023724544756305286,0.07731431192699234,0.24613003095975233,0.30286738351254483,0.46526585176953894,392.0,0.016275510204081634,0.35311224489795917,0,2020-09-23,2179,47.0,0.11989795918367346,Reyansh Gupta,38.0,Other,Ahmedabad,2020-09-23,392.0,47.0,4.83,2,High
T01182,R0072,Zone_8,13.83,122.5,281.82,Credit Card,2023-03-03,0,0,Friday,March,5.64481065287963,2.696652156149841,11.067971810589327,1.2545711363861753,1.6851232144333919,1.8790426601553047,0.5344427244582044,0.6088709677419355,0.948142910058255,62.0,0.22306451612903225,4.545483870967741,0,2023-11-05,1041,10.0,0.16129032258064516,Saanvi Das,25.0,Other,Jaipur,2023-11-05,62.0,10.0,4.07,2,Low
T01183,R0115,Zone_7,8.72,69.04,110.42,Cash,2023-08-07,0,0,Monday,August,4.71330684459267,2.2741856184723477,8.309031231136396,0.10620272842187295,0.19895107832990724,-0.27448759707156223,0.33668730650154804,0.342741935483871,0.3709802336936391,170.0,0.05129411764705883,0.6495294117647059,0,2020-03-01,2385,15.0,0.08823529411764706,Aarav Ghosh,40.0,Female,Bengaluru,2020-03-01,170.0,15.0,4.4,0,Med
T01184,R0230,Zone_10,8.31,54.59,85.45,UPI,2023-01-02,0,0,Monday,January,4.4595662121293,2.231089091288976,7.38850458482635,0.014063580229042397,-0.2027546337294897,-0.5882195137749162,0.32082043343653255,0.2708084428514536,0.28689766643095266,183.0,0.04540983606557377,0.46693989071038255,0,2022-11-22,1389,23.0,0.12568306010928962,Kavya Gupta,32.0,Male,Chennai,2022-11-22,183.0,23.0,3.65,1,Med
T01185,R0177,Zone_9,7.63,69.09,99.76,Cash,2023-10-17,0,0,Tuesday,October,4.61274145148441,2.1552445050953364,8.312039460926542,-0.13875256799321325,0.20034106349274244,-0.4084236095688691,0.2945046439628483,0.3429908403026683,0.3350843519547429,489.0,0.015603271983640081,0.20400817995910023,0,2023-02-15,1304,63.0,0.12883435582822086,Ishaan Reddy,34.0,Other,Bengaluru,2023-02-15,489.0,63.0,4.48,2,High
T01186,R0191,Zone_5,0.07,0.37,1.56,Cash,2023-10-27,0,0,Friday,October,0.9400072584914712,0.06765864847381481,0.6082762530298219,-1.8377085688171126,-1.710054544308071,-1.6422431618423716,0.0019349845201238395,0.000896057347670251,0.004411219988551032,87.0,0.0008045977011494254,0.01793103448275862,0,2020-08-14,2219,6.0,0.06896551724137931,Meera Gupta,33.0,Other,Surat,2020-08-14,87.0,6.0,4.56,2,Low
T01187,R0200,Zone_1,10.74,71.5,180.04,UPI,2024-02-22,0,0,Thursday,February,5.198718001325282,2.4630018143999504,8.455767262643882,0.5601565804938672,0.267338348341403,0.6002427209455584,0.4148606811145511,0.35498805256869775,0.6054146883523588,443.0,0.024243792325056433,0.40641083521444693,0,2021-11-15,1761,87.0,0.1963882618510158,Kavya Kumar,30.0,Other,Bengaluru,2021-11-15,443.0,87.0,3.6,2,High
T01188,R0073,Zone_9,15.22,114.91,136.56,UPI,2023-12-30,0,0,Saturday,December,4.924060185564065,2.7862450486872667,10.719608201795436,1.5669453217228448,1.4741234667149958,0.053944613686374245,0.5882352941176471,0.5710872162485066,0.45900259285449707,490.0,0.03106122448979592,0.27869387755102043,0,2021-06-19,1910,30.0,0.061224489795918366,Meera Das,41.0,Other,Ahmedabad,2021-06-19,490.0,30.0,3.01,2,High
T01189,R0224,Zone_10,4.48,38.75,48.76,Cash,2023-04-02,0,0,Sunday,April,3.907211448430924,1.7011051009599243,6.224949798994366,-0.8466509016698379,-0.6431019333157075,-1.049205658101951,0.17260061919504646,0.1919553962564715,0.16334983331649658,200.0,0.022400000000000003,0.2438,0,2020-08-04,2229,1.0,0.005,Ishaan Sharma,29.0,Female,Ahmedabad,2020-08-04,200.0,1.0,4.31,0,Med
T01190,R0244,Zone_8,12.24,85.58,237.42,Wallet,2023-07-16,0,0,Sunday,July,5.474033824289855,2.5832425505088623,9.250945897582582,0.8972510251017838,0.6587581701958187,1.3211853473147395,0.4729102167182663,0.42507964954201516,0.7986328585378993,27.0,0.45333333333333337,8.793333333333333,0,2019-04-22,2699,1.0,0.037037037037037035,Aadhya Iyer,24.0,Female,Kolkata,2019-04-22,27.0,1.0,3.13,0,Low
T01191,R0084,Zone_6,7.57,43.46,141.47,Cash,2024-08-04,0,0,Sunday,August,4.9591314512291405,2.1482677326096886,6.592419889539804,-0.1522363457775298,-0.5121653309766239,0.11563559130004933,0.29218266253869973,0.2154022301871764,0.47553624945280665,366.0,0.02068306010928962,0.3865300546448087,0,2019-07-21,2609,6.0,0.01639344262295082,Kavya Sharma,38.0,Male,Jaipur,2019-07-21,366.0,6.0,4.67,1,High
T01192,R0108,Zone_1,2.54,20.77,23.83,Cash,2023-03-02,0,0,Thursday,March,3.2120525995200753,1.264126727145683,4.557411546042337,-1.2826263833627434,-1.1429405978712752,-1.3624350006495927,0.0975232198142415,0.10244922341696536,0.07940195979391856,184.0,0.013804347826086957,0.12951086956521737,0,2019-05-31,2660,32.0,0.17391304347826086,Reyansh Gupta,18.0,Male,Pune,2019-05-31,184.0,32.0,4.88,1,Med
T01193,R0163,Zone_4,12.99,115.6,206.05,Cash,2023-11-02,0,0,Thursday,November,5.332960309991576,2.63834278867739,10.75174404457249,1.065798247405742,1.4933052619621228,0.9270415656974303,0.5019349845201239,0.5745221027479092,0.6929992928578644,302.0,0.04301324503311258,0.6822847682119205,0,2020-02-20,2395,21.0,0.0695364238410596,Kavya Gupta,33.0,Other,Ahmedabad,2020-02-20,302.0,21.0,3.56,2,Med
T01194,R0189,Zone_10,16.43,110.61,297.22,Wallet,2023-01-22,0,0,Sunday,January,5.697831469162762,2.8581928595319295,10.517128885774863,1.838868173706564,1.3545847427111615,2.0725337101045103,0.635061919504644,0.5496814018319395,1.0,238.0,0.06903361344537814,1.2488235294117649,0,2019-09-16,2552,42.0,0.17647058823529413,Reyansh Gupta,29.0,Female,Delhi,2019-09-16,238.0,42.0,3.28,0,Med
T01195,R0221,Zone_9,4.03,31.97,76.46,Credit Card,2024-02-28,0,0,Wednesday,February,4.349761674086606,1.6154199841116479,5.654201977290871,-0.947779235052213,-0.831583921396172,-0.701173055271238,0.1551857585139319,0.15820390282755872,0.2566252483415833,106.0,0.038018867924528306,0.7213207547169811,0,2021-01-13,2067,1.0,0.009433962264150943,Diya Patel,21.0,Female,Delhi,2021-01-13,106.0,1.0,4.41,0,Low
T01196,R0290,Zone_10,9.08,79.35,184.31,Cash,2023-06-10,0,0,Saturday,June,5.222030098375917,2.3105532626432224,8.907861696277058,0.1871053951277728,0.48556601890654233,0.653892512067838,0.3506191950464396,0.39406610911987255,0.6197932451089335,169.0,0.053727810650887574,1.0905917159763314,0,2020-05-06,2319,4.0,0.023668639053254437,Saanvi Kumar,34.0,Other,Chennai,2020-05-06,169.0,4.0,4.28,2,Med
T01197,R0252,Zone_6,0.8,5.53,18.9,Wallet,2024-04-16,0,0,Tuesday,April,2.990719731730447,0.5877866649021191,2.3515952032609695,-1.6736559391079266,-1.5666080755034697,-1.424377265341124,0.030185758513931894,0.02658303464755078,0.06280095632555475,392.0,0.0020408163265306124,0.04821428571428571,0,2020-09-23,2179,47.0,0.11989795918367346,Reyansh Gupta,38.0,Other,Ahmedabad,2020-09-23,392.0,47.0,4.83,2,High
T01198,R0208,Zone_3,7.79,60.7,119.71,UPI,2023-04-08,0,0,Saturday,April,4.793390974713035,2.1736147116970854,7.791020472312982,-0.10279582723503546,-0.032898446831018106,-0.15776474940739896,0.3006965944272446,0.3012246117084827,0.40226285483382157,356.0,0.021882022471910113,0.33626404494382023,0,2020-01-08,2438,53.0,0.14887640449438203,Aadhya Iyer,24.0,Other,Chennai,2020-01-08,356.0,53.0,4.75,2,High
T01199,R0083,Zone_3,10.43,100.41,159.66,UPI,2024-05-24,0,0,Friday,May,5.079290330745667,2.4362414778067194,10.020479030465559,0.49049039527489763,1.0710277694927637,0.3441811886101818,0.40286377708978327,0.4989048187972919,0.5367882277671145,475.0,0.021957894736842103,0.33612631578947366,0,2021-12-31,1715,39.0,0.08210526315789474,Kavya Patel,45.0,Female,Mumbai,2021-12-31,475.0,39.0,4.4,0,High
T01200,R0064,Zone_1,16.76,125.35,297.22,Credit Card,2024-03-29,0,0,Friday,March,5.697831469162762,2.876948737564024,11.195981421920992,1.913028951520306,1.764352368715003,2.0725337101045103,0.6478328173374615,0.6230585424133811,1.0,214.0,0.0783177570093458,1.3888785046728973,0,2023-09-30,1077,2.0,0.009345794392523364,Ishaan Nair,21.0,Female,Bengaluru,2023-09-30,214.0,2.0,4.21,0,Med
T01201,R0187,Zone_4,15.79,83.24,239.29,Cash,2024-06-26,0,0,Wednesday,June,5.481846527228154,2.8207834710894493,9.123595782365635,1.6950412106738526,0.5937068645751273,1.3446806890942857,0.6102941176470589,0.41343090402230187,0.8049297908879685,357.0,0.0442296918767507,0.6702801120448179,0,2022-08-05,1498,38.0,0.10644257703081232,Saanvi Reddy,27.0,Other,Surat,2022-08-05,357.0,38.0,4.71,2,High
T01202,R0203,Zone_7,16.21,127.57,294.23,Cash,2023-07-27,0,0,Thursday,July,5.687754713579004,2.845490610223448,11.294689017409908,1.7894276551640698,1.8260677099448896,2.0349662919650218,0.6265479876160991,0.6341099163679809,0.989931642926895,152.0,0.10664473684210526,1.9357236842105265,0,2023-07-25,1144,9.0,0.05921052631578947,Kavya Gupta,49.0,Female,Bengaluru,2023-07-25,152.0,9.0,3.6,0,Low
T01203,R0008,Zone_5,5.36,39.28,112.46,Credit Card,2023-11-18,0,0,Saturday,November,4.731450351898421,1.8500283773520307,6.267375846396959,-0.6488888274998602,-0.6283680905896535,-0.24885631513023904,0.20665634674922603,0.1945937873357228,0.3778496144391689,215.0,0.024930232558139535,0.5230697674418604,0,2022-10-01,1441,23.0,0.10697674418604651,Ishaan Ghosh,28.0,Female,Jaipur,2022-10-01,215.0,23.0,4.02,0,Med
T01204,R0300,Zone_4,6.77,37.69,106.62,Cash,2023-06-26,0,0,Monday,June,4.678606504061274,2.050270164379556,6.139218191268331,-0.3320200495684188,-0.6725696187678156,-0.32223214186422316,0.2612229102167183,0.1866786140979689,0.3581843283833384,291.0,0.023264604810996563,0.3663917525773196,0,2023-07-08,1161,7.0,0.024054982817869417,Saanvi Iyer,38.0,Female,Kolkata,2023-07-08,291.0,7.0,3.67,0,Med
T01205,R0068,Zone_4,0.32,2.47,7.58,Credit Card,2024-03-22,0,0,Friday,March,2.149433913499871,0.2776317365982795,1.5716233645501712,-1.7815261613824598,-1.6516751674689891,-1.5666057514076825,0.011609907120743035,0.011350059737156512,0.024682627874869512,456.0,0.0007017543859649123,0.01662280701754386,0,2022-08-31,1472,70.0,0.15350877192982457,Meera Singh,30.0,Female,Ahmedabad,2022-08-31,456.0,70.0,4.97,0,High
T01206,R0121,Zone_2,4.42,24.44,107.66,Cash,2023-06-21,0,0,Wednesday,June,4.688223741123377,1.6900958154515549,4.94368283772331,-0.8601346794541547,-1.0409156869191656,-0.3091652138157055,0.17027863777089783,0.12071883711668659,0.3616863656261575,378.0,0.011693121693121693,0.2848148148148148,0,2023-07-13,1156,10.0,0.026455026455026454,Diya Iyer,29.0,Male,Pune,2023-07-13,378.0,10.0,4.17,1,High
T01207,R0003,Zone_9,0.74,6.07,12.1,Wallet,2024-02-08,0,0,Thursday,February,2.5726122302071057,0.5538851132264376,2.463736998950984,-1.6871397168922433,-1.5515962357448487,-1.5098148718122015,0.027863777089783284,0.02927120669056153,0.03990302050712193,45.0,0.016444444444444446,0.2688888888888889,0,2023-05-04,1226,9.0,0.2,Kavya Reddy,34.0,Male,Pune,2023-05-04,45.0,9.0,3.76,1,Low
T01208,R0141,Zone_5,9.83,88.25,225.18,Wallet,2024-06-22,0,0,Saturday,June,5.421331142443181,2.382320061012899,9.394147114027968,0.3556526174317311,0.7329833778912229,1.1673976556668,0.3796439628482972,0.43837116686579053,0.7574165740647203,53.0,0.18547169811320754,4.248679245283019,0,2019-07-08,2622,0.0,0.0,Arjun Das,25.0,Other,Jaipur,2019-07-08,53.0,0.0,4.29,2,Low
T01209,R0068,Zone_3,4.52,42.25,53.93,Cash,2023-08-23,0,0,Wednesday,August,4.006059647354529,1.7083778602890038,6.5,-0.8376617164802936,-0.5458029719172377,-0.9842479484761463,0.1741486068111455,0.20937873357228196,0.18075899922551097,456.0,0.009912280701754385,0.11826754385964912,0,2022-08-31,1472,70.0,0.15350877192982457,Meera Singh,30.0,Female,Ahmedabad,2022-08-31,456.0,70.0,4.97,0,High
T01210,R0062,Zone_1,2.49,21.64,21.47,Cash,2023-04-03,0,0,Monday,April,3.112181086197238,1.2499017362143359,4.651881339845203,-1.293862864849674,-1.1187548560379414,-1.3920868758366138,0.09558823529411767,0.10678016726403823,0.07145502912752129,57.0,0.04368421052631579,0.37666666666666665,0,2019-05-13,2678,3.0,0.05263157894736842,Kavya Sharma,38.0,Male,Jaipur,2019-05-13,57.0,3.0,3.58,1,Low
T01211,R0005,Zone_6,6.22,54.48,66.31,Credit Card,2023-06-09,0,0,Friday,June,4.209308814022622,1.9768549529047348,7.381056834898374,-0.45562134592465486,-0.2058126010877275,-0.8287012472832139,0.23993808049535603,0.27026085225009955,0.22244671178906958,294.0,0.02115646258503401,0.22554421768707483,0,2021-05-31,1929,30.0,0.10204081632653061,Diya Reddy,27.0,Male,Ahmedabad,2021-05-31,294.0,30.0,3.53,1,Med
T01212,R0017,Zone_6,2.08,14.88,22.66,UPI,2024-05-04,0,0,Saturday,May,3.1637858585502405,1.1249295969854831,3.8574603043971822,-1.3860020130425046,-1.3066808500532716,-1.3771352947041753,0.07972136222910219,0.07312823576264438,0.07546216789574703,288.0,0.007222222222222223,0.07868055555555556,0,2023-03-18,1273,21.0,0.07291666666666667,Meera Das,49.0,Female,Mumbai,2023-03-18,288.0,21.0,3.83,0,Med
T01213,R0220,Zone_8,9.55,61.65,221.14,Wallet,2023-02-16,0,0,Thursday,February,5.403307813738974,2.3561258599220753,7.85175139698144,0.29272832110492014,-0.006488728737147845,1.1166376659398654,0.36880804953560375,0.3059538032656312,0.7438125063137689,491.0,0.01945010183299389,0.450386965376782,0,2023-04-18,1242,63.0,0.12830957230142567,Meera Ghosh,32.0,Female,Kolkata,2023-04-18,491.0,63.0,3.78,0,High
T01214,R0248,Zone_4,9.42,88.49,118.68,UPI,2023-01-31,0,0,Tuesday,January,4.784821514226167,2.343727036325221,9.406912352095134,0.2635134692389005,0.7396553066728321,-0.1707060339169885,0.36377708978328177,0.4395659099960175,0.3987944910260296,104.0,0.09057692307692308,1.1411538461538462,0,2021-10-24,1783,12.0,0.11538461538461539,Vivaan Ghosh,18.0,Female,Chennai,2021-10-24,104.0,12.0,3.65,0,Low
T01215,R0036,Zone_2,6.42,40.94,79.36,Wallet,2024-06-19,0,0,Wednesday,June,4.386516539946734,2.004179057179289,6.398437309218556,-0.4106754199769326,-0.5822205831835222,-0.6647364289821018,0.2476780185758514,0.2028574273197929,0.2663905444994444,177.0,0.03627118644067796,0.448361581920904,0,2022-03-16,1640,15.0,0.0847457627118644,Aadhya Das,30.0,Female,Surat,2022-03-16,177.0,15.0,4.9,0,Med
T01216,R0008,Zone_3,4.35,35.92,48.26,Cash,2024-03-27,0,0,Wednesday,March,3.897112392692392,1.6770965609079151,5.993329625508679,-0.8758657535358575,-0.7217750935321845,-1.0554878350483539,0.16756965944272445,0.1778673835125448,0.16166616156514124,215.0,0.02023255813953488,0.22446511627906976,0,2022-10-01,1441,23.0,0.10697674418604651,Ishaan Ghosh,28.0,Female,Jaipur,2022-10-01,215.0,23.0,4.02,0,Med
T01217,R0209,Zone_6,1.3,10.52,18.44,Wallet,2023-09-03,0,0,Sunday,September,2.967332799032293,0.832909122935104,3.243454948045371,-1.5612911242386212,-1.4278875562525084,-1.4301568681318144,0.04953560371517028,0.05142373556352051,0.06125197831430784,109.0,0.011926605504587157,0.1691743119266055,0,2020-06-11,2283,20.0,0.1834862385321101,Vivaan Sharma,31.0,Other,Surat,2020-06-11,109.0,20.0,3.77,2,Low
T01218,R0041,Zone_9,10.78,64.53,176.5,Cash,2023-10-11,0,0,Wednesday,October,5.178970608915471,2.4664031782234406,8.03305670339753,0.5691457656834115,0.07357441664216455,0.5557649081650269,0.41640866873065013,0.32029072082835525,0.5934942923527629,353.0,0.03053824362606232,0.5,0,2020-04-11,2344,8.0,0.0226628895184136,Aarav Nair,25.0,Other,Pune,2020-04-11,353.0,8.0,4.74,2,High
T01219,R0029,Zone_8,9.14,57.74,221.85,Cash,2023-07-21,0,0,Friday,July,5.406498899392565,2.316487998163037,7.598684096605148,0.20058917291208958,-0.1151855684708669,1.1255583572037575,0.35294117647058826,0.286489446435683,0.7462033202006936,4.0,2.285,55.4625,0,2022-07-24,1510,0.0,0.0,Kavya Iyer,30.0,Male,Surat,2022-07-24,4.0,0.0,3.69,1,Low
T01220,R0266,Zone_7,10.32,62.7,216.5,Credit Card,2023-10-15,0,0,Sunday,October,5.382198850528739,2.4265710727750367,7.918333157931662,0.4657701360036505,0.02270095968239322,1.0583390638772479,0.3986068111455109,0.3111808044603744,0.7281880324611913,98.0,0.10530612244897959,2.2091836734693877,0,2020-09-25,2177,13.0,0.1326530612244898,Diya Reddy,29.0,Other,Chennai,2020-09-25,98.0,13.0,3.9,2,Low
T01221,R0113,Zone_4,6.47,39.72,128.88,Wallet,2024-03-15,0,0,Friday,March,4.866610947234645,2.010894999144726,6.302380502635492,-0.3994389384900021,-0.6161362211567031,-0.042549624210372276,0.24961300309597523,0.19678414974113898,0.4331413947536788,423.0,0.015295508274231678,0.30468085106382975,0,2019-03-09,2743,26.0,0.061465721040189124,Aadhya Singh,26.0,Other,Chennai,2019-03-09,423.0,26.0,4.61,2,High
T01222,R0207,Zone_7,6.91,61.92,85.4,Cash,2023-10-08,0,0,Sunday,October,4.45898767581001,2.0681277817795625,7.868926229162401,-0.30055790140501315,0.0010171911421627711,-0.5888477314695564,0.26664086687306504,0.30729788928713664,0.2867292992558171,47.0,0.14702127659574468,1.8170212765957447,0,2023-12-06,1010,3.0,0.06382978723404255,Ishaan Iyer,31.0,Male,Mumbai,2023-12-06,47.0,3.0,3.93,1,Low
T01223,R0115,Zone_4,15.21,76.34,297.22,UPI,2023-06-23,0,0,Friday,June,5.697831469162762,2.785628335747585,8.737276463521113,1.5646980254254588,0.4018889121038585,2.0725337101045103,0.5878482972136223,0.37908203902827564,1.0,170.0,0.08947058823529412,1.7483529411764707,0,2020-03-01,2385,15.0,0.08823529411764706,Aarav Ghosh,40.0,Female,Bengaluru,2020-03-01,170.0,15.0,4.4,0,Med
T01224,R0243,Zone_8,5.0,28.47,123.26,Credit Card,2023-03-01,0,0,Wednesday,March,4.822376144635548,1.791759469228055,5.33572862878164,-0.7297914942057603,-0.9288828827946418,-0.11316129308793921,0.19272445820433437,0.14078056551174828,0.41421692426844464,315.0,0.015873015873015872,0.3913015873015873,0,2023-02-06,1313,11.0,0.03492063492063492,Ishaan Patel,33.0,Male,Jaipur,2023-02-06,315.0,11.0,3.7,1,Med
T01225,R0298,Zone_3,6.44,39.6,64.9,Cash,2024-06-14,0,0,Friday,June,4.188138441508461,2.0068708488450007,6.29285308902091,-0.40618082738216027,-0.6194721855475077,-0.8464169862720697,0.24845201238390097,0.19618677817602548,0.2176987574502475,65.0,0.09907692307692308,0.9984615384615385,0,2020-03-25,2361,11.0,0.16923076923076924,Vivaan Singh,35.0,Female,Ahmedabad,2020-03-25,65.0,11.0,3.88,0,Low
T01226,R0285,Zone_10,11.72,116.81,284.02,UPI,2024-01-16,0,0,Tuesday,January,5.652559353245066,2.543175557911976,10.807867504739313,0.780391617637706,1.5269429029027368,1.906684238719477,0.4527863777089784,0.5805455993628037,0.9555510657642184,244.0,0.048032786885245905,1.1640163934426229,0,2019-01-10,2801,16.0,0.06557377049180328,Diya Iyer,29.0,Female,Chennai,2019-01-10,244.0,16.0,4.97,0,Med
T01227,R0289,Zone_8,9.51,64.51,161.89,Cash,2023-11-30,0,0,Thursday,November,5.093075126369514,2.3523271848888596,8.031811750782012,0.2837391359153755,0.07301842257703053,0.37219969779113804,0.36726006191950467,0.3201911589008364,0.5442974037781594,322.0,0.02953416149068323,0.5027639751552795,0,2021-09-30,1807,14.0,0.043478260869565216,Aarav Gupta,21.0,Other,Chennai,2021-09-30,322.0,14.0,4.17,2,Med
T01228,R0191,Zone_3,2.23,14.47,22.14,Credit Card,2024-03-26,0,0,Tuesday,March,3.1415627217655304,1.172482137234565,3.803945320322047,-1.3522925685817127,-1.3180787283885211,-1.383668758728434,0.0855263157894737,0.07108721624850657,0.07371114927433747,87.0,0.025632183908045978,0.25448275862068964,0,2020-08-14,2219,6.0,0.06896551724137931,Meera Gupta,33.0,Other,Surat,2020-08-14,87.0,6.0,4.56,2,Low
T01229,R0230,Zone_9,0.44,4.37,4.48,Cash,2023-12-20,0,0,Wednesday,December,1.7011051009599243,0.3646431135879093,2.090454496036687,-1.7545586058138265,-1.5988557312812484,-1.6055552484753797,0.01625386996904025,0.020808442851453605,0.01424386301646631,183.0,0.0024043715846994535,0.024480874316939894,0,2022-11-22,1389,23.0,0.12568306010928962,Kavya Gupta,32.0,Male,Chennai,2022-11-22,183.0,23.0,3.65,1,Med
T01230,R0057,Zone_1,4.7,30.64,65.19,Credit Card,2024-03-01,0,0,Friday,March,4.1925293941308315,1.7404661748405046,5.535341001239219,-0.7972103831273435,-0.8685575267275905,-0.8427733236431562,0.18111455108359134,0.15158303464755077,0.21867528706603356,407.0,0.011547911547911549,0.16017199017199016,0,2023-06-04,1195,11.0,0.02702702702702703,Aadhya Reddy,39.0,Male,Bengaluru,2023-06-04,407.0,11.0,3.66,1,High
T01231,R0134,Zone_5,12.55,67.74,201.98,Cash,2023-11-16,0,0,Thursday,November,5.313107452020672,2.60638654732571,8.230431337420901,0.9669172103207533,0.16281146409618955,0.8759046453537116,0.4849071207430341,0.33627041019514137,0.6792942048018318,410.0,0.03060975609756098,0.4926341463414634,0,2022-07-30,1504,29.0,0.07073170731707316,Aadhya Singh,34.0,Male,Jaipur,2022-07-30,410.0,29.0,4.59,1,High
T01232,R0109,Zone_6,11.36,74.85,132.35,UPI,2023-07-13,0,0,Thursday,July,4.892977250628023,2.514465452029545,8.651589449343975,0.6994889509318059,0.36046735425136683,0.0010486837976628836,0.4388544891640867,0.37166467542811626,0.44482607670808494,62.0,0.1832258064516129,2.134677419354839,0,2022-11-19,1392,5.0,0.08064516129032258,Vivaan Kumar,35.0,Female,Delhi,2022-11-19,62.0,5.0,3.35,0,Low
T01233,R0247,Zone_9,10.6,85.24,115.67,Cash,2023-08-21,0,0,Monday,August,4.759349436835766,2.451005098112319,9.232551110067032,0.5286944323304615,0.6493062710885387,-0.2085247391343332,0.40944272445820434,0.42338709677419356,0.3886587870828703,249.0,0.04257028112449799,0.4645381526104418,0,2021-05-11,1949,47.0,0.18875502008032127,Aadhya Das,37.0,Male,Bengaluru,2021-05-11,249.0,47.0,4.92,1,Med
T01234,R0139,Zone_4,11.14,88.53,163.52,Credit Card,2024-06-08,0,0,Saturday,June,5.103032143362223,2.4965057856313524,9.409038208021052,0.6500484323893116,0.7407672948031006,0.39267959463641133,0.4303405572755418,0.43976503385105536,0.5497861736875779,155.0,0.0718709677419355,1.054967741935484,0,2023-10-09,1068,7.0,0.04516129032258064,Diya Gupta,44.0,Other,Kolkata,2023-10-09,155.0,7.0,4.39,2,Low
T01235,R0149,Zone_6,3.16,27.44,65.98,UPI,2023-03-14,0,0,Tuesday,March,4.204394067366058,1.425515074273172,5.238320341483518,-1.1432940129248046,-0.9575165771490485,-0.8328474840678397,0.1215170278637771,0.13565312624452408,0.22133548843317505,89.0,0.03550561797752809,0.7413483146067417,0,2019-09-14,2554,8.0,0.0898876404494382,Diya Reddy,30.0,Male,Jaipur,2019-09-14,89.0,8.0,4.57,1,Low
T01236,R0220,Zone_9,11.01,108.64,222.72,Cash,2024-07-25,0,0,Thursday,July,5.410395269953387,2.485739636091892,10.423051376636307,0.6208335805232921,1.2998193272954515,1.1364893450904983,0.42530959752321984,0.5398745519713262,0.749132909048052,491.0,0.022423625254582483,0.45360488798370674,0,2023-04-18,1242,63.0,0.12830957230142567,Meera Ghosh,32.0,Female,Kolkata,2023-04-18,491.0,63.0,3.78,0,High
T01237,R0188,Zone_4,3.39,29.89,47.67,Credit Card,2023-05-28,0,0,Sunday,May,3.885062823845363,1.4793292270870801,5.4671747731346585,-1.0916061980849239,-0.8894073041701197,-1.0629008038451089,0.13041795665634676,0.14784946236559138,0.15967942889854192,436.0,0.007775229357798165,0.1093348623853211,0,2020-07-16,2248,64.0,0.14678899082568808,Vivaan Gupta,24.0,Male,Delhi,2020-07-16,436.0,64.0,3.15,1,High
T01238,R0195,Zone_5,12.74,102.88,228.57,Wallet,2023-07-29,0,0,Saturday,July,5.43620799388748,2.620311286794203,10.142977866484772,1.0096158399710893,1.1396930365368267,1.2099908153634105,0.49226006191950467,0.5112007168458781,0.7688318685389096,72.0,0.17694444444444446,3.174583333333333,0,2021-05-27,1933,10.0,0.1388888888888889,Aadhya Reddy,33.0,Male,Kolkata,2021-05-27,72.0,10.0,4.97,1,Low
T01239,R0071,Zone_4,5.45,46.2,131.72,Cash,2023-07-29,0,0,Saturday,July,4.888241645882189,1.864080130807681,6.797058187186572,-0.6286631608233852,-0.43599414405325027,-0.00686685915480454,0.21013931888544893,0.22904221425726803,0.44270465030137723,67.0,0.08134328358208956,1.9659701492537314,0,2021-01-09,2071,4.0,0.05970149253731343,Vivaan Nair,35.0,Male,Ahmedabad,2021-01-09,67.0,4.0,3.82,1,Low
T01240,R0036,Zone_1,9.41,90.04,164.92,Credit Card,2024-06-19,0,0,Wednesday,June,5.111505744481217,2.3427668826268775,9.488940931421167,0.26126617294151444,0.7827448467207262,0.4102696900863388,0.363390092879257,0.4472819593787336,0.5545004545913728,177.0,0.053163841807909604,0.9317514124293784,0,2022-03-16,1640,15.0,0.0847457627118644,Aadhya Das,30.0,Female,Surat,2022-03-16,177.0,15.0,4.9,0,Med
T01241,R0133,Zone_8,1.37,11.64,31.03,Wallet,2023-04-16,0,0,Sunday,April,3.466672963621067,0.8628899551470398,3.411744421846396,-1.5455600501569182,-1.396751888604998,-1.271971652621393,0.05224458204334366,0.056999203504579855,0.10364683301343569,155.0,0.008838709677419355,0.20019354838709677,0,2019-07-13,2617,11.0,0.07096774193548387,Diya Kumar,25.0,Female,Delhi,2019-07-13,155.0,11.0,4.4,0,Low
T01242,R0185,Zone_4,1.26,6.77,28.67,Cash,2023-02-08,0,0,Wednesday,February,3.3901364343027307,0.8153648132841945,2.6019223662515376,-1.5702803094281657,-1.5321364434651545,-1.3016235278084138,0.047987616099071206,0.032755874153723614,0.09569990234703842,201.0,0.00626865671641791,0.142636815920398,0,2021-08-27,1841,12.0,0.05970149253731343,Vivaan Sharma,27.0,Male,Delhi,2021-08-27,201.0,12.0,4.05,1,Med
T01243,R0116,Zone_4,13.45,95.25,239.51,Cash,2023-10-06,0,0,Friday,October,5.48276166872297,2.670694414558441,9.759610647971568,1.169173877085503,0.9275813006881626,1.347444846950703,0.5197368421052632,0.4732178414974114,0.8056706064585648,238.0,0.05651260504201681,1.0063445378151261,0,2020-02-08,2407,30.0,0.12605042016806722,Ishaan Kumar,34.0,Female,Bengaluru,2020-02-08,238.0,30.0,4.58,0,Med
T01244,R0032,Zone_2,11.46,106.58,252.05,Wallet,2023-03-27,0,0,Monday,March,5.533587097660087,2.522523513359307,10.323759005323593,0.7219619139056672,1.2425519385866377,1.5050018447664846,0.4427244582043344,0.5296196734368778,0.8478970939825572,213.0,0.05380281690140846,1.1833333333333333,0,2023-09-20,1087,24.0,0.11267605633802817,Kavya Reddy,18.0,Female,Mumbai,2023-09-20,213.0,24.0,4.0,0,Med
T01245,R0195,Zone_1,1.9100000000000001,18.42,18.72,Wallet,2024-05-21,0,0,Tuesday,May,2.9816333491744893,1.0681530811834012,4.291852746774987,-1.4242060500980684,-1.2082699005245336,-1.426638849041829,0.07314241486068113,0.09075069693349265,0.06219483449506683,72.0,0.02652777777777778,0.26,0,2021-05-27,1933,10.0,0.1388888888888889,Aadhya Reddy,33.0,Male,Kolkata,2021-05-27,72.0,10.0,4.97,1,Low
T01246,R0271,Zone_1,14.43,78.77,128.48,UPI,2024-01-01,0,0,Monday,January,4.8635264290580436,2.7363136663750693,8.875246475450696,1.3894089142293418,0.46944219101765305,-0.047575365767494555,0.5576625386996904,0.39117881322182396,0.4317944573525945,58.0,0.24879310344827585,2.2151724137931033,0,2022-10-07,1435,6.0,0.10344827586206896,Saanvi Iyer,22.0,Male,Bengaluru,2022-10-07,58.0,6.0,4.37,1,Low
T01247,R0118,Zone_9,2.55,22.18,35.41,UPI,2024-06-14,0,0,Friday,June,3.594843462187342,1.2669476034873244,4.709564735726647,-1.2803790870653573,-1.1037430162793205,-1.2169397825709047,0.09791021671826626,0.10946833930704898,0.11839579755530859,165.0,0.015454545454545453,0.21460606060606058,0,2023-09-26,1081,24.0,0.14545454545454545,Reyansh Gupta,29.0,Male,Surat,2023-09-26,165.0,24.0,4.13,1,Med
T01248,R0143,Zone_7,8.1,54.88,169.49,Wallet,2024-03-26,0,0,Tuesday,March,5.13867664397714,2.2082744135228043,7.408103670980854,-0.033129642016066115,-0.1946927197850451,0.4676887873764603,0.3126934984520124,0.2722520908004779,0.5698892143987608,74.0,0.10945945945945945,2.2904054054054055,0,2023-03-28,1263,13.0,0.17567567567567569,Meera Kumar,42.0,Other,Kolkata,2023-03-28,74.0,13.0,4.56,2,Low
T01249,R0107,Zone_1,5.6,32.09,73.15,UPI,2024-01-24,0,0,Wednesday,January,4.306090068583941,1.8870696490323797,5.664803615307419,-0.5949537163625938,-0.8282479570053672,-0.742761066656424,0.21594427244582043,0.15880127439267225,0.24547934134761087,179.0,0.03128491620111731,0.408659217877095,0,2020-01-11,2435,14.0,0.0782122905027933,Reyansh Gupta,33.0,Male,Hyderabad,2020-01-11,179.0,14.0,3.66,1,Med
T01250,R0276,Zone_8,3.38,18.8,39.01,Credit Card,2023-12-26,0,0,Tuesday,December,3.6891294228691436,1.4770487243883548,4.33589667773576,-1.0938534943823102,-1.1977060132869854,-1.1717081085568049,0.13003095975232198,0.09264237355635206,0.13051823416506717,196.0,0.017244897959183672,0.19903061224489796,0,2022-11-07,1404,1.0,0.00510204081632653,Aadhya Ghosh,26.0,Other,Chennai,2022-11-07,196.0,1.0,3.63,2,Med
T01251,R0269,Zone_6,13.84,122.55,297.22,Cash,2023-02-05,0,0,Sunday,February,5.697831469162762,2.6973262377392344,11.070230349906907,1.2568184326835614,1.6865131995962273,2.0725337101045103,0.5348297213622292,0.6091198725607327,1.0,423.0,0.032718676122931445,0.7026477541371159,0,2019-05-19,2672,16.0,0.037825059101654845,Aadhya Sharma,41.0,Male,Mumbai,2019-05-19,423.0,16.0,3.41,1,High
T01252,R0224,Zone_4,16.42,145.74,170.2,UPI,2023-11-03,0,0,Friday,November,5.1428324637076415,2.857618971424357,12.072282302862206,1.8366208774091781,2.331188318119232,0.47660947864035197,0.6346749226006193,0.7245619275189168,0.5722800282856854,200.0,0.0821,0.851,0,2020-08-04,2229,1.0,0.005,Ishaan Sharma,29.0,Female,Ahmedabad,2020-08-04,200.0,1.0,4.31,0,Med
T01253,R0292,Zone_1,8.89,60.68,124.67,Cash,2023-06-13,0,0,Tuesday,June,4.833659423627053,2.2915241456346207,7.789736837660179,0.1444067654774368,-0.03345444089615231,-0.09544555409908347,0.34326625386996906,0.30112504978096377,0.4189648786072667,141.0,0.06304964539007092,0.8841843971631206,0,2020-06-28,2266,19.0,0.1347517730496454,Diya Patel,37.0,Female,Jaipur,2020-06-28,141.0,19.0,4.39,0,Low
T01254,R0135,Zone_7,15.63,98.2,211.54,Credit Card,2024-07-17,0,0,Wednesday,July,5.359130205944549,2.8112082932048366,9.909591313469996,1.6590844699156753,1.0095904252954444,0.9960198685689324,0.6041021671826626,0.4879032258064516,0.7114860086877461,153.0,0.10215686274509804,1.3826143790849672,0,2022-02-24,1660,8.0,0.05228758169934641,Reyansh Patel,38.0,Female,Ahmedabad,2022-02-24,153.0,8.0,3.47,0,Low
T01255,R0058,Zone_7,6.59,56.96,132.53,UPI,2023-02-21,0,0,Tuesday,February,4.894326171695873,2.0268315914075385,7.547184905645283,-0.3724713829213687,-0.13686933701109735,0.003310267498367964,0.25425696594427244,0.2826065312624453,0.4454321985385729,480.0,0.013729166666666666,0.27610416666666665,0,2021-05-31,1929,25.0,0.052083333333333336,Vivaan Reddy,46.0,Male,Kolkata,2021-05-31,480.0,25.0,4.32,1,High
T01256,R0276,Zone_8,8.54,76.11,117.86,Credit Card,2023-07-26,0,0,Wednesday,July,4.777946329938515,2.255493485460195,8.724104538575865,0.06575139506892264,0.3954949803548161,-0.18100880410908912,0.32972136222910214,0.37793707686180805,0.3960332693538068,196.0,0.043571428571428567,0.601326530612245,0,2022-11-07,1404,1.0,0.00510204081632653,Aadhya Ghosh,26.0,Other,Chennai,2022-11-07,196.0,1.0,3.63,2,Med
T01257,R0203,Zone_4,8.66,73.82,142.36,Cash,2024-03-01,0,0,Friday,March,4.96535894922662,2.2679936482244267,8.591856609604235,0.09271895063755618,0.33183365989695995,0.12681786626464644,0.3343653250773994,0.36653723616089207,0.47853318517021926,152.0,0.056973684210526315,0.9365789473684212,0,2023-07-25,1144,9.0,0.05921052631578947,Kavya Gupta,49.0,Female,Bengaluru,2023-07-25,152.0,9.0,3.6,0,Low
T01258,R0115,Zone_8,2.22,11.44,23.38,Cash,2024-03-05,0,0,Tuesday,March,3.1937631240531252,1.169381359556317,3.3823069050575527,-1.3545398648790987,-1.4023118292563392,-1.3680889599013553,0.08513931888544894,0.05600358422939068,0.07788665521769875,170.0,0.013058823529411765,0.13752941176470587,0,2020-03-01,2385,15.0,0.08823529411764706,Aarav Ghosh,40.0,Female,Bengaluru,2020-03-01,170.0,15.0,4.4,0,Med
T01259,R0060,Zone_2,10.5,52.59,96.59,UPI,2023-03-22,0,0,Wednesday,March,4.5807750291533695,2.4423470353692043,7.251896303726357,0.5062214693566005,-0.25835404024290104,-0.4482526114090626,0.4055727554179567,0.260852250099562,0.32440987305114993,123.0,0.08536585365853659,0.7852845528455284,0,2023-08-01,1137,7.0,0.056910569105691054,Aarav Nair,40.0,Female,Hyderabad,2023-08-01,123.0,7.0,4.57,0,Low
T01260,R0136,Zone_5,11.55,64.01,143.2,Wallet,2023-06-21,0,0,Wednesday,June,4.971201224850849,2.529720665577793,8.000624975587845,0.7421875805821422,0.05911857094867771,0.13737192353460276,0.4462074303405573,0.3177021107128634,0.4813617537124962,339.0,0.034070796460176994,0.4224188790560472,0,2019-01-19,2792,11.0,0.032448377581120944,Diya Ghosh,34.0,Male,Hyderabad,2019-01-19,339.0,11.0,3.82,1,High
T01261,R0057,Zone_7,7.13,52.63,76.32,UPI,2023-04-07,0,0,Friday,April,4.34795265434013,2.0955609235597192,7.254653678846427,-0.2511173828625188,-0.25724205211263285,-0.7029320648162307,0.2751547987616099,0.26105137395459976,0.2561538202512038,407.0,0.01751842751842752,0.1875184275184275,0,2023-06-04,1195,11.0,0.02702702702702703,Aadhya Reddy,39.0,Male,Bengaluru,2023-06-04,407.0,11.0,3.66,1,High
T01262,R0282,Zone_4,0.46,3.55,5.5600000000000005,Credit Card,2024-08-02,0,0,Friday,August,1.8809906029559977,0.3784364357202451,1.8841443681416772,-1.7500640132190544,-1.621651487951747,-1.5919857462711495,0.017027863777089786,0.016726403823178016,0.017880593999393877,319.0,0.0014420062695924766,0.0174294670846395,0,2022-05-02,1593,3.0,0.009404388714733543,Reyansh Kumar,22.0,Other,Bengaluru,2022-05-02,319.0,3.0,4.47,2,Med
T01263,R0220,Zone_3,9.84,82.62,238.53,Cash,2024-05-02,0,0,Thursday,May,5.478678669966805,2.3832429960115,9.08955444452587,0.35789991372911717,0.5764710485559701,1.3351317801357536,0.380030959752322,0.4103444842692155,0.8023706098259084,491.0,0.020040733197556008,0.48580448065173115,0,2023-04-18,1242,63.0,0.12830957230142567,Meera Ghosh,32.0,Female,Kolkata,2023-04-18,491.0,63.0,3.78,0,High
T01264,R0056,Zone_3,0.42,2.79,7.54,UPI,2023-04-18,0,0,Tuesday,April,2.1447610078004784,0.3506568716131694,1.6703293088490065,-1.7590531984085989,-1.6427792624268434,-1.5671083255633946,0.015479876160990712,0.012943050577459179,0.024547934134761085,93.0,0.004516129032258064,0.0810752688172043,0,2021-02-26,2023,13.0,0.13978494623655913,Meera Patel,40.0,Other,Hyderabad,2021-02-26,93.0,13.0,3.25,2,Low
T01265,R0116,Zone_1,3.94,35.11,89.95,Cash,2023-06-03,0,0,Saturday,June,4.5103099049641315,1.597365331199831,5.92536918681022,-0.968004901728688,-0.7442928531701162,-0.5316799212572914,0.15170278637770898,0.17383512544802865,0.3020507121931508,238.0,0.016554621848739494,0.3779411764705882,0,2020-02-08,2407,30.0,0.12605042016806722,Ishaan Kumar,34.0,Female,Bengaluru,2020-02-08,238.0,30.0,4.58,0,Med
T01266,R0125,Zone_7,8.66,49.87,144.0,Cash,2023-12-23,0,0,Saturday,December,4.976733742420574,2.2679936482244267,7.061869440877536,0.09271895063755618,-0.33396923310114063,0.14742340664884732,0.3343653250773994,0.24731182795698922,0.48405562851466477,99.0,0.08747474747474748,1.4545454545454546,0,2023-04-22,1238,19.0,0.1919191919191919,Saanvi Ghosh,44.0,Male,Ahmedabad,2023-04-22,99.0,19.0,3.89,1,Low
T01267,R0258,Zone_3,4.15,41.08,36.25,UPI,2023-07-14,0,0,Friday,July,3.6176519448255684,1.6389967146756448,6.4093681435848255,-0.9208116794835796,-0.5783286247275834,-1.206385725300948,0.15982972136222912,0.2035543608124253,0.1212243660975856,313.0,0.013258785942492014,0.11581469648562301,0,2020-01-29,2417,39.0,0.12460063897763578,Vivaan Nair,32.0,Female,Jaipur,2020-01-29,313.0,39.0,3.76,0,Med
T01268,R0142,Zone_6,9.27,82.65,156.51,Wallet,2023-08-09,0,0,Wednesday,August,5.059488948313644,2.329227023940467,9.091204540653566,0.2298040247781088,0.5773050396536713,0.30460347384784436,0.35797213622291024,0.4104938271604939,0.5261810957335757,78.0,0.11884615384615384,2.0065384615384616,0,2021-03-04,2017,5.0,0.0641025641025641,Meera Nair,33.0,Female,Kolkata,2021-03-04,78.0,5.0,3.48,0,Low
T01269,R0058,Zone_2,6.87,45.49,64.95,Credit Card,2023-08-07,0,0,Monday,August,4.188896879163323,2.063058062429312,6.7446274915669,-0.3095470865945576,-0.4557319333655113,-0.8457887685774295,0.26509287925696595,0.22550776583034648,0.21786712462538302,480.0,0.0143125,0.1353125,0,2021-05-31,1929,25.0,0.052083333333333336,Vivaan Reddy,46.0,Male,Kolkata,2021-05-31,480.0,25.0,4.32,1,High
T01270,R0067,Zone_1,0.15,0.8,1.63,Wallet,2023-12-25,0,0,Monday,December,0.9669838461896731,0.1397619423751587,0.8944271909999159,-1.8197301984380236,-1.6981006719076877,-1.6413636570698755,0.005030959752321981,0.003036638789326962,0.004646934033740781,348.0,0.0004310344827586207,0.004683908045977011,0,2022-07-24,1510,9.0,0.02586206896551724,Saanvi Iyer,32.0,Male,Pune,2022-07-24,348.0,9.0,3.38,1,High
T01271,R0088,Zone_10,8.84,54.01,71.97,Wallet,2023-05-22,0,0,Monday,May,4.290048397777529,2.286455711064162,7.349149610669251,0.1331702839905061,-0.21887846161837915,-0.7575870042499347,0.3413312693498452,0.267921146953405,0.2415058760144122,438.0,0.020182648401826483,0.1643150684931507,0,2019-07-07,2623,0.0,0.0,Diya Iyer,22.0,Other,Jaipur,2019-07-07,438.0,0.0,4.78,2,High
T01272,R0112,Zone_1,10.93,95.31,241.48,Cash,2024-06-21,0,0,Friday,June,5.4909192327495475,2.4790562361098245,9.762684057163789,0.6028552101442032,0.929249282883565,1.3721966241195298,0.42221362229102166,0.4735165272799682,0.8123042731589049,311.0,0.03514469453376206,0.7764630225080386,0,2020-11-13,2128,11.0,0.03536977491961415,Meera Nair,41.0,Female,Delhi,2020-11-13,311.0,11.0,3.24,0,Med
T01273,R0062,Zone_5,13.06,124.07,229.92,Credit Card,2023-12-17,0,0,Sunday,December,5.442071330192733,2.643333886382519,11.138671374989029,1.0815293214874449,1.7287687485464196,1.226952693118698,0.5046439628482973,0.6166865790521704,0.773377782267569,57.0,0.22912280701754387,4.0336842105263155,0,2019-05-13,2678,3.0,0.05263157894736842,Kavya Sharma,38.0,Male,Jaipur,2019-05-13,57.0,3.0,3.58,1,Low
T01274,R0094,Zone_5,6.17,45.1,99.64,Wallet,2023-08-12,0,0,Saturday,August,4.611549792952131,1.969905654611529,6.715653356152326,-0.4668578274115854,-0.46657381763562655,-0.4099313320360058,0.2380030959752322,0.22356630824372759,0.33468027073441764,480.0,0.012854166666666667,0.20758333333333334,0,2023-04-13,1247,62.0,0.12916666666666668,Diya Iyer,41.0,Other,Delhi,2023-04-13,480.0,62.0,4.87,2,High
T01275,R0040,Zone_6,7.69,56.11,128.05,Cash,2023-09-29,0,0,Friday,September,4.860199926164623,2.162172939277301,7.490660852021001,-0.12526879020889647,-0.1604990847792972,-0.052978037941400664,0.29682662538699695,0.2783751493428913,0.43034649964642896,485.0,0.015855670103092783,0.26402061855670106,0,2023-05-05,1225,36.0,0.07422680412371134,Aarav Gupta,34.0,Other,Surat,2023-05-05,485.0,36.0,4.41,2,High
T01276,R0008,Zone_4,0.52,3.4,7.03,Credit Card,2023-09-25,0,0,Monday,September,2.0831845279586703,0.41871033485818504,1.8439088914585775,-1.736580235434738,-1.625821443440253,-1.5735161460487255,0.019349845201238395,0.01597968936678614,0.02283058894837862,215.0,0.0024186046511627908,0.032697674418604654,0,2022-10-01,1441,23.0,0.10697674418604651,Ishaan Ghosh,28.0,Female,Jaipur,2022-10-01,215.0,23.0,4.02,0,Med
T01277,R0277,Zone_7,17.82,145.63,186.18,Credit Card,2024-03-04,0,0,Monday,March,5.23207072072911,2.9349201341572337,12.067725552066554,2.1512423590432332,2.3281303507609943,0.6773878538473845,0.6888544891640868,0.7240143369175627,0.6260901774590026,433.0,0.04115473441108545,0.4299769053117783,0,2021-01-22,2058,16.0,0.03695150115473441,Kavya Gupta,42.0,Female,Jaipur,2021-01-22,433.0,16.0,3.06,0,High
T01278,R0030,Zone_9,15.53,90.04,297.22,Credit Card,2024-06-08,0,0,Saturday,June,5.697831469162762,2.805176911832933,9.488940931421167,1.636611506941814,0.7827448467207262,2.0725337101045103,0.6002321981424149,0.4472819593787336,1.0,442.0,0.03513574660633484,0.6724434389140272,0,2021-01-08,2072,58.0,0.13122171945701358,Saanvi Patel,25.0,Other,Mumbai,2021-01-08,442.0,58.0,3.72,2,High
T01279,R0104,Zone_6,7.84,49.14,184.23,Cash,2024-04-24,0,0,Wednesday,April,5.221598296134632,2.179286876649552,7.009992867328753,-0.09155934574810494,-0.35426301647853564,0.6528873637564135,0.3026315789473684,0.24367781760254878,0.6195238576287166,328.0,0.023902439024390244,0.5616768292682927,0,2021-05-27,1933,1.0,0.003048780487804878,Diya Gupta,52.0,Male,Kolkata,2021-05-27,328.0,1.0,3.7,1,High
T01280,R0074,Zone_1,7.38,45.5,139.87,UPI,2024-05-19,0,0,Sunday,May,4.9478374792722155,2.1258479144939915,6.745368781616021,-0.194934975427866,-0.4554539363329443,0.09553262507156056,0.2848297213622291,0.22555754679410592,0.4701484998484695,199.0,0.03708542713567839,0.7028643216080402,0,2023-09-11,1096,22.0,0.11055276381909548,Vivaan Ghosh,23.0,Male,Kolkata,2023-09-11,199.0,22.0,4.89,1,Med
T01281,R0161,Zone_9,6.65,46.28,163.53,Cash,2024-01-20,0,0,Saturday,January,5.103092924398559,2.0347056478384444,6.802940540677979,-0.35898760513705197,-0.4337701677927139,0.39280523817533924,0.2565789473684211,0.2294404619673437,0.549819847122605,332.0,0.02003012048192771,0.4925602409638554,0,2019-03-27,2725,50.0,0.15060240963855423,Aarav Nair,32.0,Other,Surat,2019-03-27,332.0,50.0,4.91,2,High
T01282,R0190,Zone_2,13.18,104.11,227.82,Wallet,2023-09-16,0,0,Saturday,September,5.432935668272798,2.6518325211039815,10.203430795570673,1.108496877056078,1.1738866715425746,1.2005675499438064,0.5092879256965944,0.5173237753882916,0.7663063609118765,274.0,0.048102189781021897,0.8314598540145985,0,2020-09-25,2177,47.0,0.17153284671532848,Saanvi Iyer,35.0,Other,Surat,2020-09-25,274.0,47.0,4.12,2,Med
T01283,R0032,Zone_1,10.81,91.81,224.14,UPI,2024-08-05,0,0,Monday,August,5.416722430926658,2.468946630209271,9.581753492967767,0.57588765457557,0.8319503214850952,1.154330727618282,0.4175696594427245,0.4560931899641577,0.7539145368219011,213.0,0.05075117370892019,1.052300469483568,0,2023-09-20,1087,24.0,0.11267605633802817,Kavya Reddy,18.0,Female,Mumbai,2023-09-20,213.0,24.0,4.0,0,Med
T01284,R0257,Zone_6,12.06,94.25,138.72,Credit Card,2023-06-13,0,0,Tuesday,June,4.939640419938631,2.569554123848285,9.7082439194738,0.8567996917488339,0.8997815974314569,0.08108361809483414,0.4659442724458205,0.46823974512146554,0.4662760548203522,459.0,0.02627450980392157,0.3022222222222222,0,2023-03-11,1280,19.0,0.04139433551198257,Arjun Reddy,36.0,Other,Delhi,2023-03-11,459.0,19.0,4.82,2,High
T01285,R0011,Zone_9,5.97,46.59,52.69,UPI,2024-05-17,0,0,Friday,May,3.983226764434478,1.9416152247724325,6.825686778632609,-0.5118037533593076,-0.42515225978313503,-0.9998277473032252,0.23026315789473684,0.2309836718438869,0.17658349328214967,208.0,0.028701923076923076,0.2533173076923077,0,2020-04-14,2341,34.0,0.16346153846153846,Vivaan Nair,26.0,Male,Chennai,2020-04-14,208.0,34.0,4.0,1,Med
T01286,R0253,Zone_1,5.65,49.11,86.86,Cash,2023-07-06,0,0,Thursday,July,4.475744638547633,1.8946168546677629,7.0078527381787925,-0.583717234875663,-0.35509700757623686,-0.5705037747860604,0.2178792569659443,0.2435284747112704,0.29164562076977474,173.0,0.03265895953757226,0.5020809248554913,0,2021-08-19,1849,24.0,0.13872832369942195,Ishaan Gupta,26.0,Male,Surat,2021-08-19,173.0,24.0,3.16,1,Med
T01287,R0084,Zone_4,1.82,14.54,29.22,Wallet,2024-01-11,0,0,Thursday,January,3.4085039568445934,1.0367368849500223,3.8131351929875237,-1.4444317167745433,-1.3161327491605517,-1.294713133167371,0.06965944272445822,0.07143568299482278,0.0975519412735293,366.0,0.0049726775956284155,0.07983606557377049,0,2019-07-21,2609,6.0,0.01639344262295082,Kavya Sharma,38.0,Male,Jaipur,2019-07-21,366.0,6.0,4.67,1,High
T01288,R0124,Zone_1,11.89,109.54,135.26,Credit Card,2023-04-23,0,0,Sunday,April,4.914564825345522,2.556451816951096,10.466135867644754,0.8185956546932699,1.3248390602264868,0.03761095362572692,0.4593653250773994,0.5443548387096775,0.4546250463009731,419.0,0.02837708830548926,0.3228162291169451,0,2022-06-09,1555,25.0,0.059665871121718374,Aadhya Das,37.0,Other,Hyderabad,2022-06-09,419.0,25.0,3.59,2,High
T01289,R0111,Zone_9,14.26,104.59,151.15,Cash,2024-07-22,0,0,Monday,July,5.02486687634298,2.725235025856311,10.22692524662227,1.351204877173778,1.1872305291057936,0.2372585369824069,0.5510835913312694,0.5197132616487455,0.5081321345590464,202.0,0.07059405940594059,0.7482673267326733,0,2021-11-05,1771,24.0,0.1188118811881188,Reyansh Sharma,28.0,Male,Ahmedabad,2021-11-05,202.0,24.0,4.67,1,Med
T01290,R0190,Zone_5,13.62,78.93,158.46,Wallet,2024-06-22,0,0,Saturday,June,5.07179310707435,2.6823904543216326,8.884255736976508,1.2073779141410668,0.47389014353872627,0.32910396393881536,0.5263157894736842,0.39197530864197533,0.5327474155638616,274.0,0.04970802919708029,0.5783211678832118,0,2020-09-25,2177,47.0,0.17153284671532848,Saanvi Iyer,35.0,Other,Surat,2020-09-25,274.0,47.0,4.12,2,Med
T01291,R0058,Zone_1,8.94,61.84,128.02,Cash,2024-03-09,0,0,Saturday,March,4.859967431104096,2.2965670206684825,7.863841300535,0.15564324696436713,-0.0012067851183736348,-0.05335496855818484,0.34520123839009287,0.30689964157706096,0.43024547934134766,480.0,0.018625,0.2667083333333334,0,2021-05-31,1929,25.0,0.052083333333333336,Vivaan Reddy,46.0,Male,Kolkata,2021-05-31,480.0,25.0,4.32,1,High
T01292,R0003,Zone_10,6.37,36.42,83.12,Cash,2024-03-22,0,0,Friday,March,4.432244350834499,1.9974177062012453,6.034898507845845,-0.4219119014638631,-0.7078752419038317,-0.617494458345153,0.24574303405572756,0.1803564317005177,0.27905175606963667,45.0,0.14155555555555555,1.8471111111111111,0,2023-05-04,1226,9.0,0.2,Kavya Reddy,34.0,Male,Pune,2023-05-04,45.0,9.0,3.76,1,Low
T01293,R0167,Zone_5,2.74,26.26,58.18,Cash,2024-02-21,0,0,Wednesday,February,4.080583646972063,1.3190856114264407,5.124451190127583,-1.237680457415021,-0.9903202269919613,-0.9308494444317228,0.10526315789473686,0.129778972520908,0.1950702091120315,117.0,0.02341880341880342,0.4972649572649573,0,2022-08-25,1478,5.0,0.042735042735042736,Kavya Nair,44.0,Male,Hyderabad,2022-08-25,117.0,5.0,4.75,1,Low
T01294,R0103,Zone_2,4.49,43.26,73.0,Credit Card,2023-10-15,0,0,Sunday,October,4.30406509320417,1.7029282555214393,6.577233460962139,-0.8444036053724518,-0.517725271627965,-0.744645719740345,0.1729876160990712,0.21440661091198723,0.24497423982220423,175.0,0.025657142857142858,0.41714285714285715,0,2022-11-24,1387,14.0,0.08,Ishaan Gupta,37.0,Other,Surat,2022-11-24,175.0,14.0,3.07,2,Med
T01295,R0084,Zone_6,10.34,97.26,226.9,Cash,2023-04-07,0,0,Friday,April,5.4289069362516384,2.428336298299606,9.862048468751308,0.47026472859842267,0.9834587042341411,1.1890083443624255,0.3993808049535604,0.48322381521306257,0.7632084048893828,366.0,0.028251366120218578,0.6199453551912568,0,2019-07-21,2609,6.0,0.01639344262295082,Kavya Sharma,38.0,Male,Jaipur,2019-07-21,366.0,6.0,4.67,1,High
T01296,R0055,Zone_4,6.58,53.2,115.07,Wallet,2023-08-09,0,0,Wednesday,August,4.754193457380532,2.0255131996542803,7.293833011524188,-0.3747186792187548,-0.2413962212563106,-0.21606335147001662,0.25386996904024767,0.2638888888888889,0.38663838098124387,425.0,0.015482352941176471,0.2707529411764706,0,2021-11-07,1769,12.0,0.02823529411764706,Kavya Singh,32.0,Male,Delhi,2021-11-07,425.0,12.0,4.19,1,High
T01297,R0235,Zone_7,16.21,156.4,162.95,Wallet,2024-08-01,0,0,Thursday,August,5.099561503290658,2.845490610223448,12.505998560690786,1.7894276551640698,2.627533154835714,0.3855179129175119,0.6265479876160991,0.7776284348864995,0.5478667878910327,284.0,0.0570774647887324,0.5737676056338028,0,2021-02-15,2034,8.0,0.028169014084507043,Aarav Ghosh,34.0,Other,Delhi,2021-02-15,284.0,8.0,4.06,2,Med
T01298,R0254,Zone_1,13.76,69.71,178.7,Cash,2023-12-30,0,0,Saturday,December,5.191288793789513,2.6919208191723265,8.349251463454673,1.2388400623044724,0.2175768795118997,0.5834064867291989,0.531733746130031,0.3460772600557547,0.6009024480587264,363.0,0.03790633608815427,0.4922865013774104,0,2020-03-09,2377,70.0,0.1928374655647383,Meera Kumar,18.0,Male,Delhi,2020-03-09,363.0,70.0,3.68,1,High
T01299,R0060,Zone_1,4.99,45.06,74.39,Wallet,2023-10-20,0,0,Friday,October,4.32267464022361,1.7900914121273581,6.712674578735364,-0.7320387905031464,-0.46768580576589475,-0.7271812678293453,0.1923374613003096,0.22336718438868977,0.24965484729097212,123.0,0.040569105691056914,0.6047967479674797,0,2023-08-01,1137,7.0,0.056910569105691054,Aarav Nair,40.0,Female,Hyderabad,2023-08-01,123.0,7.0,4.57,0,Low
T01300,R0196,Zone_3,1.92,14.98,37.71,Wallet,2024-01-25,0,0,Thursday,January,3.6560979645895566,1.0715836162801904,3.8704004960727256,-1.4219587538006824,-1.3039008797276013,-1.1880417686174518,0.07352941176470588,0.07362604540023895,0.12614068761154323,51.0,0.03764705882352941,0.7394117647058823,0,2019-06-24,2636,9.0,0.17647058823529413,Vivaan Das,18.0,Male,Hyderabad,2019-06-24,51.0,9.0,4.93,1,Low
T01301,R0097,Zone_3,5.26,37.32,56.45,Credit Card,2023-05-06,0,0,Saturday,May,4.050915004294764,1.8341801851120072,6.109009739720506,-0.6713617904737215,-0.6828555089727967,-0.9525857766662764,0.20278637770897834,0.18483671843886895,0.189244704852342,478.0,0.01100418410041841,0.11809623430962343,0,2021-01-25,2055,5.0,0.010460251046025104,Aarav Iyer,23.0,Other,Bengaluru,2021-01-25,478.0,5.0,3.28,2,High
T01302,R0028,Zone_4,13.33,129.68,246.79,Credit Card,2023-05-04,0,0,Thursday,May,5.5125816132556515,2.6623552418400807,11.387712676389407,1.1422063215168696,1.884725083816539,1.4389133432903272,0.515092879256966,0.6446136997212266,0.8301848671582988,249.0,0.05353413654618474,0.9911244979919679,0,2023-11-11,1035,21.0,0.08433734939759036,Reyansh Sharma,20.0,Female,Surat,2023-11-11,249.0,21.0,3.79,0,Med
T01303,R0235,Zone_9,5.38,44.38,68.89,Credit Card,2024-03-09,0,0,Saturday,March,4.246922577489038,1.8531680973566984,6.661831579978587,-0.6443942349050881,-0.4865896039804546,-0.7962852142397757,0.20743034055727555,0.2199820788530466,0.23113445802606322,284.0,0.018943661971830984,0.24257042253521127,0,2021-02-15,2034,8.0,0.028169014084507043,Aarav Ghosh,34.0,Other,Delhi,2021-02-15,284.0,8.0,4.06,2,Med
T01304,R0072,Zone_10,10.73,81.37,223.02,Cash,2023-05-28,0,0,Sunday,May,5.411735333583594,2.462149662665384,9.020532135079394,0.5579092841964811,0.541721419485088,1.1402586512583401,0.4144736842105263,0.40412186379928317,0.7501431120988652,62.0,0.17306451612903226,3.5970967741935485,0,2023-11-05,1041,10.0,0.16129032258064516,Saanvi Das,25.0,Other,Jaipur,2023-11-05,62.0,10.0,4.07,2,Low
T01305,R0134,Zone_9,5.17,35.4,100.09,UPI,2023-08-20,0,0,Sunday,August,4.616011209165967,1.8196988379172965,5.9497899122574065,-0.6915874571501964,-0.7362309392256716,-0.40427737278424325,0.19930340557275542,0.17527877339705294,0.33619557531063743,410.0,0.012609756097560975,0.2441219512195122,0,2022-07-30,1504,29.0,0.07073170731707316,Aadhya Singh,34.0,Male,Jaipur,2022-07-30,410.0,29.0,4.59,1,High
T01306,R0084,Zone_10,9.72,73.17,199.22,Cash,2023-09-01,0,0,Friday,September,5.2994167619913375,2.372111155642656,8.553946457629952,0.330932358160484,0.3137638527801015,0.8412270286095684,0.37538699690402483,0.3633014735165273,0.6700003367343502,366.0,0.02655737704918033,0.5443169398907104,0,2019-07-21,2609,6.0,0.01639344262295082,Kavya Sharma,38.0,Male,Jaipur,2019-07-21,366.0,6.0,4.67,1,High
T01307,R0164,Zone_10,10.64,62.59,150.39,UPI,2024-08-04,0,0,Sunday,August,5.019859288623787,2.454447442303292,7.911384202527394,0.5376836175200062,0.019642992324155614,0.22770962802387446,0.41099071207430343,0.3106332138590203,0.5055729534969862,249.0,0.04273092369477912,0.6039759036144577,0,2022-07-06,1528,23.0,0.09236947791164658,Aadhya Ghosh,37.0,Other,Ahmedabad,2022-07-06,249.0,23.0,4.02,2,Med
T01308,R0176,Zone_6,12.93,107.92,297.22,Wallet,2023-08-09,0,0,Wednesday,August,5.697831469162762,2.6340447877917144,10.388455130576443,1.0523144696214253,1.2798035409506234,2.0725337101045103,0.4996130030959752,0.5362903225806451,1.0,260.0,0.04973076923076923,1.1431538461538462,0,2019-05-24,2667,13.0,0.05,Kavya Gupta,43.0,Male,Mumbai,2019-05-24,260.0,13.0,3.95,1,Med
T01309,R0170,Zone_9,15.17,112.08,278.29,Wallet,2024-07-17,0,0,Wednesday,July,5.632250668514958,2.783157673589016,10.586784214292837,1.555708840235914,1.3954503064985189,1.8346904909137016,0.5863003095975232,0.5569992035045799,0.9362561874936862,28.0,0.5417857142857143,9.938928571428573,0,2020-05-20,2305,3.0,0.10714285714285714,Saanvi Kumar,29.0,Other,Bengaluru,2020-05-20,28.0,3.0,3.68,2,Low
T01310,R0245,Zone_10,14.55,84.59,269.23,Credit Card,2024-04-22,0,0,Monday,April,5.599273448230355,2.744060638625243,9.197282207261013,1.4163764697979753,0.6312364639716802,1.7208574446448834,0.5623065015479877,0.4201513341298288,0.9057480553591272,265.0,0.054905660377358494,1.0159622641509434,0,2020-03-04,2382,48.0,0.1811320754716981,Diya Sharma,35.0,Female,Hyderabad,2020-03-04,265.0,48.0,4.73,0,Med
T01311,R0004,Zone_7,5.35,43.9,64.48,Wallet,2023-09-24,0,0,Sunday,September,4.181744752502934,1.8484548129046001,6.6257075093909785,-0.6511361237972465,-0.4999334615436734,-0.851694014907048,0.20626934984520123,0.21759259259259256,0.21628447317910898,464.0,0.011530172413793102,0.13896551724137932,0,2019-07-28,2602,5.0,0.010775862068965518,Aarav Nair,19.0,Other,Kolkata,2019-07-28,464.0,5.0,3.19,2,High
T01312,R0238,Zone_8,7.26,53.73,75.46,Credit Card,2024-08-23,0,0,Friday,August,4.336767728268267,2.1114245875328868,7.33007503372237,-0.22190253099649937,-0.22666237853025675,-0.7137374091640435,0.2801857585139319,0.2665272799681402,0.2532579048388726,362.0,0.02005524861878453,0.20845303867403314,0,2019-04-22,2699,56.0,0.15469613259668508,Reyansh Patel,30.0,Other,Pune,2019-04-22,362.0,56.0,4.91,2,High
T01313,R0053,Zone_3,2.13,12.79,42.2,Credit Card,2024-08-04,0,0,Sunday,August,3.765840495250065,1.1410330045520618,3.576310948449533,-1.374765531555574,-1.3647822298597867,-1.1316278196387553,0.08165634674922602,0.06272401433691756,0.14126005993871435,63.0,0.03380952380952381,0.6698412698412699,0,2019-09-16,2552,7.0,0.1111111111111111,Arjun Reddy,45.0,Female,Delhi,2019-09-16,63.0,7.0,4.85,0,Low
T01314,R0027,Zone_6,6.82,49.94,153.49,Cash,2023-02-05,0,0,Sunday,February,5.040129369323958,2.05668455455722,7.066823897621901,-0.3207835680814881,-0.3320232538731712,0.26665912509157186,0.26315789473684215,0.24766029470330544,0.5160117183553894,403.0,0.016923076923076923,0.3808684863523573,0,2019-10-05,2533,61.0,0.1513647642679901,Ishaan Iyer,39.0,Male,Jaipur,2019-10-05,403.0,61.0,3.98,1,High
T01315,R0222,Zone_10,8.12,63.74,108.79,UPI,2023-11-05,0,0,Sunday,November,4.698569450246641,2.21046980408624,7.983733462484829,-0.02863504942129399,0.05161265106936709,-0.29496749391683513,0.3134674922600619,0.31635802469135804,0.36549146378422065,475.0,0.01709473684210526,0.22903157894736845,0,2022-08-28,1475,12.0,0.02526315789473684,Aarav Singh,27.0,Male,Surat,2022-08-28,475.0,12.0,3.44,1,High
T01316,R0160,Zone_4,5.98,30.73,74.09,Cash,2023-04-11,0,0,Tuesday,April,4.318687394111793,1.9430489167742813,5.543464620614079,-0.5095564570619213,-0.8660555534344869,-0.7309505739971869,0.23065015479876164,0.15203106332138588,0.24864464424015892,438.0,0.013652968036529682,0.16915525114155253,0,2021-06-16,1913,7.0,0.01598173515981735,Kavya Nair,30.0,Male,Surat,2021-06-16,438.0,7.0,4.42,1,High
T01317,R0249,Zone_7,5.48,52.77,121.71,Cash,2023-02-16,0,0,Thursday,February,4.809823847988456,1.8687205103641833,7.264296249465602,-0.6219212719312268,-0.25335009365669403,-0.1326360416217879,0.21130030959752324,0.2617483074472322,0.408997541839243,396.0,0.013838383838383839,0.3073484848484848,0,2023-03-24,1267,48.0,0.12121212121212122,Diya Nair,20.0,Male,Mumbai,2023-03-24,396.0,48.0,4.49,1,High
T01318,R0016,Zone_1,13.16,96.42,297.22,Wallet,2024-05-26,0,0,Sunday,May,5.697831469162762,2.6504210882655737,9.819368615140181,1.1040022844613058,0.9601069534985083,2.0725337101045103,0.5085139318885449,0.47904221425726806,1.0,356.0,0.03696629213483146,0.8348876404494383,0,2022-01-24,1691,51.0,0.14325842696629212,Aarav Iyer,28.0,Female,Delhi,2022-01-24,356.0,51.0,3.06,0,High
T01319,R0223,Zone_5,12.54,89.9,223.88,Wallet,2023-06-10,0,0,Saturday,June,5.415566926598276,2.605648267484129,9.481561052906848,0.9646699140233668,0.7788528882647874,1.1510639956061526,0.4845201238390093,0.4465850258861012,0.7530390275111963,158.0,0.07936708860759494,1.4169620253164557,0,2019-11-29,2478,10.0,0.06329113924050633,Meera Ghosh,30.0,Female,Surat,2019-11-29,158.0,10.0,4.04,0,Low
T01320,R0003,Zone_2,10.0,98.25,154.94,UPI,2023-06-03,0,0,Saturday,June,5.049471317881454,2.3978952727983707,9.912113800799505,0.39385665448729495,1.0109804104582796,0.28487743823613976,0.3862229102167183,0.4881521306252489,0.52089436643432,45.0,0.2222222222222222,3.443111111111111,0,2023-05-04,1226,9.0,0.2,Kavya Reddy,34.0,Male,Pune,2023-05-04,45.0,9.0,3.76,1,Low
T01321,R0236,Zone_7,1.6099999999999999,10.54,37.2,Credit Card,2023-02-02,0,0,Thursday,February,3.6428355156125294,0.959350221334602,3.246536616149585,-1.4916249390196519,-1.4273315621873743,-1.1944495891027829,0.061532507739938076,0.05152329749103943,0.12442334242516079,61.0,0.02639344262295082,0.6098360655737706,0,2020-08-10,2223,1.0,0.01639344262295082,Arjun Gupta,28.0,Male,Ahmedabad,2020-08-10,61.0,1.0,3.36,1,Low
T01322,R0185,Zone_9,9.0,87.7,155.52,Wallet,2024-02-16,0,0,Friday,February,5.053183797342212,2.302585092994046,9.364827814754525,0.1691270247486839,0.7176935411000349,0.29216476349396714,0.3475232198142415,0.4356332138590203,0.5228474256658922,201.0,0.04477611940298507,0.7737313432835822,0,2021-08-27,1841,12.0,0.05970149253731343,Vivaan Sharma,27.0,Male,Delhi,2021-08-27,201.0,12.0,4.05,1,Med
T01323,R0166,Zone_9,6.08,32.36,73.25,Wallet,2024-01-22,0,0,Monday,January,4.307437777682809,1.9572739077056285,5.688585061331157,-0.48708349408806034,-0.8207420371260568,-0.7415046312671436,0.2345201238390093,0.1601453604141776,0.24581607569788191,349.0,0.017421203438395417,0.20988538681948424,0,2021-03-16,2005,63.0,0.18051575931232092,Reyansh Sharma,24.0,Other,Chennai,2021-03-16,349.0,63.0,4.29,2,High
T01324,R0270,Zone_1,14.58,117.9,297.22,Credit Card,2024-08-14,0,0,Wednesday,August,5.697831469162762,2.7459880404426023,10.858176642512316,1.4231183586901335,1.557244579452546,2.0725337101045103,0.563467492260062,0.5859717244125847,1.0,455.0,0.032043956043956046,0.6532307692307693,0,2022-01-02,1713,64.0,0.14065934065934066,Aadhya Reddy,35.0,Male,Hyderabad,2022-01-02,455.0,64.0,3.08,1,High
T01325,R0250,Zone_9,1.01,5.7,8.99,Credit Card,2023-07-29,0,0,Saturday,July,2.301584592660462,0.6981347220709844,2.3874672772626644,-1.6264627168628183,-1.5618821259498297,-1.5488900124188267,0.03831269349845201,0.02742931103146157,0.029430582213691617,163.0,0.006196319018404908,0.055153374233128834,0,2021-02-01,2048,31.0,0.1901840490797546,Aadhya Iyer,34.0,Female,Jaipur,2021-02-01,163.0,31.0,4.63,0,Low
T01326,R0072,Zone_5,5.21,38.32,45.13,Wallet,2024-07-30,0,0,Tuesday,July,3.8314634975697293,1.8261608959453874,6.190315016216864,-0.6825982719606519,-0.655055805716091,-1.094814262732835,0.2008513931888545,0.1898148148148148,0.15112637640165671,62.0,0.08403225806451613,0.7279032258064516,0,2023-11-05,1041,10.0,0.16129032258064516,Saanvi Das,25.0,Other,Jaipur,2023-11-05,62.0,10.0,4.07,2,Low
T01327,R0280,Zone_8,5.07,44.97,72.82,Cash,2024-03-09,0,0,Saturday,March,4.301629697601852,1.803358605071407,6.705967491719595,-0.7140604201240575,-0.47018777905899833,-0.74690730344105,0.19543343653250775,0.22291915571485463,0.2443681179917163,172.0,0.029476744186046514,0.4233720930232558,0,2023-05-31,1199,23.0,0.13372093023255813,Saanvi Gupta,26.0,Other,Chennai,2023-05-31,172.0,23.0,4.43,2,Med
T01328,R0203,Zone_4,5.67,32.13,68.89,UPI,2024-01-05,0,0,Friday,January,4.246922577489038,1.8976198599275322,5.668333088307356,-0.5792226422808909,-0.827135968875099,-0.7962852142397757,0.2186532507739938,0.1590003982477101,0.23113445802606322,152.0,0.037302631578947365,0.45322368421052633,0,2023-07-25,1144,9.0,0.05921052631578947,Kavya Gupta,49.0,Female,Bengaluru,2023-07-25,152.0,9.0,3.6,0,Low
T01329,R0165,Zone_10,12.79,110.98,232.73,Cash,2023-11-28,0,0,Tuesday,November,5.454166603010877,2.6239436918052106,10.534704552098269,1.0208523214580196,1.3648706329161429,1.2622585275574816,0.49419504643962847,0.5515232974910395,0.7828400175101862,34.0,0.3761764705882353,6.845,0,2021-12-09,1737,5.0,0.14705882352941177,Meera Reddy,37.0,Female,Kolkata,2021-12-09,34.0,5.0,3.27,0,Low
T01330,R0028,Zone_4,3.76,33.29,33.59,UPI,2023-10-19,0,0,Thursday,October,3.5435646229490776,1.5602476682433286,5.769748694700662,-1.008456235081638,-0.7948883130973206,-1.2398069066558106,0.14473684210526316,0.16477499004380722,0.11226723238037511,249.0,0.015100401606425702,0.13489959839357432,0,2023-11-11,1035,21.0,0.08433734939759036,Reyansh Sharma,20.0,Female,Surat,2023-11-11,249.0,21.0,3.79,0,Med
T01331,R0294,Zone_5,6.96,64.73,98.96,UPI,2023-12-12,0,0,Tuesday,December,4.604770105966751,2.0744289998562917,8.045495634204272,-0.28932141991808263,0.07913435729350575,-0.4184750926831136,0.26857585139318885,0.32128634010354445,0.3323904771525743,41.0,0.16975609756097562,2.4136585365853658,0,2021-04-02,1988,7.0,0.17073170731707318,Arjun Reddy,24.0,Male,Surat,2021-04-02,41.0,7.0,3.2,1,Low
T01332,R0146,Zone_6,12.25,87.0,233.83,UPI,2024-02-29,0,0,Thursday,February,5.458861848105724,2.583997552432231,9.327379053088816,0.8994983213991697,0.6982337488203408,1.2760793168395679,0.47329721362229105,0.43214854639585826,0.786544095363168,80.0,0.153125,2.9228750000000003,0,2020-04-15,2340,11.0,0.1375,Kavya Gupta,30.0,Male,Surat,2020-04-15,80.0,11.0,3.89,1,Low
T01333,R0135,Zone_3,12.9,77.2,259.46,UPI,2023-07-23,0,0,Sunday,July,5.5624492985395575,2.631888840136646,8.78635305459552,1.045572580729267,0.42579665690462537,1.598103707112173,0.49845201238390097,0.383363201911589,0.8728491093376434,153.0,0.08431372549019608,1.6958169934640521,0,2022-02-24,1660,8.0,0.05228758169934641,Reyansh Patel,38.0,Female,Ahmedabad,2022-02-24,153.0,8.0,3.47,0,Low
T01334,R0022,Zone_2,5.25,39.93,80.17,UPI,2023-05-16,0,0,Tuesday,May,4.3965457207730845,1.8325814637483102,6.319018911191831,-0.6736090867711075,-0.6102982834727949,-0.6545593023289293,0.20239938080495357,0.1978295499800876,0.26911809273664006,220.0,0.023863636363636365,0.3644090909090909,0,2020-09-14,2188,1.0,0.004545454545454545,Aarav Nair,43.0,Female,Kolkata,2020-09-14,220.0,1.0,3.32,0,Med
T01335,R0237,Zone_3,4.6,41.73,44.08,Wallet,2023-06-01,0,0,Thursday,June,3.8084386891715756,1.7227665977411035,6.4598761598036845,-0.8196833461012047,-0.5602588176107247,-1.108006834320281,0.17724458204334365,0.2067901234567901,0.14759066572381047,36.0,0.12777777777777777,1.2244444444444444,0,2022-12-13,1368,3.0,0.08333333333333333,Aadhya Nair,40.0,Male,Chennai,2022-12-13,36.0,3.0,3.71,1,Low
T01336,R0157,Zone_1,9.73,77.54,93.63,UPI,2023-10-17,0,0,Tuesday,October,4.549974550520141,2.373043556642607,8.805679985100527,0.33317965445787007,0.4352485560119054,-0.48544309893176707,0.37577399380804954,0.3850557546794106,0.31444253628312624,319.0,0.030501567398119125,0.29351097178683383,0,2021-11-23,1753,27.0,0.08463949843260188,Kavya Nair,36.0,Female,Hyderabad,2021-11-23,319.0,27.0,4.65,0,Med
T01337,R0152,Zone_1,8.76,51.32,154.75,UPI,2024-02-14,0,0,Wednesday,February,5.048252157667562,2.278292400425001,7.163797875428926,0.1151919136114172,-0.2936596633789173,0.28249021099650673,0.3382352941176471,0.25453006770211073,0.5202545711688049,143.0,0.061258741258741256,1.082167832167832,0,2021-05-04,1956,24.0,0.16783216783216784,Arjun Patel,34.0,Female,Bengaluru,2021-05-04,143.0,24.0,3.91,0,Low
T01338,R0160,Zone_1,8.35,66.52,109.36,Credit Card,2024-05-03,0,0,Friday,May,4.703747749349085,2.2353763433005955,8.155979401641472,0.023052765418586647,0.12889582612300868,-0.2878058121979361,0.3223684210526316,0.3301971326164875,0.3674108495807657,438.0,0.01906392694063927,0.24968036529680365,0,2021-06-16,1913,7.0,0.01598173515981735,Kavya Nair,30.0,Male,Surat,2021-06-16,438.0,7.0,4.42,1,High
T01339,R0249,Zone_10,11.01,106.56,154.05,Cash,2023-03-27,0,0,Monday,March,5.043747645546458,2.485739636091892,10.322790320451153,0.6208335805232921,1.2419959445215036,0.27369516327154303,0.42530959752321984,0.5295201115093588,0.5178974307169074,396.0,0.0278030303030303,0.38901515151515154,0,2023-03-24,1267,48.0,0.12121212121212122,Diya Nair,20.0,Male,Mumbai,2023-03-24,396.0,48.0,4.49,1,High
T01340,R0223,Zone_7,2.36,18.92,47.61,UPI,2023-11-16,0,0,Thursday,November,3.883829271057364,1.2119409739751128,4.349712634186309,-1.3230777167156935,-1.1943700488961808,-1.0636546650786773,0.09055727554179567,0.09323974512146556,0.1594773882883793,158.0,0.014936708860759493,0.30132911392405065,0,2019-11-29,2478,10.0,0.06329113924050633,Meera Ghosh,30.0,Female,Surat,2019-11-29,158.0,10.0,4.04,0,Low
T01341,R0285,Zone_9,3.68,26.59,64.46,UPI,2024-07-22,0,0,Monday,July,4.181439269073034,1.5432981099295553,5.156549233741495,-1.026434605460727,-0.9811463249172485,-0.8519453019849043,0.141640866873065,0.1314217443249701,0.21621712630905474,244.0,0.015081967213114755,0.2641803278688524,0,2019-01-10,2801,16.0,0.06557377049180328,Diya Iyer,29.0,Female,Chennai,2019-01-10,244.0,16.0,4.97,0,Med
T01342,R0055,Zone_3,11.22,84.17,99.64,Wallet,2024-01-29,0,0,Monday,January,4.611549792952131,2.503073953743449,9.174420962654809,0.6680268027684005,0.6195605886038639,-0.4099313320360058,0.43343653250774,0.4180605336519315,0.33468027073441764,425.0,0.0264,0.23444705882352943,0,2021-11-07,1769,12.0,0.02823529411764706,Kavya Singh,32.0,Male,Delhi,2021-11-07,425.0,12.0,4.19,1,High
T01343,R0211,Zone_2,0.8,4.79,12.38,UPI,2024-01-16,0,0,Tuesday,January,2.5937610547000824,0.5877866649021191,2.188606862823929,-1.6736559391079266,-1.587179855913432,-1.506296852722216,0.030185758513931894,0.022899243329350855,0.04084587668788093,435.0,0.001839080459770115,0.02845977011494253,0,2021-04-04,1986,17.0,0.03908045977011494,Arjun Reddy,36.0,Female,Mumbai,2021-04-04,435.0,17.0,3.63,0,High
T01344,R0189,Zone_10,2.77,24.1,67.88,Credit Card,2023-02-01,0,0,Wednesday,February,4.232365860119475,1.3270750014599193,4.909175083453431,-1.230938568522863,-1.0503675860264454,-0.8089752116715093,0.10642414860681115,0.119026284348865,0.22773344108832538,238.0,0.011638655462184873,0.2852100840336134,0,2019-09-16,2552,42.0,0.17647058823529413,Reyansh Gupta,29.0,Female,Delhi,2019-09-16,238.0,42.0,3.28,0,Med
T01345,R0114,Zone_7,7.23,59.13,66.53,Wallet,2023-12-30,0,0,Saturday,December,4.212571943586751,2.1077860146889784,7.689603370785778,-0.22864441988865755,-0.076543980944046,-0.8259370894267968,0.2790247678018576,0.29340900039824774,0.22318752735966593,242.0,0.02987603305785124,0.2749173553719008,0,2022-05-23,1572,23.0,0.09504132231404959,Meera Das,36.0,Male,Chennai,2022-05-23,242.0,23.0,3.45,1,Med
T01346,R0080,Zone_4,1.56,9.11,17.39,Cash,2023-08-23,0,0,Wednesday,August,2.91180703861623,0.9400072584914712,3.018277654557314,-1.5028614205065822,-1.4670851378444636,-1.4433494397192603,0.05959752321981424,0.044404619673436875,0.05771626763646159,34.0,0.04588235294117647,0.5114705882352941,0,2021-05-15,1945,6.0,0.17647058823529413,Reyansh Kumar,19.0,Female,Mumbai,2021-05-15,34.0,6.0,4.6,0,Low
T01347,R0130,Zone_2,11.21,90.54,272.14,Credit Card,2023-09-30,0,0,Saturday,September,5.609984484250279,2.502255288122613,9.515250916292224,0.6657795064710145,0.796644698349079,1.7574197144729473,0.43304953560371523,0.4497710075667065,0.9155470249520152,316.0,0.0354746835443038,0.8612025316455696,0,2019-02-16,2764,62.0,0.1962025316455696,Diya Ghosh,27.0,Female,Pune,2019-02-16,316.0,62.0,3.62,0,Med
T01348,R0131,Zone_2,6.04,32.61,91.44,UPI,2024-05-18,0,0,Saturday,May,4.52655978540618,1.951608170169951,5.710516614107694,-0.4960726792776048,-0.8137921113118803,-0.5129590339570111,0.23297213622291021,0.16138988450816405,0.3070680540121898,99.0,0.06101010101010101,0.9236363636363636,0,2019-10-22,2516,7.0,0.0707070707070707,Reyansh Ghosh,24.0,Male,Surat,2019-10-22,99.0,7.0,3.6,1,Low
T01349,R0023,Zone_7,17.16,162.72,261.85,Wallet,2024-03-08,0,0,Friday,March,5.5715835272654575,2.8992213731731473,12.75617497528158,2.00292080341575,2.803227279418094,1.6281325129159787,0.663312693498452,0.8090900039824771,0.8808970603091222,176.0,0.0975,1.4877840909090911,0,2019-10-09,2529,32.0,0.18181818181818182,Meera Iyer,24.0,Other,Jaipur,2019-10-09,176.0,32.0,3.21,2,Med
T01350,R0068,Zone_6,4.85,29.0,115.16,Credit Card,2024-04-02,0,0,Tuesday,April,4.754968551076486,1.766441661243765,5.385164807134504,-0.763500938666552,-0.9141490400685878,-0.21493255961966407,0.18691950464396284,0.1434189565909996,0.3869414418964878,456.0,0.0106359649122807,0.2525438596491228,0,2022-08-31,1472,70.0,0.15350877192982457,Meera Singh,30.0,Female,Ahmedabad,2022-08-31,456.0,70.0,4.97,0,High
T01351,R0133,Zone_6,5.12,49.57,60.88,Wallet,2024-04-17,0,0,Wednesday,April,4.125197025704866,1.8115620965242347,7.040596565632773,-0.7028239386371269,-0.3423091440781522,-0.896925688921148,0.19736842105263158,0.2458183990442055,0.20416203656935042,155.0,0.03303225806451613,0.3927741935483871,0,2019-07-13,2617,11.0,0.07096774193548387,Diya Kumar,25.0,Female,Delhi,2019-07-13,155.0,11.0,4.4,0,Low
T01352,R0091,Zone_5,12.02,100.94,275.23,UPI,2024-01-19,0,0,Friday,January,5.621233852021042,2.5664866367804233,10.046890066085126,0.8478105065592891,1.0857616122188178,1.7962435680017168,0.4643962848297214,0.5015432098765432,0.9259521163753914,334.0,0.035988023952095806,0.8240419161676648,0,2022-04-16,1609,43.0,0.12874251497005987,Meera Das,41.0,Other,Surat,2022-04-16,334.0,43.0,3.4,2,High
T01353,R0102,Zone_3,4.72,36.52,52.99,Cash,2023-04-16,0,0,Sunday,April,3.9887988442301956,1.7439688053917064,6.043177971895251,-0.7927157905325715,-0.7050952715781611,-0.9960584411353834,0.18188854489164086,0.18085424133811231,0.1775936963329629,123.0,0.03837398373983739,0.43081300813008133,0,2023-05-13,1217,22.0,0.17886178861788618,Aarav Nair,18.0,Female,Chennai,2023-05-13,123.0,22.0,4.1,0,Low
T01354,R0063,Zone_6,15.56,149.46,218.79,UPI,2023-06-07,0,0,Wednesday,June,5.392672545029182,2.8069901489571136,12.225383429569806,1.6433533958339726,2.434603214234177,1.0871114342917725,0.6013931888544892,0.7430804460374353,0.7358992490823988,329.0,0.04729483282674772,0.665015197568389,0,2023-04-21,1239,33.0,0.10030395136778116,Diya Iyer,34.0,Male,Surat,2023-04-21,329.0,33.0,4.83,1,High
T01355,R0245,Zone_6,10.41,76.48,243.67,Wallet,2023-08-14,0,0,Monday,August,5.499910363831802,2.4344901638739844,8.74528444363018,0.4859958026801255,0.40578087055979734,1.3997125591447739,0.4020897832817338,0.37977897252090803,0.8196787554298414,265.0,0.03928301886792453,0.9195094339622641,0,2020-03-04,2382,48.0,0.1811320754716981,Diya Sharma,35.0,Female,Hyderabad,2020-03-04,265.0,48.0,4.73,0,Med
T01356,R0098,Zone_3,6.48,51.15,142.24,Wallet,2023-06-15,0,0,Thursday,June,4.964521545130232,2.012232791986386,7.151922818375489,-0.3971916421926158,-0.29838561293255733,0.1253101437975097,0.25,0.2536837913181999,0.47812910394989394,286.0,0.02265734265734266,0.49734265734265737,0,2023-04-29,1231,56.0,0.1958041958041958,Diya Singh,21.0,Other,Bengaluru,2023-04-29,286.0,56.0,3.5,2,Med
T01357,R0098,Zone_5,7.2,50.64,128.48,UPI,2023-09-15,0,0,Friday,September,4.8635264290580436,2.1041341542702074,7.116178749862878,-0.23538630878081593,-0.31256346159347714,-0.047575365767494555,0.2778637770897833,0.25114496216646753,0.4317944573525945,286.0,0.025174825174825177,0.4492307692307692,0,2023-04-29,1231,56.0,0.1958041958041958,Diya Singh,21.0,Other,Bengaluru,2023-04-29,286.0,56.0,3.5,2,Med
T01358,R0118,Zone_4,22.25,183.6,297.22,Wallet,2023-02-14,0,0,Tuesday,February,5.697831469162762,3.1463051320333655,13.549907748763458,3.14679461878528,3.3836850834181083,2.0725337101045103,0.8602941176470589,0.9130326563122262,1.0,165.0,0.13484848484848486,1.8013333333333335,0,2023-09-26,1081,24.0,0.14545454545454545,Reyansh Gupta,29.0,Male,Surat,2023-09-26,165.0,24.0,4.13,1,Med
T01359,R0152,Zone_6,10.44,100.29,230.32,UPI,2024-02-17,0,0,Saturday,February,5.443802033290018,2.437115985951652,10.014489502715554,0.4927376915722837,1.0676918051019593,1.2319784346758202,0.40325077399380804,0.49830744723217846,0.7747247196686533,143.0,0.07300699300699301,1.6106293706293706,0,2021-05-04,1956,24.0,0.16783216783216784,Arjun Patel,34.0,Female,Bengaluru,2021-05-04,143.0,24.0,3.91,0,Low
T01360,R0067,Zone_1,8.75,44.84,112.76,Cash,2023-07-09,0,0,Sunday,July,4.73409096605493,2.277267285009756,6.696267617113283,0.11294461731403115,-0.47380174048236995,-0.24508700896239724,0.3378482972136223,0.2222720031859817,0.37885981748998215,348.0,0.02514367816091954,0.3240229885057471,0,2022-07-24,1510,9.0,0.02586206896551724,Saanvi Iyer,32.0,Male,Pune,2022-07-24,348.0,9.0,3.38,1,High
T01361,R0188,Zone_6,7.34,37.06,173.56,Credit Card,2023-02-11,0,0,Saturday,February,5.16226852208476,2.1210632163706555,6.087692502089769,-0.20392416061741045,-0.69008343181954,0.5188257077201787,0.28328173374613,0.18354241338112307,0.5835943024547934,436.0,0.0168348623853211,0.39807339449541285,0,2020-07-16,2248,64.0,0.14678899082568808,Vivaan Gupta,24.0,Male,Delhi,2020-07-16,436.0,64.0,3.15,1,High
T01362,R0204,Zone_9,13.19,125.25,176.72,Credit Card,2024-02-07,0,0,Wednesday,February,5.180209278067708,2.6525374911719513,11.191514642799696,1.110744173353464,1.7615723983893325,0.5585290660214441,0.5096749226006192,0.6225607327757865,0.5942351079233592,438.0,0.030114155251141552,0.4034703196347032,0,2019-01-01,2810,5.0,0.01141552511415525,Aarav Kumar,37.0,Female,Hyderabad,2019-01-01,438.0,5.0,3.73,0,High
T01363,R0272,Zone_2,0.41000000000000003,2.44,4.05,Credit Card,2023-11-24,0,0,Friday,November,1.6193882432872684,0.34358970439007697,1.5620499351813308,-1.761300494705985,-1.6525091585666902,-1.610957920649286,0.015092879256965947,0.011200716845878136,0.012795905310300703,432.0,0.0009490740740740742,0.009375,0,2020-01-15,2431,4.0,0.009259259259259259,Kavya Ghosh,21.0,Male,Kolkata,2020-01-15,432.0,4.0,4.79,1,High
T01364,R0044,Zone_8,7.09,40.91,95.09,UPI,2024-02-23,0,0,Friday,February,4.5652852522891765,2.0906287310704004,6.396092557178953,-0.2601065680520632,-0.5830545742812234,-0.46709914224827087,0.27360681114551083,0.2027080844285145,0.3193588577970839,271.0,0.026162361623616237,0.35088560885608855,0,2020-08-01,2232,5.0,0.01845018450184502,Arjun Gupta,36.0,Female,Hyderabad,2020-08-01,271.0,5.0,3.21,0,Med
T01365,R0214,Zone_7,6.17,47.6,88.34,Wallet,2023-04-12,0,0,Wednesday,April,4.492449315923973,1.969905654611529,6.899275324264136,-0.4668578274115854,-0.3970745594938624,-0.5519085310247082,0.2380030959752322,0.23601154918359218,0.2966292891537866,210.0,0.02938095238095238,0.4206666666666667,0,2022-09-14,1458,2.0,0.009523809523809525,Aarav Kumar,20.0,Female,Kolkata,2022-09-14,210.0,2.0,4.53,0,Med
T01366,R0043,Zone_3,5.33,35.49,60.35,Cash,2024-06-16,0,0,Sunday,June,4.116595171156921,1.8453002361560848,5.957348403442592,-0.6556307163920186,-0.733728965932568,-0.903584796484335,0.20549535603715172,0.1757268020708881,0.20237734451291375,85.0,0.06270588235294118,0.71,0,2021-12-10,1736,16.0,0.18823529411764706,Diya Kumar,28.0,Male,Ahmedabad,2021-12-10,85.0,16.0,4.68,1,Low
T01367,R0044,Zone_2,12.24,79.23,239.01,Cash,2023-08-23,0,0,Wednesday,August,5.4806805891406265,2.5832425505088623,8.901123524589467,0.8972510251017838,0.4822300545157379,1.3411626700043002,0.4729102167182663,0.3934687375547591,0.8039869347072094,271.0,0.045166051660516605,0.8819557195571955,0,2020-08-01,2232,5.0,0.01845018450184502,Arjun Gupta,36.0,Female,Hyderabad,2020-08-01,271.0,5.0,3.21,0,Med
T01368,R0265,Zone_8,14.91,122.7,124.55,UPI,2024-03-12,0,0,Tuesday,March,4.832704085603594,2.7669478423496954,11.077003204838391,1.4972791365038751,1.6906831550847332,-0.09695327656622019,0.5762383900928792,0.6098665870171247,0.4185607973869414,176.0,0.08471590909090909,0.7076704545454545,0,2020-11-26,2115,24.0,0.13636363636363635,Kavya Das,39.0,Female,Bengaluru,2020-11-26,176.0,24.0,3.26,0,Med
T01369,R0128,Zone_10,11.03,62.96,88.9,Cash,2023-06-05,0,0,Monday,June,4.498697941477575,2.4874035299865875,7.934733769950949,0.6253281731180642,0.02992888252913664,-0.544872492844737,0.42608359133126933,0.3124751095181203,0.2985150015153046,26.0,0.4242307692307692,3.4192307692307695,0,2021-12-09,1737,4.0,0.15384615384615385,Reyansh Reddy,35.0,Male,Jaipur,2021-12-09,26.0,4.0,4.31,1,Low
T01370,R0204,Zone_1,11.2,65.39,91.6,UPI,2024-03-26,0,0,Tuesday,March,4.528289141652134,2.501435951739211,8.086408349817612,0.6635322101736281,0.0974821614429314,-0.5109487373341622,0.4326625386996904,0.3245718837116687,0.3076068289726235,438.0,0.02557077625570776,0.20913242009132418,0,2019-01-01,2810,5.0,0.01141552511415525,Aarav Kumar,37.0,Female,Hyderabad,2019-01-01,438.0,5.0,3.73,0,High
T01371,R0216,Zone_9,0.58,3.43,7.88,Cash,2023-07-12,0,0,Wednesday,July,2.1838015570040787,0.4574248470388754,1.8520259177452134,-1.723096457650421,-1.6249874523425516,-1.5628364452398409,0.021671826625386997,0.016129032258064516,0.025692830925682725,335.0,0.0017313432835820894,0.023522388059701492,0,2019-08-01,2598,24.0,0.07164179104477612,Ishaan Ghosh,44.0,Female,Chennai,2019-08-01,335.0,24.0,3.4,0,High
T01372,R0153,Zone_2,4.61,32.97,105.47,Credit Card,2024-07-25,0,0,Thursday,July,4.667863255326515,1.724550719534605,5.741950887982237,-0.8174360498038185,-0.8037842181394663,-0.3366811488409496,0.17763157894736845,0.16318199920350457,0.35431188335522107,76.0,0.06065789473684211,1.387763157894737,0,2020-05-04,2321,14.0,0.18421052631578946,Aadhya Ghosh,20.0,Male,Mumbai,2020-05-04,76.0,14.0,4.54,1,Low
T01373,R0210,Zone_5,15.37,150.01,128.24,UPI,2023-07-18,0,0,Tuesday,July,4.861671140956298,2.7954503913830435,12.247856955402442,1.6006547661836361,2.4498930510253647,-0.050590810701767644,0.5940402476780186,0.7458183990442054,0.430986294911944,94.0,0.16351063829787232,1.3642553191489362,0,2022-01-02,1713,5.0,0.05319148936170213,Meera Iyer,34.0,Other,Mumbai,2022-01-02,94.0,5.0,3.4,2,Low
T01374,R0294,Zone_8,5.38,40.34,51.92,UPI,2023-06-23,0,0,Friday,June,3.968781339246755,1.8531680973566984,6.351377803280167,-0.6443942349050881,-0.5989004051375455,-1.0095022998006855,0.20743034055727555,0.1998705694942254,0.17399063878506246,41.0,0.13121951219512196,1.2663414634146342,0,2021-04-02,1988,7.0,0.17073170731707318,Arjun Reddy,24.0,Male,Surat,2021-04-02,41.0,7.0,3.2,1,Low
T01375,R0104,Zone_5,7.32,40.19,66.74,Wallet,2023-07-13,0,0,Thursday,July,4.215676847389625,2.1186622548331173,6.339558344238185,-0.2084187532121826,-0.6030703606260515,-0.8232985751093076,0.28250773993808054,0.1991238550378335,0.22389466949523518,328.0,0.02231707317073171,0.20347560975609755,0,2021-05-27,1933,1.0,0.003048780487804878,Diya Gupta,52.0,Male,Kolkata,2021-05-27,328.0,1.0,3.7,1,High
T01376,R0017,Zone_7,3.9699999999999998,27.58,71.92,Credit Card,2024-07-30,0,0,Tuesday,July,4.289362949810462,1.6034198401085373,5.251666402200353,-0.9612630128365297,-0.9536246186931099,-0.7582152219445749,0.15286377708978327,0.1363500597371565,0.24133750883927668,288.0,0.01378472222222222,0.24972222222222223,0,2023-03-18,1273,21.0,0.07291666666666667,Meera Das,49.0,Female,Mumbai,2023-03-18,288.0,21.0,3.83,0,Med
T01377,R0007,Zone_8,3.33,22.94,82.97,Cash,2023-11-22,0,0,Wednesday,November,4.430459592195472,1.4655675420143985,4.789572005931219,-1.1050899758692407,-1.082615241804224,-0.6193791114290739,0.12809597523219815,0.11325169255276783,0.27854665454423005,458.0,0.0072707423580786025,0.18115720524017467,0,2021-03-26,1995,82.0,0.17903930131004367,Ishaan Ghosh,18.0,Female,Mumbai,2021-03-26,458.0,82.0,4.03,0,High
T01378,R0285,Zone_2,5.65,33.33,140.2,Credit Card,2023-02-02,0,0,Thursday,February,4.950177325059141,1.8946168546677629,5.773214009544423,-0.583717234875663,-0.7937763249670523,0.09967886185618618,0.2178792569659443,0.16497411389884506,0.47125972320436404,244.0,0.023155737704918033,0.5745901639344262,0,2019-01-10,2801,16.0,0.06557377049180328,Diya Iyer,29.0,Female,Chennai,2019-01-10,244.0,16.0,4.97,0,Med
T01379,R0119,Zone_8,4.69,28.13,49.68,Cash,2024-07-21,0,0,Sunday,July,3.925531355452938,1.7387102481382397,5.303772242470448,-0.7994576794247296,-0.9383347819019217,-1.0376464525205698,0.1807275541795666,0.1390880127439267,0.16644778933899046,30.0,0.15633333333333335,1.656,0,2023-05-05,1225,1.0,0.03333333333333333,Saanvi Iyer,47.0,Male,Hyderabad,2023-05-05,30.0,1.0,4.39,1,Low
T01380,R0243,Zone_7,12.79,100.65,278.98,Credit Card,2023-01-04,0,0,Wednesday,January,5.6347181720466795,2.6239436918052106,10.032447358446493,1.0208523214580196,1.0776996982743734,1.8433598950997374,0.49419504643962847,0.5000995619275189,0.9385796545105566,315.0,0.0406031746031746,0.8856507936507937,0,2023-02-06,1313,11.0,0.03492063492063492,Ishaan Patel,33.0,Male,Jaipur,2023-02-06,315.0,11.0,3.7,1,Med
T01381,R0164,Zone_7,9.08,56.55,82.43,UPI,2023-05-12,0,0,Friday,May,4.424007956913983,2.3105532626432224,7.519973404208288,0.1871053951277728,-0.1482672153463468,-0.6261638625311888,0.3506191950464396,0.28056551174830746,0.2767282890527663,249.0,0.036465863453815264,0.33104417670682734,0,2022-07-06,1528,23.0,0.09236947791164658,Aadhya Ghosh,37.0,Other,Ahmedabad,2022-07-06,249.0,23.0,4.02,2,Med
T01382,R0039,Zone_9,13.09,76.06,231.95,Credit Card,2024-03-08,0,0,Friday,March,5.450823838262806,2.645465325910589,8.721238444166058,1.088271210379603,0.3941049951919809,1.252458331521093,0.5058049535603716,0.37768817204301075,0.7802134895780718,190.0,0.06889473684210526,1.2207894736842104,0,2023-11-18,1028,14.0,0.07368421052631578,Aadhya Iyer,24.0,Male,Chennai,2023-11-18,190.0,14.0,4.2,1,Med
T01383,R0171,Zone_3,1.06,10.23,25.97,UPI,2023-05-17,0,0,Wednesday,May,3.2947251371516386,0.7227059828014898,3.1984371183438953,-1.6152262353758877,-1.4359494701969533,-1.335547283318989,0.04024767801857585,0.049980087614496224,0.08660807488971949,276.0,0.003840579710144928,0.09409420289855072,0,2019-05-13,2678,19.0,0.06884057971014493,Kavya Singh,23.0,Female,Jaipur,2019-05-13,276.0,19.0,4.3,0,Med
T01384,R0201,Zone_9,14.13,71.29,140.88,UPI,2023-02-28,0,0,Tuesday,February,4.954981629905421,2.7166795278002644,8.443340571124677,1.3219900253077588,0.26150041065749496,0.10822262250329404,0.5460526315789475,0.35394265232974914,0.4735495167862073,183.0,0.07721311475409837,0.7698360655737705,0,2021-04-06,1984,15.0,0.08196721311475409,Meera Reddy,37.0,Female,Delhi,2021-04-06,183.0,15.0,3.84,0,Med
T01385,R0121,Zone_2,8.11,70.94,165.6,Cash,2023-06-29,0,0,Thursday,June,5.115595729732743,2.209372711271867,8.422588675698226,-0.03088234571868005,0.25177051451764776,0.4188134507334466,0.31308049535603716,0.3522003185981681,0.5567902481732161,378.0,0.021455026455026453,0.4380952380952381,0,2023-07-13,1156,10.0,0.026455026455026454,Diya Iyer,29.0,Male,Pune,2023-07-13,378.0,10.0,4.17,1,High
T01386,R0001,Zone_5,17.2,132.29,251.19,Credit Card,2024-08-09,0,0,Friday,August,5.530182771674116,2.9014215940827497,11.501738998951419,2.0119099886052942,1.9572823093165403,1.4941965004186717,0.6648606811145511,0.6576065312624452,0.8450011785702259,56.0,0.3071428571428571,4.485535714285715,0,2020-06-29,2265,0.0,0.0,Aarav Das,23.0,Male,Pune,2020-06-29,56.0,0.0,3.76,1,Low
T01387,R0085,Zone_8,7.74,70.43,66.39,Cash,2023-08-17,0,0,Thursday,August,4.2104966389581255,2.167910189667444,8.392258337301111,-0.11403230872196596,0.23759266585672814,-0.8276960989717895,0.29876160990712075,0.3496614894464357,0.22271609926928643,94.0,0.0823404255319149,0.7062765957446808,0,2022-09-17,1455,12.0,0.1276595744680851,Aadhya Ghosh,29.0,Female,Chennai,2022-09-17,94.0,12.0,4.95,0,Low
T01388,R0288,Zone_6,0.53,4.2,5.69,UPI,2023-09-06,0,0,Wednesday,September,1.900613874140137,0.4252677354043441,2.04939015319192,-1.7343329391373516,-1.6035816808348882,-1.590352380265085,0.01973684210526316,0.019962166467542813,0.01831834865474627,43.0,0.012325581395348837,0.13232558139534883,0,2021-08-30,1838,5.0,0.11627906976744186,Diya Ghosh,42.0,Male,Ahmedabad,2021-08-30,43.0,5.0,4.56,1,Low
T01389,R0011,Zone_3,14.42,131.06,297.22,Cash,2023-07-02,0,0,Sunday,July,5.697831469162762,2.7356653681351832,11.448143954370945,1.3871616179319557,1.9230886743107927,2.0725337101045103,0.5572755417956656,0.6514834727200319,1.0,208.0,0.06932692307692308,1.4289423076923078,0,2020-04-14,2341,34.0,0.16346153846153846,Vivaan Nair,26.0,Male,Chennai,2020-04-14,208.0,34.0,4.0,1,Med
T01390,R0203,Zone_6,7.32,57.56,174.24,UPI,2023-11-26,0,0,Sunday,November,5.166156462945698,2.1186622548331173,7.586830695356263,-0.2084187532121826,-0.12018951505707391,0.5273694683672865,0.28250773993808054,0.2855933890880128,0.5858840960366367,152.0,0.04815789473684211,1.1463157894736842,0,2023-07-25,1144,9.0,0.05921052631578947,Kavya Gupta,49.0,Female,Bengaluru,2023-07-25,152.0,9.0,3.6,0,Low
T01391,R0295,Zone_7,2.76,17.59,28.06,UPI,2024-04-19,0,0,Friday,April,3.369362658142137,1.324418957401803,4.194043395102153,-1.233185864820249,-1.2313436542275995,-1.3092877836830252,0.10603715170278638,0.08661887694145759,0.09364582281038487,98.0,0.028163265306122447,0.2863265306122449,0,2019-05-29,2662,18.0,0.1836734693877551,Kavya Gupta,18.0,Female,Delhi,2019-05-29,98.0,18.0,3.59,0,Low
T01392,R0125,Zone_5,8.73,59.38,134.85,UPI,2023-05-11,0,0,Thursday,May,4.911551335872357,2.2752138961979136,7.705841939723395,0.10845002471925902,-0.06959405512986959,0.0324595685296767,0.33707430340557276,0.2946535244922342,0.45324443546486176,99.0,0.08818181818181818,1.362121212121212,0,2023-04-22,1238,19.0,0.1919191919191919,Saanvi Ghosh,44.0,Male,Ahmedabad,2023-04-22,99.0,19.0,3.89,1,Low
T01393,R0214,Zone_8,9.16,86.66,183.4,UPI,2023-05-15,0,0,Monday,May,5.2171073111224935,2.318458442150336,9.309135298189624,0.2050837655068617,0.6887818497130608,0.6424589500253851,0.3537151702786378,0.43045599362803666,0.6167289625214668,210.0,0.04361904761904762,0.8733333333333334,0,2022-09-14,1458,2.0,0.009523809523809525,Aarav Kumar,20.0,Female,Kolkata,2022-09-14,210.0,2.0,4.53,0,Med
T01394,R0100,Zone_8,13.38,119.64,265.91,Credit Card,2023-10-24,0,0,Tuesday,October,5.586911522924786,2.6658383522929006,10.938007131100253,1.1534428030038004,1.6056160631192138,1.6791437897207693,0.5170278637770899,0.5946336121067304,0.8945684749301277,383.0,0.03493472584856397,0.6942819843342037,0,2021-05-24,1936,60.0,0.1566579634464752,Ishaan Gupta,28.0,Male,Delhi,2021-05-24,383.0,60.0,3.79,1,High
T01395,R0284,Zone_9,9.94,55.38,141.77,Wallet,2023-12-16,0,0,Saturday,December,4.961234943801129,2.392425796993835,7.441773982055623,0.38037287670297815,-0.18079286815669227,0.11940489746789114,0.38390092879256965,0.2747411389884508,0.47654645250361993,135.0,0.07362962962962963,1.0501481481481483,0,2019-07-31,2599,19.0,0.14074074074074075,Vivaan Das,28.0,Female,Surat,2019-07-31,135.0,19.0,4.95,0,Low
T01396,R0129,Zone_6,13.74,86.72,297.22,Cash,2023-06-12,0,0,Monday,June,5.697831469162762,2.6905648867611904,9.312357381458252,1.2343454697097003,0.6904498319084632,2.0725337101045103,0.5309597523219814,0.4307546794105934,1.0,158.0,0.0869620253164557,1.8811392405063292,0,2022-10-08,1434,10.0,0.06329113924050633,Vivaan Singh,35.0,Male,Hyderabad,2022-10-08,158.0,10.0,3.9,1,Low
T01397,R0024,Zone_8,5.63,36.68,96.95,Credit Card,2023-05-07,0,0,Sunday,May,4.58445714439055,1.891604804197771,6.056401571890688,-0.5882118274704353,-0.7006473190570883,-0.44372944400765263,0.21710526315789475,0.18165073675826363,0.3256221167121258,140.0,0.040214285714285716,0.6925,0,2019-07-10,2620,16.0,0.11428571428571428,Meera Kumar,41.0,Other,Chennai,2019-07-10,140.0,16.0,3.49,2,Low
T01398,R0176,Zone_7,17.63,136.49,297.22,Wallet,2024-01-10,0,0,Wednesday,January,5.697831469162762,2.924773184613497,11.682893477217021,2.108543729392897,2.074041062994705,2.0725337101045103,0.6815015479876161,0.6785145360414179,1.0,260.0,0.0678076923076923,1.1431538461538462,0,2019-05-24,2667,13.0,0.05,Kavya Gupta,43.0,Male,Mumbai,2019-05-24,260.0,13.0,3.95,1,Med
T01399,R0015,Zone_9,0.59,4.04,7.02,Credit Card,2023-04-18,0,0,Tuesday,April,2.081938421878423,0.4637340162321401,2.009975124224178,-1.720849161353035,-1.6080296333559612,-1.5736417895876535,0.022058823529411766,0.01916567104739148,0.02279691551335151,46.0,0.012826086956521739,0.15260869565217391,0,2022-12-19,1362,1.0,0.021739130434782608,Saanvi Patel,28.0,Other,Chennai,2022-12-19,46.0,1.0,3.87,2,Low
T01400,R0186,Zone_6,10.73,82.44,247.47,Wallet,2023-06-05,0,0,Monday,June,5.515322113902837,2.462149662665384,9.079647570252934,0.5579092841964811,0.5714671019697629,1.447457103937435,0.4144736842105263,0.4094484269215452,0.8324746607401421,373.0,0.028766756032171582,0.6634584450402145,0,2020-12-11,2100,19.0,0.05093833780160858,Ishaan Sharma,18.0,Other,Hyderabad,2020-12-11,373.0,19.0,3.26,2,High
T01401,R0040,Zone_9,10.06,55.66,185.32,Wallet,2023-11-28,0,0,Tuesday,November,5.227465625576086,2.403334996094189,7.4605629814377945,0.4073404322716117,-0.17300895124481483,0.6665825094995715,0.3885448916408669,0.27613500597371565,0.6231942620466713,485.0,0.020742268041237116,0.3821030927835051,0,2023-05-05,1225,36.0,0.07422680412371134,Aarav Gupta,34.0,Other,Surat,2023-05-05,485.0,36.0,4.41,2,High
T01402,R0045,Zone_10,5.89,32.55,119.72,Cash,2024-06-01,0,0,Saturday,June,4.793473814459594,1.9300710850255671,5.705260730238365,-0.5297821237383965,-0.8154600935072828,-0.15763910586847085,0.22716718266253869,0.16109119872560732,0.4022965282688487,100.0,0.058899999999999994,1.1972,0,2023-07-12,1157,16.0,0.16,Saanvi Iyer,34.0,Other,Ahmedabad,2023-07-12,100.0,16.0,4.88,2,Low
T01403,R0117,Zone_7,4.13,27.22,97.9,UPI,2024-06-13,0,0,Thursday,June,4.594109238628667,1.6351056591826783,5.217278984298233,-0.9253062720783519,-0.9636325118655239,-0.4317933078094873,0.15905572755417957,0.13455794504181598,0.328821093039701,369.0,0.01119241192411924,0.26531165311653115,0,2021-06-12,1917,37.0,0.1002710027100271,Aadhya Gupta,21.0,Female,Ahmedabad,2021-06-12,369.0,37.0,3.16,0,High
T01404,R0300,Zone_9,6.13,37.67,146.58,UPI,2023-12-05,0,0,Tuesday,December,4.994370401630221,1.9643112344262046,6.137589103222861,-0.4758470126011298,-0.6731256128329496,0.17983943969228575,0.23645510835913314,0.18657905217045,0.4927433747516584,291.0,0.02106529209621993,0.5037113402061856,0,2023-07-08,1161,7.0,0.024054982817869417,Saanvi Iyer,38.0,Female,Kolkata,2023-07-08,291.0,7.0,3.67,0,Med
T01405,R0133,Zone_8,6.27,38.18,61.68,Cash,2023-05-09,0,0,Tuesday,May,4.13804241748782,1.9837562915454279,6.178996682310163,-0.44438486443772435,-0.6589477641720298,-0.8868742058069035,0.24187306501547987,0.18911788132218238,0.20685591137151899,155.0,0.040451612903225805,0.3979354838709677,0,2019-07-13,2617,11.0,0.07096774193548387,Diya Kumar,25.0,Female,Delhi,2019-07-13,155.0,11.0,4.4,0,Low
T01406,R0031,Zone_6,1.73,13.13,34.58,UPI,2023-10-18,0,0,Wednesday,October,3.571783682237689,1.0043016091968684,3.623534186398688,-1.4646573834510184,-1.3553303307525066,-1.2273681963019334,0.06617647058823531,0.06441656710473916,0.1156009024480587,230.0,0.007521739130434782,0.15034782608695652,0,2023-04-27,1233,21.0,0.09130434782608696,Reyansh Nair,29.0,Female,Hyderabad,2023-04-27,230.0,21.0,4.62,0,Med
T01407,R0002,Zone_6,12.96,74.47,204.25,Cash,2023-01-13,0,0,Friday,January,5.324228748332538,2.6361960973342264,8.629600222490032,1.059056358513584,0.3499034670138188,0.9044257286903803,0.5007739938080495,0.3697729988052569,0.6869380745529852,70.0,0.18514285714285716,2.9178571428571427,0,2019-11-23,2484,5.0,0.07142857142857142,Ishaan Nair,39.0,Female,Mumbai,2019-11-23,70.0,5.0,4.12,0,Low
T01408,R0285,Zone_4,2.54,19.25,48.66,Credit Card,2023-04-17,0,0,Monday,April,3.9051997800800207,1.264126727145683,4.387482193696061,-1.2826263833627434,-1.185196146821468,-1.0504620934912314,0.0975232198142415,0.09488251692552768,0.1630130989662255,244.0,0.01040983606557377,0.19942622950819672,0,2019-01-10,2801,16.0,0.06557377049180328,Diya Iyer,29.0,Female,Chennai,2019-01-10,244.0,16.0,4.97,0,Med
T01409,R0164,Zone_5,13.12,84.41,167.66,UPI,2024-08-08,0,0,Thursday,August,5.127884854146496,2.647592232065096,9.187491496594705,1.0950130992717613,0.626232517385473,0.444696019752626,0.5069659442724458,0.4192552767821585,0.5637269757888002,249.0,0.05269076305220883,0.6733333333333333,0,2022-07-06,1528,23.0,0.09236947791164658,Aadhya Ghosh,37.0,Other,Ahmedabad,2022-07-06,249.0,23.0,4.02,2,Med
T01410,R0144,Zone_5,0.9400000000000001,7.98,19.79,Credit Card,2023-12-14,0,0,Thursday,December,3.0344721018699214,0.6626879730752369,2.824889378365107,-1.642193790944521,-1.498498802524541,-1.413194990376527,0.03560371517027864,0.038779370768618086,0.0657978920429673,194.0,0.004845360824742268,0.10201030927835052,0,2021-01-31,2049,10.0,0.05154639175257732,Ishaan Kumar,34.0,Other,Pune,2021-01-31,194.0,10.0,3.52,2,Med
T01411,R0027,Zone_2,7.11,69.09,64.67,Cash,2023-09-13,0,0,Wednesday,September,4.184642200202881,2.0930978681273213,8.312039460926542,-0.2556119754572909,0.20034106349274244,-0.849306787667415,0.2743808049535604,0.3429908403026683,0.216924268444624,403.0,0.017642679900744418,0.16047146401985113,0,2019-10-05,2533,61.0,0.1513647642679901,Ishaan Iyer,39.0,Male,Jaipur,2019-10-05,403.0,61.0,3.98,1,High
T01412,R0049,Zone_9,7.19,66.72,108.1,Wallet,2024-05-03,0,0,Friday,May,4.692264892839025,2.1029138978649784,8.168231142664855,-0.237633605078202,0.1344557667743499,-0.3036368981028711,0.27747678018575855,0.33119275189167663,0.36316799676735023,375.0,0.019173333333333334,0.28826666666666667,0,2020-05-19,2306,55.0,0.14666666666666667,Meera Iyer,39.0,Male,Mumbai,2020-05-19,375.0,55.0,4.4,1,High
T01413,R0298,Zone_1,7.92,77.03,135.54,Wallet,2024-06-29,0,0,Saturday,June,4.916617611990135,2.188295946591918,8.776673629570602,-0.07358097536901603,0.42107070735098534,0.04112897271571248,0.3057275541795666,0.38251692552767824,0.4555679024817321,65.0,0.12184615384615384,2.085230769230769,0,2020-03-25,2361,11.0,0.16923076923076924,Vivaan Singh,35.0,Female,Ahmedabad,2020-03-25,65.0,11.0,3.88,0,Low
T01414,R0208,Zone_10,12.78,126.74,130.84,Credit Card,2023-04-01,0,0,Saturday,April,4.881589066161162,2.6232182655855123,11.257886124845996,1.0186050251606336,1.8029939562418236,-0.017923490580473347,0.4938080495356037,0.6299780963759458,0.4397413880189918,356.0,0.03589887640449438,0.36752808988764046,0,2020-01-08,2438,53.0,0.14887640449438203,Aadhya Iyer,24.0,Other,Chennai,2020-01-08,356.0,53.0,4.75,2,High
T01415,R0213,Zone_7,6.99,58.93,104.49,UPI,2023-09-20,0,0,Wednesday,September,4.658616161693717,2.0781907597781832,7.676587783644502,-0.28257953102592426,-0.08210392159538722,-0.34899421565589905,0.26973684210526316,0.29241338112305854,0.35101188672256456,456.0,0.015328947368421053,0.22914473684210526,0,2019-06-04,2656,26.0,0.05701754385964912,Kavya Ghosh,29.0,Female,Chennai,2019-06-04,456.0,26.0,3.74,0,High
T01416,R0230,Zone_7,5.71,44.65,129.96,Credit Card,2023-09-06,0,0,Wednesday,September,4.874891933062879,1.9035989509835904,6.682065548915245,-0.5702334570913464,-0.47908368410114416,-0.02898012200614215,0.2202012383900929,0.22132616487455195,0.4367781257366064,183.0,0.031202185792349728,0.7101639344262296,0,2022-11-22,1389,23.0,0.12568306010928962,Kavya Gupta,32.0,Male,Chennai,2022-11-22,183.0,23.0,3.65,1,Med
T01417,R0252,Zone_2,7.0,46.27,159.39,Credit Card,2024-06-09,0,0,Sunday,June,5.077608349349287,2.0794415416798357,6.802205524680947,-0.2803322347285382,-0.43404816482528086,0.3407888130591242,0.27012383900928794,0.22939068100358423,0.5358790450213826,392.0,0.017857142857142856,0.40660714285714283,0,2020-09-23,2179,47.0,0.11989795918367346,Reyansh Gupta,38.0,Other,Ahmedabad,2020-09-23,392.0,47.0,4.83,2,High
T01418,R0010,Zone_3,12.91,90.86,182.77,Credit Card,2024-01-21,0,0,Sunday,January,5.213684975707333,2.6326080059353516,9.53205119583398,1.0478198770266531,0.8055406033912247,0.6345434070729177,0.49883900928792574,0.4513639984070092,0.614607536114759,173.0,0.0746242774566474,1.0564739884393064,0,2023-05-14,1216,1.0,0.005780346820809248,Vivaan Gupta,25.0,Female,Surat,2023-05-14,173.0,1.0,3.38,0,Med
T01419,R0218,Zone_2,1.97,18.82,34.15,Wallet,2023-12-18,0,0,Monday,December,3.5596246182566738,1.0885619528146082,4.338202392696772,-1.4107222723137518,-1.1971500192218514,-1.2327708684758396,0.07546439628482973,0.09274193548387097,0.11415294474189311,160.0,0.0123125,0.2134375,0,2019-01-11,2800,16.0,0.1,Arjun Reddy,34.0,Other,Delhi,2019-01-11,160.0,16.0,3.87,2,Low
T01420,R0057,Zone_10,2.9,25.97,24.86,Wallet,2023-03-21,0,0,Tuesday,March,3.2526973733437115,1.3609765531356006,5.096076922496363,-1.2017237166568433,-0.998382140936406,-1.349493716140003,0.11145510835913314,0.1283353245718837,0.0828703236017106,407.0,0.007125307125307125,0.06108108108108108,0,2023-06-04,1195,11.0,0.02702702702702703,Aadhya Reddy,39.0,Male,Bengaluru,2023-06-04,407.0,11.0,3.66,1,High
T01421,R0107,Zone_10,1.78,14.81,22.31,Credit Card,2023-12-17,0,0,Sunday,December,3.1488824530476656,1.0224509277025458,3.8483762809787714,-1.4534209019640878,-1.308626829281241,-1.381532818566657,0.06811145510835914,0.07277976901632816,0.07428359766979828,179.0,0.009944134078212291,0.12463687150837988,0,2020-01-11,2435,14.0,0.0782122905027933,Reyansh Gupta,33.0,Male,Hyderabad,2020-01-11,179.0,14.0,3.66,1,Med
T01422,R0237,Zone_5,18.14,94.02,297.22,UPI,2024-03-24,0,0,Sunday,March,5.697831469162762,2.9517803860248084,9.69639108122192,2.223155840559589,0.8933876656824145,2.0725337101045103,0.7012383900928794,0.467094782954998,1.0,36.0,0.5038888888888889,8.256111111111112,0,2022-12-13,1368,3.0,0.08333333333333333,Aadhya Nair,40.0,Male,Chennai,2022-12-13,36.0,3.0,3.71,1,Low
T01423,R0165,Zone_1,2.2,16.41,44.97,Wallet,2024-08-18,0,0,Sunday,August,3.8279890098181366,1.1631508098056809,4.050925820105819,-1.359034457473871,-1.264147304070512,-1.0968245593556838,0.0843653250773994,0.0807447232178415,0.150587601441223,34.0,0.06470588235294118,1.3226470588235293,0,2021-12-09,1737,5.0,0.14705882352941177,Meera Reddy,37.0,Female,Kolkata,2021-12-09,34.0,5.0,3.27,0,Low
T01424,R0244,Zone_10,1.43,12.15,17.42,Cash,2023-05-30,0,0,Tuesday,May,2.913437030827161,0.8878912573524571,3.4856850115866753,-1.5320762723726018,-1.3825740399440782,-1.442972509102476,0.05456656346749226,0.05953803265631223,0.05781728794154292,27.0,0.05296296296296296,0.6451851851851852,0,2019-04-22,2699,1.0,0.037037037037037035,Aadhya Iyer,24.0,Female,Kolkata,2019-04-22,27.0,1.0,3.13,0,Low
T01425,R0226,Zone_6,3.96,38.4,88.17,Credit Card,2023-06-28,0,0,Wednesday,June,4.490544660146788,1.601405740736836,6.196773353931867,-0.9635103091339158,-0.6528318294555546,-0.5540444711864851,0.15247678018575853,0.19021306252489045,0.2960568407583258,266.0,0.014887218045112782,0.33146616541353385,0,2021-07-30,1869,2.0,0.007518796992481203,Aarav Iyer,20.0,Other,Surat,2021-07-30,266.0,2.0,3.25,2,Med
T01426,R0022,Zone_6,4.94,31.28,82.58,UPI,2023-05-09,0,0,Tuesday,May,4.425804257019769,1.7817091333745536,5.592852581643825,-0.7432752719900768,-0.8507657166432988,-0.6242792094472681,0.1904024767801858,0.1547690163281561,0.27723339057817287,220.0,0.022454545454545456,0.37536363636363634,0,2020-09-14,2188,1.0,0.004545454545454545,Aarav Nair,43.0,Female,Kolkata,2020-09-14,220.0,1.0,3.32,0,Med
T01427,R0182,Zone_4,15.33,112.66,297.22,Wallet,2023-07-22,0,0,Saturday,July,5.697831469162762,2.7930039069823738,10.61414151026827,1.5916655809940918,1.4115741343874082,2.0725337101045103,0.5924922600619196,0.5598864994026285,1.0,8.0,1.91625,37.1525,0,2020-09-30,2172,0.0,0.0,Meera Patel,43.0,Male,Jaipur,2020-09-30,8.0,0.0,4.4,1,Low
T01428,R0144,Zone_2,5.68,49.78,101.56,Cash,2024-01-19,0,0,Friday,January,4.63044799317236,1.8991179875485542,7.055494312945054,-0.5769753459835049,-0.33647120639424405,-0.38580777256181914,0.21904024767801858,0.2468637992831541,0.34114557025962217,194.0,0.029278350515463916,0.5235051546391752,0,2021-01-31,2049,10.0,0.05154639175257732,Ishaan Kumar,34.0,Other,Pune,2021-01-31,194.0,10.0,3.52,2,Med
T01429,R0269,Zone_8,9.46,75.28,201.31,Credit Card,2023-11-18,0,0,Saturday,November,5.309801174489323,2.347558458636777,8.676404785393544,0.2725026544284452,0.3724212266517504,0.8674865282455321,0.36532507739938086,0.373805256869773,0.6770380846550156,423.0,0.022364066193853428,0.47591016548463355,0,2019-05-19,2672,16.0,0.037825059101654845,Aadhya Sharma,41.0,Male,Mumbai,2019-05-19,423.0,16.0,3.41,1,High
T01430,R0164,Zone_1,0.9500000000000001,6.29,8.12,Cash,2024-05-06,0,0,Monday,May,2.21046980408624,0.6678293725756554,2.5079872407968904,-1.639946494647135,-1.5454803010283735,-1.5598210003055675,0.03599071207430341,0.030366387893269616,0.026500993366333294,249.0,0.003815261044176707,0.03261044176706827,0,2022-07-06,1528,23.0,0.09236947791164658,Aadhya Ghosh,37.0,Other,Ahmedabad,2022-07-06,249.0,23.0,4.02,2,Med
T01431,R0243,Zone_9,9.04,70.93,73.6,UPI,2024-06-16,0,0,Sunday,June,4.312140507209715,2.306577114263583,8.421995013059554,0.17811620993822816,0.25149251748508095,-0.7371071074046618,0.34907120743034054,0.3521505376344086,0.24699464592383064,315.0,0.028698412698412695,0.23365079365079364,0,2023-02-06,1313,11.0,0.03492063492063492,Ishaan Patel,33.0,Male,Jaipur,2023-02-06,315.0,11.0,3.7,1,Med
T01432,R0105,Zone_7,0.24,2.31,4.63,Credit Card,2023-01-10,0,0,Tuesday,January,1.728109442151599,0.2151113796169455,1.5198684153570663,-1.7995045317615488,-1.656123119990062,-1.603670595391459,0.008513931888544891,0.010553564317005177,0.014748964541872916,346.0,0.0006936416184971098,0.01338150289017341,0,2020-09-28,2174,9.0,0.02601156069364162,Diya Das,31.0,Female,Jaipur,2020-09-28,346.0,9.0,3.69,0,High
T01433,R0027,Zone_5,6.43,45.88,95.97,UPI,2023-12-25,0,0,Monday,December,4.574401652316455,2.005525858729668,6.77347768875044,-0.40842812367954656,-0.4448900490953961,-0.4560425108226021,0.24806501547987617,0.22744922341696536,0.3223221200794693,403.0,0.01595533498759305,0.23813895781637717,0,2019-10-05,2533,61.0,0.1513647642679901,Ishaan Iyer,39.0,Male,Jaipur,2019-10-05,403.0,61.0,3.98,1,High
T01434,R0262,Zone_4,4.2,36.03,76.18,Credit Card,2024-08-03,0,0,Saturday,August,4.346140356109473,1.6486586255873816,6.002499479383568,-0.9095751979966491,-0.7187171261739469,-0.7046910743612234,0.16176470588235295,0.17841497411389884,0.25568239216082433,6.0,0.7000000000000001,12.696666666666667,0,2019-04-21,2700,0.0,0.0,Meera Singh,30.0,Male,Ahmedabad,2019-04-21,6.0,0.0,3.35,1,Low
T01435,R0019,Zone_8,8.29,41.99,98.89,UPI,2023-03-19,0,0,Sunday,March,4.604069580544058,2.2289385528257473,6.479969135728966,0.009568987634269872,-0.5530308947639812,-0.41935459745560993,0.32004643962848295,0.20808442851453604,0.33215476310738457,266.0,0.031165413533834584,0.3717669172932331,0,2023-04-02,1258,24.0,0.09022556390977443,Kavya Patel,40.0,Other,Mumbai,2023-04-02,266.0,24.0,4.08,2,Med
T01436,R0010,Zone_10,11.17,104.95,226.98,Cash,2023-01-25,0,0,Wednesday,January,5.429257905808632,2.498973906999436,10.244510725261602,0.6567903212814699,1.1972384222782075,1.1900134926738497,0.43150154798761614,0.521505376344086,0.7634777923695996,173.0,0.0645664739884393,1.3120231213872833,0,2023-05-14,1216,1.0,0.005780346820809248,Vivaan Gupta,25.0,Female,Surat,2023-05-14,173.0,1.0,3.38,0,Med
T01437,R0030,Zone_6,1.32,7.44,29.58,Cash,2024-04-17,0,0,Wednesday,April,3.420346200500916,0.8415671856782186,2.727636339397171,-1.5567965316438488,-1.513510642283162,-1.290189965765961,0.05030959752321982,0.036091198725607336,0.09876418493450514,442.0,0.002986425339366516,0.06692307692307692,0,2021-01-08,2072,58.0,0.13122171945701358,Saanvi Patel,25.0,Other,Mumbai,2021-01-08,442.0,58.0,3.72,2,High
T01438,R0095,Zone_10,2.32,15.32,24.12,Wallet,2023-06-18,0,0,Sunday,June,3.223664341599998,1.199964782928397,3.9140771581561853,-1.3320669019052378,-1.2944489806203212,-1.358791338020679,0.0890092879256966,0.07531859816806054,0.08037848940970467,481.0,0.004823284823284823,0.050145530145530144,0,2020-10-07,2165,77.0,0.1600831600831601,Kavya Iyer,29.0,Female,Chennai,2020-10-07,481.0,77.0,4.26,0,High
T01439,R0090,Zone_3,8.97,66.47,86.98,Wallet,2024-03-03,0,0,Sunday,March,4.477109515920573,2.299580583973747,8.152913589631623,0.16238513585652573,0.12750584096017348,-0.5689960523189237,0.34636222910216724,0.3299482277976902,0.2920497019901,152.0,0.059013157894736844,0.5722368421052632,0,2021-01-31,2049,25.0,0.16447368421052633,Kavya Iyer,33.0,Female,Mumbai,2021-01-31,152.0,25.0,4.51,0,Low
T01440,R0184,Zone_8,11.44,107.46,187.99,Cash,2024-07-09,0,0,Tuesday,July,5.241694103606946,2.5209170873110334,10.366291525902597,0.7174673213108947,1.2670156774525385,0.7001293343933626,0.4419504643962848,0.5340003982477101,0.6321850691989089,285.0,0.04014035087719298,0.6596140350877193,0,2020-03-04,2382,27.0,0.09473684210526316,Meera Nair,29.0,Female,Surat,2020-03-04,285.0,27.0,3.97,0,Med
T01441,R0262,Zone_5,15.09,94.9,262.4,UPI,2024-01-03,0,0,Wednesday,January,5.573673789309181,2.7781979610042917,9.741663102366044,1.537730469856825,0.9178514045483157,1.6350429075570212,0.5832043343653251,0.47147550776583036,0.8827490992356128,6.0,2.515,43.73333333333333,0,2019-04-21,2700,0.0,0.0,Meera Singh,30.0,Male,Ahmedabad,2019-04-21,6.0,0.0,3.35,1,Low
T01442,R0132,Zone_3,5.64,55.5,111.73,Cash,2023-08-05,0,0,Saturday,August,4.72499557905644,1.8931119634883424,7.44983221287567,-0.5859645311730493,-0.17745690376588766,-0.2580282934719869,0.2174922600619195,0.27533851055356434,0.3753914536821901,484.0,0.01165289256198347,0.23084710743801654,0,2022-12-09,1372,25.0,0.05165289256198347,Aadhya Iyer,23.0,Male,Surat,2022-12-09,484.0,25.0,3.32,1,High
T01443,R0139,Zone_2,0.54,2.74,12.47,UPI,2023-05-28,0,0,Sunday,May,2.6004649904222727,0.43178241642553783,1.6552945357246849,-1.7320856428399656,-1.6441692475896785,-1.5051660608718636,0.02012383900928793,0.012694145758661889,0.041148937603124894,155.0,0.0034838709677419357,0.0804516129032258,0,2023-10-09,1068,7.0,0.04516129032258064,Diya Gupta,44.0,Other,Kolkata,2023-10-09,155.0,7.0,4.39,2,Low
T01444,R0232,Zone_5,8.93,48.23,144.17,Wallet,2024-02-21,0,0,Wednesday,February,4.9779054694733365,2.295560478057081,6.944782214007866,0.15339595066698106,-0.37956074644213794,0.1495593468106241,0.3448142414860681,0.23914774990043805,0.48462807691012555,172.0,0.05191860465116279,0.8381976744186046,0,2022-12-08,1373,15.0,0.0872093023255814,Meera Das,38.0,Male,Jaipur,2022-12-08,172.0,15.0,3.94,1,Med
T01445,R0146,Zone_9,4.03,29.85,74.2,UPI,2024-08-10,0,0,Saturday,August,4.320151230955794,1.6154199841116479,5.463515351859094,-0.947779235052213,-0.890519292300388,-0.7295684950689784,0.1551857585139319,0.14765033851055356,0.2490150520254571,80.0,0.050375,0.9275,0,2020-04-15,2340,11.0,0.1375,Kavya Gupta,30.0,Male,Surat,2020-04-15,80.0,11.0,3.89,1,Low
T01446,R0236,Zone_9,3.38,17.1,61.12,Cash,2024-04-15,0,0,Monday,April,4.129067998280486,1.4770487243883548,4.135214625627067,-1.0938534943823102,-1.244965508823385,-0.8939102439868746,0.13003095975232198,0.08417960971724414,0.204970199010001,61.0,0.055409836065573766,1.0019672131147541,0,2020-08-10,2223,1.0,0.01639344262295082,Arjun Gupta,28.0,Male,Ahmedabad,2020-08-10,61.0,1.0,3.36,1,Low
T01447,R0204,Zone_2,15.04,124.93,217.68,Credit Card,2023-08-22,0,0,Tuesday,August,5.387609474026799,2.7750856024383683,11.177208953938367,1.5264939883698945,1.752676493347187,1.0731650014707586,0.5812693498452013,0.6209677419354839,0.73216149779439,438.0,0.03433789954337899,0.49698630136986305,0,2019-01-01,2810,5.0,0.01141552511415525,Aarav Kumar,37.0,Female,Hyderabad,2019-01-01,438.0,5.0,3.73,0,High
T01448,R0095,Zone_10,11.09,79.83,177.19,Credit Card,2023-04-29,0,0,Saturday,April,5.182850396739323,2.492378664626701,8.934763567101259,0.638811950902381,0.49890987646976115,0.5644343123510627,0.42840557275541796,0.39645559538032654,0.5958177593696332,481.0,0.023056133056133056,0.3683783783783784,0,2020-10-07,2165,77.0,0.1600831600831601,Kavya Iyer,29.0,Female,Chennai,2020-10-07,481.0,77.0,4.26,0,High
T01449,R0041,Zone_1,4.36,36.21,73.04,Wallet,2024-08-10,0,0,Saturday,August,4.304605487705297,1.6789639750827108,6.017474553332153,-0.8736184572384713,-0.7137131795877399,-0.7441431455846327,0.16795665634674925,0.1793110314615691,0.2451089335623127,353.0,0.012351274787535413,0.20691218130311617,0,2020-04-11,2344,8.0,0.0226628895184136,Aarav Nair,25.0,Other,Pune,2020-04-11,353.0,8.0,4.74,2,High
T01450,R0095,Zone_1,7.91,57.89,184.42,Cash,2023-01-11,0,0,Wednesday,January,5.222623522178837,2.187174241482718,7.608547824650904,-0.0758282716664021,-0.1110156129823611,0.6552745909960466,0.3053405572755418,0.2872361608920749,0.6201636528942317,481.0,0.016444906444906444,0.3834095634095634,0,2020-10-07,2165,77.0,0.1600831600831601,Kavya Iyer,29.0,Female,Chennai,2020-10-07,481.0,77.0,4.26,0,High
T01451,R0090,Zone_4,7.57,66.04,94.64,Credit Card,2023-01-17,0,0,Tuesday,January,4.560591142590124,2.1482677326096886,8.126499861564017,-0.1522363457775298,0.11555196855979025,-0.4727531015000334,0.29218266253869973,0.3278076463560335,0.31784355322086405,152.0,0.04980263157894737,0.6226315789473684,0,2021-01-31,2049,25.0,0.16447368421052633,Kavya Iyer,33.0,Female,Mumbai,2021-01-31,152.0,25.0,4.51,0,Low
T01452,R0216,Zone_1,8.83,58.43,130.74,UPI,2023-05-21,0,0,Sunday,May,4.880830283212547,2.285438934159075,7.643951857514541,0.13092298769312005,-0.09600377322374005,-0.019179925969753826,0.34094427244582043,0.2899243329350856,0.4394046536687208,335.0,0.02635820895522388,0.3902686567164179,0,2019-08-01,2598,24.0,0.07164179104477612,Ishaan Ghosh,44.0,Female,Chennai,2019-08-01,335.0,24.0,3.4,0,High
T01453,R0112,Zone_1,5.97,39.87,48.61,Credit Card,2023-11-23,0,0,Thursday,November,3.9041924263129575,1.9416152247724325,6.314269553954756,-0.5118037533593076,-0.6119662656681972,-1.0510903111858718,0.23026315789473684,0.19753086419753083,0.16284473179109,311.0,0.019196141479099676,0.1563022508038585,0,2020-11-13,2128,11.0,0.03536977491961415,Meera Nair,41.0,Female,Delhi,2020-11-13,311.0,11.0,3.24,0,Med
T01454,R0026,Zone_3,1.5,13.48,22.54,Credit Card,2023-01-16,0,0,Monday,January,3.1587011018321305,0.9162907318741551,3.671511950137164,-1.5163451982908989,-1.3456004346126598,-1.378643017171312,0.05727554179566564,0.0661589008363202,0.07505808667542174,44.0,0.03409090909090909,0.5122727272727272,0,2020-04-17,2338,5.0,0.11363636363636363,Aarav Kumar,26.0,Female,Surat,2020-04-17,44.0,5.0,3.17,0,Low
T01455,R0248,Zone_8,3.12,16.59,37.83,Wallet,2023-11-11,0,0,Saturday,November,3.659193143743576,1.415853163361435,4.07308237088326,-1.152283198114349,-1.2591433574843052,-1.1865340461503153,0.11996904024767803,0.08164078056551174,0.12654476883186852,104.0,0.030000000000000002,0.36374999999999996,0,2021-10-24,1783,12.0,0.11538461538461539,Vivaan Ghosh,18.0,Female,Chennai,2021-10-24,104.0,12.0,3.65,0,Low
T01456,R0014,Zone_6,5.34,32.55,116.6,Wallet,2023-09-13,0,0,Wednesday,September,4.767289035464526,1.8468787684491346,5.705260730238365,-0.6533834200946326,-0.8154600935072828,-0.19683989001402413,0.20588235294117646,0.16109119872560732,0.39179041654039126,325.0,0.01643076923076923,0.35876923076923073,0,2021-06-08,1921,53.0,0.16307692307692306,Aarav Das,26.0,Female,Ahmedabad,2021-06-08,325.0,53.0,3.0,0,High
T01457,R0197,Zone_10,8.14,59.34,155.04,Cash,2023-10-27,0,0,Friday,October,5.050112384638456,2.2126603854660587,7.703246069028303,-0.024140456826521463,-0.0707060432601378,0.28613387362542025,0.3142414860681115,0.29445440063719636,0.521231100784591,475.0,0.01713684210526316,0.32639999999999997,0,2020-10-08,2164,87.0,0.1831578947368421,Saanvi Das,29.0,Female,Bengaluru,2020-10-08,475.0,87.0,3.87,0,High
T01458,R0197,Zone_8,2.59,24.08,23.54,Credit Card,2023-04-17,0,0,Monday,April,3.2003044392827653,1.2781522025001875,4.907137658554118,-1.2713899018758128,-1.0509235800915797,-1.3660786632785065,0.09945820433436534,0.11892672242134607,0.07842543017813246,475.0,0.005452631578947368,0.049557894736842106,0,2020-10-08,2164,87.0,0.1831578947368421,Saanvi Das,29.0,Female,Bengaluru,2020-10-08,475.0,87.0,3.87,0,High
T01459,R0050,Zone_8,8.93,49.33,120.64,UPI,2024-04-09,0,0,Tuesday,April,4.801065862809164,2.295560478057081,7.02353187506115,0.15339595066698106,-0.34898107285976165,-0.14607990028708975,0.3448142414860681,0.24462365591397847,0.40539448429134256,330.0,0.02706060606060606,0.36557575757575755,0,2022-10-06,1436,41.0,0.12424242424242424,Diya Das,49.0,Male,Ahmedabad,2022-10-06,330.0,41.0,3.42,1,High
T01460,R0144,Zone_4,6.09,45.45,95.39,UPI,2024-03-22,0,0,Friday,March,4.568402461795877,1.958685340544036,6.74166151627327,-0.4848361977906743,-0.4568439214957795,-0.46332983608042927,0.23490712074303405,0.22530864197530864,0.32036906084789707,194.0,0.03139175257731959,0.49170103092783507,0,2021-01-31,2049,10.0,0.05154639175257732,Ishaan Kumar,34.0,Other,Pune,2021-01-31,194.0,10.0,3.52,2,Med
T01461,R0086,Zone_6,4.2,35.0,45.3,Wallet,2023-06-28,0,0,Wednesday,June,3.835141961092188,1.6486586255873816,5.916079783099616,-0.9095751979966491,-0.7473508205283538,-1.0926783225710581,0.16176470588235295,0.1732875348466746,0.15169882479711752,337.0,0.012462908011869436,0.1344213649851632,0,2019-11-08,2499,17.0,0.050445103857566766,Vivaan Patel,23.0,Male,Hyderabad,2019-11-08,337.0,17.0,4.56,1,High
T01462,R0020,Zone_9,1.65,12.51,16.27,Cash,2024-02-07,0,0,Wednesday,February,2.848970892158587,0.9745596399981308,3.5369478367654787,-1.4826357538301072,-1.3725661467716643,-1.4574215160792026,0.06308049535603716,0.06133014735165273,0.05394484291342559,274.0,0.006021897810218978,0.05937956204379562,0,2019-09-17,2551,21.0,0.07664233576642336,Diya Das,35.0,Female,Chennai,2019-09-17,274.0,21.0,4.03,0,Med
T01463,R0006,Zone_9,10.23,71.51,162.16,Credit Card,2023-03-13,0,0,Monday,March,5.094731314449358,2.418588768750352,8.456358554366059,0.44554446932717556,0.2676163453739702,0.37559207334219563,0.39512383900928794,0.3550378335324572,0.5452065865238913,248.0,0.04125,0.6538709677419354,0,2023-06-30,1169,13.0,0.05241935483870968,Aarav Das,45.0,Female,Jaipur,2023-06-30,248.0,13.0,4.64,0,Med
T01464,R0079,Zone_1,10.12,57.51,203.24,Cash,2023-07-30,0,0,Sunday,July,5.319295772933229,2.4087452888224363,7.583534795858722,0.42082421005592807,-0.12157950021990932,0.8917357312586468,0.39086687306501544,0.28534448426921544,0.6835370576152473,146.0,0.06931506849315068,1.392054794520548,0,2020-09-23,2179,28.0,0.1917808219178082,Ishaan Nair,25.0,Male,Bengaluru,2020-09-23,146.0,28.0,4.92,1,Low
T01465,R0137,Zone_10,12.0,79.86,296.06,Cash,2024-05-01,0,0,Wednesday,May,5.693934138601387,2.5649493574615367,8.936442245099556,0.843315913964517,0.49974386756746236,2.0579590595888555,0.46362229102167185,0.3966049382716049,0.9960938815368555,166.0,0.07228915662650602,1.7834939759036146,0,2021-08-10,1858,32.0,0.1927710843373494,Arjun Gupta,27.0,Male,Bengaluru,2021-08-10,166.0,32.0,3.14,1,Med
T01466,R0013,Zone_10,10.75,59.64,144.88,Cash,2024-04-15,0,0,Monday,April,4.982784365940479,2.463853240590168,7.722693830523129,0.5624038767912533,-0.06236613228312618,0.15848003807451613,0.41524767801857587,0.2959478295499801,0.4870188907970502,6.0,1.7916666666666667,24.146666666666665,0,2019-04-01,2720,0.0,0.0,Ishaan Gupta,43.0,Female,Kolkata,2019-04-01,6.0,0.0,3.91,0,Low
T01467,R0263,Zone_3,11.12,97.41,93.08,UPI,2023-09-08,0,0,Friday,September,4.544145484150317,2.4948569806411682,9.869650449737316,0.6455538397945392,0.9876286597226467,-0.49235349357281005,0.4295665634674922,0.4839705296694544,0.31259049735663536,297.0,0.03744107744107744,0.3134006734006734,0,2020-12-30,2081,21.0,0.0707070707070707,Ishaan Das,31.0,Other,Chennai,2020-12-30,297.0,21.0,3.84,2,Med
T01468,R0099,Zone_6,9.91,79.9,187.68,Credit Card,2023-08-25,0,0,Friday,August,5.240052458416061,2.3896797998449792,8.938679992034618,0.37363098781082,0.5008558556977307,0.6962343846865928,0.3827399380804954,0.3968040621266428,0.6311411927130687,80.0,0.123875,2.346,0,2021-08-21,1847,8.0,0.1,Diya Gupta,35.0,Other,Mumbai,2021-08-21,80.0,8.0,3.7,2,Low
T01469,R0012,Zone_7,0.79,4.99,15.11,UPI,2023-12-19,0,0,Tuesday,December,2.779440197188883,0.5822156198526637,2.233830790368868,-1.6759032354053127,-1.5816199152620907,-1.4719961665948569,0.029798761609907125,0.023894862604540025,0.050038724450281166,248.0,0.003185483870967742,0.06092741935483871,0,2022-01-19,1696,11.0,0.04435483870967742,Aarav Das,31.0,Female,Hyderabad,2022-01-19,248.0,11.0,3.31,0,Med
T01470,R0213,Zone_10,6.6,58.55,155.4,Wallet,2024-05-30,0,0,Thursday,May,5.052416828111211,2.028148247292285,7.651797174520506,-0.37022408662398265,-0.09266780883293545,0.2906570410268304,0.2546439628482972,0.29052170450019915,0.5224433444455668,456.0,0.014473684210526316,0.34078947368421053,0,2019-06-04,2656,26.0,0.05701754385964912,Kavya Ghosh,29.0,Female,Chennai,2019-06-04,456.0,26.0,3.74,0,High
T01471,R0252,Zone_3,0.84,6.37,18.24,UPI,2023-03-13,0,0,Monday,March,2.9569914452375605,0.6097655716208943,2.5238858928247927,-1.6646667539183821,-1.543256324767837,-1.4326697389103757,0.03173374613003096,0.03076463560334528,0.060578509613765694,392.0,0.002142857142857143,0.046530612244897955,0,2020-09-23,2179,47.0,0.11989795918367346,Reyansh Gupta,38.0,Other,Ahmedabad,2020-09-23,392.0,47.0,4.83,2,High
T01472,R0197,Zone_8,14.85,108.9,143.01,Cash,2024-05-12,0,0,Sunday,May,4.969882741609291,2.7631695003232895,10.435516278555651,1.4837953587195585,1.307047250142195,0.13498469629496976,0.5739164086687306,0.5411688570290721,0.4807219584469811,475.0,0.03126315789473684,0.30107368421052627,0,2020-10-08,2164,87.0,0.1831578947368421,Saanvi Das,29.0,Female,Bengaluru,2020-10-08,475.0,87.0,3.87,0,High
T01473,R0062,Zone_8,7.93,62.97,76.83,Cash,2024-04-04,0,0,Thursday,April,4.354526960971297,2.189416394888408,7.93536388579629,-0.07133367907162998,0.03020687956170364,-0.6965242443308999,0.3061145510835913,0.31252489048187976,0.25787116543758626,57.0,0.13912280701754384,1.3478947368421053,0,2019-05-13,2678,3.0,0.05263157894736842,Kavya Sharma,38.0,Male,Jaipur,2019-05-13,57.0,3.0,3.58,1,Low
T01474,R0259,Zone_7,14.35,89.85,254.51,Credit Card,2023-04-29,0,0,Saturday,April,5.543261547821099,2.731115474033206,9.478923989567592,1.371430543850253,0.7774629031019518,1.5359101553427859,0.5545665634674922,0.44633612106730386,0.8561807589992254,150.0,0.09566666666666666,1.6967333333333332,0,2019-06-25,2635,27.0,0.18,Aadhya Das,32.0,Male,Jaipur,2019-06-25,150.0,27.0,3.52,1,Low
T01475,R0208,Zone_7,2.85,20.24,28.56,Credit Card,2024-08-10,0,0,Saturday,August,3.386422096080001,1.3480731482996928,4.498888751680797,-1.212960198143774,-1.1576744405973294,-1.3030056067366225,0.1095201238390093,0.09981083233771405,0.09532949456174022,356.0,0.00800561797752809,0.0802247191011236,0,2020-01-08,2438,53.0,0.14887640449438203,Aadhya Iyer,24.0,Other,Chennai,2020-01-08,356.0,53.0,4.75,2,High
T01476,R0003,Zone_2,7.54,65.54,175.74,Credit Card,2024-06-29,0,0,Saturday,June,5.174679726089859,2.1447610078004784,8.095677859203638,-0.15897823466968822,0.10165211693143741,0.5462159992064949,0.2910216718266254,0.3253185981680606,0.5909351112907028,45.0,0.16755555555555557,3.9053333333333335,0,2023-05-04,1226,9.0,0.2,Kavya Reddy,34.0,Male,Pune,2023-05-04,45.0,9.0,3.76,1,Low
T01477,R0043,Zone_1,9.32,91.17,102.0,UPI,2023-02-09,0,0,Thursday,February,4.634728988229636,2.334083760053417,9.54829827770373,0.2410405062650395,0.8141585114008035,-0.38027945684898473,0.3599071207430341,0.4529072082835524,0.3426272014008149,85.0,0.10964705882352942,1.2,0,2021-12-10,1736,16.0,0.18823529411764706,Diya Kumar,28.0,Male,Ahmedabad,2021-12-10,85.0,16.0,4.68,1,Low
T01478,R0199,Zone_1,6.35,32.89,147.29,Credit Card,2024-06-21,0,0,Friday,June,4.999169815986978,1.9947003132247452,5.734980383575867,-0.42640649405863545,-0.8060081944000027,0.1887601309561774,0.24496904024767802,0.1627837514934289,0.495134188638583,344.0,0.018459302325581396,0.42816860465116274,0,2021-08-03,1865,27.0,0.07848837209302326,Aarav Das,29.0,Male,Ahmedabad,2021-08-03,344.0,27.0,3.91,1,High
T01479,R0058,Zone_6,8.94,71.26,120.2,Wallet,2023-10-22,0,0,Sunday,October,4.797442073635214,2.2965670206684825,8.441563836162112,0.15564324696436713,0.2606664195597938,-0.15160821599992413,0.34520123839009287,0.35379330943847076,0.40391285315014985,480.0,0.018625,0.2504166666666667,0,2021-05-31,1929,25.0,0.052083333333333336,Vivaan Reddy,46.0,Male,Kolkata,2021-05-31,480.0,25.0,4.32,1,High
T01480,R0273,Zone_7,15.41,120.88,163.17,Cash,2024-03-17,0,0,Sunday,March,5.100902476306427,2.7978909051019993,10.994544101507802,1.6096439513731806,1.6400876951575287,0.3882820707739291,0.5955882352941176,0.6008064516129032,0.5486076034616291,289.0,0.05332179930795848,0.5646020761245675,0,2022-09-17,1455,48.0,0.16608996539792387,Aadhya Nair,43.0,Male,Delhi,2022-09-17,289.0,48.0,3.76,1,Med
T01481,R0106,Zone_3,2.84,20.79,26.74,Credit Card,2024-06-30,0,0,Sunday,June,3.3228754148866853,1.3454723665996355,4.559605246071199,-1.2152074944411602,-1.1423846038061414,-1.3258727308215288,0.10913312693498453,0.10254878534448426,0.08920092938680674,6.0,0.47333333333333333,4.456666666666666,0,2021-11-25,1751,1.0,0.16666666666666666,Aarav Patel,32.0,Other,Bengaluru,2021-11-25,6.0,1.0,4.03,2,Low
T01482,R0120,Zone_7,5.19,40.17,93.02,UPI,2023-12-25,0,0,Monday,December,4.5435075255959845,1.8229350866965048,6.33798075099633,-0.6870928645554241,-0.6036263546911854,-0.4931073548063784,0.200077399380805,0.1990242931103146,0.3123884567464727,311.0,0.016688102893890677,0.29909967845659163,0,2020-07-12,2252,15.0,0.04823151125401929,Ishaan Gupta,18.0,Other,Surat,2020-07-12,311.0,15.0,4.55,2,Med
T01483,R0154,Zone_1,16.0,137.14,297.22,Wallet,2024-07-02,0,0,Tuesday,July,5.697831469162762,2.833213344056216,11.71067888723792,1.7422344329189612,2.0921108701115627,2.0725337101045103,0.618421052631579,0.6817502986857825,1.0,466.0,0.034334763948497854,0.6378111587982833,0,2019-03-25,2727,79.0,0.16952789699570817,Kavya Patel,18.0,Other,Kolkata,2019-03-25,466.0,79.0,4.68,2,High
T01484,R0014,Zone_1,4.04,28.89,89.41,Wallet,2023-04-18,0,0,Tuesday,April,4.504354880749275,1.6174060820832772,5.374941860150675,-0.9455319387548269,-0.9172070074268254,-0.5384646723594063,0.15557275541795665,0.14287136598964556,0.300232346701687,325.0,0.012430769230769231,0.2751076923076923,0,2021-06-08,1921,53.0,0.16307692307692306,Aarav Das,26.0,Female,Ahmedabad,2021-06-08,325.0,53.0,3.0,0,High
T01485,R0192,Zone_9,13.61,109.02,180.8,UPI,2024-03-17,0,0,Sunday,March,5.202907181743378,2.681706225762608,10.441264291262817,1.2051306178436807,1.3103832145329994,0.6097916299040909,0.5259287925696594,0.5417662285941856,0.607973869414419,449.0,0.030311804008908684,0.4026726057906459,0,2021-08-23,1845,31.0,0.06904231625835189,Aadhya Nair,31.0,Male,Delhi,2021-08-23,449.0,31.0,3.89,1,High
T01486,R0132,Zone_6,11.26,76.88,225.47,Wallet,2023-08-21,0,0,Monday,August,5.422612485819643,2.506341930508065,8.76812408671319,0.6770159879579448,0.4169007518624794,1.1710413182957136,0.43498452012383904,0.38177021107128634,0.7583931036805064,484.0,0.023264462809917355,0.46584710743801655,0,2022-12-09,1372,25.0,0.05165289256198347,Aadhya Iyer,23.0,Male,Surat,2022-12-09,484.0,25.0,3.32,1,High
T01487,R0174,Zone_5,6.92,68.8,62.66,Credit Card,2024-04-23,0,0,Tuesday,April,4.1535564218539465,2.0693912058263346,8.294576541331088,-0.2983106051076271,0.1922791495482976,-0.8745611389919542,0.2670278637770898,0.34154719235364395,0.21015590800417547,320.0,0.021625,0.1958125,0,2019-02-07,2773,7.0,0.021875,Aadhya Patel,32.0,Male,Kolkata,2019-02-07,320.0,7.0,3.8,1,Med
T01488,R0273,Zone_8,9.9,73.94,116.71,UPI,2023-09-15,0,0,Friday,September,4.768223972424389,2.388762789235098,8.598837130682265,0.3713836915134339,0.33516962428776476,-0.19545781108581556,0.3823529411764706,0.3671346077260056,0.39216082432568944,289.0,0.034256055363321804,0.403840830449827,0,2022-09-17,1455,48.0,0.16608996539792387,Aadhya Nair,43.0,Male,Delhi,2022-09-17,289.0,48.0,3.76,1,Med
T01489,R0150,Zone_8,2.3,18.79,22.73,Credit Card,2024-06-14,0,0,Friday,June,3.166740070447672,1.1939224684724346,4.334743360338648,-1.3365614945000102,-1.1979840103195527,-1.3762557899316787,0.08823529411764706,0.09259259259259259,0.07569788194093678,215.0,0.01069767441860465,0.10572093023255814,0,2022-02-27,1657,16.0,0.07441860465116279,Ishaan Gupta,33.0,Male,Pune,2022-02-27,215.0,16.0,4.95,1,Med
T01490,R0291,Zone_1,8.43,42.19,180.72,Credit Card,2023-06-26,0,0,Monday,June,5.202467040891203,2.2438960966453663,6.495382975621991,0.04103113579767555,-0.5474709541126401,0.6087864815926662,0.3254643962848297,0.2090800477897252,0.6077044819342021,499.0,0.0168937875751503,0.3621643286573146,0,2021-04-19,1971,94.0,0.18837675350701402,Arjun Ghosh,23.0,Other,Pune,2021-04-19,499.0,94.0,3.46,2,High
T01491,R0169,Zone_2,10.97,55.36,198.18,Wallet,2023-11-18,0,0,Saturday,November,5.294208938503494,2.482403519569882,7.4404300950953095,0.6118443953337478,-0.18134886222182645,0.8281601005610508,0.4237616099071208,0.2746415770609319,0.6664982994915312,497.0,0.022072434607645876,0.39875251509054327,0,2023-02-21,1298,81.0,0.16297786720321933,Reyansh Kumar,32.0,Male,Delhi,2023-02-21,497.0,81.0,4.19,1,High
T01492,R0161,Zone_3,4.13,37.14,94.42,Credit Card,2024-07-29,0,0,Monday,July,4.5582882000879605,1.6351056591826783,6.094259594077036,-0.9253062720783519,-0.6878594555590036,-0.4755172593564506,0.15905572755417957,0.18394066109119872,0.3171027376502677,332.0,0.012439759036144579,0.2843975903614458,0,2019-03-27,2725,50.0,0.15060240963855423,Aarav Nair,32.0,Other,Surat,2019-03-27,332.0,50.0,4.91,2,High
T01493,R0043,Zone_10,6.1,46.38,93.68,UPI,2023-11-07,0,0,Tuesday,November,4.550502784645783,1.9600947840472698,6.810286337592569,-0.4825889014932882,-0.43099019746704326,-0.4848148812371266,0.23529411764705882,0.22993827160493827,0.3146109034582618,85.0,0.07176470588235294,1.1021176470588236,0,2021-12-10,1736,16.0,0.18823529411764706,Diya Kumar,28.0,Male,Ahmedabad,2021-12-10,85.0,16.0,4.68,1,Low
T01494,R0123,Zone_6,9.56,92.52,200.04,UPI,2023-09-09,0,0,Saturday,September,5.303503893235336,2.3570732782781154,9.618731725128837,0.2949756174023062,0.851688110797356,0.8515297988016689,0.3691950464396285,0.45962763839107923,0.672761558406573,156.0,0.06128205128205128,1.2823076923076921,0,2023-06-24,1175,26.0,0.16666666666666666,Meera Ghosh,32.0,Male,Bengaluru,2023-06-24,156.0,26.0,3.31,1,Low
T01495,R0200,Zone_9,14.62,133.66,145.11,Cash,2023-12-20,0,0,Wednesday,December,4.984359762683993,2.7485521444115397,11.561141812122191,1.4321075438796778,1.9953679027782272,0.16136983946986164,0.565015479876161,0.6644265232974911,0.4877933798026737,443.0,0.03300225733634311,0.3275620767494357,0,2021-11-15,1761,87.0,0.1963882618510158,Kavya Kumar,30.0,Other,Bengaluru,2021-11-15,443.0,87.0,3.6,2,High
T01496,R0144,Zone_4,7.98,57.43,149.03,Cash,2024-06-10,0,0,Monday,June,5.010835274098922,2.194999882314108,7.578258375114958,-0.060097197584699266,-0.12380347648044572,0.21062210672965914,0.3080495356037152,0.2849462365591398,0.5009933663332996,194.0,0.041134020618556706,0.7681958762886598,0,2021-01-31,2049,10.0,0.05154639175257732,Ishaan Kumar,34.0,Other,Pune,2021-01-31,194.0,10.0,3.52,2,Med
T01497,R0135,Zone_4,5.85,37.08,54.06,UPI,2024-06-27,0,0,Thursday,June,4.008423499714461,1.9242486522741338,6.089334939055331,-0.538771308927941,-0.6895274377544061,-0.9826145824700816,0.22561919504643962,0.18364197530864196,0.18119675388086337,153.0,0.038235294117647055,0.35333333333333333,0,2022-02-24,1660,8.0,0.05228758169934641,Reyansh Patel,38.0,Female,Ahmedabad,2022-02-24,153.0,8.0,3.47,0,Low
T01498,R0137,Zone_5,7.27,52.2,85.21,Wallet,2023-05-18,0,0,Thursday,May,4.456786180221833,2.1126345090356,7.224956747275377,-0.2196552346991133,-0.26919592451301627,-0.5912349587091896,0.2805727554179567,0.2589107925129431,0.28608950399030203,166.0,0.04379518072289156,0.5133132530120481,0,2021-08-10,1858,32.0,0.1927710843373494,Arjun Gupta,27.0,Male,Bengaluru,2021-08-10,166.0,32.0,3.14,1,Med
T01499,R0144,Zone_3,13.8,132.21,297.22,UPI,2023-02-20,0,0,Monday,February,5.697831469162762,2.6946271807700692,11.498260738042081,1.2478292474940171,1.9550583330560043,2.0725337101045103,0.5332817337461301,0.6572082835523696,1.0,194.0,0.0711340206185567,1.5320618556701033,0,2021-01-31,2049,10.0,0.05154639175257732,Ishaan Kumar,34.0,Other,Pune,2021-01-31,194.0,10.0,3.52,2,Med
T01500,R0099,Zone_4,4.79,38.71,59.63,Cash,2024-05-20,0,0,Monday,May,4.1047898200836395,1.7561322915849038,6.221736092120913,-0.7769847164508685,-0.6442139214459758,-0.9126311312871549,0.18459752321981424,0.1917562724014337,0.19995285719096204,80.0,0.059875,0.745375,0,2021-08-21,1847,8.0,0.1,Diya Gupta,35.0,Other,Mumbai,2021-08-21,80.0,8.0,3.7,2,Low
T01501,R0063,Zone_5,6.5,37.48,159.88,Credit Card,2024-06-17,0,0,Monday,June,5.0806587454643966,2.0149030205422647,6.1220911460055865,-0.3926970495978437,-0.6784075564517238,0.346945346466599,0.25077399380804954,0.1856332138590203,0.5375290433377108,329.0,0.019756838905775075,0.4859574468085106,0,2023-04-21,1239,33.0,0.10030395136778116,Diya Iyer,34.0,Male,Surat,2023-04-21,329.0,33.0,4.83,1,High
T01502,R0038,Zone_9,4.84,47.19,67.43,Cash,2023-02-08,0,0,Wednesday,February,4.225811324964407,1.7647307968401356,6.869497798238238,-0.7657482349639381,-0.4084724378291118,-0.8146291709232717,0.18653250773993807,0.23397052966945436,0.2262181365121056,68.0,0.07117647058823529,0.9916176470588236,0,2023-02-11,1308,7.0,0.10294117647058823,Aarav Singh,37.0,Other,Kolkata,2023-02-11,68.0,7.0,4.07,2,Low
T01503,R0072,Zone_8,6.98,58.84,77.73,Cash,2023-09-12,0,0,Tuesday,September,4.3660242771963755,2.0769384114617173,7.6707235643060425,-0.2848268273233103,-0.08460589488849063,-0.6852163258273748,0.2693498452012384,0.29196535244922345,0.26090177459002595,62.0,0.11258064516129034,1.2537096774193548,0,2023-11-05,1041,10.0,0.16129032258064516,Saanvi Das,25.0,Other,Jaipur,2023-11-05,62.0,10.0,4.07,2,Low
T01504,R0100,Zone_4,9.07,83.78,88.37,Cash,2023-04-10,0,0,Monday,April,4.492785055393301,2.309560706730471,9.153141537199128,0.18485809883038673,0.6087187043337486,-0.551531600407924,0.3502321981424149,0.4161190760653126,0.2967303094588679,383.0,0.023681462140992166,0.23073107049608357,0,2021-05-24,1936,60.0,0.1566579634464752,Ishaan Gupta,28.0,Male,Delhi,2021-05-24,383.0,60.0,3.79,1,High
T01505,R0083,Zone_6,13.17,107.57,211.46,Cash,2023-07-03,0,0,Monday,July,5.3587537353518675,2.6511270537025893,10.371595827065379,1.1062495807586918,1.2700736448107761,0.9950147202575081,0.5089009287925697,0.5345479888490641,0.7112166212075294,475.0,0.027726315789473686,0.44517894736842106,0,2021-12-31,1715,39.0,0.08210526315789474,Kavya Patel,45.0,Female,Mumbai,2021-12-31,475.0,39.0,4.4,0,High
T01506,R0141,Zone_3,2.62,15.88,59.31,Cash,2023-10-07,0,0,Saturday,October,4.099497927462895,1.2864740258376797,3.984971769034255,-1.2646480129836546,-1.278881146796566,-0.9166517245328526,0.10061919504643964,0.07810633213859021,0.19887530727009461,53.0,0.04943396226415094,1.119056603773585,0,2019-07-08,2622,0.0,0.0,Arjun Das,25.0,Other,Jaipur,2019-07-08,53.0,0.0,4.29,2,Low
T01507,R0056,Zone_9,10.78,72.47,104.66,Cash,2023-10-27,0,0,Friday,October,4.6602263917361695,2.4664031782234406,8.512931340026183,0.5691457656834115,0.29430406050040747,-0.34685827549412207,0.41640866873065013,0.3598168060533652,0.3515843351180254,93.0,0.11591397849462365,1.1253763440860214,0,2021-02-26,2023,13.0,0.13978494623655913,Meera Patel,40.0,Other,Hyderabad,2021-02-26,93.0,13.0,3.25,2,Low
T01508,R0184,Zone_3,3.54,26.1,65.71,Wallet,2024-03-18,0,0,Monday,March,4.200354866721424,1.5129270120532565,5.10881590977792,-1.0578967536241324,-0.9947681795130342,-0.8362398596188974,0.13622291021671826,0.12898247710075667,0.22042630568744312,285.0,0.012421052631578947,0.2305614035087719,0,2020-03-04,2382,27.0,0.09473684210526316,Meera Nair,29.0,Female,Surat,2020-03-04,285.0,27.0,3.97,0,Med
T01509,R0105,Zone_4,10.97,105.64,136.12,Credit Card,2023-05-25,0,0,Thursday,May,4.92085645484947,2.482403519569882,10.278132126023678,0.6118443953337478,1.2164202175253345,0.04841629797353984,0.4237616099071208,0.5249402628434887,0.45752096171330436,346.0,0.03170520231213873,0.39341040462427745,0,2020-09-28,2174,9.0,0.02601156069364162,Diya Das,31.0,Female,Jaipur,2020-09-28,346.0,9.0,3.69,0,High
T01510,R0265,Zone_2,14.2,82.55,193.31,Credit Card,2024-04-26,0,0,Friday,April,5.269454821862936,2.7212954278522306,9.085703054799886,1.3377210993894613,0.5745250693280005,0.7669716971030879,0.5487616099071208,0.40999601752289927,0.65009933663333,176.0,0.08068181818181817,1.0983522727272728,0,2020-11-26,2115,24.0,0.13636363636363635,Kavya Das,39.0,Female,Bengaluru,2020-11-26,176.0,24.0,3.26,0,Med
T01511,R0057,Zone_9,12.98,84.12,253.63,UPI,2023-06-26,0,0,Monday,June,5.53981151107484,2.637627736805664,9.171695590238482,1.0635509511083558,0.6181706034410286,1.524853523917117,0.5015479876160991,0.4178116288331342,0.85321749671684,407.0,0.03189189189189189,0.6231695331695332,0,2023-06-04,1195,11.0,0.02702702702702703,Aadhya Reddy,39.0,Male,Bengaluru,2023-06-04,407.0,11.0,3.66,1,High
T01512,R0056,Zone_3,8.79,59.17,88.55,Wallet,2024-02-08,0,0,Thursday,February,4.494797128506721,2.281361456542419,7.692203845452875,0.1219338025035754,-0.07543199281377781,-0.5492700167072191,0.33939628482972134,0.2936081242532856,0.29733643128935583,93.0,0.09451612903225806,0.9521505376344086,0,2021-02-26,2023,13.0,0.13978494623655913,Meera Patel,40.0,Other,Hyderabad,2021-02-26,93.0,13.0,3.25,2,Low
T01513,R0273,Zone_6,12.17,66.97,127.47,Credit Card,2023-04-23,0,0,Sunday,April,4.8556954140435185,2.5779415157551897,8.183520025025906,0.8815199510200808,0.1414056925885263,-0.060265363199228025,0.4702012383900929,0.3324372759856631,0.4283934404148567,289.0,0.04211072664359861,0.4410726643598616,0,2022-09-17,1455,48.0,0.16608996539792387,Aadhya Nair,43.0,Male,Delhi,2022-09-17,289.0,48.0,3.76,1,Med
T01514,R0259,Zone_9,3.2800000000000002,22.09,57.41,Credit Card,2023-09-23,0,0,Saturday,September,4.067487108052218,1.4539530095937054,4.7,-1.1163264573561713,-1.106244989572424,-0.9405239969291832,0.12616099071207432,0.10902031063321387,0.19247735461494425,150.0,0.02186666666666667,0.3827333333333333,0,2019-06-25,2635,27.0,0.18,Aadhya Das,32.0,Male,Jaipur,2019-06-25,150.0,27.0,3.52,1,Low
T01515,R0172,Zone_4,7.66,40.65,129.04,Wallet,2023-09-15,0,0,Friday,September,4.867842095435704,2.1587147225743437,6.375735251718032,-0.13201067910105485,-0.5902824971279669,-0.04053932758752343,0.29566563467492263,0.2014137793707686,0.4336801697141125,168.0,0.0455952380952381,0.768095238095238,0,2019-12-24,2453,14.0,0.08333333333333333,Reyansh Reddy,31.0,Other,Pune,2019-12-24,168.0,14.0,3.72,2,Med
T01516,R0132,Zone_10,15.6,100.6,233.07,UPI,2023-04-17,0,0,Monday,April,5.455620215921813,2.8094026953624978,10.029955134495866,1.6523425810235166,1.0763097131115378,1.2665304078810353,0.6029411764705882,0.49985065710872156,0.7839849143011078,484.0,0.032231404958677684,0.4815495867768595,0,2022-12-09,1372,25.0,0.05165289256198347,Aadhya Iyer,23.0,Male,Surat,2022-12-09,484.0,25.0,3.32,1,High
T01517,R0255,Zone_6,4.05,20.31,62.76,Cash,2023-06-01,0,0,Thursday,June,4.15512603448196,1.6193882432872684,4.5066617356975,-0.9432846424574408,-1.1557284613693601,-0.8733047036026736,0.15595975232198142,0.10015929908403026,0.21049264235444654,475.0,0.008526315789473684,0.13212631578947368,0,2021-07-06,1893,42.0,0.08842105263157894,Reyansh Sharma,37.0,Female,Bengaluru,2021-07-06,475.0,42.0,3.12,0,High
T01518,R0229,Zone_6,8.99,70.24,196.93,UPI,2023-01-17,0,0,Tuesday,January,5.287913432832644,2.301584592660462,8.380930735902785,0.16687972845129784,0.2323107222379537,0.8124546581950439,0.34713622291021673,0.34871565113500597,0.6622891201131428,146.0,0.06157534246575343,1.3488356164383561,0,2020-11-23,2118,16.0,0.1095890410958904,Reyansh Ghosh,22.0,Female,Mumbai,2020-11-23,146.0,16.0,4.43,0,Low
T01519,R0235,Zone_1,6.15,42.15,104.59,Credit Card,2023-06-25,0,0,Sunday,June,4.659563669818423,1.9671123567059163,6.492303135251773,-0.47135242000635746,-0.5485829422429084,-0.3477377802666184,0.23722910216718268,0.20888092393468735,0.35134862107283565,284.0,0.02165492957746479,0.36827464788732395,0,2021-02-15,2034,8.0,0.028169014084507043,Aarav Ghosh,34.0,Other,Delhi,2021-02-15,284.0,8.0,4.06,2,Med
T01520,R0280,Zone_1,7.02,51.41,88.54,Cash,2024-08-21,0,0,Wednesday,August,4.49468545281282,2.081938421878423,7.170076708097341,-0.27583764213376605,-0.29115769008581394,-0.549395660246147,0.2708978328173375,0.2549780963759458,0.29730275785432875,172.0,0.04081395348837209,0.5147674418604652,0,2023-05-31,1199,23.0,0.13372093023255813,Saanvi Gupta,26.0,Other,Chennai,2023-05-31,172.0,23.0,4.43,2,Med
T01521,R0249,Zone_5,10.03,59.01,94.66,UPI,2024-07-04,0,0,Thursday,July,4.560800238252151,2.400618833265411,7.681796664843453,0.4005985433794531,-0.07987994533485082,-0.47250181442217737,0.38738390092879255,0.2928116288331342,0.31791090009091827,396.0,0.02532828282828283,0.23904040404040403,0,2023-03-24,1267,48.0,0.12121212121212122,Diya Nair,20.0,Male,Mumbai,2023-03-24,396.0,48.0,4.49,1,High
T01522,R0223,Zone_2,6.65,62.7,102.34,Credit Card,2024-07-18,0,0,Thursday,July,4.638024522859038,2.0347056478384444,7.918333157931662,-0.35898760513705197,0.02270095968239322,-0.3760075765254308,0.2565789473684211,0.3111808044603744,0.34377209819173654,158.0,0.04208860759493671,0.6477215189873418,0,2019-11-29,2478,10.0,0.06329113924050633,Meera Ghosh,30.0,Female,Surat,2019-11-29,158.0,10.0,4.04,0,Low
T01523,R0036,Zone_5,7.98,74.21,176.1,UPI,2023-09-09,0,0,Saturday,September,5.176714544788788,2.194999882314108,8.614522621712709,-0.060097197584699266,0.3426755441670752,0.5507391666079047,0.3080495356037152,0.3684786937475109,0.5921473549516786,177.0,0.04508474576271187,0.9949152542372881,0,2022-03-16,1640,15.0,0.0847457627118644,Aadhya Das,30.0,Female,Surat,2022-03-16,177.0,15.0,4.9,0,Med
T01524,R0159,Zone_5,5.48,51.6,115.03,Cash,2023-06-05,0,0,Monday,June,4.753848778359454,1.8687205103641833,7.183313998427188,-0.6219212719312268,-0.2858757464670397,-0.21656592562572874,0.21130030959752324,0.25592393468737556,0.3865036872411355,79.0,0.06936708860759494,1.4560759493670887,0,2020-05-21,2304,2.0,0.02531645569620253,Ishaan Singh,43.0,Female,Bengaluru,2020-05-21,79.0,2.0,4.9,0,Low
T01525,R0232,Zone_9,1.13,7.14,20.27,Wallet,2023-11-03,0,0,Friday,November,3.0572976292121457,0.7561219797213337,2.6720778431774774,-1.599495161294185,-1.5218505532601736,-1.4071641005079805,0.04295665634674922,0.03459776981282358,0.06741421692426844,172.0,0.006569767441860465,0.11784883720930232,0,2022-12-08,1373,15.0,0.0872093023255814,Meera Das,38.0,Male,Jaipur,2022-12-08,172.0,15.0,3.94,1,Med
T01526,R0175,Zone_7,8.97,88.29,94.91,Cash,2023-07-04,0,0,Tuesday,July,4.563410251739859,2.299580583973747,9.396275858019495,0.16238513585652573,0.7340953660214913,-0.469360725948976,0.34636222910216724,0.4385702907208284,0.3187527359665959,98.0,0.09153061224489796,0.968469387755102,0,2022-08-18,1485,8.0,0.08163265306122448,Diya Patel,35.0,Male,Chennai,2022-08-18,98.0,8.0,3.48,1,Low
T01527,R0023,Zone_4,10.2,85.72,225.65,Credit Card,2023-11-21,0,0,Tuesday,November,5.4234069773868585,2.4159137783010487,9.258509599282165,0.438802580435017,0.6626501286517575,1.1733029019964185,0.3939628482972136,0.42577658303464755,0.7589992255109943,176.0,0.05795454545454545,1.2821022727272728,0,2019-10-09,2529,32.0,0.18181818181818182,Meera Iyer,24.0,Other,Jaipur,2019-10-09,176.0,32.0,3.21,2,Med
T01528,R0154,Zone_8,14.91,77.99,138.83,Wallet,2024-07-12,0,0,Friday,July,4.940427399052759,2.7669478423496954,8.831194709664146,1.4972791365038751,0.44775842247742265,0.08246569702304292,0.5762383900928792,0.3872958980485862,0.4666464626056504,466.0,0.03199570815450644,0.29791845493562236,0,2019-03-25,2727,79.0,0.16952789699570817,Kavya Patel,18.0,Other,Kolkata,2019-03-25,466.0,79.0,4.68,2,High
T01529,R0189,Zone_7,7.34,44.32,151.32,Credit Card,2023-07-27,0,0,Thursday,July,5.025983571043055,2.1210632163706555,6.6573267908372955,-0.20392416061741045,-0.48825758617585696,0.2393944771441837,0.28328173374613,0.21968339307048984,0.5087045829545072,238.0,0.03084033613445378,0.635798319327731,0,2019-09-16,2552,42.0,0.17647058823529413,Reyansh Gupta,29.0,Female,Delhi,2019-09-16,238.0,42.0,3.28,0,Med
T01530,R0012,Zone_7,1.03,7.86,15.99,UPI,2023-12-10,0,0,Sunday,December,2.8326249356838407,0.708035793053696,2.8035691537752374,-1.6219681242680462,-1.5018347669153456,-1.460939535169188,0.03908668730650155,0.03818199920350458,0.053001986732666595,248.0,0.004153225806451613,0.06447580645161291,0,2022-01-19,1696,11.0,0.04435483870967742,Aarav Das,31.0,Female,Hyderabad,2022-01-19,248.0,11.0,3.31,0,Med
T01531,R0085,Zone_7,4.23,29.06,84.56,Cash,2023-07-14,0,0,Friday,July,4.449217884214205,1.6544112780768316,5.390732788777422,-0.9028333091044907,-0.9124810578731856,-0.5994017887395131,0.16292569659442727,0.14371764237355633,0.2839007307135401,94.0,0.045000000000000005,0.8995744680851064,0,2022-09-17,1455,12.0,0.1276595744680851,Aadhya Ghosh,29.0,Female,Chennai,2022-09-17,94.0,12.0,4.95,0,Low
T01532,R0289,Zone_7,10.7,70.59,209.12,Cash,2023-12-07,0,0,Thursday,December,5.347678796085761,2.4595888418037104,8.401785524517988,0.5511673953043226,0.24204061837780094,0.9656141321483432,0.413312693498452,0.350457984866587,0.7033370374111862,322.0,0.03322981366459627,0.6494409937888199,0,2021-09-30,1807,14.0,0.043478260869565216,Aarav Gupta,21.0,Other,Chennai,2021-09-30,322.0,14.0,4.17,2,Med
T01533,R0257,Zone_1,7.58,60.11,100.17,Cash,2023-04-19,0,0,Wednesday,April,4.616802270217799,2.149433913499871,7.753063910480811,-0.14998904948014377,-0.04930027175247455,-0.40327222447281885,0.29256965944272445,0.29828753484667464,0.3364649627908543,459.0,0.016514161220043573,0.21823529411764706,0,2023-03-11,1280,19.0,0.04139433551198257,Arjun Reddy,36.0,Other,Delhi,2023-03-11,459.0,19.0,4.82,2,High
T01534,R0047,Zone_2,9.4,64.38,220.61,Wallet,2024-08-06,0,0,Tuesday,August,5.400919080208756,2.341805806147327,8.023714850367003,0.2590188766441284,0.06940446115365853,1.1099785583766788,0.3630030959752322,0.31954400637196334,0.7420278142573324,69.0,0.13623188405797101,3.197246376811594,0,2021-10-07,1800,3.0,0.043478260869565216,Reyansh Iyer,51.0,Female,Bengaluru,2021-10-07,69.0,3.0,4.86,0,Low
T01535,R0275,Zone_10,6.23,36.31,64.76,Wallet,2024-01-04,0,0,Thursday,January,4.186011750747925,1.9782390361706734,6.025777958073132,-0.45337404962726857,-0.7109332092620693,-0.8481759958170625,0.24032507739938083,0.17980884109916367,0.217227329359868,247.0,0.02522267206477733,0.2621862348178138,0,2022-10-04,1438,17.0,0.06882591093117409,Ishaan Das,21.0,Other,Jaipur,2022-10-04,247.0,17.0,3.07,2,Med
T01536,R0086,Zone_6,17.35,136.11,255.38,Wallet,2023-09-23,0,0,Saturday,September,5.546660718883989,2.9096295745005794,11.666619047521866,2.0456194330660864,2.0634771757571566,1.5468411432295268,0.6706656346749227,0.6766228594185584,0.8591103478465838,337.0,0.05148367952522256,0.7578041543026706,0,2019-11-08,2499,17.0,0.050445103857566766,Vivaan Patel,23.0,Male,Hyderabad,2019-11-08,337.0,17.0,4.56,1,High
T01537,R0255,Zone_1,16.64,113.01,297.22,Cash,2023-01-14,0,0,Saturday,January,5.697831469162762,2.8701690505786455,10.630616162763097,1.8860613959516723,1.4213040305272553,2.0725337101045103,0.6431888544891642,0.5616288331342095,1.0,475.0,0.03503157894736842,0.6257263157894738,0,2021-07-06,1893,42.0,0.08842105263157894,Reyansh Sharma,37.0,Female,Bengaluru,2021-07-06,475.0,42.0,3.12,0,High
T01538,R0271,Zone_4,3.34,25.65,41.92,Wallet,2024-01-08,0,0,Monday,January,3.759337917762498,1.4678743481123135,5.06458290484024,-1.1028426795718547,-1.0072780459785518,-1.1351458387287408,0.1284829721362229,0.12674233373158103,0.14031720375795534,58.0,0.05758620689655172,0.7227586206896552,0,2022-10-07,1435,6.0,0.10344827586206896,Saanvi Iyer,22.0,Male,Bengaluru,2022-10-07,58.0,6.0,4.37,1,Low
T01539,R0197,Zone_8,12.55,63.06,103.09,UPI,2023-07-12,0,0,Wednesday,July,4.645255909527377,2.60638654732571,7.941032678436729,0.9669172103207533,0.03270885285480724,-0.3665843111058267,0.4849071207430341,0.3129729191557149,0.34629760581876956,475.0,0.02642105263157895,0.21703157894736844,0,2020-10-08,2164,87.0,0.1831578947368421,Saanvi Das,29.0,Female,Bengaluru,2020-10-08,475.0,87.0,3.87,0,High
T01540,R0270,Zone_9,9.52,67.56,111.55,Credit Card,2023-09-05,0,0,Tuesday,September,4.723397567352741,2.3532782073095637,8.219489035213806,0.28598643221276154,0.15780751750998273,-0.26028987717269203,0.36764705882352944,0.33537435284747114,0.37478533185170215,455.0,0.020923076923076923,0.24516483516483517,0,2022-01-02,1713,64.0,0.14065934065934066,Aadhya Reddy,35.0,Male,Hyderabad,2022-01-02,455.0,64.0,3.08,1,High
T01541,R0227,Zone_1,8.07,74.65,178.6,Credit Card,2023-06-06,0,0,Tuesday,June,5.190732155868099,2.2049722641270453,8.64002314811714,-0.039871530908224304,0.354907413600026,0.5821500513399185,0.3115325077399381,0.37066905615292717,0.6005657137084554,320.0,0.02521875,0.558125,0,2020-07-11,2253,23.0,0.071875,Arjun Nair,25.0,Other,Pune,2020-07-11,320.0,23.0,4.12,2,Med
T01542,R0107,Zone_9,3.7,31.32,83.84,UPI,2024-03-13,0,0,Wednesday,March,4.440767129696482,1.547562508716013,5.596427431853289,-1.0219400128659546,-0.8496537285130307,-0.608448123542333,0.14241486068111456,0.15496814018319394,0.2814762433915884,179.0,0.020670391061452516,0.46837988826815646,0,2020-01-11,2435,14.0,0.0782122905027933,Reyansh Gupta,33.0,Male,Hyderabad,2020-01-11,179.0,14.0,3.66,1,Med
T01543,R0175,Zone_6,16.11,146.94,297.22,Wallet,2024-04-26,0,0,Friday,April,5.697831469162762,2.839663087904102,12.121881042148532,1.7669546921902084,2.3645479620272787,2.0725337101045103,0.6226780185758514,0.7305356431700518,1.0,98.0,0.16438775510204082,3.032857142857143,0,2022-08-18,1485,8.0,0.08163265306122448,Diya Patel,35.0,Male,Chennai,2022-08-18,98.0,8.0,3.48,1,Low
T01544,R0028,Zone_6,13.83,77.81,297.22,Cash,2023-02-21,0,0,Tuesday,February,5.697831469162762,2.696652156149841,8.820997676000147,1.2545711363861753,0.4427544758912158,2.0725337101045103,0.5344427244582044,0.386399840700916,1.0,249.0,0.05554216867469879,1.1936546184738956,0,2023-11-11,1035,21.0,0.08433734939759036,Reyansh Sharma,20.0,Female,Surat,2023-11-11,249.0,21.0,3.79,0,Med
T01545,R0234,Zone_1,0.71,5.6,17.31,Wallet,2023-04-29,0,0,Saturday,April,2.907447358686419,0.5364933705145685,2.3664319132398464,-1.6938816057844017,-1.5646620962755002,-1.4443545880306847,0.02670278637770898,0.026931501393866984,0.05744688015624473,183.0,0.003879781420765027,0.09459016393442622,0,2022-12-01,1380,31.0,0.16939890710382513,Saanvi Nair,32.0,Other,Pune,2022-12-01,183.0,31.0,3.98,2,Med
T01546,R0291,Zone_3,14.92,128.69,236.53,UPI,2023-08-17,0,0,Thursday,August,5.470293931287002,2.767576180416237,11.344161493913951,1.4995264328012612,1.8572033775924002,1.3100030723501426,0.576625386996904,0.6396853843090402,0.7956359228204869,499.0,0.029899799599198397,0.4740080160320641,0,2021-04-19,1971,94.0,0.18837675350701402,Arjun Ghosh,23.0,Other,Pune,2021-04-19,499.0,94.0,3.46,2,High
T01547,R0005,Zone_1,7.8100000000000005,67.95,163.28,UPI,2023-07-13,0,0,Thursday,July,5.101572289088358,2.175887439948088,8.243178998420452,-0.09830123464026312,0.16864940178009796,0.38966414970213786,0.30147058823529416,0.33731581043409004,0.5489780112469272,294.0,0.026564625850340137,0.555374149659864,0,2021-05-31,1929,30.0,0.10204081632653061,Diya Reddy,27.0,Male,Ahmedabad,2021-05-31,294.0,30.0,3.53,1,Med
T01548,R0152,Zone_7,5.01,32.28,108.17,Credit Card,2024-01-26,0,0,Friday,January,4.6929063002921785,1.7934247485471162,5.681549084536717,-0.7275441979083742,-0.8229660133865931,-0.30275739333037466,0.19311145510835914,0.15974711270410194,0.36340371081253997,143.0,0.03503496503496503,0.7564335664335664,0,2021-05-04,1956,24.0,0.16783216783216784,Arjun Patel,34.0,Female,Bengaluru,2021-05-04,143.0,24.0,3.91,0,Low
T01549,R0081,Zone_6,3.12,21.16,54.75,UPI,2023-01-07,0,0,Saturday,January,4.020877410340228,1.415853163361435,4.6,-1.152283198114349,-1.1320987136011602,-0.9739451782840458,0.11996904024767803,0.10439068100358423,0.18352022089773376,114.0,0.02736842105263158,0.48026315789473684,0,2022-01-31,1684,2.0,0.017543859649122806,Diya Reddy,42.0,Other,Mumbai,2022-01-31,114.0,2.0,3.9,2,Low
T01550,R0207,Zone_6,12.72,118.88,224.62,Credit Card,2024-04-12,0,0,Friday,April,5.418852168176774,2.6188546222977394,10.903210536351208,1.0051212473763171,1.5844882886441174,1.160361617486829,0.4914860681114552,0.5908502588610115,0.7555308617032023,47.0,0.27063829787234045,4.779148936170213,0,2023-12-06,1010,3.0,0.06382978723404255,Ishaan Iyer,31.0,Male,Mumbai,2023-12-06,47.0,3.0,3.93,1,Low
T01551,R0087,Zone_2,10.0,87.94,105.72,Credit Card,2023-04-04,0,0,Tuesday,April,4.670208582167313,2.3978952727983707,9.377632963600142,0.39385665448729495,0.7243654698816441,-0.3335400603677482,0.3862229102167183,0.4368279569892473,0.3551537192308987,362.0,0.027624309392265192,0.29204419889502764,0,2021-05-11,1949,33.0,0.09116022099447514,Saanvi Das,26.0,Female,Jaipur,2021-05-11,362.0,33.0,3.57,0,High
T01552,R0283,Zone_10,3.63,21.99,45.85,UPI,2024-01-10,0,0,Wednesday,January,3.846951008684431,1.5325568680981427,4.689349635077342,-1.0376710869476575,-1.1090249598980944,-1.0857679279300152,0.13970588235294118,0.10852250099561928,0.15355086372360843,245.0,0.014816326530612245,0.18714285714285714,0,2023-06-15,1184,45.0,0.1836734693877551,Diya Nair,19.0,Male,Surat,2023-06-15,245.0,45.0,3.55,1,Med
T01553,R0050,Zone_7,3.94,39.26,92.05,UPI,2023-04-26,0,0,Wednesday,April,4.5331369830882595,1.597365331199831,6.265780079128216,-0.968004901728688,-0.6289240846547877,-0.5052947780823998,0.15170278637770898,0.19449422540820388,0.3091221335488433,330.0,0.011939393939393939,0.27893939393939393,0,2022-10-06,1436,41.0,0.12424242424242424,Diya Das,49.0,Male,Ahmedabad,2022-10-06,330.0,41.0,3.42,1,High
T01554,R0204,Zone_9,6.06,36.68,106.89,Cash,2024-01-04,0,0,Thursday,January,4.681112189563248,1.9544450515051506,6.056401571890688,-0.49157808668283265,-0.7006473190570883,-0.31883976631316574,0.23374613003095973,0.18165073675826363,0.3590935111290703,438.0,0.013835616438356164,0.24404109589041095,0,2019-01-01,2810,5.0,0.01141552511415525,Aarav Kumar,37.0,Female,Hyderabad,2019-01-01,438.0,5.0,3.73,0,High
T01555,R0232,Zone_7,5.44,32.77,109.34,Wallet,2024-02-02,0,0,Friday,February,4.703566507844284,1.8625285401162623,5.724508712544685,-0.6309104571207713,-0.8093441587908073,-0.28805709927579215,0.20975232198142418,0.16218637992831542,0.36734350271071153,172.0,0.03162790697674419,0.6356976744186047,0,2022-12-08,1373,15.0,0.0872093023255814,Meera Das,38.0,Male,Jaipur,2022-12-08,172.0,15.0,3.94,1,Med
T01556,R0211,Zone_5,10.64,80.28,261.71,Wallet,2023-09-08,0,0,Friday,September,5.571050762202242,2.454447442303292,8.959910713840847,0.5376836175200062,0.5114197429352788,1.6263735033709854,0.41099071207430343,0.3986957387495022,0.8804256322187425,435.0,0.02445977011494253,0.601632183908046,0,2021-04-04,1986,17.0,0.03908045977011494,Arjun Reddy,36.0,Female,Mumbai,2021-04-04,435.0,17.0,3.63,0,High
T01557,R0066,Zone_9,9.89,74.88,163.41,Credit Card,2023-04-10,0,0,Monday,April,5.1023633080227855,2.387844936944869,8.653323061113573,0.36913639521604785,0.36130134534906805,0.39129751570820254,0.38196594427244585,0.37181401831939465,0.5494157659022797,167.0,0.05922155688622755,0.978502994011976,0,2022-06-03,1561,28.0,0.16766467065868262,Arjun Patel,38.0,Female,Bengaluru,2022-06-03,167.0,28.0,4.72,0,Med
T01558,R0228,Zone_2,4.82,32.43,85.61,Credit Card,2023-09-06,0,0,Wednesday,September,4.461415282342953,1.7613002617433464,5.694734409961539,-0.7702428275587102,-0.8187960578980874,-0.5862092171520673,0.18575851393188855,0.16049382716049382,0.28743644139138635,10.0,0.48200000000000004,8.561,0,2020-05-18,2307,0.0,0.0,Kavya Ghosh,21.0,Female,Pune,2020-05-18,10.0,0.0,4.84,0,Low
T01559,R0027,Zone_1,0.29,1.82,5.8100000000000005,Credit Card,2023-05-24,0,0,Wednesday,May,1.9183921201614211,0.2546422183735807,1.3490737563232043,-1.7882680502746182,-1.6697449745858477,-1.5888446577979483,0.01044891640866873,0.008114297092791717,0.018722429875071556,403.0,0.0007196029776674938,0.014416873449131515,0,2019-10-05,2533,61.0,0.1513647642679901,Ishaan Iyer,39.0,Male,Jaipur,2019-10-05,403.0,61.0,3.98,1,High
T01560,R0091,Zone_6,1.33,10.62,28.23,UPI,2024-03-28,0,0,Thursday,March,3.3751955791231545,0.8458682675776092,3.2588341473600644,-1.5545492353464627,-1.425107585926838,-1.3071518435212484,0.050696594427244585,0.05192154520111509,0.0942182712058457,334.0,0.003982035928143713,0.08452095808383234,0,2022-04-16,1609,43.0,0.12874251497005987,Meera Das,41.0,Other,Surat,2022-04-16,334.0,43.0,3.4,2,High
T01561,R0282,Zone_2,12.35,77.23,146.48,Credit Card,2023-05-12,0,0,Friday,May,4.993692573365943,2.5915163848462583,8.788060081724522,0.9219712843730308,0.4266306480023266,0.17858300430300492,0.4771671826625387,0.3835125448028674,0.4924066404013873,319.0,0.038714733542319746,0.4591849529780564,0,2022-05-02,1593,3.0,0.009404388714733543,Reyansh Kumar,22.0,Other,Bengaluru,2022-05-02,319.0,3.0,4.47,2,Med
T01562,R0012,Zone_9,3.03,17.39,48.23,Wallet,2024-07-14,0,0,Sunday,July,3.8965031937701093,1.3937663759585914,4.170131892398609,-1.1725088647908242,-1.2369035948789406,-1.055864765665138,0.11648606811145511,0.08562325766626842,0.1615651412600599,248.0,0.01221774193548387,0.1944758064516129,0,2022-01-19,1696,11.0,0.04435483870967742,Aarav Das,31.0,Female,Hyderabad,2022-01-19,248.0,11.0,3.31,0,Med
T01563,R0178,Zone_3,8.56,58.56,117.82,Credit Card,2023-07-22,0,0,Saturday,July,4.777609742927595,2.25758772706331,7.652450587883597,0.07024598766369516,-0.09238981180036825,-0.18151137826480143,0.33049535603715174,0.2905714854639586,0.39589857561369834,56.0,0.15285714285714286,2.1039285714285714,0,2021-05-15,1945,7.0,0.125,Saanvi Ghosh,27.0,Male,Delhi,2021-05-15,56.0,7.0,3.13,1,Low
T01564,R0215,Zone_8,0.8200000000000001,6.74,9.85,Wallet,2024-04-25,0,0,Thursday,April,2.3841650799864684,0.598836501088704,2.596150997149434,-1.6691613465131543,-1.5329704345628559,-1.538084668071014,0.03095975232198143,0.03260653126244525,0.032326497626022827,438.0,0.0018721461187214614,0.022488584474885845,0,2020-02-28,2387,48.0,0.1095890410958904,Saanvi Gupta,26.0,Female,Hyderabad,2020-02-28,438.0,48.0,3.24,0,High
T01565,R0222,Zone_9,9.99,64.69,244.98,UPI,2023-04-22,0,0,Saturday,April,5.505250231814264,2.39698576841553,8.043009387039158,0.3916093581899089,0.07802236916323735,1.4161718627443491,0.3858359133126935,0.32108721624850656,0.8240899754183924,475.0,0.021031578947368422,0.5157473684210526,0,2022-08-28,1475,12.0,0.02526315789473684,Aarav Singh,27.0,Male,Surat,2022-08-28,475.0,12.0,3.44,1,High
T01566,R0090,Zone_7,17.6,102.42,255.79,UPI,2023-06-01,0,0,Thursday,June,5.5482586302476244,2.9231615807191558,10.1202766760598,2.1018018405007393,1.1269051730387423,1.5519925283255769,0.6803405572755419,0.508910792512943,0.8604909586826951,152.0,0.11578947368421054,1.682828947368421,0,2021-01-31,2049,25.0,0.16447368421052633,Kavya Iyer,33.0,Female,Mumbai,2021-01-31,152.0,25.0,4.51,0,Low
T01567,R0299,Zone_9,1.3599999999999999,7.68,12.48,Credit Card,2023-12-07,0,0,Thursday,December,2.601207105484161,0.8586616190375187,2.7712812921102037,-1.5478073464543045,-1.5068387135015526,-1.5050404173329353,0.05185758513931888,0.03728594185583433,0.041182611038152,457.0,0.0029759299781181615,0.027308533916849016,0,2020-09-04,2198,0.0,0.0,Ishaan Gupta,33.0,Other,Kolkata,2020-09-04,457.0,0.0,3.92,2,High
T01568,R0130,Zone_7,10.75,89.22,200.09,UPI,2023-12-16,0,0,Saturday,December,5.303752569037976,2.463853240590168,9.445633912025174,0.5624038767912533,0.7599490900502274,0.8521580164963093,0.41524767801857587,0.44319992035045797,0.6729299255817086,316.0,0.03401898734177215,0.6331962025316455,0,2019-02-16,2764,62.0,0.1962025316455696,Diya Ghosh,27.0,Female,Pune,2019-02-16,316.0,62.0,3.62,0,Med
T01569,R0068,Zone_1,9.36,91.8,126.46,Cash,2024-05-03,0,0,Friday,May,4.847802589886148,2.337952236831337,9.581231653602787,0.25002969145458376,0.8316723244525279,-0.07295536063096167,0.36145510835913314,0.45604340900039825,0.42499242347711885,456.0,0.020526315789473684,0.27732456140350875,0,2022-08-31,1472,70.0,0.15350877192982457,Meera Singh,30.0,Female,Ahmedabad,2022-08-31,456.0,70.0,4.97,0,High
T01570,R0061,Zone_2,12.59,96.34,128.88,UPI,2023-06-14,0,0,Wednesday,June,4.866610947234645,2.6093342281630525,9.815294188153507,0.9759063955102976,0.9578829772379718,-0.042549624210372276,0.48645510835913314,0.4786439665471924,0.4331413947536788,168.0,0.0749404761904762,0.7671428571428571,0,2020-08-20,2213,25.0,0.1488095238095238,Meera Reddy,25.0,Male,Mumbai,2020-08-20,168.0,25.0,3.69,1,Med
T01571,R0212,Zone_6,7.34,55.6,96.83,Cash,2023-04-11,0,0,Tuesday,April,4.583231278469338,2.1210632163706555,7.4565407529228995,-0.20392416061741045,-0.17467693344021704,-0.44523716647478934,0.28328173374613,0.27583632019115895,0.3252180354918005,73.0,0.10054794520547945,1.3264383561643835,0,2023-09-11,1096,12.0,0.1643835616438356,Aadhya Iyer,36.0,Female,Ahmedabad,2023-09-11,73.0,12.0,3.22,0,Low
T01572,R0043,Zone_8,9.36,48.82,81.25,Credit Card,2023-05-07,0,0,Sunday,May,4.409763389645481,2.337952236831337,6.987131027825369,0.25002969145458376,-0.36315892152068147,-0.6409898001246994,0.36145510835913314,0.2420848267622461,0.2727548237195676,85.0,0.11011764705882353,0.9558823529411765,0,2021-12-10,1736,16.0,0.18823529411764706,Diya Kumar,28.0,Male,Ahmedabad,2021-12-10,85.0,16.0,4.68,1,Low
T01573,R0025,Zone_3,8.91,70.45,184.89,UPI,2023-03-10,0,0,Friday,March,5.225155100919053,2.2935443483418965,8.393449827097319,0.14890135807220894,0.23814865992186213,0.6611798373256651,0.3440402476780186,0.34976105137395463,0.6217463043405057,42.0,0.21214285714285713,4.402142857142857,0,2021-10-22,1785,3.0,0.07142857142857142,Meera Das,21.0,Female,Mumbai,2021-10-22,42.0,3.0,4.01,0,Low
T01574,R0101,Zone_8,10.86,82.01,152.51,Cash,2023-11-23,0,0,Thursday,November,5.03376571148511,2.4731713935695794,9.055937278934744,0.5871241360625004,0.5595132295693797,0.25434605827662227,0.4195046439628483,0.4073078454798885,0.5127117217227329,228.0,0.04763157894736842,0.6689035087719298,0,2020-11-01,2140,29.0,0.12719298245614036,Aarav Singh,37.0,Female,Delhi,2020-11-01,228.0,29.0,3.03,0,Med
T01575,R0132,Zone_1,3.8,32.8,64.5,Cash,2023-11-27,0,0,Monday,November,4.182050142641207,1.5686159179138452,5.727128425310541,-0.9994670498920936,-0.8085101676931064,-0.851442727829192,0.14628482972136223,0.16233572281959377,0.2163518200491632,484.0,0.007851239669421486,0.13326446280991736,0,2022-12-09,1372,25.0,0.05165289256198347,Aadhya Iyer,23.0,Male,Surat,2022-12-09,484.0,25.0,3.32,1,High
T01576,R0270,Zone_3,8.96,74.87,181.1,Credit Card,2024-07-29,0,0,Monday,July,5.2045559867335625,2.298577071596507,8.652745229116595,0.16013783955913966,0.36102334831650124,0.6135609360719323,0.34597523219814247,0.37176423735563524,0.6089840724652321,455.0,0.019692307692307693,0.39802197802197803,0,2022-01-02,1713,64.0,0.14065934065934066,Aadhya Reddy,35.0,Male,Hyderabad,2022-01-02,455.0,64.0,3.08,1,High
T01577,R0006,Zone_10,12.05,93.58,277.76,UPI,2023-03-19,0,0,Sunday,March,5.630351196570318,2.5687881337687024,9.673675619949224,0.8545523954514478,0.881155796249464,1.8280313833505144,0.4655572755417957,0.46490442054958186,0.9344714954372495,248.0,0.04858870967741936,1.1199999999999999,0,2023-06-30,1169,13.0,0.05241935483870968,Aarav Das,45.0,Female,Jaipur,2023-06-30,248.0,13.0,4.64,0,Med
T01578,R0089,Zone_3,13.84,106.35,168.79,Wallet,2023-05-09,0,0,Tuesday,May,5.13456237932792,2.6973262377392344,10.312613635737547,1.2568184326835614,1.2361580068375952,0.4588937396514962,0.5348297213622292,0.5284747112704101,0.5675320739468632,308.0,0.04493506493506493,0.5480194805194805,0,2022-09-21,1451,6.0,0.01948051948051948,Saanvi Reddy,48.0,Other,Surat,2022-09-21,308.0,6.0,3.91,2,Med
T01579,R0179,Zone_9,10.48,79.57,163.52,Wallet,2023-08-10,0,0,Thursday,August,5.103032143362223,2.4406063908914204,8.920201791439473,0.5017268767618284,0.49168195362301753,0.39267959463641133,0.40479876160990713,0.3951612903225806,0.5497861736875779,274.0,0.038248175182481754,0.5967883211678833,0,2022-04-11,1614,14.0,0.051094890510948905,Meera Patel,28.0,Male,Kolkata,2022-04-11,274.0,14.0,4.64,1,Med
T01580,R0048,Zone_8,2.34,12.14,46.18,UPI,2023-05-04,0,0,Thursday,May,3.853970073979529,1.205970806988609,3.4842502780368694,-1.3275723093104657,-1.3828520369766453,-1.081621691145389,0.08978328173374614,0.05948825169255277,0.15466208707950296,207.0,0.011304347826086955,0.22309178743961353,0,2019-05-31,2660,1.0,0.004830917874396135,Kavya Sharma,35.0,Male,Hyderabad,2019-05-31,207.0,1.0,3.02,1,Med
T01581,R0027,Zone_10,0.23,1.98,2.39,Cash,2023-12-31,0,0,Sunday,December,1.220829921392359,0.20701416938432615,1.407124727947029,-1.8017518280589349,-1.665297022064775,-1.6318147481113434,0.008126934984520124,0.00891079251294305,0.007206115095800923,403.0,0.0005707196029776675,0.005930521091811415,0,2019-10-05,2533,61.0,0.1513647642679901,Ishaan Iyer,39.0,Male,Jaipur,2019-10-05,403.0,61.0,3.98,1,High
T01582,R0170,Zone_3,10.04,91.04,140.22,Cash,2023-07-17,0,0,Monday,July,4.950318958088201,2.401525040848949,9.54148835350125,0.4028458396768392,0.8105445499774319,0.09993014893404242,0.3877708978328173,0.4522600557546795,0.47132707007441826,28.0,0.35857142857142854,5.007857142857143,0,2020-05-20,2305,3.0,0.10714285714285714,Saanvi Kumar,29.0,Other,Bengaluru,2020-05-20,28.0,3.0,3.68,2,Low
T01583,R0268,Zone_10,2.94,21.9,39.9,Credit Card,2023-08-06,0,0,Sunday,August,3.711130063048756,1.3711807233098425,4.679743582719036,-1.192734531467299,-1.111526933191198,-1.1605258335922077,0.11300309597523221,0.10807447232178415,0.1335151698824797,10.0,0.294,3.9899999999999998,0,2022-10-16,1426,0.0,0.0,Ishaan Kumar,34.0,Male,Chennai,2022-10-16,10.0,0.0,4.6,1,Low
T01584,R0056,Zone_4,12.22,110.73,221.25,Credit Card,2024-05-30,0,0,Thursday,May,5.403802874394014,2.5817308344235403,10.522832318344715,0.8927564325070116,1.3579207071019663,1.1180197448680742,0.4721362229102168,0.550278773397053,0.7441829140990672,93.0,0.1313978494623656,2.379032258064516,0,2021-02-26,2023,13.0,0.13978494623655913,Meera Patel,40.0,Other,Hyderabad,2021-02-26,93.0,13.0,3.25,2,Low
T01585,R0048,Zone_6,6.5600000000000005,35.87,154.83,UPI,2023-07-26,0,0,Wednesday,July,5.048765669457524,2.0228711901914416,5.989156868875618,-0.37921327181352693,-0.7231650786950199,0.28349535930793135,0.2530959752321982,0.17761847869374747,0.5205239586490218,207.0,0.03169082125603865,0.7479710144927537,0,2019-05-31,2660,1.0,0.004830917874396135,Kavya Sharma,35.0,Male,Hyderabad,2019-05-31,207.0,1.0,3.02,1,Med
T01586,R0174,Zone_2,13.06,77.42,136.89,Credit Card,2023-10-12,0,0,Thursday,October,4.92645626585365,2.643333886382519,8.798863562983575,1.0815293214874449,0.43191259162110057,0.05809085047099987,0.5046439628482973,0.38445838311429714,0.46011381621039155,320.0,0.0408125,0.42778124999999995,0,2019-02-07,2773,7.0,0.021875,Aadhya Patel,32.0,Male,Kolkata,2019-02-07,320.0,7.0,3.8,1,Med
T01587,R0003,Zone_5,18.63,94.05,275.09,UPI,2023-09-24,0,0,Sunday,September,5.620726899518875,2.9770590082883697,9.697937925146768,2.3332733591315082,0.8942216567801157,1.7944845584567233,0.7202012383900929,0.4672441258462764,0.9254806882850118,45.0,0.414,6.1131111111111105,0,2023-05-04,1226,9.0,0.2,Kavya Reddy,34.0,Male,Pune,2023-05-04,45.0,9.0,3.76,1,Low
T01588,R0191,Zone_10,7.69,41.24,78.94,UPI,2023-01-05,0,0,Thursday,January,4.3812763532831775,2.162172939277301,6.421837743200929,-0.12526879020889647,-0.5738806722065104,-0.6700134576170802,0.29682662538699695,0.20435085623257665,0.2649762602283059,87.0,0.08839080459770116,0.9073563218390804,0,2020-08-14,2219,6.0,0.06896551724137931,Meera Gupta,33.0,Other,Surat,2020-08-14,87.0,6.0,4.56,2,Low
T01589,R0136,Zone_6,7.42,40.44,76.22,Wallet,2023-11-09,0,0,Thursday,November,4.346658490836091,2.130609828254235,6.359245238233858,-0.18594579023832156,-0.596120434811875,-0.7041885002055113,0.2863777089783282,0.20036837913181996,0.2558170859009328,339.0,0.021887905604719763,0.2248377581120944,0,2019-01-19,2792,11.0,0.032448377581120944,Diya Ghosh,34.0,Male,Hyderabad,2019-01-19,339.0,11.0,3.82,1,High
T01590,R0289,Zone_6,13.07,82.78,293.03,Credit Card,2023-05-30,0,0,Tuesday,May,5.683681802949198,2.644044871126298,9.098351499035417,1.083776617784831,0.580919001077043,2.0198890672936547,0.505030959752322,0.4111409796893668,0.9858908307236419,322.0,0.040590062111801245,0.910031055900621,0,2021-09-30,1807,14.0,0.043478260869565216,Aarav Gupta,21.0,Other,Chennai,2021-09-30,322.0,14.0,4.17,2,Med
T01591,R0081,Zone_9,13.32,85.06,120.07,Credit Card,2023-06-08,0,0,Thursday,June,4.7963688907196484,2.6616571615324998,9.222797840135064,1.1399590252194838,0.6443023245023319,-0.15324158200598897,0.5147058823529412,0.42249103942652333,0.4034750984947974,114.0,0.1168421052631579,1.0532456140350877,0,2022-01-31,1684,2.0,0.017543859649122806,Diya Reddy,42.0,Other,Mumbai,2022-01-31,114.0,2.0,3.9,2,Low
T01592,R0167,Zone_3,16.51,157.13,247.42,Cash,2024-03-16,0,0,Saturday,March,5.5151208621160475,2.8627721462977607,12.535150577476124,1.8568465440856532,2.647826938213109,1.4468288862427947,0.6381578947368423,0.7812624452409398,0.8323062935650065,117.0,0.14111111111111113,2.1147008547008546,0,2022-08-25,1478,5.0,0.042735042735042736,Kavya Nair,44.0,Male,Hyderabad,2022-08-25,117.0,5.0,4.75,1,Low
T01593,R0241,Zone_10,8.98,88.78,113.68,Cash,2024-01-04,0,0,Thursday,January,4.742145641015169,2.300583090323373,9.422313940853382,0.16463243215391177,0.747717220617277,-0.2335278033810161,0.34674922600619196,0.4410095579450418,0.381957773512476,165.0,0.054424242424242424,0.688969696969697,0,2020-01-13,2433,3.0,0.01818181818181818,Kavya Gupta,34.0,Female,Chennai,2020-01-13,165.0,3.0,3.28,0,Med
T01594,R0169,Zone_7,4.84,45.31,84.76,Wallet,2023-07-19,0,0,Wednesday,July,4.451552697322492,1.7647307968401356,6.731270311018568,-0.7657482349639381,-0.46073587995171833,-0.596888917960952,0.18653250773993807,0.22461170848267623,0.28457419941408224,497.0,0.009738430583501006,0.17054325955734406,0,2023-02-21,1298,81.0,0.16297786720321933,Reyansh Kumar,32.0,Male,Delhi,2023-02-21,497.0,81.0,4.19,1,High
T01595,R0154,Zone_8,8.04,58.45,149.87,Credit Card,2023-02-05,0,0,Sunday,February,5.016418538851983,2.201659174404085,7.6452599694189605,-0.04661341980038289,-0.09544777915860586,0.22117616399961582,0.31037151702786375,0.29002389486260455,0.5038219348755767,466.0,0.01725321888412017,0.32160944206008585,0,2019-03-25,2727,79.0,0.16952789699570817,Kavya Patel,18.0,Other,Kolkata,2019-03-25,466.0,79.0,4.68,2,High
T01596,R0236,Zone_5,4.88,46.24,119.52,Credit Card,2024-02-01,0,0,Thursday,February,4.791815714262101,1.7715567619105355,6.8,-0.7567590497743936,-0.43488215592298207,-0.16015197664703198,0.18808049535603716,0.22924133811230585,0.4016230595683065,61.0,0.08,1.9593442622950819,0,2020-08-10,2223,1.0,0.01639344262295082,Arjun Gupta,28.0,Male,Ahmedabad,2020-08-10,61.0,1.0,3.36,1,Low
T01597,R0214,Zone_5,9.2,49.69,74.11,Credit Card,2023-12-30,0,0,Saturday,December,4.31895370569792,2.322387720290225,7.049113419430843,0.21407295069640594,-0.33897317968734764,-0.7306992869193308,0.35526315789473684,0.24641577060931896,0.24871199111021314,210.0,0.043809523809523805,0.3529047619047619,0,2022-09-14,1458,2.0,0.009523809523809525,Aarav Kumar,20.0,Female,Kolkata,2022-09-14,210.0,2.0,4.53,0,Med
T01598,R0277,Zone_3,3.66,20.35,51.93,Cash,2023-04-27,0,0,Thursday,April,3.9689702858698963,1.5390154481375546,4.511097427455985,-1.030929198055499,-1.1546164732390918,-1.0093766562617574,0.1408668730650155,0.1003584229390681,0.17402431222008954,433.0,0.008452655889145497,0.11993071593533487,0,2021-01-22,2058,16.0,0.03695150115473441,Kavya Gupta,42.0,Female,Jaipur,2021-01-22,433.0,16.0,3.06,0,High
T01599,R0196,Zone_1,12.51,69.51,154.55,Credit Card,2023-01-05,0,0,Thursday,January,5.046967223343646,2.6034301519721073,8.337265738837884,0.9579280251312086,0.21201693886055886,0.2799773402179458,0.483359133126935,0.3450816407805655,0.5195811024682628,51.0,0.24529411764705883,3.0303921568627454,0,2019-06-24,2636,9.0,0.17647058823529413,Vivaan Das,18.0,Male,Hyderabad,2019-06-24,51.0,9.0,4.93,1,Low
T01600,R0005,Zone_10,11.49,98.56,280.91,Cash,2023-10-25,0,0,Wednesday,October,5.641587871063083,2.5249283241374862,9.927738916792686,0.7287038027978254,1.0195983184678583,1.8676090981128521,0.4438854489164087,0.48969534050179214,0.9450786274707883,294.0,0.03908163265306123,0.9554761904761906,0,2021-05-31,1929,30.0,0.10204081632653061,Diya Reddy,27.0,Male,Ahmedabad,2021-05-31,294.0,30.0,3.53,1,Med
T01601,R0083,Zone_2,8.7,83.36,191.83,Wallet,2024-03-06,0,0,Wednesday,March,5.261808971731513,2.272125885509337,9.130169768410662,0.10170813582710043,0.5970428289659322,0.7483764533417357,0.33591331269349844,0.4140282755874154,0.6451156682493181,475.0,0.01831578947368421,0.4038526315789474,0,2021-12-31,1715,39.0,0.08210526315789474,Kavya Patel,45.0,Female,Mumbai,2021-12-31,475.0,39.0,4.4,0,High
T01602,R0251,Zone_7,8.13,40.91,139.73,Wallet,2024-03-22,0,0,Friday,March,4.946843161008476,2.211565694606877,6.396092557178953,-0.026387753123907527,-0.5830545742812234,0.0937736155265676,0.31385448916408676,0.2027080844285145,0.46967707175809,213.0,0.03816901408450705,0.6560093896713615,0,2020-01-13,2433,26.0,0.12206572769953052,Vivaan Iyer,46.0,Female,Mumbai,2020-01-13,213.0,26.0,4.48,0,Med
T01603,R0264,Zone_5,7.02,57.96,96.68,Wallet,2024-07-23,0,0,Tuesday,July,4.581696829802449,2.081938421878423,7.6131465242697125,-0.27583764213376605,-0.10906963375439169,-0.44712181955871005,0.2708978328173375,0.2875846276383911,0.32471293396639395,401.0,0.017506234413965087,0.24109725685785538,0,2019-02-06,2774,54.0,0.13466334164588528,Aadhya Das,27.0,Other,Delhi,2019-02-06,401.0,54.0,3.59,2,High
T01604,R0253,Zone_10,14.56,124.59,132.54,Wallet,2024-01-10,0,0,Wednesday,January,4.894401058429723,2.7447035187502458,11.161989070053778,1.4186237660953613,1.743224594239907,0.003435911037295905,0.5626934984520124,0.6192751891676623,0.4454658719736,173.0,0.08416184971098266,0.7661271676300577,0,2021-08-19,1849,24.0,0.13872832369942195,Ishaan Gupta,26.0,Male,Surat,2021-08-19,173.0,24.0,3.16,1,Med
T01605,R0077,Zone_1,13.94,83.86,238.65,Cash,2024-05-17,0,0,Friday,May,5.47917952560564,2.7040421797046714,9.157510578754469,1.2792913956574223,0.610942680594285,1.3366395026028903,0.5386996904024768,0.4165173237753883,0.8027746910462336,406.0,0.03433497536945813,0.587807881773399,0,2019-09-07,2561,72.0,0.17733990147783252,Reyansh Das,28.0,Male,Mumbai,2019-09-07,406.0,72.0,3.79,1,High
T01606,R0179,Zone_9,8.73,82.07,177.84,Wallet,2024-05-20,0,0,Monday,May,5.18649155136578,2.2752138961979136,9.059249417032296,0.10845002471925902,0.5611812117647818,0.5726011423813864,0.33707430340557276,0.4076065312624452,0.5980065326463953,274.0,0.03186131386861314,0.6490510948905109,0,2022-04-11,1614,14.0,0.051094890510948905,Meera Patel,28.0,Male,Kolkata,2022-04-11,274.0,14.0,4.64,1,Med
T01607,R0279,Zone_9,3.7199999999999998,18.65,52.72,UPI,2023-04-28,0,0,Friday,April,3.9837853716550367,1.5518087995974639,4.318564576337836,-1.0174454202711825,-1.2018759687754914,-0.9994508166864411,0.14318885448916407,0.09189565909996017,0.176684513587231,454.0,0.008193832599118942,0.11612334801762114,0,2022-04-21,1604,84.0,0.18502202643171806,Diya Singh,25.0,Other,Pune,2022-04-21,454.0,84.0,3.73,2,High
T01608,R0257,Zone_4,2.12,16.02,18.57,Cash,2024-05-05,0,0,Sunday,May,2.9739977814079848,1.1378330018213911,4.0024992192379,-1.37701282785296,-1.2749891883406272,-1.4285235021257499,0.08126934984520125,0.07880326563122263,0.06168973296966023,459.0,0.004618736383442266,0.040457516339869284,0,2023-03-11,1280,19.0,0.04139433551198257,Arjun Reddy,36.0,Other,Delhi,2023-03-11,459.0,19.0,4.82,2,High
T01609,R0040,Zone_3,9.44,53.61,232.99,UPI,2024-06-09,0,0,Sunday,June,5.455278379401799,2.3456445824544927,7.321885003194191,0.26800806183367265,-0.22999834292106136,1.2655252595696111,0.36455108359133126,0.2659299084030267,0.783715526820891,485.0,0.019463917525773197,0.4803917525773196,0,2023-05-05,1225,36.0,0.07422680412371134,Aarav Gupta,34.0,Other,Surat,2023-05-05,485.0,36.0,4.41,2,High
T01610,R0186,Zone_10,4.8100000000000005,32.34,69.28,UPI,2023-03-13,0,0,Monday,March,4.252487263318897,1.75958057086382,5.686826883245173,-0.7724901238560963,-0.8212980311911908,-0.7913851162215816,0.1853715170278638,0.1600457984866587,0.2324477219921204,373.0,0.012895442359249332,0.1857372654155496,0,2020-12-11,2100,19.0,0.05093833780160858,Ishaan Sharma,18.0,Other,Hyderabad,2020-12-11,373.0,19.0,3.26,2,High
T01611,R0104,Zone_2,10.38,81.05,102.76,UPI,2024-03-23,0,0,Saturday,March,4.642080540008188,2.431857428698185,9.002777349240622,0.47925391378796733,0.532825514442942,-0.3707305478904525,0.4009287925696595,0.4025288729589805,0.34518638246287503,328.0,0.031646341463414634,0.31329268292682927,0,2021-05-27,1933,1.0,0.003048780487804878,Diya Gupta,52.0,Male,Kolkata,2021-05-27,328.0,1.0,3.7,1,High
T01612,R0271,Zone_4,6.07,60.67,117.3,Wallet,2023-09-24,0,0,Sunday,September,4.773223770984341,1.9558604799084813,7.789094941005662,-0.4893307903854464,-0.033732437928719314,-0.18804484228906024,0.23413312693498453,0.3010752688172043,0.39414755699228876,58.0,0.1046551724137931,2.022413793103448,0,2022-10-07,1435,6.0,0.10344827586206896,Saanvi Iyer,22.0,Male,Bengaluru,2022-10-07,58.0,6.0,4.37,1,Low
T01613,R0025,Zone_4,11.87,88.44,159.39,Cash,2023-09-08,0,0,Friday,September,5.077608349349287,2.554899021608035,9.404254356406998,0.8141010620984974,0.7382653215099969,0.3407888130591242,0.4585913312693498,0.4393170051772202,0.5358790450213826,42.0,0.2826190476190476,3.7949999999999995,0,2021-10-22,1785,3.0,0.07142857142857142,Meera Das,21.0,Female,Mumbai,2021-10-22,42.0,3.0,4.01,0,Low
T01614,R0100,Zone_2,9.04,72.33,200.2,Cash,2023-06-11,0,0,Sunday,June,5.304299438225584,2.306577114263583,8.504704580407246,0.17811620993822816,0.29041210204446866,0.8535400954245177,0.34907120743034054,0.3591198725607328,0.6733003333670067,383.0,0.023603133159268926,0.5227154046997389,0,2021-05-24,1936,60.0,0.1566579634464752,Ishaan Gupta,28.0,Male,Delhi,2021-05-24,383.0,60.0,3.79,1,High
T01615,R0101,Zone_9,12.99,106.71,165.87,Credit Card,2023-07-26,0,0,Wednesday,July,5.117215066158812,2.63834278867739,10.330053242844395,1.065798247405742,1.2461659000100094,0.42220582628450426,0.5019349845201239,0.5302668259657507,0.557699430918948,228.0,0.056973684210526315,0.7275,0,2020-11-01,2140,29.0,0.12719298245614036,Aarav Singh,37.0,Female,Delhi,2020-11-01,228.0,29.0,3.03,0,Med
T01616,R0295,Zone_6,3.17,26.19,63.07,Credit Card,2023-05-12,0,0,Friday,May,4.15997623565093,1.4279160358107101,5.117616632769594,-1.1410467166274185,-0.9922662062199306,-0.8694097538959039,0.12190402476780186,0.12943050577459178,0.21153651884028687,98.0,0.0323469387755102,0.6435714285714286,0,2019-05-29,2662,18.0,0.1836734693877551,Kavya Gupta,18.0,Female,Delhi,2019-05-29,98.0,18.0,3.59,0,Low
T01617,R0015,Zone_9,6.86,36.69,158.93,Credit Card,2024-07-15,0,0,Monday,July,5.074736219502779,2.061786606441115,6.057227088363123,-0.31179438289194367,-0.7003693220245213,0.3350092102684339,0.2647058823529412,0.18170051772202309,0.5343300670101357,46.0,0.1491304347826087,3.455,0,2022-12-19,1362,1.0,0.021739130434782608,Saanvi Patel,28.0,Other,Chennai,2022-12-19,46.0,1.0,3.87,2,Low
T01618,R0212,Zone_8,19.08,127.16,297.22,Cash,2024-05-12,0,0,Sunday,May,5.697831469162762,2.9997242948235283,11.276524287208359,2.434401692513883,1.8146698316096403,2.0725337101045103,0.7376160990712074,0.632068896853843,1.0,73.0,0.26136986301369863,4.071506849315069,0,2023-09-11,1096,12.0,0.1643835616438356,Aadhya Iyer,36.0,Female,Ahmedabad,2023-09-11,73.0,12.0,3.22,0,Low
T01619,R0049,Zone_10,4.52,32.2,63.01,Cash,2023-09-04,0,0,Monday,September,4.159039321153912,1.7083778602890038,5.674504383644443,-0.8376617164802936,-0.8251899896471295,-0.8701636151294723,0.1741486068111455,0.15934886499402628,0.21133447823012422,375.0,0.012053333333333333,0.16802666666666666,0,2020-05-19,2306,55.0,0.14666666666666667,Meera Iyer,39.0,Male,Mumbai,2020-05-19,375.0,55.0,4.4,1,High
T01620,R0059,Zone_2,12.21,89.57,237.49,UPI,2023-04-23,0,0,Sunday,April,5.474327380728188,2.580974118534234,9.464142856064674,0.8905091362096256,0.7696789861900742,1.322064852087236,0.471749226006192,0.444942254082039,0.7988685725830892,357.0,0.03420168067226891,0.6652380952380953,0,2021-08-02,1866,11.0,0.03081232492997199,Aarav Sharma,43.0,Male,Delhi,2021-08-02,357.0,11.0,3.27,1,High
T01621,R0062,Zone_6,10.09,66.64,113.63,Credit Card,2023-03-10,0,0,Friday,March,4.741709550126918,2.4060438013622756,8.16333265278342,0.4140823211637699,0.13223179051381348,-0.23415602107565656,0.3897058823529412,0.33079450418160095,0.38178940633734043,57.0,0.17701754385964913,1.9935087719298246,0,2019-05-13,2678,3.0,0.05263157894736842,Kavya Sharma,38.0,Male,Jaipur,2019-05-13,57.0,3.0,3.58,1,Low
T01622,R0031,Zone_10,14.43,83.28,128.31,Credit Card,2023-11-02,0,0,Thursday,November,4.86221262230776,2.7363136663750693,9.125787637239867,1.3894089142293418,0.5948188527053958,-0.04971130592927134,0.5576625386996904,0.4136300278773397,0.4312220089571337,230.0,0.0627391304347826,0.5578695652173913,0,2023-04-27,1233,21.0,0.09130434782608696,Reyansh Nair,29.0,Female,Hyderabad,2023-04-27,230.0,21.0,4.62,0,Med
T01623,R0130,Zone_6,7.13,63.26,131.57,UPI,2024-04-03,0,0,Wednesday,April,4.887110807810759,2.0955609235597192,7.9536155300592695,-0.2511173828625188,0.03826879350614826,-0.00875151223872544,0.2751547987616099,0.31396853843090405,0.4421995487759706,316.0,0.022563291139240507,0.41636075949367085,0,2019-02-16,2764,62.0,0.1962025316455696,Diya Ghosh,27.0,Female,Pune,2019-02-16,316.0,62.0,3.62,0,Med
T01624,R0267,Zone_3,13.95,100.44,191.44,Credit Card,2023-01-24,0,0,Tuesday,January,5.259784416831253,2.7047112998366956,10.02197585309404,1.2815386919548084,1.071861760590465,0.7434763553235414,0.5390866873065016,0.4990541616885703,0.6438024042832609,131.0,0.1064885496183206,1.4613740458015267,0,2021-01-01,2079,11.0,0.08396946564885496,Arjun Iyer,37.0,Other,Jaipur,2021-01-01,131.0,11.0,4.5,2,Low
T01625,R0204,Zone_4,14.08,86.32,142.21,Wallet,2024-05-19,0,0,Sunday,May,4.9643120844906115,2.71336936257981,9.290855719469548,1.310753543820828,0.6793299506057808,0.12493321318072553,0.5441176470588236,0.428763440860215,0.47802808364481264,438.0,0.03214611872146119,0.32468036529680366,0,2019-01-01,2810,5.0,0.01141552511415525,Aarav Kumar,37.0,Female,Hyderabad,2019-01-01,438.0,5.0,3.73,0,High
T01626,R0266,Zone_10,8.98,63.43,121.26,Wallet,2023-10-15,0,0,Sunday,October,4.80614992460058,2.300583090323373,7.964295323504773,0.16463243215391177,0.042994743059788273,-0.13829000087355026,0.34674922600619196,0.3148148148148148,0.4074822372630232,98.0,0.09163265306122449,1.2373469387755103,0,2020-09-25,2177,13.0,0.1326530612244898,Diya Reddy,29.0,Other,Chennai,2020-09-25,98.0,13.0,3.9,2,Low
T01627,R0138,Zone_7,2.18,11.6,40.84,Wallet,2024-07-29,0,0,Monday,July,3.7338528197566676,1.1568811967920856,3.40587727318528,-1.3635290500686434,-1.3978638767352662,-1.1487153409329707,0.08359133126934987,0.056800079649542014,0.1366804727750278,13.0,0.1676923076923077,3.141538461538462,0,2022-07-28,1506,0.0,0.0,Ishaan Das,46.0,Male,Kolkata,2022-07-28,13.0,0.0,3.53,1,Low
T01628,R0063,Zone_6,12.57,66.91,195.23,UPI,2024-06-19,0,0,Wednesday,June,5.279287440641231,2.6078614738467776,8.179853299418028,0.9714118029155254,0.1397377103931239,0.7910952565772743,0.48568111455108365,0.3321385902031063,0.6565646361585344,329.0,0.03820668693009119,0.5934042553191489,0,2023-04-21,1239,33.0,0.10030395136778116,Diya Iyer,34.0,Male,Surat,2023-04-21,329.0,33.0,4.83,1,High
T01629,R0260,Zone_2,3.13,28.76,62.82,UPI,2024-05-10,0,0,Friday,May,4.156066620850098,1.4182774069729414,5.362835071116769,-1.150035901816963,-0.9208209688501972,-0.8725508423691053,0.1203560371517028,0.1422242134607726,0.2106946829646092,63.0,0.04968253968253968,0.9971428571428571,0,2019-07-17,2613,3.0,0.047619047619047616,Reyansh Das,55.0,Other,Mumbai,2019-07-17,63.0,3.0,4.24,2,Low
T01630,R0067,Zone_5,7.31,39.41,165.12,UPI,2023-04-01,0,0,Saturday,April,5.1127104187625525,2.1174596088673567,6.2777384462878025,-0.21066604950956885,-0.6247541291662819,0.4127825608649001,0.2821207430340557,0.19524093986459576,0.555173923291915,348.0,0.02100574712643678,0.47448275862068967,0,2022-07-24,1510,9.0,0.02586206896551724,Saanvi Iyer,32.0,Male,Pune,2022-07-24,348.0,9.0,3.38,1,High
T01631,R0177,Zone_1,12.73,110.74,235.51,Credit Card,2024-07-15,0,0,Monday,July,5.465990490336171,2.6195832197798796,10.523307464861036,1.0073685436737032,1.3581987041345331,1.297187431379481,0.4918730650154799,0.5503285543608124,0.7922012324477219,489.0,0.02603271983640082,0.4816155419222904,0,2023-02-15,1304,63.0,0.12883435582822086,Ishaan Reddy,34.0,Other,Bengaluru,2023-02-15,489.0,63.0,4.48,2,High
T01632,R0007,Zone_8,13.46,95.47,174.21,Credit Card,2023-04-26,0,0,Wednesday,April,5.165985254498996,2.671386216730619,9.770875088752286,1.1714211733828894,0.9336972354046378,0.5269925377505024,0.5201238390092879,0.4743130227001195,0.5857830757315554,458.0,0.02938864628820961,0.38037117903930134,0,2021-03-26,1995,82.0,0.17903930131004367,Ishaan Ghosh,18.0,Female,Mumbai,2021-03-26,458.0,82.0,4.03,0,High
T01633,R0232,Zone_6,6.26,62.59,81.29,Credit Card,2023-04-09,0,0,Sunday,April,4.410249593617622,1.9823798288367047,7.911384202527394,-0.4466321607351104,0.019642992324155614,-0.6404872259689871,0.24148606811145512,0.3106332138590203,0.2728895174596761,172.0,0.0363953488372093,0.4726162790697675,0,2022-12-08,1373,15.0,0.0872093023255814,Meera Das,38.0,Male,Jaipur,2022-12-08,172.0,15.0,3.94,1,Med
T01634,R0066,Zone_4,11.13,81.26,140.6,Cash,2023-12-09,0,0,Saturday,December,4.953006181259619,2.495681722955959,9.01443287178955,0.6478011360919256,0.5386634521268504,0.10470460341330846,0.4299535603715171,0.40357427319792916,0.4726066606054483,167.0,0.06664670658682635,0.8419161676646706,0,2022-06-03,1561,28.0,0.16766467065868262,Arjun Patel,38.0,Female,Bengaluru,2022-06-03,167.0,28.0,4.72,0,Med
T01635,R0291,Zone_9,0.29,2.87,4.66,Wallet,2023-08-03,0,0,Thursday,August,1.7334238922150915,0.2546422183735807,1.6941074346097416,-1.7882680502746182,-1.6405552861663069,-1.6032936647746747,0.01044891640866873,0.013341298287534846,0.014849984846954238,499.0,0.0005811623246492985,0.00933867735470942,0,2021-04-19,1971,94.0,0.18837675350701402,Arjun Ghosh,23.0,Other,Pune,2021-04-19,499.0,94.0,3.46,2,High
T01636,R0009,Zone_2,5.64,36.01,62.56,Wallet,2024-05-28,0,0,Tuesday,May,4.151984341668515,1.8931119634883424,6.000833275470999,-0.5859645311730493,-0.7192731202390811,-0.8758175743812346,0.2174922600619195,0.17831541218637992,0.20981917365390443,172.0,0.032790697674418605,0.36372093023255814,0,2019-12-15,2462,21.0,0.12209302325581395,Diya Patel,42.0,Female,Ahmedabad,2019-12-15,172.0,21.0,4.11,0,Med
T01637,R0044,Zone_7,15.34,123.22,134.21,Credit Card,2023-04-05,0,0,Wednesday,April,4.906829125370667,2.7936160894318567,11.10045044131093,1.593912877291478,1.70513900077822,0.024418382038281332,0.5928792569659443,0.6124551971326165,0.4510893356231269,271.0,0.056605166051660515,0.495239852398524,0,2020-08-01,2232,5.0,0.01845018450184502,Arjun Gupta,36.0,Female,Hyderabad,2020-08-01,271.0,5.0,3.21,0,Med
T01638,R0002,Zone_8,14.72,101.63,148.43,Cash,2023-02-08,0,0,Wednesday,February,5.006828055753302,2.7549337870010606,10.081170566953025,1.4545805068535391,1.1049434074659445,0.20308349439397588,0.5688854489164087,0.5049780963759458,0.49897296023167326,70.0,0.2102857142857143,2.1204285714285716,0,2019-11-23,2484,5.0,0.07142857142857142,Ishaan Nair,39.0,Female,Mumbai,2019-11-23,70.0,5.0,4.12,0,Low
T01639,R0292,Zone_7,11.35,79.85,93.29,Wallet,2023-12-11,0,0,Monday,December,4.546375139477586,2.513656063073986,8.935882720806042,0.6972416546344198,0.49946587053489516,-0.4897149792553208,0.43846749226006193,0.39655515730784546,0.3132976394922046,141.0,0.08049645390070921,0.6616312056737589,0,2020-06-28,2266,19.0,0.1347517730496454,Diya Patel,37.0,Female,Jaipur,2020-06-28,141.0,19.0,4.39,0,Low
T01640,R0124,Zone_7,7.29,37.66,85.71,UPI,2024-06-29,0,0,Saturday,June,4.462569217389069,2.1150499691472033,6.136774397026503,-0.21516064210434097,-0.6734036098655168,-0.5849527817627869,0.2813467492260062,0.18652927120669052,0.2877731757416574,419.0,0.017398568019093077,0.20455847255369927,0,2022-06-09,1555,25.0,0.059665871121718374,Aadhya Das,37.0,Other,Hyderabad,2022-06-09,419.0,25.0,3.59,2,High
T01641,R0250,Zone_3,12.24,92.52,209.81,Cash,2023-08-07,0,0,Monday,August,5.350957253872216,2.5832425505088623,9.618731725128837,0.8972510251017838,0.851688110797356,0.974283536334379,0.4729102167182663,0.45962763839107923,0.7056605044280567,163.0,0.0750920245398773,1.2871779141104294,0,2021-02-01,2048,31.0,0.1901840490797546,Aadhya Iyer,34.0,Female,Jaipur,2021-02-01,163.0,31.0,4.63,0,Low
T01642,R0271,Zone_8,7.88,75.96,74.58,UPI,2023-05-11,0,0,Thursday,May,4.325191697921343,2.1838015570040787,8.71550342780037,-0.0825701605585605,0.3913250248663101,-0.7247940405897123,0.3041795665634675,0.37719036240541615,0.2502946425564872,58.0,0.13586206896551725,1.2858620689655171,0,2022-10-07,1435,6.0,0.10344827586206896,Saanvi Iyer,22.0,Male,Bengaluru,2022-10-07,58.0,6.0,4.37,1,Low
T01643,R0271,Zone_5,8.84,69.96,205.88,Credit Card,2023-10-03,0,0,Tuesday,October,5.332138915023547,2.286455711064162,8.364209466530593,0.1331702839905061,0.2245268053260761,0.9249056255356533,0.3413312693498452,0.34732178414974113,0.6924268444624035,58.0,0.15241379310344827,3.549655172413793,0,2022-10-07,1435,6.0,0.10344827586206896,Saanvi Iyer,22.0,Male,Bengaluru,2022-10-07,58.0,6.0,4.37,1,Low
T01644,R0155,Zone_10,8.44,46.57,105.78,Wallet,2023-08-26,0,0,Saturday,August,4.67077064307204,2.244955980157409,6.824221567329126,0.04327843209506161,-0.4257082538482692,-0.33278619913417984,0.3258513931888545,0.23088410991636796,0.3553557598410614,353.0,0.023909348441926343,0.2996600566572238,0,2019-02-10,2770,8.0,0.0226628895184136,Meera Reddy,23.0,Male,Hyderabad,2019-02-10,353.0,8.0,3.14,1,High
T01645,R0018,Zone_7,4.12,37.56,46.6,Credit Card,2023-05-07,0,0,Sunday,May,3.8628327612373745,1.6331544390514163,6.128621378417825,-0.927553568375738,-0.6761835801911872,-1.076344662510411,0.1586687306501548,0.18603146156909597,0.15607637135064148,446.0,0.009237668161434977,0.10448430493273543,0,2023-01-09,1341,86.0,0.19282511210762332,Aarav Reddy,49.0,Female,Delhi,2023-01-09,446.0,86.0,3.29,0,High
T01646,R0157,Zone_3,11.63,91.2,170.93,Wallet,2024-01-24,0,0,Wednesday,January,5.147087417231756,2.5360749363624,9.549869109050658,0.7601659509612311,0.8149925024985047,0.48578145698210023,0.4493034055727555,0.4530565511748308,0.5747381890426643,319.0,0.0364576802507837,0.5358307210031348,0,2021-11-23,1753,27.0,0.08463949843260188,Kavya Nair,36.0,Female,Hyderabad,2021-11-23,319.0,27.0,4.65,0,Med
T01647,R0026,Zone_10,2.65,18.2,25.4,Cash,2023-09-29,0,0,Friday,September,3.2733640101522705,1.2947271675944,4.266145801540309,-1.2579061240914962,-1.214385835241009,-1.342708965037888,0.10178018575851394,0.08965551573078455,0.08468868909317438,44.0,0.060227272727272727,0.5772727272727273,0,2020-04-17,2338,5.0,0.11363636363636363,Aarav Kumar,26.0,Female,Surat,2020-04-17,44.0,5.0,3.17,0,Low
T01648,R0196,Zone_3,11.88,114.22,118.56,Credit Card,2024-06-05,0,0,Wednesday,June,4.783818337415737,2.5556757206762075,10.687375730271674,0.8163483583958839,1.454941671467869,-0.17221375638412523,0.4589783281733747,0.567652329749104,0.3983904098057043,51.0,0.23294117647058826,2.324705882352941,0,2019-06-24,2636,9.0,0.17647058823529413,Vivaan Das,18.0,Male,Hyderabad,2019-06-24,51.0,9.0,4.93,1,Low
T01649,R0253,Zone_4,3.2,28.3,49.71,UPI,2023-06-28,0,0,Wednesday,June,3.926123129806928,1.4350845252893227,5.319774431308154,-1.13430482773526,-0.9336088323482816,-1.0372695219037855,0.12306501547987618,0.1399342891278375,0.1665488096440718,173.0,0.018497109826589597,0.28734104046242775,0,2021-08-19,1849,24.0,0.13872832369942195,Ishaan Gupta,26.0,Male,Surat,2021-08-19,173.0,24.0,3.16,1,Med
T01650,R0261,Zone_2,4.39,23.72,49.3,Cash,2024-03-29,0,0,Friday,March,3.9180050771056933,1.6845453849209058,4.870318264754368,-0.8668765683463131,-1.0609314732639938,-1.042420906999836,0.1691176470588235,0.11713460772600558,0.16516819880796038,477.0,0.00920335429769392,0.10335429769392034,0,2022-08-26,1477,83.0,0.1740041928721174,Aarav Kumar,31.0,Male,Pune,2022-08-26,477.0,83.0,4.24,1,High
T01651,R0097,Zone_2,6.2,61.2,102.4,UPI,2024-01-23,0,0,Tuesday,January,4.638604962074329,1.9740810260220096,7.8230428862431785,-0.46011593851942695,-0.018998595202665277,-0.37525371529186247,0.23916408668730652,0.3037136598964556,0.3439741388018992,478.0,0.012970711297071131,0.21422594142259416,0,2021-01-25,2055,5.0,0.010460251046025104,Aarav Iyer,23.0,Other,Bengaluru,2021-01-25,478.0,5.0,3.28,2,High
T01652,R0214,Zone_10,7.22,57.99,164.58,Wallet,2024-05-16,0,0,Thursday,May,5.10945446171066,2.1065702090680882,7.61511654539837,-0.23089171618604382,-0.10823564265669049,0.4059978097627852,0.2786377708978328,0.2877339705296695,0.5533555578004512,210.0,0.03438095238095238,0.7837142857142858,0,2022-09-14,1458,2.0,0.009523809523809525,Aarav Kumar,20.0,Female,Kolkata,2022-09-14,210.0,2.0,4.53,0,Med
T01653,R0250,Zone_5,8.95,64.68,119.38,UPI,2024-06-18,0,0,Tuesday,June,4.790653406119625,2.2975725511705014,8.04238770515324,0.1578905432617532,0.07774437213067055,-0.16191098619202476,0.34558823529411764,0.32103743528474715,0.40115163147792704,163.0,0.054907975460122695,0.7323926380368098,0,2021-02-01,2048,31.0,0.1901840490797546,Aadhya Iyer,34.0,Female,Jaipur,2021-02-01,163.0,31.0,4.63,0,Low
T01654,R0125,Zone_1,12.14,94.46,296.53,UPI,2023-06-03,0,0,Saturday,June,5.695515060237774,2.5756610130564646,9.719053451854249,0.8747780621279228,0.9056195351153649,2.063864305918474,0.4690402476780186,0.46928514536041416,0.9976765329831294,99.0,0.12262626262626264,2.995252525252525,0,2023-04-22,1238,19.0,0.1919191919191919,Saanvi Ghosh,44.0,Male,Ahmedabad,2023-04-22,99.0,19.0,3.89,1,Low
T01655,R0196,Zone_6,14.55,91.15,168.41,Cash,2024-05-10,0,0,Friday,May,5.132321812352855,2.744060638625243,9.547250913221042,1.4163764697979753,0.8136025173356695,0.45411928517223016,0.5623065015479877,0.4528076463560335,0.5662524834158332,51.0,0.28529411764705886,3.302156862745098,0,2019-06-24,2636,9.0,0.17647058823529413,Vivaan Das,18.0,Male,Hyderabad,2019-06-24,51.0,9.0,4.93,1,Low
T01656,R0185,Zone_10,0.55,5.47,9.49,Wallet,2023-06-10,0,0,Saturday,June,2.3504224224082058,0.4382549309311553,2.3388031127052997,-1.7298383465425795,-1.5682760576988721,-1.542607835472424,0.020510835913312698,0.026284348864994023,0.03111425396504697,201.0,0.002736318407960199,0.04721393034825871,0,2021-08-27,1841,12.0,0.05970149253731343,Vivaan Sharma,27.0,Male,Delhi,2021-08-27,201.0,12.0,4.05,1,Med
T01657,R0246,Zone_3,12.92,108.63,201.25,Cash,2023-08-16,0,0,Wednesday,August,5.309504555938601,2.6333266549062735,10.422571659624126,1.0500671733240392,1.2995413302628842,0.8667326670119637,0.49922600619195046,0.5398247710075667,0.676836044044853,240.0,0.05383333333333333,0.8385416666666666,0,2021-03-31,1990,34.0,0.14166666666666666,Vivaan Das,29.0,Other,Mumbai,2021-03-31,240.0,34.0,4.79,2,Med
T01658,R0184,Zone_1,5.68,33.74,133.83,UPI,2024-03-30,0,0,Saturday,March,4.904014725645983,1.8991179875485542,5.808614292583043,-0.5769753459835049,-0.7823784466318029,0.01964392755901529,0.21904024767801858,0.16701513341298288,0.44980974509209687,285.0,0.01992982456140351,0.4695789473684211,0,2020-03-04,2382,27.0,0.09473684210526316,Meera Nair,29.0,Female,Surat,2020-03-04,285.0,27.0,3.97,0,Med
T01659,R0086,Zone_8,7.64,68.83,107.37,UPI,2023-07-01,0,0,Saturday,July,4.685551297934904,2.1564025828159643,8.296384754819414,-0.13650527169582719,0.19311314064599883,-0.312808876444619,0.2948916408668731,0.34169653524492233,0.36070983601037143,337.0,0.02267062314540059,0.3186053412462908,0,2019-11-08,2499,17.0,0.050445103857566766,Vivaan Patel,23.0,Male,Hyderabad,2019-11-08,337.0,17.0,4.56,1,High
T01660,R0095,Zone_1,7.47,54.57,181.06,UPI,2023-03-09,0,0,Thursday,March,5.204336303077143,2.136530508663963,7.387151006985034,-0.17470930875139104,-0.20331062779462392,0.6130583619162201,0.288312693498452,0.2707088809239347,0.6088493787251237,481.0,0.01553014553014553,0.37642411642411644,0,2020-10-07,2165,77.0,0.1600831600831601,Kavya Iyer,29.0,Female,Chennai,2020-10-07,481.0,77.0,4.26,0,High
T01661,R0173,Zone_5,5.75,37.23,46.87,UPI,2023-11-15,0,0,Wednesday,November,3.8684890034044175,1.9095425048844386,6.10163912403872,-0.561244271901802,-0.6853574822659002,-1.0729522869593533,0.22174922600619196,0.18438868976503384,0.15698555409637335,389.0,0.014781491002570694,0.12048843187660668,0,2020-01-15,2431,55.0,0.14138817480719795,Saanvi Ghosh,26.0,Other,Mumbai,2020-01-15,389.0,55.0,4.28,2,High
T01662,R0149,Zone_4,3.55,31.84,59.18,Credit Card,2024-05-27,0,0,Monday,May,4.0973400712018995,1.5151272329628591,5.642694391866354,-1.0556494573267463,-0.8351978828195437,-0.9182850905389173,0.13660990712074303,0.15755675029868577,0.19843755261474222,89.0,0.0398876404494382,0.6649438202247191,0,2019-09-14,2554,8.0,0.0898876404494382,Diya Reddy,30.0,Male,Jaipur,2019-09-14,89.0,8.0,4.57,1,Low
T01663,R0294,Zone_4,9.4,87.11,128.34,Cash,2023-09-18,0,0,Monday,September,4.862444596018447,2.341805806147327,9.333273809334,0.2590188766441284,0.7012917161785784,-0.04933437531248716,0.3630030959752322,0.43269613699721227,0.43132302926221505,41.0,0.22926829268292684,3.1302439024390245,0,2021-04-02,1988,7.0,0.17073170731707318,Arjun Reddy,24.0,Male,Surat,2021-04-02,41.0,7.0,3.2,1,Low
T01664,R0283,Zone_5,12.06,77.85,274.76,Wallet,2024-03-08,0,0,Friday,March,5.61953092220861,2.569554123848285,8.823264701911645,0.8567996917488339,0.44386646402148383,1.7903383216720978,0.4659442724458205,0.3865989645559538,0.9243694649291173,245.0,0.04922448979591837,1.121469387755102,0,2023-06-15,1184,45.0,0.1836734693877551,Diya Nair,19.0,Male,Surat,2023-06-15,245.0,45.0,3.55,1,Med
T01665,R0293,Zone_1,1.7000000000000002,9.4,23.4,Wallet,2023-02-13,0,0,Monday,February,3.1945831322991562,0.9932517730102834,3.0659419433511785,-1.4713992723431766,-1.459023223900019,-1.367837672823499,0.065015479876161,0.04584826762246118,0.07795400208775295,248.0,0.00685483870967742,0.09435483870967741,0,2019-10-01,2537,44.0,0.1774193548387097,Arjun Kumar,39.0,Female,Delhi,2019-10-01,248.0,44.0,3.2,0,Med
T01666,R0247,Zone_9,7.9,54.08,140.92,Wallet,2024-05-03,0,0,Friday,May,4.955263518561269,2.186051276738094,7.353910524340094,-0.07807556796378816,-0.21693248239040974,0.10872519665900615,0.30495356037151705,0.26826961369972124,0.4736842105263157,249.0,0.03172690763052209,0.5659437751004015,0,2021-05-11,1949,47.0,0.18875502008032127,Aadhya Das,37.0,Male,Bengaluru,2021-05-11,249.0,47.0,4.92,1,Med
T01667,R0112,Zone_6,4.85,26.32,50.99,Wallet,2024-08-21,0,0,Wednesday,August,3.9510513923956245,1.766441661243765,5.130302135352264,-0.763500938666552,-0.988652244796559,-1.0211871489209945,0.18691950464396284,0.13007765830346474,0.1708590093275415,311.0,0.015594855305466237,0.1639549839228296,0,2020-11-13,2128,11.0,0.03536977491961415,Meera Nair,41.0,Female,Delhi,2020-11-13,311.0,11.0,3.24,0,Med
T01668,R0012,Zone_9,13.48,88.12,180.67,Credit Card,2023-09-08,0,0,Friday,September,5.202191854450653,2.6727683869575705,9.387225362161068,1.1759157659776616,0.7293694164678513,0.6081582638980259,0.5208978328173375,0.4377240143369176,0.6075361147590665,248.0,0.054354838709677424,0.7285080645161289,0,2022-01-19,1696,11.0,0.04435483870967742,Aarav Das,31.0,Female,Hyderabad,2022-01-19,248.0,11.0,3.31,0,Med
T01669,R0018,Zone_9,10.47,104.34,254.12,Credit Card,2023-02-11,0,0,Saturday,February,5.541734022701802,2.4397349311412793,10.214695296483395,0.4994795804644423,1.180280603291617,1.531010057324592,0.4044117647058824,0.5184687375547591,0.8548674950331683,446.0,0.023475336322869956,0.5697757847533632,0,2023-01-09,1341,86.0,0.19282511210762332,Aarav Reddy,49.0,Female,Delhi,2023-01-09,446.0,86.0,3.29,0,High
T01670,R0027,Zone_9,15.54,102.56,248.87,Wallet,2023-05-12,0,0,Friday,May,5.520940782615359,2.805781689595545,10.12719112093773,1.6388588032392,1.130797131494681,1.4650471993873628,0.6006191950464397,0.5096077260055755,0.8371889416439371,403.0,0.03856079404466501,0.6175434243176179,0,2019-10-05,2533,61.0,0.1513647642679901,Ishaan Iyer,39.0,Male,Jaipur,2019-10-05,403.0,61.0,3.98,1,High
T01671,R0132,Zone_9,0.26,2.04,3.01,Wallet,2023-12-06,0,0,Wednesday,December,1.3887912413184778,0.23111172096338664,1.42828568570857,-1.7950099391667766,-1.6636290398693725,-1.624024848697804,0.009287925696594429,0.0092094782954998,0.009293868067481562,484.0,0.0005371900826446281,0.006219008264462809,0,2022-12-09,1372,25.0,0.05165289256198347,Aadhya Iyer,23.0,Male,Surat,2022-12-09,484.0,25.0,3.32,1,High
T01672,R0263,Zone_10,13.17,85.57,297.22,Wallet,2024-03-08,0,0,Friday,March,5.697831469162762,2.6511270537025893,9.250405396521819,1.1062495807586918,0.6584801731632516,2.0725337101045103,0.5089009287925697,0.42502986857825564,1.0,297.0,0.044343434343434344,1.000740740740741,0,2020-12-30,2081,21.0,0.0707070707070707,Ishaan Das,31.0,Other,Chennai,2020-12-30,297.0,21.0,3.84,2,Med
T01673,R0065,Zone_9,8.81,81.96,76.13,Cash,2023-12-21,0,0,Thursday,December,4.345492309945908,2.2834022735772717,9.053176238205019,0.1264283950983479,0.558123244406544,-0.7053192920558637,0.34017027863777094,0.40705894066109116,0.25551402498568876,180.0,0.04894444444444445,0.4229444444444444,0,2023-06-28,1171,32.0,0.17777777777777778,Meera Nair,43.0,Other,Mumbai,2023-06-28,180.0,32.0,4.52,2,Med
T01674,R0195,Zone_10,4.37,36.96,84.07,Cash,2023-05-31,0,0,Wednesday,May,4.443474446987793,1.6808279085207734,6.079473661428265,-0.8713711609410852,-0.6928634021452107,-0.6055583221469879,0.168343653250774,0.18304460374352846,0.2822507323972118,72.0,0.06069444444444445,1.167638888888889,0,2021-05-27,1933,10.0,0.1388888888888889,Aadhya Reddy,33.0,Male,Kolkata,2021-05-27,72.0,10.0,4.97,1,Low
T01675,R0138,Zone_1,10.45,53.5,170.59,Wallet,2024-03-12,0,0,Tuesday,March,5.14510791029753,2.4379897300002487,7.314369419163897,0.49498498786966977,-0.233056310279299,0.4815095766585463,0.4036377708978328,0.26538231780167265,0.5735932922517426,13.0,0.8038461538461538,13.122307692307693,0,2022-07-28,1506,0.0,0.0,Ishaan Das,46.0,Male,Kolkata,2022-07-28,13.0,0.0,3.53,1,Low
T01676,R0213,Zone_1,15.83,84.55,297.22,UPI,2024-06-26,0,0,Wednesday,June,5.697831469162762,2.8231630082027146,9.195107394696377,1.7040303958633973,0.6301244758414118,2.0725337101045103,0.611842105263158,0.4199522102747909,1.0,456.0,0.034714912280701754,0.6517982456140351,0,2019-06-04,2656,26.0,0.05701754385964912,Kavya Ghosh,29.0,Female,Chennai,2019-06-04,456.0,26.0,3.74,0,High
T01677,R0089,Zone_10,16.02,96.02,276.89,UPI,2023-08-11,0,0,Friday,August,5.627225351934046,2.834389123145228,9.798979538707078,1.7467290255137333,0.9489870721958258,1.8171003954637734,0.6191950464396285,0.4770509757068897,0.9315419065898911,308.0,0.05201298701298701,0.8989935064935064,0,2022-09-21,1451,6.0,0.01948051948051948,Saanvi Reddy,48.0,Other,Surat,2022-09-21,308.0,6.0,3.91,2,Med
T01678,R0147,Zone_9,12.11,103.45,251.23,Cash,2024-06-18,0,0,Tuesday,June,5.530341369668184,2.5733752977756086,10.171037311896953,0.8680361732357641,1.155538867393149,1.4946990745743838,0.4678792569659443,0.5140382317801673,0.8451358723103343,239.0,0.0506694560669456,1.0511715481171549,0,2022-08-29,1474,21.0,0.08786610878661087,Saanvi Nair,35.0,Other,Mumbai,2022-08-29,239.0,21.0,3.91,2,Med
T01679,R0204,Zone_10,3.04,18.36,46.52,UPI,2024-06-18,0,0,Tuesday,June,3.8611506750543896,1.3962446919730587,4.28485705712571,-1.1702615684934379,-1.209937882719936,-1.0773498108218351,0.1168730650154799,0.09045201115093589,0.1558069838704246,438.0,0.006940639269406392,0.10621004566210046,0,2019-01-01,2810,5.0,0.01141552511415525,Aarav Kumar,37.0,Female,Hyderabad,2019-01-01,438.0,5.0,3.73,0,High
T01680,R0067,Zone_2,9.55,70.55,139.31,Credit Card,2023-12-03,0,0,Sunday,December,4.943854260405905,2.3561258599220753,8.399404740813482,0.29272832110492014,0.24092863024753253,0.08849658689158944,0.36880804953560375,0.3502588610115492,0.46826278748695155,348.0,0.027442528735632184,0.400316091954023,0,2022-07-24,1510,9.0,0.02586206896551724,Saanvi Iyer,32.0,Male,Pune,2022-07-24,348.0,9.0,3.38,1,High
T01681,R0090,Zone_4,9.71,84.65,212.98,Cash,2023-03-28,0,0,Tuesday,March,5.3658825527104606,2.3711778844596574,9.200543462209176,0.3286850618630979,0.6329044461670826,1.0141125381745724,0.37500000000000006,0.42045001991238556,0.7163349833316496,152.0,0.06388157894736843,1.4011842105263157,0,2021-01-31,2049,25.0,0.16447368421052633,Kavya Iyer,33.0,Female,Mumbai,2021-01-31,152.0,25.0,4.51,0,Low
T01682,R0162,Zone_5,14.21,105.79,297.22,Credit Card,2023-05-26,0,0,Friday,May,5.697831469162762,2.7219531062712017,10.285426583277916,1.3399683956868476,1.2205901730138404,2.0725337101045103,0.5491486068111455,0.5256869772998806,1.0,394.0,0.03606598984771574,0.7543654822335026,0,2023-08-14,1124,38.0,0.09644670050761421,Meera Patel,30.0,Male,Hyderabad,2023-08-14,394.0,38.0,4.28,1,High
T01683,R0225,Zone_10,7.18,36.97,138.49,Wallet,2023-08-13,0,0,Sunday,August,4.937992914104144,2.1016921506146558,6.080296045424104,-0.23988090137558826,-0.6925854051126437,0.078193816699489,0.2770897832817337,0.18309438470728792,0.4655015658147288,465.0,0.015440860215053764,0.29782795698924736,0,2020-06-15,2279,9.0,0.01935483870967742,Ishaan Sharma,39.0,Female,Delhi,2020-06-15,465.0,9.0,4.08,0,High
T01684,R0100,Zone_10,8.08,75.65,66.07,UPI,2023-05-28,0,0,Sunday,May,4.205736850111646,2.206074192613202,8.697700845625814,-0.03762423461083824,0.38270711685673164,-0.8317166922174873,0.31191950464396284,0.375647152528873,0.22163854934841898,383.0,0.021096605744125328,0.17250652741514358,0,2021-05-24,1936,60.0,0.1566579634464752,Ishaan Gupta,28.0,Male,Delhi,2021-05-24,383.0,60.0,3.79,1,High
T01685,R0134,Zone_10,4.73,44.0,114.72,Credit Card,2024-07-02,0,0,Tuesday,July,4.751173480107934,1.7457155307266483,6.6332495807108,-0.7904684942351852,-0.4971534912180028,-0.22046087533249847,0.18227554179566566,0.21809040223018716,0.3854598107552951,410.0,0.01153658536585366,0.27980487804878046,0,2022-07-30,1504,29.0,0.07073170731707316,Aadhya Singh,34.0,Male,Jaipur,2022-07-30,410.0,29.0,4.59,1,High
T01686,R0209,Zone_3,11.34,91.7,149.77,Credit Card,2024-05-15,0,0,Wednesday,May,5.0157554967908276,2.5128460184772416,9.57601169589929,0.6949943583370337,0.8288923541268576,0.21991972861033535,0.43808049535603716,0.4555455993628037,0.5034852005253057,109.0,0.10403669724770642,1.3740366972477065,0,2020-06-11,2283,20.0,0.1834862385321101,Vivaan Sharma,31.0,Other,Surat,2020-06-11,109.0,20.0,3.77,2,Low
T01687,R0262,Zone_1,6.92,58.18,118.05,UPI,2024-02-17,0,0,Saturday,February,4.779543572932872,2.0693912058263346,7.6275815302099526,-0.2983106051076271,-0.10295369903791647,-0.1786215768694561,0.2670278637770898,0.2886798088410992,0.3966730646193218,6.0,1.1533333333333333,19.675,0,2019-04-21,2700,0.0,0.0,Meera Singh,30.0,Male,Ahmedabad,2019-04-21,6.0,0.0,3.35,1,Low
T01688,R0244,Zone_9,8.93,75.16,210.43,Cash,2024-02-20,0,0,Tuesday,February,5.353893974436778,2.295560478057081,8.669486720677297,0.15339595066698106,0.3690852622609456,0.9820734357479185,0.3448142414860681,0.3732078853046595,0.7077482573997373,27.0,0.3307407407407407,7.793703703703704,0,2019-04-22,2699,1.0,0.037037037037037035,Aadhya Iyer,24.0,Female,Kolkata,2019-04-22,27.0,1.0,3.13,0,Low
T01689,R0140,Zone_4,5.65,44.27,75.01,Cash,2024-04-26,0,0,Friday,April,4.330864910577949,1.8946168546677629,6.653570470055908,-0.583717234875663,-0.4896475713386922,-0.7193913684158059,0.2178792569659443,0.21943448825169257,0.2517426002626528,499.0,0.011322645290581163,0.15032064128256514,0,2020-04-17,2338,45.0,0.09018036072144289,Aadhya Nair,29.0,Female,Delhi,2020-04-17,499.0,45.0,4.92,0,High
T01690,R0108,Zone_2,8.24,47.99,153.95,Credit Card,2023-06-04,0,0,Sunday,June,5.043102484233757,2.2235418856535927,6.927481504847198,-0.00166749385266044,-0.38623267522374716,0.27243872788226214,0.31811145510835914,0.23795300677021106,0.5175606963666363,184.0,0.044782608695652176,0.8366847826086956,0,2019-05-31,2660,32.0,0.17391304347826086,Reyansh Gupta,18.0,Male,Pune,2019-05-31,184.0,32.0,4.88,1,Med
T01691,R0091,Zone_7,2.6,23.78,35.54,Credit Card,2023-11-27,0,0,Monday,November,3.5984075509498608,1.2809338454620642,4.876474136094644,-1.269142605578427,-1.0592634910685914,-1.2153064165648402,0.09984520123839011,0.11743329350856234,0.118833552210661,334.0,0.007784431137724551,0.10640718562874252,0,2022-04-16,1609,43.0,0.12874251497005987,Meera Das,41.0,Other,Surat,2022-04-16,334.0,43.0,3.4,2,High
T01692,R0144,Zone_3,8.8,66.55,137.95,Wallet,2023-02-07,0,0,Tuesday,February,4.934114156188513,2.2823823856765264,8.15781833580523,0.12418109880096186,0.12972981722070986,0.07140906559737376,0.33978328173374617,0.33034647550776586,0.46368320032326493,194.0,0.04536082474226805,0.711082474226804,0,2021-01-31,2049,10.0,0.05154639175257732,Ishaan Kumar,34.0,Other,Pune,2021-01-31,194.0,10.0,3.52,2,Med
T01693,R0092,Zone_2,4.99,38.39,47.48,Cash,2024-06-18,0,0,Tuesday,June,3.881151341761059,1.7900914121273581,6.1959664298638675,-0.7320387905031464,-0.6531098264881215,-1.0652880310847421,0.1923374613003096,0.19016328156113102,0.15903963363302687,252.0,0.019801587301587303,0.1884126984126984,0,2019-07-18,2612,23.0,0.09126984126984126,Aarav Nair,21.0,Male,Surat,2019-07-18,252.0,23.0,4.51,1,Med
T01694,R0288,Zone_2,11.5,81.69,222.26,Credit Card,2024-02-27,0,0,Tuesday,February,5.408337011586586,2.5257286443082556,9.038252043398657,0.7309510990952115,0.5506173245272337,1.1307097422998076,0.44427244582043346,0.40571485463958584,0.747583931036805,43.0,0.26744186046511625,5.168837209302326,0,2021-08-30,1838,5.0,0.11627906976744186,Diya Ghosh,42.0,Male,Ahmedabad,2021-08-30,43.0,5.0,4.56,1,Low
T01695,R0028,Zone_6,17.24,165.21,297.22,UPI,2024-02-16,0,0,Friday,February,5.697831469162762,2.9036169846461855,12.853404218338424,2.0208991737948385,2.8724485405272913,2.0725337101045103,0.6664086687306501,0.8214854639585822,1.0,249.0,0.06923694779116465,1.1936546184738956,0,2023-11-11,1035,21.0,0.08433734939759036,Reyansh Sharma,20.0,Female,Surat,2023-11-11,249.0,21.0,3.79,0,Med
T01696,R0063,Zone_6,12.23,64.78,266.78,Cash,2023-11-26,0,0,Sunday,November,5.590165747869233,2.5824869781268642,8.048602363143553,0.8950037288043977,0.08052434245634096,1.6900747776075093,0.4725232198142415,0.3215352449223417,0.8974980637774858,329.0,0.037173252279635256,0.8108814589665653,0,2023-04-21,1239,33.0,0.10030395136778116,Diya Iyer,34.0,Male,Surat,2023-04-21,329.0,33.0,4.83,1,High
T01697,R0075,Zone_10,2.4,16.38,23.94,UPI,2023-08-14,0,0,Monday,August,3.2164729402518906,1.2237754316221157,4.047221268969612,-1.3140885315261488,-1.2649812951682131,-1.361052921721384,0.09210526315789475,0.08059538032656312,0.07977236757921675,108.0,0.022222222222222223,0.22166666666666668,0,2021-04-30,1960,7.0,0.06481481481481481,Diya Reddy,18.0,Female,Mumbai,2021-04-30,108.0,7.0,4.83,0,Low
T01698,R0096,Zone_3,6.2,61.65,93.59,UPI,2023-01-25,0,0,Wednesday,January,4.549551762225079,1.9740810260220096,7.85175139698144,-0.46011593851942695,-0.006488728737147845,-0.48594567308747916,0.23916408668730652,0.3059538032656312,0.3143078425430178,121.0,0.0512396694214876,0.7734710743801653,0,2019-12-28,2449,3.0,0.024793388429752067,Reyansh Das,40.0,Female,Kolkata,2019-12-28,121.0,3.0,4.46,0,Low
T01699,R0119,Zone_2,0.05,0.48,0.71,Wallet,2023-08-19,0,0,Saturday,August,0.5364933705145685,0.048790164169432,0.6928203230275509,-1.8422031614118848,-1.7069965769498334,-1.6529228626512564,0.0011609907120743036,0.001443647949024293,0.001548978011246927,30.0,0.0016666666666666668,0.023666666666666666,0,2023-05-05,1225,1.0,0.03333333333333333,Saanvi Iyer,47.0,Male,Hyderabad,2023-05-05,30.0,1.0,4.39,1,Low
T01700,R0237,Zone_9,8.07,47.69,107.17,UPI,2023-01-08,0,0,Sunday,January,4.683704063642198,2.2049722641270453,6.905794668247818,-0.039871530908224304,-0.39457258620075897,-0.3153217472231802,0.3115325077399381,0.2364595778574273,0.3600363673098293,36.0,0.22416666666666668,2.9769444444444444,0,2022-12-13,1368,3.0,0.08333333333333333,Aadhya Nair,40.0,Male,Chennai,2022-12-13,36.0,3.0,3.71,1,Low
T01701,R0224,Zone_8,0.87,7.64,14.27,Credit Card,2023-10-22,0,0,Sunday,October,2.725890119230541,0.6259384308664953,2.7640549922170505,-1.657924865026224,-1.5079507016318208,-1.4825502238648136,0.03289473684210526,0.037086818000796495,0.047210155908004175,200.0,0.00435,0.07135,0,2020-08-04,2229,1.0,0.005,Ishaan Sharma,29.0,Female,Ahmedabad,2020-08-04,200.0,1.0,4.31,0,Med
T01702,R0242,Zone_1,1.99,10.0,42.27,UPI,2023-05-11,0,0,Thursday,May,3.7674595542367935,1.095273387402595,3.1622776601683795,-1.4062276797189794,-1.4423434019459955,-1.1307483148662587,0.07623839009287926,0.04883512544802868,0.1414957739839041,445.0,0.00447191011235955,0.09498876404494383,0,2022-06-05,1559,8.0,0.017977528089887642,Kavya Iyer,34.0,Male,Ahmedabad,2022-06-05,445.0,8.0,4.54,1,High
T01703,R0246,Zone_3,13.48,88.14,273.92,Wallet,2023-02-19,0,0,Sunday,February,5.616480146253404,2.6727683869575705,9.38829057922687,1.1759157659776616,0.7299254105329853,1.7797842644021413,0.5208978328173375,0.4378235762644365,0.9215408963868404,240.0,0.05616666666666667,1.1413333333333333,0,2021-03-31,1990,34.0,0.14166666666666666,Vivaan Das,29.0,Other,Mumbai,2021-03-31,240.0,34.0,4.79,2,Med
T01704,R0282,Zone_5,12.31,113.54,272.04,Wallet,2024-07-15,0,0,Monday,July,5.609618304598452,2.58851563240702,10.655515003977987,0.9129820991834866,1.4360378732533094,1.7561632790836672,0.4756191950464397,0.5642672242134608,0.9152102906017443,319.0,0.03858934169278997,0.8527899686520377,0,2022-05-02,1593,3.0,0.009404388714733543,Reyansh Kumar,22.0,Other,Bengaluru,2022-05-02,319.0,3.0,4.47,2,Med
T01705,R0288,Zone_7,0.4,3.68,4.43,UPI,2023-11-12,0,0,Sunday,November,1.691939133945844,0.33647223662121295,1.9183326093250879,-1.763547791003371,-1.6180375265283753,-1.6061834661700198,0.014705882352941178,0.017373556352050977,0.014075495841330773,43.0,0.009302325581395349,0.10302325581395348,0,2021-08-30,1838,5.0,0.11627906976744186,Diya Ghosh,42.0,Male,Ahmedabad,2021-08-30,43.0,5.0,4.56,1,Low
T01706,R0164,Zone_6,5.76,42.24,86.96,UPI,2023-01-26,0,0,Thursday,January,4.47688216568656,1.9110228900548727,6.499230723708768,-0.558996975604416,-0.5460809689498047,-0.56924733939678,0.22213622291021673,0.2093289526085225,0.2919823551200458,249.0,0.02313253012048193,0.34923694779116465,0,2022-07-06,1528,23.0,0.09236947791164658,Aadhya Ghosh,37.0,Other,Ahmedabad,2022-07-06,249.0,23.0,4.02,2,Med
T01707,R0266,Zone_8,10.32,54.32,189.21,UPI,2023-09-07,0,0,Thursday,September,5.24812872496475,2.4265710727750367,7.370210309075311,0.4657701360036505,-0.21026055360880033,0.7154578461425852,0.3986068111455109,0.26946435682994824,0.636293228272216,98.0,0.10530612244897959,1.9307142857142858,0,2020-09-25,2177,13.0,0.1326530612244898,Diya Reddy,29.0,Other,Chennai,2020-09-25,98.0,13.0,3.9,2,Low
T01708,R0080,Zone_8,9.96,61.44,140.62,UPI,2024-08-03,0,0,Saturday,August,4.953147414223628,2.3942522815198695,7.83836717690617,0.3848674692977507,-0.01232666642105606,0.10495589049116472,0.38467492260061925,0.3049084030266826,0.4726740074755026,34.0,0.29294117647058826,4.135882352941176,0,2021-05-15,1945,6.0,0.17647058823529413,Reyansh Kumar,19.0,Female,Mumbai,2021-05-15,34.0,6.0,4.6,0,Low
T01709,R0285,Zone_8,0.14,0.74,1.17,Wallet,2023-10-24,0,0,Tuesday,October,0.7747271675523681,0.13102826240640408,0.8602325267042626,-1.8219774947354097,-1.6997686541030899,-1.647143259860566,0.004643962848297214,0.002737953006770211,0.003097956022493854,244.0,0.0005737704918032788,0.004795081967213115,0,2019-01-10,2801,16.0,0.06557377049180328,Diya Iyer,29.0,Female,Chennai,2019-01-10,244.0,16.0,4.97,0,Med
T01710,R0230,Zone_10,9.3,86.41,197.64,UPI,2023-12-14,0,0,Thursday,December,5.2914941411999115,2.33214389523559,9.29569792968769,0.23654591367026737,0.6818319238988844,0.8213753494589355,0.35913312693498456,0.42921146953405015,0.6646799340000673,183.0,0.05081967213114755,1.0799999999999998,0,2022-11-22,1389,23.0,0.12568306010928962,Kavya Gupta,32.0,Male,Chennai,2022-11-22,183.0,23.0,3.65,1,Med
T01711,R0037,Zone_3,4.96,33.86,69.47,Cash,2023-10-06,0,0,Friday,October,4.255187087338931,1.7850704810772584,5.818934610390462,-0.7387806793953047,-0.7790424822409983,-0.7889978889819486,0.1911764705882353,0.16761250497809635,0.23308751725763543,489.0,0.010143149284253578,0.14206543967280164,0,2020-11-21,2120,6.0,0.012269938650306749,Aadhya Iyer,32.0,Other,Ahmedabad,2020-11-21,489.0,6.0,3.36,2,High
T01712,R0141,Zone_2,13.99,128.6,165.65,UPI,2023-11-08,0,0,Wednesday,November,5.115895804753749,2.7073833121145063,11.34019400186787,1.2905278771443531,1.8547014042992966,0.41944166842808706,0.5406346749226006,0.6392373556352051,0.5569586153483517,53.0,0.2639622641509434,3.125471698113208,0,2019-07-08,2622,0.0,0.0,Arjun Das,25.0,Other,Jaipur,2019-07-08,53.0,0.0,4.29,2,Low
T01713,R0030,Zone_9,7.0,59.57,169.64,Wallet,2024-03-26,0,0,Tuesday,March,5.139556074163095,2.0794415416798357,7.718160402582988,-0.2803322347285382,-0.06431211151109559,0.46957344046038085,0.27012383900928794,0.2955993628036639,0.5703943159241673,442.0,0.01583710407239819,0.3838009049773755,0,2021-01-08,2072,58.0,0.13122171945701358,Saanvi Patel,25.0,Other,Mumbai,2021-01-08,442.0,58.0,3.72,2,High
T01714,R0246,Zone_1,9.8,51.41,202.66,Cash,2024-02-14,0,0,Wednesday,February,5.316451936743519,2.379546134130174,7.170076708097341,0.3489107285395729,-0.29115769008581394,0.8844484060008194,0.37848297213622295,0.2549780963759458,0.6815839983836751,240.0,0.04083333333333334,0.8444166666666667,0,2021-03-31,1990,34.0,0.14166666666666666,Vivaan Das,29.0,Other,Mumbai,2021-03-31,240.0,34.0,4.79,2,Med
T01715,R0199,Zone_9,7.45,63.51,105.16,Cash,2023-01-03,0,0,Tuesday,January,4.664947390023952,2.134166441369082,7.969316156358712,-0.17920390134616318,0.045218719320324674,-0.3405760985477193,0.2875386996904025,0.3152130625248905,0.3532680068693807,344.0,0.021656976744186048,0.3056976744186046,0,2021-08-03,1865,27.0,0.07848837209302326,Aarav Das,29.0,Male,Ahmedabad,2021-08-03,344.0,27.0,3.91,1,High
T01716,R0178,Zone_4,11.33,112.89,208.08,UPI,2023-03-29,0,0,Wednesday,March,5.342716953844721,2.512035317176253,10.624970588194586,0.6927470620396476,1.4179680661364504,0.9525472040998256,0.4376934984520124,0.561031461569096,0.6998350001683672,56.0,0.20232142857142857,3.7157142857142857,0,2021-05-15,1945,7.0,0.125,Saanvi Ghosh,27.0,Male,Delhi,2021-05-15,56.0,7.0,3.13,1,Low
T01717,R0048,Zone_1,4.16,32.72,51.0,Wallet,2023-12-22,0,0,Friday,December,3.9512437185814275,1.6409365794934714,5.720139858430037,-0.9185643831861935,-0.8107341439536427,-1.0210615053820666,0.1602167182662539,0.16193747510951811,0.17089268276256858,207.0,0.020096618357487925,0.2463768115942029,0,2019-05-31,2660,1.0,0.004830917874396135,Kavya Sharma,35.0,Male,Hyderabad,2019-05-31,207.0,1.0,3.02,1,Med
T01718,R0087,Zone_10,11.34,62.28,219.31,Wallet,2023-11-24,0,0,Friday,November,5.395035645424474,2.5128460184772416,7.891767862779544,0.6949943583370337,0.011025084314576794,1.0936448983160314,0.43808049535603716,0.3090900039824771,0.7376502677038085,362.0,0.03132596685082873,0.605828729281768,0,2021-05-11,1949,33.0,0.09116022099447514,Saanvi Das,26.0,Female,Jaipur,2021-05-11,362.0,33.0,3.57,0,High
T01719,R0146,Zone_6,14.04,90.79,208.19,Wallet,2023-05-21,0,0,Sunday,May,5.343242929901029,2.7107133185216936,9.528378665859162,1.3017643586312833,0.8035946241632554,0.953929283028034,0.5425696594427245,0.45101553166069297,0.7002054079536653,80.0,0.1755,2.602375,0,2020-04-15,2340,11.0,0.1375,Kavya Gupta,30.0,Male,Surat,2020-04-15,80.0,11.0,3.89,1,Low
T01720,R0261,Zone_5,17.18,118.18,141.0,UPI,2023-08-22,0,0,Tuesday,August,4.955827057601261,2.900322088749333,10.871062505569546,2.007415396010522,1.5650284963644236,0.10973034497043076,0.6640866873065016,0.5873655913978495,0.47395359800653264,477.0,0.0360167714884696,0.29559748427672955,0,2022-08-26,1477,83.0,0.1740041928721174,Aarav Kumar,31.0,Male,Pune,2022-08-26,477.0,83.0,4.24,1,High
T01721,R0290,Zone_9,15.92,116.68,200.09,Wallet,2023-06-22,0,0,Thursday,June,5.303752569037976,2.8284963541780774,10.80185169311262,1.7242560625398724,1.5233289414793652,0.8521580164963093,0.6153250773993808,0.5798984468339308,0.6729299255817086,169.0,0.09420118343195266,1.18396449704142,0,2020-05-06,2319,4.0,0.023668639053254437,Saanvi Kumar,34.0,Other,Chennai,2020-05-06,169.0,4.0,4.28,2,Med
T01722,R0272,Zone_5,5.32,38.27,53.27,Credit Card,2023-09-12,0,0,Tuesday,September,3.9939715880753135,1.843719208158766,6.1862751312886175,-0.6578780126894047,-0.6564457908789262,-0.9925404220453979,0.20510835913312694,0.18956590999601752,0.1785365525137219,432.0,0.012314814814814815,0.12331018518518519,0,2020-01-15,2431,4.0,0.009259259259259259,Kavya Ghosh,21.0,Male,Kolkata,2020-01-15,432.0,4.0,4.79,1,High
T01723,R0031,Zone_6,10.89,107.1,227.92,Credit Card,2023-09-24,0,0,Sunday,September,5.4333725975409015,2.4756977107026903,10.348912986396204,0.5938660249546589,1.2570077842801246,1.201823985333087,0.42066563467492263,0.5322082835523696,0.7666430952621476,230.0,0.04734782608695652,0.9909565217391304,0,2023-04-27,1233,21.0,0.09130434782608696,Reyansh Nair,29.0,Female,Hyderabad,2023-04-27,230.0,21.0,4.62,0,Med
T01724,R0300,Zone_1,12.04,109.7,169.14,UPI,2024-04-27,0,0,Saturday,April,5.136621627547738,2.5680215564985067,10.47377677822093,0.8523050991540613,1.3292870127475596,0.4632912635139781,0.4651702786377709,0.5451513341298287,0.568710644172812,291.0,0.04137457044673539,0.5812371134020619,0,2023-07-08,1161,7.0,0.024054982817869417,Saanvi Iyer,38.0,Female,Kolkata,2023-07-08,291.0,7.0,3.67,0,Med
T01725,R0103,Zone_6,10.95,103.94,253.26,UPI,2024-02-21,0,0,Wednesday,February,5.538357365521977,2.4807312783775197,10.195096860746347,0.6073498027389753,1.1691607219889348,1.520204712976779,0.4229876160990712,0.5164774990043808,0.851971579620837,175.0,0.06257142857142857,1.4472,0,2022-11-24,1387,14.0,0.08,Ishaan Gupta,37.0,Other,Surat,2022-11-24,175.0,14.0,3.07,2,Med
T01726,R0057,Zone_8,11.77,69.51,128.9,UPI,2024-08-01,0,0,Thursday,August,4.866764923676554,2.547098670044448,8.337265738837884,0.7916280991246364,0.21201693886055886,-0.04229833713251604,0.4547213622291022,0.3450816407805655,0.433208741623733,407.0,0.02891891891891892,0.3167076167076167,0,2023-06-04,1195,11.0,0.02702702702702703,Aadhya Reddy,39.0,Male,Bengaluru,2023-06-04,407.0,11.0,3.66,1,High
T01727,R0151,Zone_2,10.12,98.81,118.9,Wallet,2023-07-18,0,0,Tuesday,July,4.786658062033468,2.4087452888224363,9.940321926376429,0.42082421005592807,1.0265482442820348,-0.1679418760605713,0.39086687306501544,0.4909398645957786,0.39953530659662595,394.0,0.025685279187817257,0.3017766497461929,0,2023-02-25,1294,56.0,0.14213197969543148,Meera Reddy,34.0,Male,Hyderabad,2023-02-25,394.0,56.0,5.0,1,High
T01728,R0140,Zone_2,5.27,31.51,112.62,UPI,2024-03-02,0,0,Saturday,March,4.732859547128981,1.8357763546448294,5.613376880274475,-0.6691144941763354,-0.8443717848942566,-0.24684601850739002,0.20317337461300308,0.15591397849462366,0.3783883893996027,499.0,0.010561122244488977,0.22569138276553108,0,2020-04-17,2338,45.0,0.09018036072144289,Aadhya Nair,29.0,Female,Delhi,2020-04-17,499.0,45.0,4.92,0,High
T01729,R0255,Zone_6,9.04,70.88,187.66,Cash,2023-10-04,0,0,Wednesday,October,5.239946453221707,2.306577114263583,8.419026071939674,0.17811620993822816,0.2501025323222454,0.6959830976087366,0.34907120743034054,0.3519016328156113,0.6310738458430144,475.0,0.01903157894736842,0.3950736842105263,0,2021-07-06,1893,42.0,0.08842105263157894,Reyansh Sharma,37.0,Female,Bengaluru,2021-07-06,475.0,42.0,3.12,0,High
T01730,R0263,Zone_2,12.23,104.41,267.87,Cash,2023-10-03,0,0,Tuesday,October,5.594227991413127,2.5824869781268642,10.218121158021175,0.8950037288043977,1.1822265825195863,1.7037699233506678,0.4725232198142415,0.5188172043010753,0.9011684681954406,297.0,0.04117845117845118,0.9019191919191919,0,2020-12-30,2081,21.0,0.0707070707070707,Ishaan Das,31.0,Other,Chennai,2020-12-30,297.0,21.0,3.84,2,Med
T01731,R0277,Zone_9,10.31,77.1,246.97,Cash,2024-07-26,0,0,Friday,July,5.513307771105859,2.425687290128029,8.780660567406077,0.46352283970626446,0.4230166865789546,1.4411749269910323,0.3982198142414861,0.3828653922739944,0.8307909889887867,433.0,0.02381062355658199,0.5703695150115473,0,2021-01-22,2058,16.0,0.03695150115473441,Kavya Gupta,42.0,Female,Jaipur,2021-01-22,433.0,16.0,3.06,0,High
T01732,R0234,Zone_4,2.52,23.94,57.04,UPI,2023-11-11,0,0,Saturday,November,4.061132428015987,1.2584609896100056,4.892851929090027,-1.2871209759575157,-1.0548155385475184,-0.9451728078695213,0.09674922600619196,0.11822978892871366,0.19123143751894128,183.0,0.01377049180327869,0.31169398907103824,0,2022-12-01,1380,31.0,0.16939890710382513,Saanvi Nair,32.0,Other,Pune,2022-12-01,183.0,31.0,3.98,2,Med
T01733,R0193,Zone_1,3.61,27.51,31.75,Wallet,2023-09-26,0,0,Tuesday,September,3.488902962081261,1.528227857008557,5.244997616777343,-1.0421656795424297,-0.9555705979210792,-1.2629253178185729,0.13893188854489164,0.1360015929908403,0.1060713203353874,389.0,0.009280205655526992,0.08161953727506427,0,2022-01-03,1712,68.0,0.17480719794344474,Kavya Singh,33.0,Female,Chennai,2022-01-03,389.0,68.0,4.41,0,High
T01734,R0158,Zone_10,5.95,38.13,50.62,Credit Card,2024-03-21,0,0,Thursday,March,3.943909194290468,1.9387416595767009,6.174949392505173,-0.5162983459540798,-0.660337749334865,-1.0258359598613327,0.22948916408668732,0.1888689765033851,0.1696130922315385,441.0,0.013492063492063493,0.11478458049886621,0,2020-07-26,2238,60.0,0.1360544217687075,Aarav Iyer,27.0,Male,Ahmedabad,2020-07-26,441.0,60.0,3.57,1,High
T01735,R0262,Zone_1,6.98,51.86,154.48,Wallet,2024-08-09,0,0,Friday,August,5.046517105984022,2.0769384114617173,7.201388754955532,-0.2848268273233103,-0.2786478236202963,0.2790978354454491,0.2693498452012384,0.2572182397451215,0.519345388423073,6.0,1.1633333333333333,25.746666666666666,0,2019-04-21,2700,0.0,0.0,Meera Singh,30.0,Male,Ahmedabad,2019-04-21,6.0,0.0,3.35,1,Low
T01736,R0053,Zone_8,8.79,75.14,113.83,Wallet,2024-02-22,0,0,Thursday,February,4.743452773788098,2.281361456542419,8.668333173107735,0.1219338025035754,0.36852926819581167,-0.2316431502970954,0.33939628482972134,0.3731083233771406,0.3824628750378826,63.0,0.13952380952380952,1.806825396825397,0,2019-09-16,2552,7.0,0.1111111111111111,Arjun Reddy,45.0,Female,Delhi,2019-09-16,63.0,7.0,4.85,0,Low
T01737,R0117,Zone_6,3.11,20.42,42.78,Credit Card,2023-11-22,0,0,Wednesday,November,3.779177092094717,1.413423028508143,4.518849411078001,-1.1545304944117352,-1.1526704940111223,-1.1243404943809279,0.11958204334365326,0.10070688968538433,0.14321311917028653,369.0,0.008428184281842818,0.1159349593495935,0,2021-06-12,1917,37.0,0.1002710027100271,Aadhya Gupta,21.0,Female,Ahmedabad,2021-06-12,369.0,37.0,3.16,0,High
T01738,R0290,Zone_10,11.97,114.96,223.25,Wallet,2023-07-14,0,0,Friday,July,5.412761500938905,2.5626389983283526,10.721940122944167,0.8365740250723589,1.475513451877831,1.1431484526536853,0.4624613003095976,0.5713361210673038,0.7509176011044886,169.0,0.07082840236686391,1.3210059171597632,0,2020-05-06,2319,4.0,0.023668639053254437,Saanvi Kumar,34.0,Other,Chennai,2020-05-06,169.0,4.0,4.28,2,Med
T01739,R0177,Zone_1,1.29,9.66,22.62,UPI,2024-08-14,0,0,Wednesday,August,3.1620938107692163,0.8285518175661483,3.1080540535840107,-1.5635384205360072,-1.4517953010532754,-1.3776378688598874,0.049148606811145516,0.04714257268020709,0.0753274741556386,489.0,0.002638036809815951,0.046257668711656444,0,2023-02-15,1304,63.0,0.12883435582822086,Ishaan Reddy,34.0,Other,Bengaluru,2023-02-15,489.0,63.0,4.48,2,High
T01740,R0300,Zone_2,10.64,86.27,177.69,Wallet,2024-04-21,0,0,Sunday,April,5.18565246089057,2.454447442303292,9.288164511893617,0.5376836175200062,0.6779399654429455,0.5707164892974654,0.41099071207430343,0.42851453604141776,0.5975014311209886,291.0,0.03656357388316151,0.6106185567010309,0,2023-07-08,1161,7.0,0.024054982817869417,Saanvi Iyer,38.0,Female,Kolkata,2023-07-08,291.0,7.0,3.67,0,Med
T01741,R0233,Zone_10,10.53,61.59,204.16,Wallet,2023-05-18,0,0,Thursday,May,5.3237901625210675,2.4449523342809676,7.847929663293371,0.5129633582487586,-0.00815671093255005,0.9032949368400277,0.40673374613003094,0.3056551174830745,0.6866350136377412,469.0,0.02245202558635394,0.4353091684434968,0,2023-11-23,1023,41.0,0.08742004264392324,Ishaan Iyer,30.0,Other,Hyderabad,2023-11-23,469.0,41.0,4.37,2,High
T01742,R0154,Zone_1,11.22,103.83,129.65,Credit Card,2023-11-07,0,0,Tuesday,November,4.872521991966622,2.503073953743449,10.189700682551965,0.6680268027684005,1.166102754630697,-0.032875071712911895,0.43343653250774,0.5159299084030267,0.4357342492507661,466.0,0.024077253218884122,0.2782188841201717,0,2019-03-25,2727,79.0,0.16952789699570817,Kavya Patel,18.0,Other,Kolkata,2019-03-25,466.0,79.0,4.68,2,High
T01743,R0269,Zone_1,7.33,71.96,182.95,Wallet,2023-06-27,0,0,Tuesday,June,5.214663981550784,2.1198634561787513,8.482924024179399,-0.20617145691479652,0.28012621183948744,0.6368049907736224,0.28289473684210525,0.3572779769016328,0.615213657945247,423.0,0.017328605200945625,0.4325059101654846,0,2019-05-19,2672,16.0,0.037825059101654845,Aadhya Sharma,41.0,Male,Mumbai,2019-05-19,423.0,16.0,3.41,1,High
T01744,R0287,Zone_6,1.25,9.95,28.87,Credit Card,2023-12-10,0,0,Sunday,December,3.3968546322280186,0.8109302162163288,3.1543620591175006,-1.5725276057255517,-1.443733387108831,-1.2991106570298527,0.04760061919504644,0.04858622062923138,0.09637337104758055,320.0,0.00390625,0.09021875,0,2021-12-17,1729,34.0,0.10625,Saanvi Singh,18.0,Other,Delhi,2021-12-17,320.0,34.0,3.33,2,Med
T01745,R0251,Zone_10,6.24,56.42,132.09,UPI,2023-08-11,0,0,Friday,August,4.891025591098464,1.979621206397625,7.511324783285569,-0.4511267533298825,-0.15188117676971838,-0.0022180482144664388,0.24071207430340558,0.27991835921943453,0.4439505673973802,213.0,0.029295774647887324,0.6201408450704226,0,2020-01-13,2433,26.0,0.12206572769953052,Vivaan Iyer,46.0,Female,Mumbai,2020-01-13,213.0,26.0,4.48,0,Med
T01746,R0129,Zone_1,8.84,87.37,134.25,Cash,2023-12-06,0,0,Wednesday,December,4.907124917726591,2.286455711064162,9.347192091746056,0.1331702839905061,0.708519639025322,0.024920956193993454,0.3413312693498452,0.43399044205495824,0.4512240293632353,158.0,0.05594936708860759,0.8496835443037974,0,2022-10-08,1434,10.0,0.06329113924050633,Vivaan Singh,35.0,Male,Hyderabad,2022-10-08,158.0,10.0,3.9,1,Low
T01747,R0115,Zone_2,7.59,43.96,73.02,UPI,2023-08-07,0,0,Monday,August,4.30433532695801,2.150598735996164,6.63023378170031,-0.1477417531827577,-0.49826547934827103,-0.744394432662489,0.2929566563467492,0.21789127837514932,0.24504158669225845,170.0,0.04464705882352941,0.4295294117647059,0,2020-03-01,2385,15.0,0.08823529411764706,Aarav Ghosh,40.0,Female,Bengaluru,2020-03-01,170.0,15.0,4.4,0,Med
T01748,R0149,Zone_6,3.93,21.52,60.37,Cash,2023-03-21,0,0,Tuesday,March,4.116921116401006,1.5953389880545987,4.638965401897281,-0.9702521980260741,-1.122090820428746,-0.9033335094064787,0.1513157894736842,0.10618279569892473,0.20244469138296795,89.0,0.04415730337078652,0.678314606741573,0,2019-09-14,2554,8.0,0.0898876404494382,Diya Reddy,30.0,Male,Jaipur,2019-09-14,89.0,8.0,4.57,1,Low
T01749,R0231,Zone_4,14.42,94.87,118.1,UPI,2023-06-18,0,0,Sunday,June,4.779963476361254,2.7356653681351832,9.740123202506219,1.3871616179319557,0.9170174134506145,-0.17799335917481585,0.5572755417956656,0.47132616487455203,0.3968414317944573,328.0,0.04396341463414634,0.3600609756097561,0,2019-08-26,2573,22.0,0.06707317073170732,Ishaan Nair,19.0,Other,Mumbai,2019-08-26,328.0,22.0,4.81,2,High
T01750,R0226,Zone_4,9.62,84.01,199.49,Wallet,2023-04-27,0,0,Thursday,April,5.3007643701910885,2.362739015813793,9.165696918401787,0.3084593951866226,0.615112636082791,0.8446194041606261,0.37151702786377705,0.4172640382317802,0.6709095194800822,266.0,0.03616541353383458,0.7499624060150376,0,2021-07-30,1869,2.0,0.007518796992481203,Aarav Iyer,20.0,Other,Surat,2021-07-30,266.0,2.0,3.25,2,Med
T01751,R0201,Zone_9,6.03,54.85,125.96,Wallet,2024-08-12,0,0,Monday,August,4.843872076218154,1.9501867058225735,7.406078584514209,-0.49831997557499086,-0.19552671088274629,-0.07923753757736443,0.23258513931888547,0.2721027479091995,0.4233087517257635,183.0,0.03295081967213115,0.6883060109289617,0,2021-04-06,1984,15.0,0.08196721311475409,Meera Reddy,37.0,Female,Delhi,2021-04-06,183.0,15.0,3.84,0,Med
T01752,R0236,Zone_9,3.06,19.37,66.63,UPI,2023-09-16,0,0,Saturday,September,4.214051671586849,1.4011829736136414,4.401136216933078,-1.1657669758986655,-1.1818601824306634,-0.8246806540375162,0.11764705882352942,0.09547988849064118,0.223524261709937,61.0,0.05016393442622951,1.092295081967213,0,2020-08-10,2223,1.0,0.01639344262295082,Arjun Gupta,28.0,Male,Ahmedabad,2020-08-10,61.0,1.0,3.36,1,Low
T01753,R0213,Zone_7,8.34,47.98,174.62,Wallet,2023-06-15,0,0,Thursday,June,5.168322569931849,2.234306252240751,6.926759704219571,0.020805469121200584,-0.38651067225631436,0.5321439228465525,0.3219814241486068,0.2379032258064516,0.5871636865676667,456.0,0.018289473684210526,0.3829385964912281,0,2019-06-04,2656,26.0,0.05701754385964912,Kavya Ghosh,29.0,Female,Chennai,2019-06-04,456.0,26.0,3.74,0,High
T01754,R0177,Zone_6,14.29,93.41,240.82,Credit Card,2023-11-24,0,0,Friday,November,5.488193647746101,2.727199019940971,9.664884893261792,1.3579467660659361,0.876429846695824,1.3639041505502782,0.5522445820433437,0.46405814416567104,0.8100818264471158,489.0,0.029222903885480572,0.49247443762781185,0,2023-02-15,1304,63.0,0.12883435582822086,Ishaan Reddy,34.0,Other,Bengaluru,2023-02-15,489.0,63.0,4.48,2,High
T01755,R0159,Zone_8,8.18,58.92,158.71,Credit Card,2023-05-03,0,0,Wednesday,May,5.073359670668218,2.217027204632399,7.675936424958196,-0.015151271636977215,-0.08238191862795423,0.33224505241201674,0.3157894736842105,0.29236360015929913,0.5335892514395394,79.0,0.10354430379746835,2.008987341772152,0,2020-05-21,2304,2.0,0.02531645569620253,Ishaan Singh,43.0,Female,Bengaluru,2020-05-21,79.0,2.0,4.9,0,Low
T01756,R0211,Zone_6,7.84,40.8,64.65,Wallet,2023-05-23,0,0,Tuesday,May,4.184337600748806,2.179286876649552,6.387487769068525,-0.09155934574810494,-0.586112541639461,-0.8495580747452711,0.3026315789473684,0.20216049382716048,0.21685692157456982,435.0,0.018022988505747125,0.14862068965517242,0,2021-04-04,1986,17.0,0.03908045977011494,Arjun Reddy,36.0,Female,Mumbai,2021-04-04,435.0,17.0,3.63,0,High
T01757,R0105,Zone_5,8.33,57.68,108.7,Cash,2023-05-24,0,0,Wednesday,May,4.697749367281185,2.2332350148592526,7.59473501841901,0.01855817282381452,-0.1168535506662693,-0.2960982857671877,0.32159442724458204,0.28619076065312626,0.3651884028689767,346.0,0.024075144508670522,0.31416184971098265,0,2020-09-28,2174,9.0,0.02601156069364162,Diya Das,31.0,Female,Jaipur,2020-09-28,346.0,9.0,3.69,0,High
T01758,R0043,Zone_7,8.6,80.57,101.45,Credit Card,2023-04-07,0,0,Friday,April,4.629374874684909,2.2617630984737906,8.976079322287655,0.0792351728532394,0.5194816568797233,-0.38718985149002777,0.3320433436532508,0.40013938669852644,0.340775162474324,85.0,0.10117647058823528,1.193529411764706,0,2021-12-10,1736,16.0,0.18823529411764706,Diya Kumar,28.0,Male,Ahmedabad,2021-12-10,85.0,16.0,4.68,1,Low
T01759,R0240,Zone_5,6.83,61.99,86.6,Cash,2023-12-08,0,0,Friday,December,4.472780997942346,2.057962510002712,7.873372847769881,-0.31853627178410204,0.0029631703701321756,-0.57377050679819,0.26354489164086686,0.3076463560334528,0.29077011145906995,174.0,0.03925287356321839,0.4977011494252873,0,2020-05-18,2307,2.0,0.011494252873563218,Aarav Iyer,30.0,Male,Delhi,2020-05-18,174.0,2.0,4.07,1,Med
T01760,R0020,Zone_1,3.14,26.9,37.59,UPI,2023-01-11,0,0,Wednesday,January,3.6529931755495273,1.420695787837223,5.186520991955976,-1.1477886055195767,-0.9725284169076698,-1.1895494910845885,0.12074303405572757,0.13296495420151333,0.12573660639121798,274.0,0.011459854014598541,0.13718978102189783,0,2019-09-17,2551,21.0,0.07664233576642336,Diya Das,35.0,Female,Chennai,2019-09-17,274.0,21.0,4.03,0,Med
T01761,R0093,Zone_9,15.65,104.48,297.22,UPI,2023-09-08,0,0,Friday,September,5.697831469162762,2.8124102164264526,10.22154587134451,1.6635790625104474,1.184172561747556,2.0725337101045103,0.6048761609907122,0.5191656710473915,1.0,119.0,0.1315126050420168,2.4976470588235298,0,2019-05-30,2661,18.0,0.15126050420168066,Diya Patel,33.0,Other,Surat,2019-05-30,119.0,18.0,3.77,2,Low
T01762,R0205,Zone_4,11.19,73.68,108.27,UPI,2023-08-14,0,0,Monday,August,4.693821883582654,2.5006159434931803,8.583705493549974,0.661284913876242,0.3279417014410215,-0.30150095794109416,0.43227554179566563,0.36584030266825973,0.363740445162811,100.0,0.1119,1.0827,0,2019-05-12,2679,14.0,0.14,Diya Singh,31.0,Other,Surat,2019-05-12,100.0,14.0,4.66,2,Low
T01763,R0247,Zone_2,18.59,135.95,297.22,UPI,2023-01-10,0,0,Tuesday,January,5.697831469162762,2.9750192319564492,11.65975986030587,2.324284173941964,2.059029223236083,2.0725337101045103,0.7186532507739939,0.675826363998407,1.0,249.0,0.07465863453815261,1.1936546184738956,0,2021-05-11,1949,47.0,0.18875502008032127,Aadhya Das,37.0,Male,Bengaluru,2021-05-11,249.0,47.0,4.92,1,Med
T01764,R0195,Zone_7,10.49,74.13,100.92,Cash,2023-05-23,0,0,Tuesday,May,4.624188191823853,2.4414770918606643,8.609878047916823,0.5039741730592144,0.3404515679065388,-0.3938489590532147,0.4051857585139319,0.3680804460374353,0.3389904704178873,72.0,0.14569444444444446,1.4016666666666666,0,2021-05-27,1933,10.0,0.1388888888888889,Aadhya Reddy,33.0,Male,Kolkata,2021-05-27,72.0,10.0,4.97,1,Low
T01765,R0199,Zone_5,6.84,52.93,123.67,Cash,2023-02-06,0,0,Monday,February,4.825670246356884,2.0592388343623163,7.275300681071539,-0.316288975486716,-0.24890214113562123,-0.10800990799188899,0.26393188854489164,0.2625448028673835,0.415597535104556,344.0,0.019883720930232558,0.35950581395348835,0,2021-08-03,1865,27.0,0.07848837209302326,Aarav Das,29.0,Male,Ahmedabad,2021-08-03,344.0,27.0,3.91,1,High
T01766,R0105,Zone_9,3.27,27.01,51.97,UPI,2023-09-07,0,0,Thursday,September,3.9697257155564354,1.451613827240533,5.197114584074513,-1.1185737536535574,-0.9694704495494321,-1.0088740821060451,0.12577399380804954,0.13351254480286737,0.17415900596019798,346.0,0.009450867052023122,0.1502023121387283,0,2020-09-28,2174,9.0,0.02601156069364162,Diya Das,31.0,Female,Jaipur,2020-09-28,346.0,9.0,3.69,0,High
T01767,R0095,Zone_6,6.35,36.97,71.23,Cash,2023-12-03,0,0,Sunday,December,4.2798554720627555,1.9947003132247452,6.080296045424104,-0.42640649405863545,-0.6925854051126437,-0.7668846261306107,0.24496904024767802,0.18309438470728792,0.2390140418224063,481.0,0.0132016632016632,0.1480873180873181,0,2020-10-07,2165,77.0,0.1600831600831601,Kavya Iyer,29.0,Female,Chennai,2020-10-07,481.0,77.0,4.26,0,High
T01768,R0208,Zone_1,2.24,22.2,29.35,Wallet,2023-07-20,0,0,Thursday,July,3.4127965175055075,1.1755733298042381,4.711687595755898,-1.3500452722843268,-1.1031870222141864,-1.2930797671613063,0.08591331269349847,0.1095679012345679,0.0979896959288817,356.0,0.006292134831460675,0.0824438202247191,0,2020-01-08,2438,53.0,0.14887640449438203,Aadhya Iyer,24.0,Other,Chennai,2020-01-08,356.0,53.0,4.75,2,High
T01769,R0057,Zone_10,18.49,177.45,297.22,Wallet,2023-10-04,0,0,Wednesday,October,5.697831469162762,2.9699015135194693,13.321035995747478,2.3018112109681024,3.212716908389368,2.0725337101045103,0.7147832817337461,0.8824173636001592,1.0,407.0,0.04542997542997543,0.7302702702702704,0,2023-06-04,1195,11.0,0.02702702702702703,Aadhya Reddy,39.0,Male,Bengaluru,2023-06-04,407.0,11.0,3.66,1,High
T01770,R0295,Zone_3,7.91,47.55,76.49,Credit Card,2023-12-07,0,0,Thursday,December,4.350148895775859,2.187174241482718,6.895650803223725,-0.0758282716664021,-0.3984645446566978,-0.7007961246544537,0.3053405572755418,0.23576264436479488,0.25672626864666465,98.0,0.08071428571428571,0.7805102040816326,0,2019-05-29,2662,18.0,0.1836734693877551,Kavya Gupta,18.0,Female,Delhi,2019-05-29,98.0,18.0,3.59,0,Low
T01771,R0023,Zone_5,11.93,97.65,269.07,Credit Card,2023-01-14,0,0,Saturday,January,5.59868118465576,2.559550192783766,9.881801455200362,0.8275848398828142,0.9943005885042563,1.7188471480220344,0.46091331269349844,0.48516527279968147,0.9052092803986934,176.0,0.0677840909090909,1.5288068181818182,0,2019-10-09,2529,32.0,0.18181818181818182,Meera Iyer,24.0,Other,Jaipur,2019-10-09,176.0,32.0,3.21,2,Med
T01772,R0157,Zone_6,12.81,112.98,252.86,Credit Card,2023-05-24,0,0,Wednesday,May,5.536782933960031,2.6253929674212007,10.629205050237765,1.025346914052792,1.4204700394295542,1.515178971419657,0.49496904024767807,0.5614794902429311,0.8506246422197529,319.0,0.04015673981191223,0.7926645768025079,0,2021-11-23,1753,27.0,0.08463949843260188,Kavya Nair,36.0,Female,Hyderabad,2021-11-23,319.0,27.0,4.65,0,Med
T01773,R0191,Zone_10,13.4,71.93,147.97,Cash,2023-09-12,0,0,Tuesday,September,5.003744943391502,2.667228206581955,8.481155581640984,1.1579373955985726,0.2792922207417866,0.19730389160328526,0.5178018575851394,0.3571286340103545,0.4974239822204263,87.0,0.15402298850574714,1.7008045977011494,0,2020-08-14,2219,6.0,0.06896551724137931,Meera Gupta,33.0,Other,Surat,2020-08-14,87.0,6.0,4.56,2,Low
T01774,R0233,Zone_5,20.74,175.96,297.22,Wallet,2023-10-01,0,0,Sunday,October,5.697831469162762,3.0791538816930633,13.264991519032344,2.807452877879977,3.171295350536877,2.0725337101045103,0.8018575851393188,0.875,1.0,469.0,0.04422174840085288,0.6337313432835822,0,2023-11-23,1023,41.0,0.08742004264392324,Ishaan Iyer,30.0,Other,Hyderabad,2023-11-23,469.0,41.0,4.37,2,High
T01775,R0091,Zone_3,7.52,69.92,75.77,UPI,2023-05-17,0,0,Wednesday,May,4.3408139388398075,2.1424163408412245,8.361817984146748,-0.16347282726446052,0.2234148171958081,-0.7098424594572738,0.29024767801857587,0.34712266029470334,0.2543017813247129,334.0,0.02251497005988024,0.22685628742514968,0,2022-04-16,1609,43.0,0.12874251497005987,Meera Das,41.0,Other,Surat,2022-04-16,334.0,43.0,3.4,2,High
T01776,R0146,Zone_4,7.09,40.39,119.95,Wallet,2024-03-05,0,0,Tuesday,March,4.795377237056036,2.0906287310704004,6.355312738174259,-0.2601065680520632,-0.5975104199747102,-0.15474930447312552,0.27360681114551083,0.20011947431302268,0.40307101727447214,80.0,0.088625,1.4993750000000001,0,2020-04-15,2340,11.0,0.1375,Kavya Gupta,30.0,Male,Surat,2020-04-15,80.0,11.0,3.89,1,Low
T01777,R0187,Zone_7,8.82,58.42,112.0,Wallet,2023-04-22,0,0,Saturday,April,4.727387818712341,2.2844211223663744,7.6432977176085455,0.12867569139573398,-0.09628177025630706,-0.2546359179209295,0.3405572755417957,0.28987455197132617,0.376300636427922,357.0,0.024705882352941178,0.3137254901960784,0,2022-08-05,1498,38.0,0.10644257703081232,Saanvi Reddy,27.0,Other,Surat,2022-08-05,357.0,38.0,4.71,2,High
T01778,R0197,Zone_8,11.74,101.17,222.01,Credit Card,2023-03-05,0,0,Sunday,March,5.407216613504026,2.5447466501440172,10.058329881247682,0.7848862102324782,1.09215554396786,1.1275686538266063,0.4535603715170279,0.5026881720430108,0.7467420951611273,475.0,0.024715789473684212,0.4673894736842105,0,2020-10-08,2164,87.0,0.1831578947368421,Saanvi Das,29.0,Female,Bengaluru,2020-10-08,475.0,87.0,3.87,0,High
T01779,R0262,Zone_10,8.89,76.52,74.68,Wallet,2023-10-19,0,0,Thursday,October,4.326513924743623,2.2915241456346207,8.747571091451615,0.1444067654774368,0.4068928586900653,-0.7235376052004316,0.34326625386996906,0.3799780963759458,0.2506313769067583,6.0,1.4816666666666667,12.446666666666667,0,2019-04-21,2700,0.0,0.0,Meera Singh,30.0,Male,Ahmedabad,2019-04-21,6.0,0.0,3.35,1,Low
T01780,R0004,Zone_5,6.66,36.68,165.2,Credit Card,2023-11-14,0,0,Tuesday,November,5.113191882421348,2.0360119837525,6.056401571890688,-0.3567403088396659,-0.7006473190570883,0.41378770917632435,0.25696594427244585,0.18165073675826363,0.5554433107721318,464.0,0.014353448275862069,0.35603448275862065,0,2019-07-28,2602,5.0,0.010775862068965518,Aarav Nair,19.0,Other,Kolkata,2019-07-28,464.0,5.0,3.19,2,High
T01781,R0260,Zone_9,4.42,35.18,98.28,UPI,2024-02-01,0,0,Thursday,February,4.5979441408963515,1.6900958154515549,5.931273050534767,-0.8601346794541547,-0.7423468739421468,-0.42701885333022127,0.17027863777089783,0.17418359219434487,0.330100683570731,63.0,0.07015873015873016,1.56,0,2019-07-17,2613,3.0,0.047619047619047616,Reyansh Das,55.0,Other,Mumbai,2019-07-17,63.0,3.0,4.24,2,Low
T01782,R0231,Zone_5,4.13,34.78,80.9,Cash,2023-03-06,0,0,Monday,March,4.405498990859024,1.6351056591826783,5.897457079114693,-0.9253062720783519,-0.753466755244829,-0.6453873239871812,0.15905572755417957,0.17219235364396654,0.2715762534936189,328.0,0.012591463414634145,0.24664634146341466,0,2019-08-26,2573,22.0,0.06707317073170732,Ishaan Nair,19.0,Other,Mumbai,2019-08-26,328.0,22.0,4.81,2,High
T01783,R0097,Zone_5,9.35,87.23,161.58,Cash,2023-07-07,0,0,Friday,July,5.091170188318427,2.336986519711378,9.339700209321496,0.2477823951571977,0.7046276805693832,0.36830474808436864,0.36106811145510836,0.4332935085623258,0.5432535272923191,478.0,0.019560669456066944,0.3380334728033473,0,2021-01-25,2055,5.0,0.010460251046025104,Aarav Iyer,23.0,Other,Bengaluru,2021-01-25,478.0,5.0,3.28,2,High
T01784,R0290,Zone_4,3.01,21.04,24.59,Wallet,2023-02-21,0,0,Tuesday,February,3.2422016501716975,1.3887912413184778,4.586937976471886,-1.1770034573855963,-1.1354346779919648,-1.3528860916910606,0.11571207430340558,0.10379330943847073,0.0819611408559787,169.0,0.017810650887573963,0.14550295857988166,0,2020-05-06,2319,4.0,0.023668639053254437,Saanvi Kumar,34.0,Other,Chennai,2020-05-06,169.0,4.0,4.28,2,Med
T01785,R0161,Zone_5,1.07,10.37,18.72,Wallet,2023-11-25,0,0,Saturday,November,2.9816333491744893,0.7275486072772778,3.2202484376209237,-1.6129789390785017,-1.4320575117410144,-1.426638849041829,0.040634674922600623,0.050677021107128635,0.06219483449506683,332.0,0.0032228915662650603,0.056385542168674696,0,2019-03-27,2725,50.0,0.15060240963855423,Aarav Nair,32.0,Other,Surat,2019-03-27,332.0,50.0,4.91,2,High
T01786,R0221,Zone_10,8.58,53.37,143.92,Cash,2024-05-01,0,0,Wednesday,May,4.976181866026876,2.259677591982769,7.305477397131552,0.07474058025846728,-0.2366702717026708,0.14641825833742272,0.33126934984520123,0.26473516527279967,0.48378624103444784,106.0,0.0809433962264151,1.3577358490566036,0,2021-01-13,2067,1.0,0.009433962264150943,Diya Patel,21.0,Female,Delhi,2021-01-13,106.0,1.0,4.41,0,Low
T01787,R0274,Zone_10,13.81,118.3,194.21,Credit Card,2023-01-30,0,0,Monday,January,5.274075902175002,2.6953026282797072,10.876580344942981,1.2500765437914032,1.568364460755228,0.7782796156066129,0.5336687306501549,0.5879629629629629,0.6531299457857696,31.0,0.44548387096774195,6.264838709677419,0,2019-03-18,2734,5.0,0.16129032258064516,Reyansh Nair,27.0,Female,Surat,2019-03-18,31.0,5.0,3.04,0,Low
T01788,R0210,Zone_1,11.31,93.56,205.41,UPI,2024-06-15,0,0,Saturday,June,5.329864482046166,2.510411940196362,9.672641831474998,0.6882524694448755,0.8805998021843301,0.9190003792060346,0.4369195046439629,0.46480485862206294,0.6908441930161295,94.0,0.12031914893617021,2.1852127659574467,0,2022-01-02,1713,5.0,0.05319148936170213,Meera Iyer,34.0,Other,Mumbai,2022-01-02,94.0,5.0,3.4,2,Low
T01789,R0214,Zone_1,7.91,49.88,157.86,Credit Card,2023-02-13,0,0,Monday,February,5.068023311204986,2.187174241482718,7.06257743320383,-0.0758282716664021,-0.3336912360685734,0.3215653516031321,0.3053405572755418,0.2473616089207487,0.5307270094622353,210.0,0.03766666666666667,0.7517142857142858,0,2022-09-14,1458,2.0,0.009523809523809525,Aarav Kumar,20.0,Female,Kolkata,2022-09-14,210.0,2.0,4.53,0,Med
T01790,R0254,Zone_6,10.02,78.23,232.0,Wallet,2024-05-22,0,0,Wednesday,May,5.4510384535657,2.3997118037247684,8.844772467395643,0.3983512470820671,0.45443035125903225,1.2530865492157337,0.38699690402476783,0.38849064117881327,0.7803818567532074,363.0,0.027603305785123967,0.6391184573002755,0,2020-03-09,2377,70.0,0.1928374655647383,Meera Kumar,18.0,Male,Delhi,2020-03-09,363.0,70.0,3.68,1,High
T01791,R0078,Zone_5,0.24,1.6,3.01,Cash,2023-01-11,0,0,Wednesday,January,1.3887912413184778,0.2151113796169455,1.2649110640673518,-1.7995045317615488,-1.675860909302323,-1.624024848697804,0.008513931888544891,0.007019115890083633,0.009293868067481562,97.0,0.002474226804123711,0.031030927835051545,0,2023-01-02,1348,9.0,0.09278350515463918,Saanvi Sharma,30.0,Other,Jaipur,2023-01-02,97.0,9.0,3.62,2,Low
T01792,R0135,Zone_9,4.55,35.7,65.91,Credit Card,2024-07-04,0,0,Thursday,July,4.2033484327947255,1.713797927758343,5.974947698515862,-0.8309198275881353,-0.7278910282486597,-0.8337269888403362,0.1753095975232198,0.17677220230983673,0.22109977438798528,153.0,0.029738562091503266,0.4307843137254902,0,2022-02-24,1660,8.0,0.05228758169934641,Reyansh Patel,38.0,Female,Ahmedabad,2022-02-24,153.0,8.0,3.47,0,Low
T01793,R0103,Zone_9,16.39,94.54,297.22,Wallet,2023-10-22,0,0,Sunday,October,5.697831469162762,2.855895328366192,9.723168207945392,1.8298789885170197,0.9078435113759017,2.0725337101045103,0.633513931888545,0.4696833930704899,1.0,175.0,0.09365714285714286,1.6984000000000001,0,2022-11-24,1387,14.0,0.08,Ishaan Gupta,37.0,Other,Surat,2022-11-24,175.0,14.0,3.07,2,Med
T01794,R0251,Zone_4,13.92,136.57,273.07,Cash,2023-09-10,0,0,Sunday,September,5.613383548212584,2.702702594775615,11.686316785026838,1.2747968030626502,2.0762650392552406,1.7691045635932565,0.5379256965944272,0.6789127837514934,0.9186786544095362,213.0,0.06535211267605634,1.282018779342723,0,2020-01-13,2433,26.0,0.12206572769953052,Vivaan Iyer,46.0,Female,Mumbai,2020-01-13,213.0,26.0,4.48,0,Med
T01795,R0046,Zone_1,4.44,37.76,49.02,Credit Card,2023-10-12,0,0,Thursday,October,3.912422925449473,1.6937790608678513,6.144916598294887,-0.8556400868593823,-0.6706236395398462,-1.0459389260898213,0.1710526315789474,0.18702708084428513,0.1642253426272014,31.0,0.14322580645161292,1.5812903225806452,0,2019-08-16,2583,4.0,0.12903225806451613,Vivaan Singh,31.0,Female,Kolkata,2019-08-16,31.0,4.0,3.87,0,Low
T01796,R0240,Zone_8,16.77,141.03,196.01,Cash,2023-12-22,0,0,Friday,December,5.283254488870991,2.87751164216656,11.875605247733692,1.9152762478176917,2.200251715780148,0.8008954526136626,0.6482198142414861,0.7011150935882119,0.6591911640906488,174.0,0.09637931034482758,1.126494252873563,0,2020-05-18,2307,2.0,0.011494252873563218,Aarav Iyer,30.0,Male,Delhi,2020-05-18,174.0,2.0,4.07,1,Med
T01797,R0197,Zone_7,4.41,28.5,58.59,Credit Card,2024-01-04,0,0,Thursday,January,4.087487774758888,1.6882490928583902,5.338539126015656,-0.8623819757515407,-0.9280488916969406,-0.9256980593356726,0.16989164086687308,0.14092990840302666,0.1964508199481429,475.0,0.00928421052631579,0.12334736842105264,0,2020-10-08,2164,87.0,0.1831578947368421,Saanvi Das,29.0,Female,Bengaluru,2020-10-08,475.0,87.0,3.87,0,High
T01798,R0083,Zone_4,3.88,35.19,34.82,Credit Card,2023-08-02,0,0,Wednesday,August,3.578506396632566,1.5851452198650557,5.932115979985556,-0.9814886795130047,-0.7420688769095798,-1.22435275136766,0.14938080495356038,0.1742333731581043,0.11640906488870928,475.0,0.008168421052631578,0.07330526315789473,0,2021-12-31,1715,39.0,0.08210526315789474,Kavya Patel,45.0,Female,Mumbai,2021-12-31,475.0,39.0,4.4,0,High
T01799,R0269,Zone_7,15.68,105.54,297.22,UPI,2023-04-15,0,0,Saturday,April,5.697831469162762,2.8142103969306005,10.273266277090261,1.6703209514026056,1.2136402471996641,2.0725337101045103,0.6060371517027864,0.5244424532058941,1.0,423.0,0.03706855791962175,0.7026477541371159,0,2019-05-19,2672,16.0,0.037825059101654845,Aadhya Sharma,41.0,Male,Mumbai,2019-05-19,423.0,16.0,3.41,1,High
T01800,R0221,Zone_7,14.54,131.27,297.22,Wallet,2023-05-24,0,0,Wednesday,May,5.697831469162762,2.7434173449395014,11.457312075700827,1.414129173500589,1.928926611994701,2.0725337101045103,0.5619195046439629,0.6525288729589805,1.0,106.0,0.1371698113207547,2.8039622641509436,0,2021-01-13,2067,1.0,0.009433962264150943,Diya Patel,21.0,Female,Delhi,2021-01-13,106.0,1.0,4.41,0,Low
T01801,R0042,Zone_5,5.06,25.83,51.03,UPI,2024-03-11,0,0,Monday,March,3.9518204753022124,1.801709800081223,5.0823223038292245,-0.7163077164214436,-1.0022740993923447,-1.0206845747652824,0.19504643962848295,0.12763839107925126,0.1709937030676499,23.0,0.21999999999999997,2.218695652173913,0,2021-05-20,1940,4.0,0.17391304347826086,Arjun Reddy,18.0,Female,Chennai,2021-05-20,23.0,4.0,3.03,0,Low
T01802,R0138,Zone_3,7.75,60.38,177.01,UPI,2023-04-21,0,0,Friday,April,5.181839728489342,2.169053700369523,7.770456872024965,-0.1117850124245799,-0.04179435187316393,0.5621727286503576,0.2991486068111455,0.29963162086818,0.5952116375391453,13.0,0.5961538461538461,13.616153846153846,0,2022-07-28,1506,0.0,0.0,Ishaan Das,46.0,Male,Kolkata,2022-07-28,13.0,0.0,3.53,1,Low
T01803,R0179,Zone_7,6.29,41.15,114.57,Cash,2023-03-18,0,0,Saturday,March,4.74987640698735,1.986503546020567,6.41482657598785,-0.439890271842952,-0.576382645499614,-0.22234552841641939,0.2426470588235294,0.2039028275587415,0.3849547092298885,274.0,0.022956204379562042,0.4181386861313868,0,2022-04-11,1614,14.0,0.051094890510948905,Meera Patel,28.0,Male,Kolkata,2022-04-11,274.0,14.0,4.64,1,Med
T01804,R0121,Zone_8,10.52,66.79,184.38,Cash,2023-12-04,0,0,Monday,December,5.222407772447687,2.444084655267745,8.17251491280377,0.5107160619513726,0.1364017460023195,0.6547720168403344,0.4063467492260062,0.33154121863799285,0.6200289591541233,378.0,0.02783068783068783,0.48777777777777775,0,2023-07-13,1156,10.0,0.026455026455026454,Diya Iyer,29.0,Male,Pune,2023-07-13,378.0,10.0,4.17,1,High
T01805,R0152,Zone_5,15.84,85.37,256.16,Cash,2023-10-01,0,0,Sunday,October,5.549698459273486,2.8237570088141806,9.239588735436227,1.7062776921607834,0.6529202325119107,1.5566413392659153,0.6122291021671827,0.42403424930306655,0.8617368757786982,143.0,0.11076923076923077,1.7913286713286716,0,2021-05-04,1956,24.0,0.16783216783216784,Arjun Patel,34.0,Female,Bengaluru,2021-05-04,143.0,24.0,3.91,0,Low
T01806,R0157,Zone_1,10.66,82.98,177.51,Wallet,2024-08-23,0,0,Friday,August,5.18464462205946,2.4561641809223462,9.109335870413386,0.5421782101147783,0.5864789417283841,0.5684549055967604,0.411764705882353,0.412136598964556,0.5968953092905007,319.0,0.03341692789968652,0.5564576802507837,0,2021-11-23,1753,27.0,0.08463949843260188,Kavya Nair,36.0,Female,Hyderabad,2021-11-23,319.0,27.0,4.65,0,Med
T01807,R0016,Zone_8,7.43,55.78,98.82,Wallet,2024-07-21,0,0,Sunday,July,4.603368564041463,2.131796772013764,7.468600939935136,-0.1836984939409355,-0.16967298685401003,-0.4202341022281064,0.2867647058823529,0.2767323775388292,0.3319190490621948,356.0,0.020870786516853933,0.2775842696629213,0,2022-01-24,1691,51.0,0.14325842696629212,Aarav Iyer,28.0,Female,Delhi,2022-01-24,356.0,51.0,3.06,0,High
T01808,R0099,Zone_8,1.27,11.57,25.71,Credit Card,2023-05-16,0,0,Tuesday,May,3.2850380271218693,0.8197798314933114,3.4014702703389896,-1.5680330131307796,-1.3986978678329676,-1.338814015331118,0.04837461300309598,0.056650736758263646,0.08573256557901471,80.0,0.015875,0.321375,0,2021-08-21,1847,8.0,0.1,Diya Gupta,35.0,Other,Mumbai,2021-08-21,80.0,8.0,3.7,2,Low
T01809,R0259,Zone_10,11.89,94.26,134.21,Wallet,2023-12-30,0,0,Saturday,December,4.906829125370667,2.556451816951096,9.708758932015977,0.8185956546932699,0.9000595944640241,0.024418382038281332,0.4593653250773994,0.46828952608522506,0.4510893356231269,150.0,0.07926666666666667,0.8947333333333334,0,2019-06-25,2635,27.0,0.18,Aadhya Das,32.0,Male,Jaipur,2019-06-25,150.0,27.0,3.52,1,Low
T01810,R0253,Zone_4,1.8900000000000001,18.17,21.41,Cash,2023-05-17,0,0,Wednesday,May,3.1095072878128356,1.0612565021243408,4.262628297189424,-1.4287006426928406,-1.2152198263387102,-1.392840737070182,0.0723684210526316,0.08950617283950618,0.07125298851735865,173.0,0.010924855491329481,0.12375722543352602,0,2021-08-19,1849,24.0,0.13872832369942195,Ishaan Gupta,26.0,Male,Surat,2021-08-19,173.0,24.0,3.16,1,Med
T01811,R0283,Zone_9,7.06,41.12,167.08,Cash,2023-07-23,0,0,Sunday,July,5.124440056536745,2.0869135565185366,6.4124878167525585,-0.2668484569442216,-0.5772166365973151,0.437408694494799,0.2724458204334365,0.20375348466746313,0.561773916557228,245.0,0.028816326530612245,0.6819591836734694,0,2023-06-15,1184,45.0,0.1836734693877551,Diya Nair,19.0,Male,Surat,2023-06-15,245.0,45.0,3.55,1,Med
T01812,R0030,Zone_3,12.79,82.93,234.27,UPI,2023-01-14,0,0,Saturday,January,5.460733790792328,2.6239436918052106,9.10659101969557,1.0208523214580196,0.5850889565655489,1.2816076325524022,0.49419504643962847,0.4118876941457587,0.7880257265043608,442.0,0.028936651583710404,0.5300226244343892,0,2021-01-08,2072,58.0,0.13122171945701358,Saanvi Patel,25.0,Other,Mumbai,2021-01-08,442.0,58.0,3.72,2,High
T01813,R0026,Zone_5,12.06,72.67,110.9,Cash,2023-05-24,0,0,Wednesday,May,4.71760561531788,2.569554123848285,8.524670081592602,0.8567996917488339,0.29986400115174866,-0.2684567072030155,0.4659442724458205,0.3608124253285544,0.37259655857494023,44.0,0.2740909090909091,2.5204545454545455,0,2020-04-17,2338,5.0,0.11363636363636363,Aarav Kumar,26.0,Female,Surat,2020-04-17,44.0,5.0,3.17,0,Low
T01814,R0189,Zone_1,12.19,80.85,203.93,UPI,2024-02-12,0,0,Monday,February,5.322668457411868,2.579458966729223,8.99166280506559,0.886014543614853,0.5272655737916008,0.9004051354446826,0.4709752321981424,0.4015332536837913,0.6858605246321177,238.0,0.05121848739495798,0.8568487394957983,0,2019-09-16,2552,42.0,0.17647058823529413,Reyansh Gupta,29.0,Female,Delhi,2019-09-16,238.0,42.0,3.28,0,Med
T01815,R0127,Zone_9,11.49,72.44,284.26,Credit Card,2024-01-22,0,0,Monday,January,5.6534010450952765,2.5249283241374862,8.511169132381285,0.7287038027978254,0.29347006940270626,1.9096996836537503,0.4438854489164087,0.3596674631620868,0.9563592282048691,43.0,0.2672093023255814,6.610697674418605,0,2020-03-17,2369,2.0,0.046511627906976744,Vivaan Kumar,38.0,Male,Chennai,2020-03-17,43.0,2.0,4.83,1,Low
T01816,R0190,Zone_6,8.73,59.31,153.71,UPI,2023-09-21,0,0,Thursday,September,5.041552396730977,2.2752138961979136,7.7012985917960615,0.10845002471925902,-0.071540034357839,0.26942328294798906,0.33707430340557276,0.294305057745918,0.5167525339259857,274.0,0.03186131386861314,0.5609854014598541,0,2020-09-25,2177,47.0,0.17153284671532848,Saanvi Iyer,35.0,Other,Surat,2020-09-25,274.0,47.0,4.12,2,Med
T01817,R0249,Zone_7,9.51,87.31,211.56,Credit Card,2023-06-09,0,0,Friday,June,5.359224301451558,2.3523271848888596,9.343982020530648,0.2837391359153755,0.7068516568299197,0.9962711556467887,0.36726006191950467,0.4336917562724015,0.7115533555578004,396.0,0.024015151515151514,0.5342424242424243,0,2023-03-24,1267,48.0,0.12121212121212122,Diya Nair,20.0,Male,Mumbai,2023-03-24,396.0,48.0,4.49,1,High
T01818,R0201,Zone_4,8.46,82.56,119.97,Cash,2024-01-31,0,0,Wednesday,January,4.795542580971757,2.247072383063787,9.086253353280437,0.04777302468983413,0.5748030663605678,-0.15449801739526947,0.3266253869969041,0.41004579848665873,0.40313836414452636,183.0,0.046229508196721315,0.6555737704918033,0,2021-04-06,1984,15.0,0.08196721311475409,Meera Reddy,37.0,Female,Delhi,2021-04-06,183.0,15.0,3.84,0,Med
T01819,R0292,Zone_7,10.41,100.65,155.43,UPI,2023-08-05,0,0,Saturday,August,5.052608625573679,2.4344901638739844,10.032447358446493,0.4859958026801255,1.0776996982743734,0.29103397164361455,0.4020897832817338,0.5000995619275189,0.5225443647506482,141.0,0.07382978723404256,1.102340425531915,0,2020-06-28,2266,19.0,0.1347517730496454,Diya Patel,37.0,Female,Jaipur,2020-06-28,141.0,19.0,4.39,0,Low
T01820,R0247,Zone_4,10.68,79.42,100.76,Wallet,2024-08-01,0,0,Thursday,August,4.622617099591812,2.457877977400081,8.911789943664516,0.5466728027095504,0.4875119981345119,-0.39585925567606356,0.41253869969040247,0.3944145758661888,0.3384516954574536,249.0,0.04289156626506024,0.40465863453815265,0,2021-05-11,1949,47.0,0.18875502008032127,Aadhya Das,37.0,Male,Bengaluru,2021-05-11,249.0,47.0,4.92,1,Med
T01821,R0151,Zone_4,8.67,48.49,192.02,UPI,2023-11-20,0,0,Monday,November,5.26279381047899,2.269028309465203,6.963476143421474,0.09496624693494224,-0.3723328235953943,0.7507636805813688,0.3347523219814242,0.240442054958184,0.6457554635148332,394.0,0.022005076142131978,0.4873604060913706,0,2023-02-25,1294,56.0,0.14213197969543148,Meera Reddy,34.0,Male,Hyderabad,2023-02-25,394.0,56.0,5.0,1,High
T01822,R0233,Zone_5,10.57,64.85,220.34,UPI,2024-08-09,0,0,Friday,August,5.3996999808366395,2.448415541205585,8.052949770115296,0.5219525434383033,0.08247032168431016,1.1065861828256212,0.4082817337461301,0.32188371166865787,0.7411186315116005,469.0,0.022537313432835823,0.4698081023454158,0,2023-11-23,1023,41.0,0.08742004264392324,Ishaan Iyer,30.0,Other,Hyderabad,2023-11-23,469.0,41.0,4.37,2,High
T01823,R0212,Zone_6,4.58,42.58,77.52,UPI,2024-05-15,0,0,Wednesday,May,4.3633533694082605,1.7191887763932197,6.52533524043018,-0.8241779386959769,-0.5366290698425249,-0.6878548401448641,0.17647058823529413,0.21102150537634407,0.2601946324544567,73.0,0.06273972602739726,1.061917808219178,0,2023-09-11,1096,12.0,0.1643835616438356,Aadhya Iyer,36.0,Female,Ahmedabad,2023-09-11,73.0,12.0,3.22,0,Low
T01824,R0248,Zone_9,6.47,52.78,148.29,Credit Card,2023-02-24,0,0,Friday,February,5.005890723065499,2.010894999144726,7.264984514780469,-0.3994389384900021,-0.25307209662412705,0.20132448484898294,0.24961300309597523,0.26179808841099167,0.49850153214129367,104.0,0.06221153846153846,1.4258653846153846,0,2021-10-24,1783,12.0,0.11538461538461539,Vivaan Ghosh,18.0,Female,Chennai,2021-10-24,104.0,12.0,3.65,0,Low
T01825,R0093,Zone_6,9.15,72.97,125.3,Wallet,2024-08-22,0,0,Thursday,August,4.838660029356445,2.3174737054877963,8.542247947700886,0.20283646920947565,0.3082039121287603,-0.08753001114661604,0.35332817337461303,0.3623058542413381,0.4210863050139744,119.0,0.07689075630252101,1.0529411764705883,0,2019-05-30,2661,18.0,0.15126050420168066,Diya Patel,33.0,Other,Surat,2019-05-30,119.0,18.0,3.77,2,Low
T01826,R0010,Zone_6,17.62,90.44,227.02,Cash,2023-09-20,0,0,Wednesday,September,5.429433344405574,2.924236271848921,9.509994742374992,2.1062964330955114,0.7938647280234082,1.1905160668295622,0.6811145510835914,0.4492731979291119,0.763612486109708,173.0,0.10184971098265896,1.3122543352601157,0,2023-05-14,1216,1.0,0.005780346820809248,Vivaan Gupta,25.0,Female,Surat,2023-05-14,173.0,1.0,3.38,0,Med
T01827,R0110,Zone_1,10.64,97.91,219.66,Cash,2023-06-01,0,0,Thursday,June,5.39662305533216,2.454447442303292,9.894948206029175,0.5376836175200062,1.0015285113509995,1.0980424221785134,0.41099071207430343,0.4864595778574273,0.7388288379297572,224.0,0.0475,0.980625,0,2023-02-04,1315,28.0,0.125,Vivaan Patel,19.0,Female,Kolkata,2023-02-04,224.0,28.0,4.43,0,Med
T01828,R0090,Zone_3,7.33,73.0,173.86,Cash,2024-06-13,0,0,Thursday,June,5.163985653752745,2.1198634561787513,8.54400374531753,-0.20617145691479652,0.3090379032264615,0.5225950138880205,0.28289473684210525,0.3624551971326165,0.5846045055056066,152.0,0.048223684210526314,1.1438157894736842,0,2021-01-31,2049,25.0,0.16447368421052633,Kavya Iyer,33.0,Female,Mumbai,2021-01-31,152.0,25.0,4.51,0,Low
T01829,R0090,Zone_3,6.9,58.91,170.42,Cash,2024-08-17,0,0,Saturday,August,5.1441166854707365,2.066862759472976,7.675285010994705,-0.3028051977023992,-0.08265991566052143,0.4793736364967692,0.26625386996904027,0.2923138191955396,0.5730208438562817,152.0,0.045394736842105265,1.1211842105263157,0,2021-01-31,2049,25.0,0.16447368421052633,Kavya Iyer,33.0,Female,Mumbai,2021-01-31,152.0,25.0,4.51,0,Low
T01830,R0168,Zone_4,11.72,114.29,180.01,Wallet,2023-10-27,0,0,Friday,October,5.198552278358462,2.543175557911976,10.690650120549265,0.780391617637706,1.4568876506958386,0.5998657903287742,0.4527863777089784,0.5680007964954202,0.6053136680472775,471.0,0.02488322717622081,0.3821868365180467,0,2019-10-08,2530,74.0,0.15711252653927812,Diya Das,23.0,Male,Pune,2019-10-08,471.0,74.0,4.03,1,High
T01831,R0221,Zone_5,7.51,47.39,108.64,Credit Card,2023-09-19,0,0,Tuesday,September,4.697202271434585,2.1412419425852827,6.884039511798287,-0.1657201235618466,-0.40291249717777056,-0.2968521470007561,0.2898606811145511,0.23496614894464357,0.36498636225881403,106.0,0.07084905660377358,1.0249056603773585,0,2021-01-13,2067,1.0,0.009433962264150943,Diya Patel,21.0,Female,Delhi,2021-01-13,106.0,1.0,4.41,0,Low
T01832,R0209,Zone_3,11.19,85.31,190.72,Wallet,2024-04-30,0,0,Tuesday,April,5.25603597429143,2.5006159434931803,9.236341266973628,0.661284913876242,0.6512522503165084,0.7344300205207215,0.43227554179566563,0.4237355635205098,0.6413779169613092,109.0,0.1026605504587156,1.7497247706422019,0,2020-06-11,2283,20.0,0.1834862385321101,Vivaan Sharma,31.0,Other,Surat,2020-06-11,109.0,20.0,3.77,2,Low
T01833,R0135,Zone_6,10.56,92.83,96.94,Wallet,2023-09-17,0,0,Sunday,September,4.584355046274172,2.4475508632442313,9.634832639957997,0.5197052471409173,0.8603060188069348,-0.44385508754658076,0.4078947368421053,0.46117084826762245,0.3255884432770987,153.0,0.06901960784313727,0.6335947712418301,0,2022-02-24,1660,8.0,0.05228758169934641,Reyansh Patel,38.0,Female,Ahmedabad,2022-02-24,153.0,8.0,3.47,0,Low
T01834,R0277,Zone_2,1.77,17.08,41.11,Cash,2023-03-25,0,0,Saturday,March,3.740285242173836,1.0188473201992472,4.132795663954365,-1.455668198261474,-1.2455215028885194,-1.1453229653819132,0.06772445820433437,0.0840800477897252,0.13758965552075966,433.0,0.004087759815242494,0.09494226327944573,0,2021-01-22,2058,16.0,0.03695150115473441,Kavya Gupta,42.0,Female,Jaipur,2021-01-22,433.0,16.0,3.06,0,High
T01835,R0121,Zone_5,10.36,81.16,120.91,Wallet,2024-05-13,0,0,Monday,May,4.803283067577055,2.4300984132930052,9.008884503644166,0.4747593211931948,0.5358834818011796,-0.1426875247360323,0.4001547987616099,0.4030764635603345,0.40630366703707443,378.0,0.027407407407407405,0.31986772486772486,0,2023-07-13,1156,10.0,0.026455026455026454,Diya Iyer,29.0,Male,Pune,2023-07-13,378.0,10.0,4.17,1,High
T01836,R0030,Zone_3,10.33,86.22,159.71,Cash,2024-04-25,0,0,Thursday,April,5.0796014985609785,2.427454075039915,9.285472524325296,0.4680174323010366,0.6765499802801104,0.34480940630482226,0.3989938080495356,0.42826563122262046,0.53695659494225,442.0,0.0233710407239819,0.3613348416289593,0,2021-01-08,2072,58.0,0.13122171945701358,Saanvi Patel,25.0,Other,Mumbai,2021-01-08,442.0,58.0,3.72,2,High
T01837,R0144,Zone_4,11.98,119.08,161.41,Wallet,2024-06-02,0,0,Sunday,June,5.090124002186512,2.563409711275944,10.912378292562991,0.8388213213697449,1.5900482292954585,0.3661688079225915,0.4628482972136223,0.5918458781362007,0.5426810788968582,194.0,0.06175257731958763,0.8320103092783505,0,2021-01-31,2049,10.0,0.05154639175257732,Ishaan Kumar,34.0,Other,Pune,2021-01-31,194.0,10.0,3.52,2,Med
T01838,R0288,Zone_4,3.81,30.6,65.86,UPI,2023-09-01,0,0,Friday,September,4.202600880991953,1.57069708411767,5.531726674375733,-0.9972197535947073,-0.8696695148578587,-0.8343552065349764,0.146671826625387,0.15138391079251293,0.22093140721284976,43.0,0.0886046511627907,1.5316279069767442,0,2021-08-30,1838,5.0,0.11627906976744186,Diya Ghosh,42.0,Male,Ahmedabad,2021-08-30,43.0,5.0,4.56,1,Low
T01839,R0187,Zone_10,13.47,105.41,270.11,Credit Card,2024-02-04,0,0,Sunday,February,5.602524642581974,2.6720775406433925,10.266937225872184,1.1736684696802755,1.210026285776292,1.7319140760705523,0.5205108359133127,0.5237953006770211,0.9087113176415126,357.0,0.03773109243697479,0.7566106442577031,0,2022-08-05,1498,38.0,0.10644257703081232,Saanvi Reddy,27.0,Other,Surat,2022-08-05,357.0,38.0,4.71,2,High
T01840,R0226,Zone_6,7.17,67.97,156.24,Cash,2024-05-15,0,0,Wednesday,May,5.057773300553659,2.1004689088719113,8.244392033376384,-0.24212819767297433,0.16920539584523198,0.3012110982967871,0.276702786377709,0.33741537236160896,0.5252719129878439,266.0,0.026954887218045114,0.5873684210526317,0,2021-07-30,1869,2.0,0.007518796992481203,Aarav Iyer,20.0,Other,Surat,2021-07-30,266.0,2.0,3.25,2,Med
T01841,R0154,Zone_10,17.94,102.09,150.4,Credit Card,2023-12-03,0,0,Sunday,December,5.019925341003349,2.9412760877579323,10.103959619871805,2.178209914611867,1.1177312709640295,0.22783527156280275,0.693498452012384,0.507268020708881,0.5056066269320133,466.0,0.03849785407725322,0.32274678111587984,0,2019-03-25,2727,79.0,0.16952789699570817,Kavya Patel,18.0,Other,Kolkata,2019-03-25,466.0,79.0,4.68,2,High
T01842,R0298,Zone_5,16.76,92.4,297.22,UPI,2023-07-15,0,0,Saturday,July,5.697831469162762,2.876948737564024,9.612491872558333,1.913028951520306,0.8483521464065515,2.0725337101045103,0.6478328173374615,0.4590302668259658,1.0,65.0,0.2578461538461539,4.572615384615385,0,2020-03-25,2361,11.0,0.16923076923076924,Vivaan Singh,35.0,Female,Ahmedabad,2020-03-25,65.0,11.0,3.88,0,Low
T01843,R0256,Zone_6,4.96,44.3,59.86,Wallet,2023-11-27,0,0,Monday,November,4.108576144468825,1.7850704810772584,6.6558245169174945,-0.7387806793953047,-0.4888135802409912,-0.9097413298918096,0.1911764705882353,0.2195838311429709,0.2007273461965855,265.0,0.018716981132075473,0.2258867924528302,0,2021-03-25,1996,8.0,0.03018867924528302,Aadhya Sharma,31.0,Female,Delhi,2021-03-25,265.0,8.0,3.65,0,Med
T01844,R0236,Zone_1,1.15,11.34,20.45,Wallet,2024-05-01,0,0,Wednesday,May,3.065724645374026,0.7654678421395714,3.3674916480965473,-1.5950005686994126,-1.40509179958201,-1.4049025168072753,0.04373065015479876,0.0555057745917961,0.06802033875475635,61.0,0.01885245901639344,0.33524590163934426,0,2020-08-10,2223,1.0,0.01639344262295082,Arjun Gupta,28.0,Male,Ahmedabad,2020-08-10,61.0,1.0,3.36,1,Low
T01845,R0137,Zone_4,11.49,57.75,228.53,Wallet,2024-03-03,0,0,Sunday,March,5.4360337399118706,2.5249283241374862,7.599342076785332,0.7287038027978254,-0.1149075714382999,1.2094882412076984,0.4438854489164087,0.2865392273994425,0.7686971747988012,166.0,0.06921686746987953,1.3766867469879518,0,2021-08-10,1858,32.0,0.1927710843373494,Arjun Gupta,27.0,Male,Bengaluru,2021-08-10,166.0,32.0,3.14,1,Med
T01846,R0013,Zone_7,3.9,27.41,59.02,Cash,2023-03-16,0,0,Thursday,March,4.0946778400122215,1.589235205116581,5.23545604508337,-0.9769940869182323,-0.9583505682467497,-0.9202953871617661,0.1501547987616099,0.1355037833532457,0.1978987776543085,6.0,0.65,9.836666666666668,0,2019-04-01,2720,0.0,0.0,Ishaan Gupta,43.0,Female,Kolkata,2019-04-01,6.0,0.0,3.91,0,Low
T01847,R0082,Zone_10,13.74,118.5,115.55,Credit Card,2023-12-12,0,0,Tuesday,December,4.758320365481766,2.6905648867611904,10.88577052853862,1.2343454697097003,1.5739244014065692,-0.2100324616014699,0.5309597523219814,0.5889585822381521,0.388254705862545,274.0,0.050145985401459856,0.42171532846715326,0,2022-12-27,1354,23.0,0.08394160583941605,Kavya Singh,26.0,Other,Pune,2022-12-27,274.0,23.0,3.15,2,Med
T01848,R0286,Zone_8,10.65,94.84,102.71,UPI,2023-07-26,0,0,Wednesday,July,4.641598542601643,2.4553061800117097,9.73858305915188,0.5399309138173922,0.9161834223529133,-0.3713587655850929,0.4113777089783282,0.47117682198327365,0.34501801528773945,29.0,0.36724137931034484,3.5417241379310345,0,2023-02-15,1304,0.0,0.0,Ishaan Nair,26.0,Male,Pune,2023-02-15,29.0,0.0,4.48,1,Low
T01849,R0003,Zone_9,0.73,6.3,9.1,Credit Card,2023-01-21,0,0,Saturday,January,2.312535423847214,0.5481214085096876,2.5099800796022267,-1.6893870131896294,-1.5452023039958065,-1.547507933490618,0.027476780185758515,0.03041616885702907,0.029800989998989794,45.0,0.01622222222222222,0.20222222222222222,0,2023-05-04,1226,9.0,0.2,Kavya Reddy,34.0,Male,Pune,2023-05-04,45.0,9.0,3.76,1,Low
T01850,R0271,Zone_2,11.91,79.11,174.3,Credit Card,2023-07-10,0,0,Monday,July,5.1664987919271885,2.558002204858551,8.894380248224156,0.823090247288042,0.4788940901249331,0.528123329600855,0.46013931888544896,0.39287136598964556,0.5860861366467993,58.0,0.2053448275862069,3.0051724137931037,0,2022-10-07,1435,6.0,0.10344827586206896,Saanvi Iyer,22.0,Male,Bengaluru,2022-10-07,58.0,6.0,4.37,1,Low
T01851,R0022,Zone_9,8.69,50.94,105.0,Cash,2023-06-02,0,0,Friday,June,4.663439094112067,2.2710944259026746,7.137226352022191,0.09946083952971436,-0.30422355061646555,-0.34258639517056816,0.3355263157894737,0.2526383910792513,0.352729231908947,220.0,0.0395,0.4772727272727273,0,2020-09-14,2188,1.0,0.004545454545454545,Aarav Nair,43.0,Female,Kolkata,2020-09-14,220.0,1.0,3.32,0,Med
T01852,R0238,Zone_10,10.06,51.65,96.1,Cash,2024-08-06,0,0,Tuesday,August,4.575741375297279,2.403334996094189,7.1867934435323795,0.4073404322716117,-0.2844857613042045,-0.45440914481653744,0.3885448916408669,0.25617283950617287,0.32275987473482165,362.0,0.027790055248618786,0.2654696132596685,0,2019-04-22,2699,56.0,0.15469613259668508,Reyansh Patel,30.0,Other,Pune,2019-04-22,362.0,56.0,4.91,2,High
T01853,R0285,Zone_5,15.62,132.86,287.7,Credit Card,2024-06-24,0,0,Monday,June,5.665388086668889,2.810606789427302,11.526491226735047,1.6568371736182887,1.9731281401728633,1.9529210610450012,0.6037151702786377,0.6604440461967345,0.967942889854194,244.0,0.06401639344262294,1.1790983606557377,0,2019-01-10,2801,16.0,0.06557377049180328,Diya Iyer,29.0,Female,Chennai,2019-01-10,244.0,16.0,4.97,0,Med
T01854,R0097,Zone_2,7.35,58.39,94.59,Cash,2024-08-06,0,0,Tuesday,August,4.560068212075671,2.122261538862764,7.641334961902927,-0.2016768643200244,-0.09711576135400826,-0.47338131919467363,0.2836687306501548,0.2897252090800478,0.31767518604572853,478.0,0.015376569037656903,0.19788702928870294,0,2021-01-25,2055,5.0,0.010460251046025104,Aarav Iyer,23.0,Other,Bengaluru,2021-01-25,478.0,5.0,3.28,2,High
T01855,R0282,Zone_10,11.79,68.45,231.34,Wallet,2023-08-10,0,0,Thursday,August,5.448201816085329,2.548663615590751,8.273451516749223,0.7961226917194085,0.1825492534084508,1.244794075646482,0.4554953560371517,0.33980485862206294,0.7781594100414183,319.0,0.03695924764890282,0.725203761755486,0,2022-05-02,1593,3.0,0.009404388714733543,Reyansh Kumar,22.0,Other,Bengaluru,2022-05-02,319.0,3.0,4.47,2,Med
T01856,R0245,Zone_6,5.01,41.54,56.43,Credit Card,2023-03-07,0,0,Tuesday,March,4.0505668148762055,1.7934247485471162,6.445153217728808,-0.7275441979083742,-0.5655407612294988,-0.9528370637441325,0.19311145510835914,0.2058442851453604,0.18917735798228774,265.0,0.01890566037735849,0.2129433962264151,0,2020-03-04,2382,48.0,0.1811320754716981,Diya Sharma,35.0,Female,Hyderabad,2020-03-04,265.0,48.0,4.73,0,Med
T01857,R0274,Zone_1,5.13,48.17,111.86,Wallet,2023-03-13,0,0,Monday,March,4.726148112540994,1.81319474994812,6.940461079784253,-0.7005766423397408,-0.38122872863754015,-0.2563949274659223,0.19775541795665635,0.23884906411788132,0.3758292083375425,31.0,0.16548387096774192,3.6083870967741936,0,2019-03-18,2734,5.0,0.16129032258064516,Reyansh Nair,27.0,Female,Surat,2019-03-18,31.0,5.0,3.04,0,Low
T01858,R0196,Zone_5,6.91,35.04,113.8,UPI,2023-02-07,0,0,Tuesday,February,4.743191483885466,2.0681277817795625,5.919459434779497,-0.30055790140501315,-0.7462388323980856,-0.23202008091387957,0.26664086687306504,0.17348665870171245,0.38236185473280127,51.0,0.13549019607843138,2.231372549019608,0,2019-06-24,2636,9.0,0.17647058823529413,Vivaan Das,18.0,Male,Hyderabad,2019-06-24,51.0,9.0,4.93,1,Low
T01859,R0297,Zone_2,4.9,32.94,47.64,Cash,2023-04-22,0,0,Saturday,April,3.8844462376579116,1.7749523509116738,5.739337940912697,-0.7522644571796213,-0.8046182092371675,-1.063277734461893,0.1888544891640867,0.1630326563122262,0.1595784085934606,396.0,0.012373737373737375,0.1203030303030303,0,2023-09-20,1087,46.0,0.11616161616161616,Saanvi Gupta,47.0,Male,Pune,2023-09-20,396.0,46.0,3.87,1,High
T01860,R0145,Zone_5,10.84,92.81,103.05,UPI,2023-07-08,0,0,Saturday,July,4.644871552839644,2.4714836294558595,9.633794683301073,0.5826295434677282,0.8597500247418008,-0.367086885261539,0.41873065015479877,0.4610712863401036,0.3461629120786611,222.0,0.04882882882882883,0.46418918918918917,0,2022-12-09,1372,43.0,0.19369369369369369,Saanvi Nair,36.0,Female,Jaipur,2022-12-09,222.0,43.0,4.3,0,Med
T01861,R0041,Zone_2,1.38,7.84,28.57,UPI,2023-07-12,0,0,Wednesday,July,3.3867603338643857,0.8671004876833833,2.8,-1.5433127538595324,-1.5023907609804799,-1.3028799631976946,0.05263157894736842,0.03808243727598567,0.09536316799676733,353.0,0.003909348441926345,0.08093484419263457,0,2020-04-11,2344,8.0,0.0226628895184136,Aarav Nair,25.0,Other,Pune,2020-04-11,353.0,8.0,4.74,2,High
T01862,R0217,Zone_5,12.15,119.63,130.46,Wallet,2023-01-05,0,0,Thursday,January,4.87870262283543,2.5764217586237734,10.937549999885714,0.8770253584253088,1.6053380660866465,-0.022697945059739388,0.4694272445820434,0.5945838311429709,0.43846179748796177,104.0,0.11682692307692308,1.254423076923077,0,2023-03-03,1288,5.0,0.04807692307692308,Kavya Iyer,39.0,Other,Jaipur,2023-03-03,104.0,5.0,3.52,2,Low
T01863,R0006,Zone_4,4.19,35.54,44.01,Cash,2024-01-19,0,0,Friday,January,3.806884687304841,1.6467336971777973,5.961543424315552,-0.9118224942940352,-0.7323389807697328,-1.1088863390927772,0.1613777089783282,0.17597570688968536,0.1473549516786207,248.0,0.01689516129032258,0.17745967741935484,0,2023-06-30,1169,13.0,0.05241935483870968,Aarav Das,45.0,Female,Jaipur,2023-06-30,248.0,13.0,4.64,0,Med
T01864,R0199,Zone_9,9.89,84.33,145.75,Wallet,2024-01-29,0,0,Monday,January,4.988730458708206,2.387844936944869,9.183136719008381,0.36913639521604785,0.6240085411249366,0.169411025961257,0.38196594427244585,0.41885702907208283,0.4899484796444085,344.0,0.02875,0.42369186046511625,0,2021-08-03,1865,27.0,0.07848837209302326,Aarav Das,29.0,Male,Ahmedabad,2021-08-03,344.0,27.0,3.91,1,High
T01865,R0213,Zone_5,2.06,12.73,25.96,Cash,2023-11-20,0,0,Monday,November,3.2943542860441064,1.1184149159642893,3.5679125549822546,-1.3904966056372767,-1.3664502120551891,-1.3356729268579168,0.07894736842105264,0.06242532855436082,0.08657440145469239,456.0,0.004517543859649123,0.05692982456140351,0,2019-06-04,2656,26.0,0.05701754385964912,Kavya Ghosh,29.0,Female,Chennai,2019-06-04,456.0,26.0,3.74,0,High
T01866,R0208,Zone_9,10.39,103.43,97.61,Credit Card,2024-03-08,0,0,Friday,March,4.591172676344238,2.432735777459091,10.170054080485512,0.4815012100853534,1.1549828733280152,-0.435436970438401,0.40131578947368424,0.5139386698526484,0.3278445634239149,356.0,0.029185393258426968,0.27418539325842695,0,2020-01-08,2438,53.0,0.14887640449438203,Aadhya Iyer,24.0,Other,Chennai,2020-01-08,356.0,53.0,4.75,2,High
T01867,R0139,Zone_1,13.42,107.81,297.22,Credit Card,2023-09-06,0,0,Wednesday,September,5.697831469162762,2.668616131856803,10.383159442096611,1.1624319881933447,1.2767455735923858,2.0725337101045103,0.5185758513931888,0.5357427319792911,1.0,155.0,0.08658064516129033,1.9175483870967744,0,2023-10-09,1068,7.0,0.04516129032258064,Diya Gupta,44.0,Other,Kolkata,2023-10-09,155.0,7.0,4.39,2,Low
T01868,R0243,Zone_2,8.05,61.08,85.45,Credit Card,2023-08-17,0,0,Thursday,August,4.4595662121293,2.2027647577118348,7.815369473031969,-0.04436612350299643,-0.022334559593470082,-0.5882195137749162,0.3107585139318886,0.3031162883313421,0.28689766643095266,315.0,0.025555555555555557,0.27126984126984127,0,2023-02-06,1313,11.0,0.03492063492063492,Ishaan Patel,33.0,Male,Jaipur,2023-02-06,315.0,11.0,3.7,1,Med
T01869,R0172,Zone_4,15.74,135.3,297.22,UPI,2024-06-29,0,0,Saturday,June,5.697831469162762,2.8178010650613294,11.631852818876277,1.6838047291869225,2.040959416119225,2.0725337101045103,0.608359133126935,0.6725906013540423,1.0,168.0,0.09369047619047619,1.7691666666666668,0,2019-12-24,2453,14.0,0.08333333333333333,Reyansh Reddy,31.0,Other,Pune,2019-12-24,168.0,14.0,3.72,2,Med
T01870,R0295,Zone_1,7.3,67.29,64.61,Credit Card,2023-12-26,0,0,Tuesday,December,4.1837281233567865,2.1162555148025524,8.203048213926333,-0.2129133458069549,0.15030159763067233,-0.8500606489009833,0.28173374613003094,0.3340302668259658,0.21672222783446138,98.0,0.07448979591836735,0.6592857142857143,0,2019-05-29,2662,18.0,0.1836734693877551,Kavya Gupta,18.0,Female,Delhi,2019-05-29,98.0,18.0,3.59,0,Low
T01871,R0055,Zone_1,10.06,100.3,231.96,Wallet,2024-04-05,0,0,Friday,April,5.450866765008321,2.403334996094189,10.014988766843425,0.4073404322716117,1.067969802134526,1.2525839750600214,0.3885448916408669,0.49835722819593786,0.7802471630130989,425.0,0.02367058823529412,0.5457882352941177,0,2021-11-07,1769,12.0,0.02823529411764706,Kavya Singh,32.0,Male,Delhi,2021-11-07,425.0,12.0,4.19,1,High
T01872,R0197,Zone_5,3.37,21.81,35.74,Cash,2023-04-05,0,0,Wednesday,April,3.6038660797869797,1.4747630091074988,4.670117771534247,-1.0961007906796962,-1.1140289064843016,-1.2127935457862788,0.1296439628482972,0.10762644364794902,0.11950702091120315,475.0,0.007094736842105263,0.0752421052631579,0,2020-10-08,2164,87.0,0.1831578947368421,Saanvi Das,29.0,Female,Bengaluru,2020-10-08,475.0,87.0,3.87,0,High
T01873,R0150,Zone_7,10.19,66.96,226.21,Wallet,2024-02-02,0,0,Friday,February,5.425874699962912,2.4150205223238337,8.182909018191513,0.43655528413763095,0.1411276955559591,1.1803389401763897,0.39357585139318885,0.3323874950219036,0.7608849378725123,215.0,0.0473953488372093,1.052139534883721,0,2022-02-27,1657,16.0,0.07441860465116279,Ishaan Gupta,33.0,Male,Pune,2022-02-27,215.0,16.0,4.95,1,Med
T01874,R0281,Zone_5,5.16,39.1,43.14,Cash,2023-06-05,0,0,Monday,June,3.7873664008285903,1.8180767775454285,6.252999280345393,-0.6938347534475825,-0.6333720371758605,-1.119817326979518,0.19891640866873067,0.19369772998805257,0.1444253628312624,268.0,0.019253731343283582,0.16097014925373135,0,2020-10-15,2157,17.0,0.06343283582089553,Arjun Iyer,21.0,Female,Jaipur,2020-10-15,268.0,17.0,4.74,0,Med
T01875,R0056,Zone_10,4.4,30.29,54.44,Wallet,2023-05-26,0,0,Friday,May,4.015301354881648,1.6863989535702288,5.503635162326805,-0.8646292720489268,-0.8782874228674376,-0.9778401279908155,0.1695046439628483,0.1498407009159697,0.18247634441189342,93.0,0.04731182795698925,0.5853763440860215,0,2021-02-26,2023,13.0,0.13978494623655913,Meera Patel,40.0,Other,Hyderabad,2021-02-26,93.0,13.0,3.25,2,Low
T01876,R0017,Zone_4,15.9,118.97,161.71,Cash,2023-06-17,0,0,Saturday,June,5.091969475151227,2.8273136219290276,10.907336980216574,1.7197614699451003,1.586990261937221,0.3699381140904333,0.6145510835913314,0.5912982875348467,0.5436912819476715,288.0,0.05520833333333333,0.5614930555555556,0,2023-03-18,1273,21.0,0.07291666666666667,Meera Das,49.0,Female,Mumbai,2023-03-18,288.0,21.0,3.83,0,Med
T01877,R0281,Zone_1,1.65,9.01,22.93,UPI,2023-05-04,0,0,Thursday,May,3.175132901920282,0.9745596399981308,3.0016662039607267,-1.4826357538301072,-1.4698651081701342,-1.3737429191531176,0.06308049535603716,0.0439068100358423,0.07637135064147893,268.0,0.006156716417910447,0.08555970149253732,0,2020-10-15,2157,17.0,0.06343283582089553,Arjun Iyer,21.0,Female,Jaipur,2020-10-15,268.0,17.0,4.74,0,Med
T01878,R0097,Zone_10,7.43,39.47,109.72,UPI,2024-06-19,0,0,Wednesday,June,4.707004491869359,2.131796772013764,6.282515419798028,-0.1836984939409355,-0.6230861469708795,-0.2832826447965261,0.2867647058823529,0.19553962564715252,0.3686230932417416,478.0,0.015543933054393305,0.2295397489539749,0,2021-01-25,2055,5.0,0.010460251046025104,Aarav Iyer,23.0,Other,Bengaluru,2021-01-25,478.0,5.0,3.28,2,High
T01879,R0195,Zone_3,11.56,85.8,103.95,Wallet,2023-03-24,0,0,Friday,March,4.653484046266642,2.5305171610400525,9.262828941527529,0.7444348768795283,0.6648741049122939,-0.35577896675801396,0.4465944272445821,0.42617483074472323,0.3491935212311008,72.0,0.16055555555555556,1.44375,0,2021-05-27,1933,10.0,0.1388888888888889,Aadhya Reddy,33.0,Male,Kolkata,2021-05-27,72.0,10.0,4.97,1,Low
T01880,R0057,Zone_4,9.17,70.82,119.13,Credit Card,2023-11-17,0,0,Friday,November,4.788574489733284,2.3194422100604686,8.415461959987699,0.20733106180424776,0.24843455012684296,-0.16505207466522615,0.3541021671826626,0.35160294703305456,0.4003097956022494,407.0,0.02253071253071253,0.2927027027027027,0,2023-06-04,1195,11.0,0.02702702702702703,Aadhya Reddy,39.0,Male,Bengaluru,2023-06-04,407.0,11.0,3.66,1,High
T01881,R0213,Zone_6,1.24,11.4,13.83,Wallet,2024-08-14,0,0,Wednesday,August,2.696652156149841,0.8064758658669484,3.3763886032268267,-1.5747749020229378,-1.4034238173866076,-1.488078539577648,0.047213622291021676,0.055804460374352854,0.04572852476681146,456.0,0.002719298245614035,0.030328947368421053,0,2019-06-04,2656,26.0,0.05701754385964912,Kavya Ghosh,29.0,Female,Chennai,2019-06-04,456.0,26.0,3.74,0,High
T01882,R0022,Zone_8,11.02,71.31,123.44,Wallet,2023-05-11,0,0,Thursday,May,4.8238236720294365,2.4865719291070616,8.444524853418338,0.6230808768206781,0.262056404722629,-0.11089970938723431,0.4256965944272446,0.35404221425726806,0.41482304609893256,220.0,0.05009090909090909,0.5610909090909091,0,2020-09-14,2188,1.0,0.004545454545454545,Aarav Nair,43.0,Female,Kolkata,2020-09-14,220.0,1.0,3.32,0,Med
T01883,R0010,Zone_6,1.11,10.93,24.81,UPI,2024-05-14,0,0,Tuesday,May,3.2507620137305224,0.7466879474879752,3.306055050963308,-1.6039897538889571,-1.416489677917259,-1.3501219338346433,0.0421826625386997,0.053464755077658306,0.08270195642657506,173.0,0.006416184971098266,0.14341040462427745,0,2023-05-14,1216,1.0,0.005780346820809248,Vivaan Gupta,25.0,Female,Surat,2023-05-14,173.0,1.0,3.38,0,Med
T01884,R0265,Zone_1,5.78,51.31,97.08,UPI,2023-02-27,0,0,Monday,February,4.585783472187901,1.9139771019523042,7.163099887618489,-0.5545023830096436,-0.29393766041148434,-0.44209607800158796,0.22291021671826627,0.25448028673835127,0.32605987136747816,176.0,0.032840909090909094,0.5515909090909091,0,2020-11-26,2115,24.0,0.13636363636363635,Kavya Das,39.0,Female,Bengaluru,2020-11-26,176.0,24.0,3.26,0,Med
T01885,R0198,Zone_7,6.78,42.21,143.92,Credit Card,2023-10-22,0,0,Sunday,October,4.976181866026876,2.0515563381903004,6.496922348312315,-0.32977275327103256,-0.546914960047506,0.14641825833742272,0.26160990712074306,0.2091796097172441,0.48378624103444784,202.0,0.033564356435643566,0.7124752475247524,0,2021-12-10,1736,23.0,0.11386138613861387,Vivaan Kumar,31.0,Other,Mumbai,2021-12-10,202.0,23.0,3.85,2,Med
T01886,R0293,Zone_6,6.6,47.47,164.58,Wallet,2024-08-17,0,0,Saturday,August,5.10945446171066,2.028148247292285,6.8898476035395735,-0.37022408662398265,-0.40068852091723417,0.4059978097627852,0.2546439628482972,0.23536439665471923,0.5533555578004512,248.0,0.02661290322580645,0.6636290322580646,0,2019-10-01,2537,44.0,0.1774193548387097,Arjun Kumar,39.0,Female,Delhi,2019-10-01,248.0,44.0,3.2,0,Med
T01887,R0222,Zone_5,7.47,74.53,113.68,UPI,2024-01-21,0,0,Sunday,January,4.742145641015169,2.136530508663963,8.633075929238663,-0.17470930875139104,0.3515714492092212,-0.2335278033810161,0.288312693498452,0.37007168458781364,0.381957773512476,475.0,0.015726315789473682,0.2393263157894737,0,2022-08-28,1475,12.0,0.02526315789473684,Aarav Singh,27.0,Male,Surat,2022-08-28,475.0,12.0,3.44,1,High
T01888,R0046,Zone_10,11.33,85.5,178.34,Wallet,2024-06-29,0,0,Saturday,June,5.189283445523902,2.512035317176253,9.246621004453464,0.6927470620396476,0.6565341939352823,0.5788833193277891,0.4376934984520124,0.4246814018319395,0.5996902043977506,31.0,0.36548387096774193,5.752903225806452,0,2019-08-16,2583,4.0,0.12903225806451613,Vivaan Singh,31.0,Female,Kolkata,2019-08-16,31.0,4.0,3.87,0,Low
T01889,R0018,Zone_3,7.15,53.93,134.58,Wallet,2023-08-24,0,0,Thursday,August,4.909561872002819,2.0980179272527715,7.343704787094863,-0.24662279026774644,-0.22110243787891556,0.029067192978619434,0.27592879256965946,0.26752289924332934,0.4523352527191299,446.0,0.016031390134529148,0.30174887892376684,0,2023-01-09,1341,86.0,0.19282511210762332,Aarav Reddy,49.0,Female,Delhi,2023-01-09,446.0,86.0,3.29,0,High
T01890,R0256,Zone_3,8.92,50.75,215.0,Credit Card,2023-08-01,0,0,Tuesday,August,5.375278407684165,2.2945529212967815,7.123903424387503,0.15114865436959501,-0.30950549423523954,1.0394925330380396,0.3444272445820434,0.2516925527678216,0.7231370172071253,265.0,0.03366037735849057,0.8113207547169812,0,2021-03-25,1996,8.0,0.03018867924528302,Aadhya Sharma,31.0,Female,Delhi,2021-03-25,265.0,8.0,3.65,0,Med
T01891,R0033,Zone_2,19.31,167.79,297.22,Credit Card,2023-07-01,0,0,Saturday,July,5.697831469162762,3.011113375592293,12.953377937819926,2.4860895073537637,2.9441717749295915,2.0725337101045103,0.746517027863777,0.8343289526085225,1.0,472.0,0.04091101694915254,0.6297033898305086,0,2019-05-22,2669,37.0,0.07838983050847458,Diya Iyer,18.0,Female,Chennai,2019-05-22,472.0,37.0,3.24,0,High
T01892,R0202,Zone_4,13.63,136.03,119.82,Cash,2024-07-26,0,0,Friday,July,4.794301834710595,2.683074215032033,11.663189958154673,1.2096252104384533,2.06125319949662,-0.15638267047919036,0.5267027863777091,0.6762246117084827,0.40263326261911975,317.0,0.042996845425867514,0.377981072555205,0,2021-10-28,1779,0.0,0.0,Aadhya Reddy,27.0,Male,Ahmedabad,2021-10-28,317.0,0.0,4.72,1,Med
T01893,R0242,Zone_8,8.3,52.21,81.63,Wallet,2023-05-01,0,0,Monday,May,4.414372810713093,2.2300144001592104,7.22564875980005,0.011816283931656334,-0.2689179274804493,-0.6362153456454334,0.3204334365325078,0.25896057347670254,0.2740344142505977,445.0,0.018651685393258427,0.183438202247191,0,2022-06-05,1559,8.0,0.017977528089887642,Kavya Iyer,34.0,Male,Ahmedabad,2022-06-05,445.0,8.0,4.54,1,High
T01894,R0093,Zone_10,20.94,201.07,297.22,UPI,2024-02-23,0,0,Friday,February,5.697831469162762,3.088311454847084,14.17991537351334,2.8523988038277,3.8693458993127563,2.0725337101045103,0.8095975232198144,0.9999999999999999,1.0,119.0,0.17596638655462185,2.4976470588235298,0,2019-05-30,2661,18.0,0.15126050420168066,Diya Patel,33.0,Other,Surat,2019-05-30,119.0,18.0,3.77,2,Low
T01895,R0184,Zone_2,4.82,24.32,74.34,UPI,2023-03-11,0,0,Saturday,March,4.322011202263895,1.7613002617433464,4.931531202375181,-0.7702428275587102,-1.0442516513099702,-0.7278094855239855,0.18575851393188855,0.12012146555157308,0.2494864801158366,285.0,0.016912280701754386,0.26084210526315793,0,2020-03-04,2382,27.0,0.09473684210526316,Meera Nair,29.0,Female,Surat,2020-03-04,285.0,27.0,3.97,0,Med
T01896,R0209,Zone_8,10.6,78.22,107.9,Cash,2024-07-28,0,0,Sunday,July,4.690430029938915,2.451005098112319,8.84420714366189,0.5286944323304615,0.45415235422646505,-0.3061497688814321,0.40944272445820434,0.38844086021505375,0.3624945280668081,109.0,0.09724770642201834,0.989908256880734,0,2020-06-11,2283,20.0,0.1834862385321101,Vivaan Sharma,31.0,Other,Surat,2020-06-11,109.0,20.0,3.77,2,Low
T01897,R0235,Zone_2,0.12,0.79,1.5,Credit Card,2023-07-21,0,0,Friday,July,0.9162907318741551,0.11332868530700317,0.8888194417315589,-1.8264720873301823,-1.6983786689402547,-1.64299702307594,0.0038699690402476776,0.002986857825567503,0.004209179378388389,284.0,0.0004225352112676056,0.00528169014084507,0,2021-02-15,2034,8.0,0.028169014084507043,Aarav Ghosh,34.0,Other,Delhi,2021-02-15,284.0,8.0,4.06,2,Med
T01898,R0265,Zone_6,9.99,65.36,192.77,UPI,2024-05-05,0,0,Sunday,May,5.266671888712491,2.39698576841553,8.084553172563094,0.3916093581899089,0.0966481703452302,0.7601869460009729,0.3858359133126935,0.3244225408203903,0.6482809711418662,176.0,0.05676136363636364,1.095284090909091,0,2020-11-26,2115,24.0,0.13636363636363635,Kavya Das,39.0,Female,Bengaluru,2020-11-26,176.0,24.0,3.26,0,Med
T01899,R0177,Zone_10,7.44,38.48,88.56,UPI,2024-07-22,0,0,Monday,July,4.494908791730554,2.132982308607866,6.203224967708329,-0.18145119764354922,-0.6506078531950181,-0.549144373168291,0.28715170278637775,0.1906113102349661,0.29737010472438297,489.0,0.01521472392638037,0.1811042944785276,0,2023-02-15,1304,63.0,0.12883435582822086,Ishaan Reddy,34.0,Other,Bengaluru,2023-02-15,489.0,63.0,4.48,2,High
T01900,R0150,Zone_4,8.3,80.45,93.17,Credit Card,2023-06-20,0,0,Tuesday,June,4.545101659521972,2.2300144001592104,8.969392398596462,0.011816283931656334,0.5161456924889188,-0.4912227017224575,0.3204334365325078,0.39954201513341303,0.3128935582718793,215.0,0.0386046511627907,0.43334883720930234,0,2022-02-27,1657,16.0,0.07441860465116279,Ishaan Gupta,33.0,Male,Pune,2022-02-27,215.0,16.0,4.95,1,Med
T01901,R0225,Zone_6,9.85,62.56,110.98,UPI,2023-05-26,0,0,Friday,May,4.718320283920748,2.3841650799864684,7.909487973314076,0.3601472100265032,0.018809001226454413,-0.26745155889159106,0.38041795665634676,0.31048387096774194,0.3728659460551571,465.0,0.02118279569892473,0.23866666666666667,0,2020-06-15,2279,9.0,0.01935483870967742,Ishaan Sharma,39.0,Female,Delhi,2020-06-15,465.0,9.0,4.08,0,High
T01902,R0261,Zone_1,9.4,89.17,89.44,UPI,2023-10-07,0,0,Saturday,October,4.504686647409769,2.341805806147327,9.442986815621422,0.2590188766441284,0.7585591048873922,-0.5380877417426222,0.3630030959752322,0.4429510155316607,0.3003333670067683,477.0,0.019706498951781972,0.18750524109014674,0,2022-08-26,1477,83.0,0.1740041928721174,Aarav Kumar,31.0,Male,Pune,2022-08-26,477.0,83.0,4.24,1,High
T01903,R0227,Zone_4,2.64,19.46,45.45,Cash,2023-06-18,0,0,Sunday,June,3.8383764652598478,1.2919836816486494,4.411349000022556,-1.2601534203888822,-1.1793582091375598,-1.0907936694871372,0.10139318885448918,0.09592791716447631,0.15220392632252416,320.0,0.00825,0.14203125,0,2020-07-11,2253,23.0,0.071875,Arjun Nair,25.0,Other,Pune,2020-07-11,320.0,23.0,4.12,2,Med
T01904,R0034,Zone_5,6.08,38.77,146.96,Credit Card,2023-07-21,0,0,Friday,July,4.996941966964253,1.9572739077056285,6.226556030423239,-0.48708349408806034,-0.6425459392505734,0.18461389417155177,0.2345201238390093,0.19205495818399043,0.4940229652826885,484.0,0.01256198347107438,0.30363636363636365,0,2019-04-23,2698,48.0,0.09917355371900827,Arjun Iyer,26.0,Other,Chennai,2019-04-23,484.0,48.0,3.1,2,High
T01905,R0196,Zone_8,8.03,40.53,149.92,UPI,2023-12-17,0,0,Sunday,December,5.01674989509611,2.200552367428894,6.366317616958802,-0.04886071609776895,-0.5936184615187714,0.2218043816942559,0.309984520123839,0.2008164078056551,0.5039903020507122,51.0,0.15745098039215685,2.9396078431372548,0,2019-06-24,2636,9.0,0.17647058823529413,Vivaan Das,18.0,Male,Hyderabad,2019-06-24,51.0,9.0,4.93,1,Low
T01906,R0295,Zone_4,0.85,4.85,20.88,Credit Card,2024-06-13,0,0,Thursday,June,3.0855729775537806,0.6151856390902334,2.202271554554524,-1.662419457620996,-1.5855118737180296,-1.399499844633369,0.032120743034055724,0.023197929111907604,0.06946829646092197,98.0,0.008673469387755102,0.21306122448979592,0,2019-05-29,2662,18.0,0.1836734693877551,Kavya Gupta,18.0,Female,Delhi,2019-05-29,98.0,18.0,3.59,0,Low
T01907,R0237,Zone_8,12.01,82.33,294.45,Wallet,2023-03-10,0,0,Friday,March,5.688499617791684,2.565718292524414,9.07358804442873,0.8455632102619031,0.5684091346115253,2.0377304498214386,0.4640092879256966,0.40890083632019114,0.9906724584974912,36.0,0.3336111111111111,8.179166666666667,0,2022-12-13,1368,3.0,0.08333333333333333,Aadhya Nair,40.0,Male,Chennai,2022-12-13,36.0,3.0,3.71,1,Low
T01908,R0008,Zone_6,17.41,116.11,273.32,Wallet,2024-08-12,0,0,Monday,August,5.614295308154665,2.9128939952449864,10.775435026020991,2.059103210850403,1.5074831106230426,1.7722456520664578,0.6729876160990712,0.5770609318996416,0.9195204902852139,215.0,0.08097674418604651,1.2712558139534884,0,2022-10-01,1441,23.0,0.10697674418604651,Ishaan Ghosh,28.0,Female,Jaipur,2022-10-01,215.0,23.0,4.02,0,Med
T01909,R0232,Zone_5,9.52,79.46,192.94,Wallet,2023-01-16,0,0,Monday,January,5.2675488328764,2.3532782073095637,8.91403387922662,0.28598643221276154,0.48862398626477993,0.7623228861627497,0.36764705882352944,0.39461369972122656,0.648853419537327,172.0,0.05534883720930232,1.1217441860465116,0,2022-12-08,1373,15.0,0.0872093023255814,Meera Das,38.0,Male,Jaipur,2022-12-08,172.0,15.0,3.94,1,Med
T01910,R0183,Zone_4,5.36,30.69,130.84,Cash,2023-10-11,0,0,Wednesday,October,4.881589066161162,1.8500283773520307,5.539855593785816,-0.6488888274998602,-0.8671675415647552,-0.017923490580473347,0.20665634674922603,0.15183193946634807,0.4397413880189918,406.0,0.013201970443349755,0.32226600985221676,0,2022-08-27,1476,66.0,0.1625615763546798,Arjun Patel,43.0,Other,Jaipur,2022-08-27,406.0,66.0,3.79,2,High
T01911,R0292,Zone_6,3.51,32.24,46.7,Wallet,2023-04-16,0,0,Sunday,April,3.8649313978942956,1.506297153514587,5.678027826631356,-1.0646386425162908,-0.8240780015168614,-1.0750882271211304,0.13506191950464397,0.15954798884906413,0.15641310570091255,141.0,0.024893617021276595,0.3312056737588653,0,2020-06-28,2266,19.0,0.1347517730496454,Diya Patel,37.0,Female,Jaipur,2020-06-28,141.0,19.0,4.39,0,Low
T01912,R0270,Zone_9,0.4,3.71,6.92,Wallet,2023-02-11,0,0,Saturday,February,2.0693912058263346,0.33647223662121295,1.9261360284258222,-1.763547791003371,-1.617203535430674,-1.574898224976934,0.014705882352941178,0.01752289924332935,0.022460181163080444,455.0,0.0008791208791208791,0.01520879120879121,0,2022-01-02,1713,64.0,0.14065934065934066,Aadhya Reddy,35.0,Male,Hyderabad,2022-01-02,455.0,64.0,3.08,1,High
T01913,R0224,Zone_1,9.7,55.17,127.01,Wallet,2023-05-08,0,0,Monday,May,4.852108385868018,2.3702437414678603,7.427651041883968,0.32643776556571147,-0.18663080584060046,-0.06604496598991849,0.3746130030959752,0.2736957387495022,0.4268444624036098,200.0,0.048499999999999995,0.63505,0,2020-08-04,2229,1.0,0.005,Ishaan Sharma,29.0,Female,Ahmedabad,2020-08-04,200.0,1.0,4.31,0,Med
T01914,R0089,Zone_7,14.31,81.68,133.14,Cash,2023-12-22,0,0,Friday,December,4.898884030671591,2.7285062096695922,9.037698822156003,1.3624413586607087,0.5503393274946669,0.01097452337297915,0.5530185758513932,0.40566507367582644,0.4474862780752264,308.0,0.04646103896103896,0.43227272727272725,0,2022-09-21,1451,6.0,0.01948051948051948,Saanvi Reddy,48.0,Other,Surat,2022-09-21,308.0,6.0,3.91,2,Med
T01915,R0252,Zone_6,6.9,53.47,157.6,UPI,2023-08-05,0,0,Saturday,August,5.066385309200747,2.066862759472976,7.312318373812781,-0.3028051977023992,-0.23389030137700018,0.3182986195910024,0.26625386996904027,0.26523297491039427,0.5298515001515304,392.0,0.01760204081632653,0.4020408163265306,0,2020-09-23,2179,47.0,0.11989795918367346,Reyansh Gupta,38.0,Other,Ahmedabad,2020-09-23,392.0,47.0,4.83,2,High
T01916,R0140,Zone_6,0.56,4.79,10.76,UPI,2024-05-21,0,0,Tuesday,May,2.464703942470481,0.44468582126144574,2.188606862823929,-1.7275910502451932,-1.587179855913432,-1.5266511060285608,0.020897832817337467,0.022899243329350855,0.03539078021348958,499.0,0.001122244488977956,0.02156312625250501,0,2020-04-17,2338,45.0,0.09018036072144289,Aadhya Nair,29.0,Female,Delhi,2020-04-17,499.0,45.0,4.92,0,High
T01917,R0001,Zone_4,3.64,26.21,66.38,Wallet,2023-01-09,0,0,Monday,January,4.2103482379784065,1.534714366238164,5.119570294468081,-1.0354237906502712,-0.9917102121547966,-0.8278217425107176,0.14009287925696595,0.1295300677021107,0.22268242583425932,56.0,0.065,1.1853571428571428,0,2020-06-29,2265,0.0,0.0,Aarav Das,23.0,Male,Pune,2020-06-29,56.0,0.0,3.76,1,Low
T01918,R0024,Zone_9,5.14,41.41,105.17,UPI,2023-08-27,0,0,Sunday,August,4.665041583025482,1.814824742159051,6.435060217278467,-0.6983293460423547,-0.5691547226528706,-0.34045045500879123,0.1981424148606811,0.20519713261648742,0.35330168030440784,140.0,0.03671428571428571,0.7512142857142857,0,2019-07-10,2620,16.0,0.11428571428571428,Meera Kumar,41.0,Other,Chennai,2019-07-10,140.0,16.0,3.49,2,Low
T01919,R0100,Zone_5,1.6600000000000001,11.24,25.28,Credit Card,2024-01-06,0,0,Saturday,January,3.26880819361641,0.9783261227936078,3.352610922848042,-1.480388457532721,-1.4078717699076804,-1.3442166875050248,0.06346749226006193,0.055007964954201516,0.0842846078728491,383.0,0.004334203655352481,0.06600522193211489,0,2021-05-24,1936,60.0,0.1566579634464752,Ishaan Gupta,28.0,Male,Delhi,2021-05-24,383.0,60.0,3.79,1,High
T01920,R0174,Zone_3,6.45,43.18,135.11,Credit Card,2023-01-03,0,0,Tuesday,January,4.913463382343982,2.0082140323914683,6.571149062378664,-0.4039335310847742,-0.5199492478885015,0.03572630054180638,0.2488390092879257,0.21400836320191158,0.4541199447755666,320.0,0.02015625,0.42221875000000003,0,2019-02-07,2773,7.0,0.021875,Aadhya Patel,32.0,Male,Kolkata,2019-02-07,320.0,7.0,3.8,1,Med
T01921,R0149,Zone_8,12.46,71.95,127.51,Cash,2023-08-15,0,0,Tuesday,August,4.85600672231905,2.599722324216582,8.482334584299302,0.9466915436442783,0.2798482148069206,-0.05976278904351572,0.4814241486068112,0.35722819593787336,0.42852813415496516,89.0,0.14,1.4326966292134833,0,2019-09-14,2554,8.0,0.0898876404494382,Diya Reddy,30.0,Male,Jaipur,2019-09-14,89.0,8.0,4.57,1,Low
T01922,R0008,Zone_3,0.41000000000000003,3.5,8.81,Credit Card,2024-03-25,0,0,Monday,March,2.2834022735772717,0.34358970439007697,1.8708286933869707,-1.761300494705985,-1.6230414731145824,-1.5511515961195317,0.015092879256965947,0.016477499004380725,0.028824460383203687,215.0,0.0019069767441860467,0.040976744186046514,0,2022-10-01,1441,23.0,0.10697674418604651,Ishaan Ghosh,28.0,Female,Jaipur,2022-10-01,215.0,23.0,4.02,0,Med
T01923,R0204,Zone_8,5.2,46.01,119.73,Cash,2023-09-02,0,0,Saturday,September,4.793556647344296,1.824549292051046,6.783067152844648,-0.684845568258038,-0.4412760876720245,-0.15751346232954272,0.20046439628482973,0.2280963759458383,0.4023302017038758,438.0,0.011872146118721462,0.27335616438356164,0,2019-01-01,2810,5.0,0.01141552511415525,Aarav Kumar,37.0,Female,Hyderabad,2019-01-01,438.0,5.0,3.73,0,High
T01924,R0142,Zone_2,2.12,10.73,33.63,Credit Card,2023-02-25,0,0,Saturday,February,3.5447203584143305,1.1378330018213911,3.27566787083184,-1.37701282785296,-1.4220496185686005,-1.2393043325000985,0.08126934984520125,0.05246913580246914,0.11240192612048354,78.0,0.02717948717948718,0.43115384615384617,0,2021-03-04,2017,5.0,0.0641025641025641,Meera Nair,33.0,Female,Kolkata,2021-03-04,78.0,5.0,3.48,0,Low
T01925,R0039,Zone_9,3.9,35.93,89.93,Cash,2023-04-03,0,0,Monday,April,4.510089979737821,1.589235205116581,5.994163828258284,-0.9769940869182323,-0.7214970964996176,-0.5319312083351474,0.1501547987616099,0.17791716447630423,0.3019833653230966,190.0,0.020526315789473684,0.47331578947368425,0,2023-11-18,1028,14.0,0.07368421052631578,Aadhya Iyer,24.0,Male,Chennai,2023-11-18,190.0,14.0,4.2,1,Med
T01926,R0155,Zone_4,7.26,70.43,80.96,UPI,2024-04-19,0,0,Friday,April,4.406231323370699,2.1114245875328868,8.392258337301111,-0.22190253099649937,0.23759266585672814,-0.6446334627536131,0.2801857585139319,0.3496614894464357,0.2717782941037815,353.0,0.02056657223796034,0.2293484419263456,0,2019-02-10,2770,8.0,0.0226628895184136,Meera Reddy,23.0,Male,Hyderabad,2019-02-10,353.0,8.0,3.14,1,High
T01927,R0150,Zone_10,13.11,67.82,119.86,Cash,2023-02-26,0,0,Sunday,February,4.794632850933413,2.6468837658647226,8.235289915965314,1.0927658029743752,0.16503544035672596,-0.15588009632347807,0.506578947368421,0.33666865790521705,0.4027679563592282,215.0,0.06097674418604651,0.5574883720930233,0,2022-02-27,1657,16.0,0.07441860465116279,Ishaan Gupta,33.0,Male,Pune,2022-02-27,215.0,16.0,4.95,1,Med
T01928,R0073,Zone_9,10.28,63.91,169.9,Cash,2023-09-03,0,0,Sunday,September,5.141078590121546,2.423031246069913,7.994373021069257,0.4567809508141059,0.056338600623006906,0.47284017247251053,0.39705882352941174,0.3172043010752688,0.5712698252348722,490.0,0.020979591836734694,0.346734693877551,0,2021-06-19,1910,30.0,0.061224489795918366,Meera Das,41.0,Other,Ahmedabad,2021-06-19,490.0,30.0,3.01,2,High
T01929,R0191,Zone_2,2.08,18.48,46.88,Credit Card,2023-05-08,0,0,Monday,May,3.8686978806897723,1.1249295969854831,4.298837052040936,-1.3860020130425046,-1.2066019183291314,-1.0728266434204254,0.07972136222910219,0.09104938271604938,0.15701922753140046,87.0,0.023908045977011495,0.5388505747126437,0,2020-08-14,2219,6.0,0.06896551724137931,Meera Gupta,33.0,Other,Surat,2020-08-14,87.0,6.0,4.56,2,Low
T01930,R0229,Zone_9,8.47,65.57,122.37,Wallet,2023-01-29,0,0,Sunday,January,4.8151879700833735,2.248128907197987,8.097530487747484,0.050020320987220195,0.10248610802913821,-0.12434356805253613,0.32701238390092885,0.3254679410593389,0.4112199885510321,146.0,0.058013698630136994,0.8381506849315069,0,2020-11-23,2118,16.0,0.1095890410958904,Reyansh Ghosh,22.0,Female,Mumbai,2020-11-23,146.0,16.0,4.43,0,Low
T01931,R0150,Zone_4,6.33,58.62,124.24,Wallet,2024-02-04,0,0,Sunday,February,4.830231896458205,1.9919755158985601,7.656369897020388,-0.43090108665340754,-0.09072182960496604,-0.10084822627298992,0.2441950464396285,0.2908701712465153,0.4175169209011011,215.0,0.02944186046511628,0.5778604651162791,0,2022-02-27,1657,16.0,0.07441860465116279,Ishaan Gupta,33.0,Male,Pune,2022-02-27,215.0,16.0,4.95,1,Med
T01932,R0161,Zone_3,7.94,64.43,66.52,UPI,2023-10-05,0,0,Thursday,October,4.212423850287702,2.190535589185423,8.026830009412185,-0.06908638277424371,0.07079444631649413,-0.8260627329657249,0.30650154798761614,0.3197929111907607,0.22315385392463882,332.0,0.02391566265060241,0.20036144578313253,0,2019-03-27,2725,50.0,0.15060240963855423,Aarav Nair,32.0,Other,Surat,2019-03-27,332.0,50.0,4.91,2,High
T01933,R0115,Zone_4,7.0,38.11,139.47,Wallet,2023-06-17,0,0,Saturday,June,4.944993942842818,2.0794415416798357,6.17332973362026,-0.2803322347285382,-0.6608937433999992,0.09050688351443828,0.27012383900928794,0.18876941457586618,0.46880156244738524,170.0,0.041176470588235294,0.8204117647058824,0,2020-03-01,2385,15.0,0.08823529411764706,Aarav Ghosh,40.0,Female,Bengaluru,2020-03-01,170.0,15.0,4.4,0,Med
T01934,R0038,Zone_7,9.57,71.28,137.04,Wallet,2023-01-13,0,0,Friday,January,4.927543498229802,2.3580197998821464,8.442748367682173,0.2972229136996923,0.26122241362492776,0.05997550355492077,0.3695820433436533,0.3538928713659897,0.46061891773579816,68.0,0.14073529411764707,2.0152941176470587,0,2023-02-11,1308,7.0,0.10294117647058823,Aarav Singh,37.0,Other,Kolkata,2023-02-11,68.0,7.0,4.07,2,Low
T01935,R0047,Zone_8,8.91,71.28,113.61,Credit Card,2023-04-02,0,0,Sunday,April,4.741535060508608,2.2935443483418965,8.442748367682173,0.14890135807220894,0.26122241362492776,-0.2344073081535126,0.3440402476780186,0.3538928713659897,0.38172205946728627,69.0,0.1291304347826087,1.6465217391304348,0,2021-10-07,1800,3.0,0.043478260869565216,Reyansh Iyer,51.0,Female,Bengaluru,2021-10-07,69.0,3.0,4.86,0,Low
T01936,R0052,Zone_3,12.33,118.66,297.22,Credit Card,2024-03-05,0,0,Tuesday,March,5.697831469162762,2.5900171341906173,10.893117092916976,0.9174766917782587,1.5783723539276422,2.0725337101045103,0.47639318885448917,0.5897550776583035,1.0,40.0,0.30825,7.4305,0,2021-03-09,2012,7.0,0.175,Reyansh Singh,23.0,Other,Hyderabad,2021-03-09,40.0,7.0,4.74,2,Low
T01937,R0090,Zone_3,8.58,76.68,134.5,Credit Card,2023-03-09,0,0,Thursday,March,4.908971640319756,2.259677591982769,8.756711711595855,0.07474058025846728,0.4113408112111385,0.028062044667194835,0.33126934984520123,0.38077459179609724,0.452065865238913,152.0,0.056447368421052635,0.8848684210526315,0,2021-01-31,2049,25.0,0.16447368421052633,Kavya Iyer,33.0,Female,Mumbai,2021-01-31,152.0,25.0,4.51,0,Low
T01938,R0199,Zone_3,16.45,130.32,297.22,UPI,2023-08-27,0,0,Sunday,August,5.697831469162762,2.859339648648436,11.415778554264268,1.843362766301336,1.9025168939008303,2.0725337101045103,0.6358359133126935,0.6477996814018319,1.0,344.0,0.047819767441860464,0.8640116279069768,0,2021-08-03,1865,27.0,0.07848837209302326,Aarav Das,29.0,Male,Ahmedabad,2021-08-03,344.0,27.0,3.91,1,High
T01939,R0151,Zone_6,10.6,97.65,252.59,Credit Card,2023-02-12,0,0,Sunday,February,5.535718789608946,2.451005098112319,9.881801455200362,0.5286944323304615,0.9943005885042563,1.5117865958685994,0.40944272445820434,0.48516527279968147,0.8497154594740209,394.0,0.026903553299492386,0.6410913705583756,0,2023-02-25,1294,56.0,0.14213197969543148,Meera Reddy,34.0,Male,Hyderabad,2023-02-25,394.0,56.0,5.0,1,High
T01940,R0010,Zone_5,15.39,120.45,216.84,Wallet,2024-07-05,0,0,Friday,July,5.383760848365505,2.7966713927557385,10.974971526158964,1.6051493587784087,1.6281338227571454,1.0626109442008018,0.5948142414860682,0.5986658701712465,0.729332929252113,173.0,0.08895953757225433,1.2534104046242776,0,2023-05-14,1216,1.0,0.005780346820809248,Vivaan Gupta,25.0,Female,Surat,2023-05-14,173.0,1.0,3.38,0,Med
T01941,R0275,Zone_5,11.6,67.31,103.43,Credit Card,2024-02-02,0,0,Friday,February,4.648516990491458,2.533696813957432,8.204267182387468,0.7534240620690725,0.15085759169580631,-0.36231243078227277,0.4481424148606811,0.3341298287534847,0.34744250260969123,247.0,0.04696356275303644,0.4187449392712551,0,2022-10-04,1438,17.0,0.06882591093117409,Ishaan Das,21.0,Other,Jaipur,2022-10-04,247.0,17.0,3.07,2,Med
T01942,R0125,Zone_6,4.64,31.15,86.57,Wallet,2023-02-25,0,0,Saturday,February,4.472438473534133,1.7298840655099674,5.58121850495033,-0.8106941609116604,-0.8543796780666707,-0.5741474374149741,0.1787925696594427,0.15412186379928314,0.2906690911539886,99.0,0.046868686868686865,0.8744444444444444,0,2023-04-22,1238,19.0,0.1919191919191919,Saanvi Ghosh,44.0,Male,Ahmedabad,2023-04-22,99.0,19.0,3.89,1,Low
T01943,R0092,Zone_6,14.21,79.37,268.8,Credit Card,2023-04-26,0,0,Wednesday,April,5.597680943773655,2.7219531062712017,8.908984229416955,1.3399683956868476,0.48612201297167673,1.715454772470977,0.5491486068111455,0.39416567104739153,0.9043000976529616,252.0,0.05638888888888889,1.0666666666666667,0,2019-07-18,2612,23.0,0.09126984126984126,Aarav Nair,21.0,Male,Surat,2019-07-18,252.0,23.0,4.51,1,Med
T01944,R0097,Zone_5,13.92,79.12,184.97,Cash,2024-02-09,0,0,Friday,February,5.225585370381938,2.702702594775615,8.894942383174834,1.2747968030626502,0.4791720871575003,0.6621849856370897,0.5379256965944272,0.3929211469534051,0.6220156918207226,478.0,0.02912133891213389,0.3869665271966527,0,2021-01-25,2055,5.0,0.010460251046025104,Aarav Iyer,23.0,Other,Bengaluru,2021-01-25,478.0,5.0,3.28,2,High
T01945,R0263,Zone_7,6.36,40.84,81.07,Credit Card,2023-05-27,0,0,Saturday,May,4.4075725416416205,1.9960599327407849,6.390618123468183,-0.42415919776124916,-0.5850005535091927,-0.6432513838254045,0.24535603715170282,0.20235961768219835,0.2721487018890797,297.0,0.021414141414141417,0.27296296296296296,0,2020-12-30,2081,21.0,0.0707070707070707,Ishaan Das,31.0,Other,Chennai,2020-12-30,297.0,21.0,3.84,2,Med
T01946,R0143,Zone_5,5.26,46.28,121.99,UPI,2023-06-27,0,0,Tuesday,June,4.8121030512543195,1.8341801851120072,6.802940540677979,-0.6713617904737215,-0.4337701677927139,-0.12911802253180235,0.20278637770897834,0.2294404619673437,0.409940398020002,74.0,0.07108108108108108,1.6485135135135134,0,2023-03-28,1263,13.0,0.17567567567567569,Meera Kumar,42.0,Other,Kolkata,2023-03-28,74.0,13.0,4.56,2,Low
T01947,R0222,Zone_1,15.21,120.95,297.22,Wallet,2023-04-06,0,0,Thursday,April,5.697831469162762,2.785628335747585,10.997727037892876,1.5646980254254588,1.6420336743854982,2.0725337101045103,0.5878482972136223,0.6011549183592194,1.0,475.0,0.03202105263157895,0.6257263157894738,0,2022-08-28,1475,12.0,0.02526315789473684,Aarav Singh,27.0,Male,Surat,2022-08-28,475.0,12.0,3.44,1,High
T01948,R0193,Zone_5,13.27,81.64,263.99,Credit Card,2024-03-08,0,0,Friday,March,5.5796920894251505,2.658159431488745,9.035485598461214,1.128722543732553,0.5492273393643985,1.6550202302465824,0.5127708978328174,0.40546594982078854,0.888103175404923,389.0,0.03411311053984576,0.6786375321336762,0,2022-01-03,1712,68.0,0.17480719794344474,Kavya Singh,33.0,Female,Chennai,2022-01-03,389.0,68.0,4.41,0,High
T01949,R0283,Zone_1,0.7000000000000001,5.54,9.75,Credit Card,2023-08-21,0,0,Monday,August,2.3749057545736716,0.5306282510621704,2.353720459187964,-1.6961289020817878,-1.5663300784709027,-1.5393411034602944,0.026315789473684216,0.026632815611310236,0.03198976327575176,245.0,0.0028571428571428576,0.03979591836734694,0,2023-06-15,1184,45.0,0.1836734693877551,Diya Nair,19.0,Male,Surat,2023-06-15,245.0,45.0,3.55,1,Med
T01950,R0006,Zone_5,12.29,87.75,162.03,UPI,2023-06-03,0,0,Saturday,June,5.093934232951563,2.587011872725154,9.367496997597597,0.908487506588714,0.7190835262628701,0.37395870733613096,0.4748452012383901,0.4358821186778176,0.5447688318685389,248.0,0.04955645161290322,0.6533467741935484,0,2023-06-30,1169,13.0,0.05241935483870968,Aarav Das,45.0,Female,Jaipur,2023-06-30,248.0,13.0,4.64,0,Med
T01951,R0231,Zone_4,16.64,111.73,174.75,UPI,2024-01-29,0,0,Monday,January,5.169062530690774,2.8701690505786455,10.570241246064349,1.8860613959516723,1.385720410358672,0.5337772888526172,0.6431888544891642,0.5552568697729988,0.5876014412230192,328.0,0.050731707317073174,0.5327743902439024,0,2019-08-26,2573,22.0,0.06707317073170732,Ishaan Nair,19.0,Other,Mumbai,2019-08-26,328.0,22.0,4.81,2,High
T01952,R0176,Zone_10,11.03,65.2,222.95,UPI,2024-02-14,0,0,Wednesday,February,5.411422812653309,2.4874035299865875,8.07465169527454,0.6253281731180642,0.09220021782415738,1.1393791464858434,0.42608359133126933,0.323626045400239,0.7499073980536753,260.0,0.04242307692307692,0.8574999999999999,0,2019-05-24,2667,13.0,0.05,Kavya Gupta,43.0,Male,Mumbai,2019-05-24,260.0,13.0,3.95,1,Med
T01953,R0089,Zone_8,0.62,3.34,14.91,Wallet,2024-08-09,0,0,Friday,August,2.7669478423496954,0.4824261492442927,1.8275666882497066,-1.7141072724608766,-1.6274894256356554,-1.474509037373418,0.023219814241486073,0.01568100358422939,0.04936525574973903,308.0,0.002012987012987013,0.04840909090909091,0,2022-09-21,1451,6.0,0.01948051948051948,Saanvi Reddy,48.0,Other,Surat,2022-09-21,308.0,6.0,3.91,2,Med
T01954,R0121,Zone_5,4.08,38.15,53.68,Cash,2024-02-18,0,0,Sunday,February,4.001498011855749,1.6253112615903906,6.176568626672903,-0.9365427535652824,-0.659781755269731,-0.9873890369493477,0.15712074303405574,0.188968538430904,0.1799171633498333,378.0,0.010793650793650795,0.142010582010582,0,2023-07-13,1156,10.0,0.026455026455026454,Diya Iyer,29.0,Male,Pune,2023-07-13,378.0,10.0,4.17,1,High
T01955,R0108,Zone_5,10.0,67.87,243.58,Credit Card,2023-08-30,0,0,Wednesday,August,5.499542453761224,2.3978952727983707,8.238325072488946,0.39385665448729495,0.16642542551956155,1.3985817672944216,0.3862229102167183,0.33691756272401435,0.8193756945145975,184.0,0.05434782608695652,1.323804347826087,0,2019-05-31,2660,32.0,0.17391304347826086,Reyansh Gupta,18.0,Male,Pune,2019-05-31,184.0,32.0,4.88,1,Med
T01956,R0278,Zone_1,6.92,61.26,142.95,Wallet,2023-04-28,0,0,Friday,April,4.969466017058185,2.0693912058263346,7.826876771739798,-0.2983106051076271,-0.01733061300726307,0.13423083506140138,0.2670278637770898,0.30401234567901236,0.48051991783681847,382.0,0.018115183246073297,0.37421465968586387,0,2021-09-02,1835,58.0,0.1518324607329843,Aarav Reddy,20.0,Female,Mumbai,2021-09-02,382.0,58.0,4.27,0,High
T01957,R0162,Zone_3,14.39,75.49,297.22,Credit Card,2023-09-06,0,0,Wednesday,September,5.697831469162762,2.733717947850788,8.688498144098322,1.3804197290397975,0.3782591643356585,2.0725337101045103,0.5561145510835914,0.3748506571087216,1.0,394.0,0.03652284263959391,0.7543654822335026,0,2023-08-14,1124,38.0,0.09644670050761421,Meera Patel,30.0,Male,Hyderabad,2023-08-14,394.0,38.0,4.28,1,High
T01958,R0299,Zone_1,11.66,90.92,161.08,Credit Card,2024-06-09,0,0,Sunday,June,5.088090040500373,2.5384474167160302,9.535197952848174,0.7669078398533893,0.8072085855866271,0.3620225711379659,0.45046439628482976,0.45166268418956595,0.5415698555409637,457.0,0.02551422319474836,0.35247264770240705,0,2020-09-04,2198,0.0,0.0,Ishaan Gupta,33.0,Other,Kolkata,2020-09-04,457.0,0.0,3.92,2,High
T01959,R0046,Zone_1,17.82,152.87,177.66,Credit Card,2023-12-11,0,0,Monday,December,5.185484558273693,2.9349201341572337,12.36406082159094,2.1512423590432332,2.529400202339543,0.5703395586806813,0.6888544891640868,0.7600557546794107,0.5974004108159073,31.0,0.5748387096774193,5.730967741935483,0,2019-08-16,2583,4.0,0.12903225806451613,Vivaan Singh,31.0,Female,Kolkata,2019-08-16,31.0,4.0,3.87,0,Low
T01960,R0089,Zone_10,13.1,67.66,261.49,UPI,2023-11-29,0,0,Wednesday,November,5.570212986067941,2.6461747973841225,8.225569889071517,1.0905185066769891,0.16058748783565316,1.6236093455145686,0.5061919504643962,0.3358721624850657,0.8796848166481462,308.0,0.04253246753246753,0.8489935064935066,0,2022-09-21,1451,6.0,0.01948051948051948,Saanvi Reddy,48.0,Other,Surat,2022-09-21,308.0,6.0,3.91,2,Med
T01961,R0247,Zone_7,10.76,57.77,199.28,UPI,2024-06-30,0,0,Sunday,June,5.299716387461744,2.464703942470481,7.600657866263946,0.5646511730886393,-0.1143515773731657,0.8419808898431368,0.41563467492260064,0.2866387893269614,0.6702023773445129,249.0,0.04321285140562249,0.8003212851405622,0,2021-05-11,1949,47.0,0.18875502008032127,Aadhya Das,37.0,Male,Bengaluru,2021-05-11,249.0,47.0,4.92,1,Med
T01962,R0003,Zone_1,6.43,43.36,99.99,Credit Card,2024-02-28,0,0,Wednesday,February,4.6150215020384655,2.005525858729668,6.584831053261731,-0.40842812367954656,-0.5149453013022944,-0.4055338081735239,0.24806501547987617,0.21490442054958184,0.33585884096036633,45.0,0.14288888888888887,2.222,0,2023-05-04,1226,9.0,0.2,Kavya Reddy,34.0,Male,Pune,2023-05-04,45.0,9.0,3.76,1,Low
T01963,R0145,Zone_8,15.02,110.98,297.22,Wallet,2023-12-17,0,0,Sunday,December,5.697831469162762,2.7738379416402132,10.534704552098269,1.5219993957751223,1.3648706329161429,2.0725337101045103,0.5804953560371517,0.5515232974910395,1.0,222.0,0.06765765765765766,1.338828828828829,0,2022-12-09,1372,43.0,0.19369369369369369,Saanvi Nair,36.0,Female,Jaipur,2022-12-09,222.0,43.0,4.3,0,Med
T01964,R0267,Zone_7,8.03,49.21,99.36,Cash,2023-11-01,0,0,Wednesday,November,4.608763721498222,2.200552367428894,7.014983962918233,-0.04886071609776895,-0.3523170372505663,-0.41344935112599135,0.309984520123839,0.24402628434886497,0.33373741455365863,131.0,0.061297709923664116,0.7584732824427481,0,2021-01-01,2079,11.0,0.08396946564885496,Arjun Iyer,37.0,Other,Jaipur,2021-01-01,131.0,11.0,4.5,2,Low
T01965,R0143,Zone_4,2.87,28.01,60.09,Wallet,2023-02-21,0,0,Tuesday,February,4.112348186661675,1.3532545070416904,5.292447448959697,-1.2084656055490017,-0.9416707462927264,-0.9068515284964643,0.11029411764705883,0.1384906411788132,0.20150183520220896,74.0,0.03878378378378378,0.8120270270270271,0,2023-03-28,1263,13.0,0.17567567567567569,Meera Kumar,42.0,Other,Kolkata,2023-03-28,74.0,13.0,4.56,2,Low
T01966,R0289,Zone_10,8.24,56.3,84.56,UPI,2024-06-11,0,0,Tuesday,June,4.449217884214205,2.2235418856535927,7.503332592921628,-0.00166749385266044,-0.1552171411605232,-0.5994017887395131,0.31811145510835914,0.279320987654321,0.2839007307135401,322.0,0.025590062111801242,0.26260869565217393,0,2021-09-30,1807,14.0,0.043478260869565216,Aarav Gupta,21.0,Other,Chennai,2021-09-30,322.0,14.0,4.17,2,Med
T01967,R0252,Zone_5,7.54,45.25,185.92,Credit Card,2024-05-19,0,0,Sunday,May,5.230680717832225,2.1447610078004784,6.726812023536855,-0.15897823466968822,-0.4624038621471207,0.6741211218352549,0.2910216718266254,0.22431302270011946,0.6252146681482977,392.0,0.019234693877551022,0.47428571428571425,0,2020-09-23,2179,47.0,0.11989795918367346,Reyansh Gupta,38.0,Other,Ahmedabad,2020-09-23,392.0,47.0,4.83,2,High
T01968,R0010,Zone_3,3.03,20.69,54.25,Wallet,2023-12-05,0,0,Tuesday,December,4.0118683403978626,1.3937663759585914,4.548626166217664,-1.1725088647908242,-1.1451645741318117,-0.9802273552304486,0.11648606811145511,0.10205097570688969,0.1818365491463784,173.0,0.01751445086705202,0.31358381502890176,0,2023-05-14,1216,1.0,0.005780346820809248,Vivaan Gupta,25.0,Female,Surat,2023-05-14,173.0,1.0,3.38,0,Med
T01969,R0120,Zone_5,12.14,99.43,144.13,UPI,2023-06-08,0,0,Thursday,June,4.9776298924822715,2.5756610130564646,9.971459271340379,0.8747780621279228,1.0437840603011925,0.149056772654912,0.4690402476780186,0.49402628434886503,0.48449338317001717,311.0,0.039035369774919615,0.46344051446945334,0,2020-07-12,2252,15.0,0.04823151125401929,Ishaan Gupta,18.0,Other,Surat,2020-07-12,311.0,15.0,4.55,2,Med
T01970,R0088,Zone_9,7.3,62.48,70.07,Credit Card,2023-12-07,0,0,Thursday,December,4.263665306838804,2.1162555148025524,7.904429138147801,-0.2129133458069549,0.016585024965917808,-0.7814592766462652,0.28173374613003094,0.31008562325766625,0.23510792335926184,438.0,0.016666666666666666,0.15997716894977168,0,2019-07-07,2623,0.0,0.0,Diya Iyer,22.0,Other,Jaipur,2019-07-07,438.0,0.0,4.78,2,High
T01971,R0159,Zone_9,9.98,88.08,145.33,Wallet,2024-08-18,0,0,Sunday,August,4.985864345104336,2.3960754360813845,9.385094565320053,0.3893620618925228,0.7282574283375829,0.16413399732627884,0.38544891640866874,0.43752489048187976,0.48853419537327003,79.0,0.12632911392405063,1.8396202531645571,0,2020-05-21,2304,2.0,0.02531645569620253,Ishaan Singh,43.0,Female,Bengaluru,2020-05-21,79.0,2.0,4.9,0,Low
T01972,R0196,Zone_9,4.1,22.45,84.2,Wallet,2024-01-22,0,0,Monday,January,4.44500143383527,1.62924053973028,4.738143096192854,-0.9320481609705102,-1.09623709640001,-0.6039249561409231,0.15789473684210525,0.11081242532855436,0.2826884870525642,51.0,0.08039215686274509,1.6509803921568629,0,2019-06-24,2636,9.0,0.17647058823529413,Vivaan Das,18.0,Male,Hyderabad,2019-06-24,51.0,9.0,4.93,1,Low
T01973,R0232,Zone_2,7.18,40.61,109.85,Cash,2023-12-24,0,0,Sunday,December,4.70817793606232,2.1016921506146558,6.372597586541928,-0.23988090137558826,-0.591394485258235,-0.2816492787904614,0.2770897832817337,0.20121465551573076,0.369060847897094,172.0,0.041744186046511624,0.6386627906976744,0,2022-12-08,1373,15.0,0.0872093023255814,Meera Das,38.0,Male,Jaipur,2022-12-08,172.0,15.0,3.94,1,Med
T01974,R0175,Zone_9,11.87,73.18,277.33,Credit Card,2023-08-15,0,0,Tuesday,August,5.628807460063128,2.554899021608035,8.554530963179689,0.8141010620984974,0.3140418498126687,1.822628711176608,0.4585913312693498,0.36335125448028677,0.9330235377310838,98.0,0.12112244897959183,2.8298979591836733,0,2022-08-18,1485,8.0,0.08163265306122448,Diya Patel,35.0,Male,Chennai,2022-08-18,98.0,8.0,3.48,1,Low
T01975,R0194,Zone_6,6.77,45.5,78.64,UPI,2024-07-25,0,0,Thursday,July,4.377516479195996,2.050270164379556,6.745368781616021,-0.3320200495684188,-0.4554539363329443,-0.6737827637849219,0.2612229102167183,0.22555754679410592,0.26396605717749266,10.0,0.6769999999999999,7.864,0,2023-02-10,1309,2.0,0.2,Arjun Iyer,30.0,Other,Jaipur,2023-02-10,10.0,2.0,4.06,2,Low
T01976,R0044,Zone_10,6.17,36.21,70.6,Wallet,2023-12-14,0,0,Thursday,December,4.2710950739666,1.969905654611529,6.017474553332153,-0.4668578274115854,-0.7137131795877399,-0.7748001690830784,0.2380030959752322,0.1793110314615691,0.2368926154156985,271.0,0.022767527675276754,0.26051660516605163,0,2020-08-01,2232,5.0,0.01845018450184502,Arjun Gupta,36.0,Female,Hyderabad,2020-08-01,271.0,5.0,3.21,0,Med
T01977,R0140,Zone_1,18.92,158.0,297.22,UPI,2023-02-22,0,0,Wednesday,February,5.697831469162762,2.991724252156452,12.569805089976535,2.398444951755706,2.672012680046443,2.0725337101045103,0.7314241486068113,0.7855933890880128,1.0,499.0,0.037915831663326655,0.5956312625250502,0,2020-04-17,2338,45.0,0.09018036072144289,Aadhya Nair,29.0,Female,Delhi,2020-04-17,499.0,45.0,4.92,0,High
T01978,R0240,Zone_4,9.58,95.55,112.44,Wallet,2023-07-23,0,0,Sunday,July,4.731274062783817,2.3589654264301534,9.77496803063826,0.29947020999707835,0.9359212116651742,-0.24910760220809508,0.369969040247678,0.4747112704101951,0.3777822675691147,174.0,0.055057471264367816,0.6462068965517241,0,2020-05-18,2307,2.0,0.011494252873563218,Aarav Iyer,30.0,Male,Delhi,2020-05-18,174.0,2.0,4.07,1,Med
T01979,R0050,Zone_7,11.67,100.11,203.43,Cash,2023-02-16,0,0,Thursday,February,5.320225618596917,2.5392369943330477,10.005498488331304,0.7691551361507754,1.062687858515752,0.8941229584982798,0.45085139318885453,0.49741138988450817,0.6841768528807624,330.0,0.03536363636363636,0.6164545454545455,0,2022-10-06,1436,41.0,0.12424242424242424,Diya Das,49.0,Male,Ahmedabad,2022-10-06,330.0,41.0,3.42,1,High
T01980,R0284,Zone_3,11.73,107.22,152.86,UPI,2023-01-19,0,0,Thursday,January,5.036043098030789,2.543961412569315,10.354709073653398,0.7826389139350921,1.2603437486709292,0.2587435821391045,0.4531733746130031,0.5328056551174831,0.5138902919486817,135.0,0.08688888888888889,1.1322962962962964,0,2019-07-31,2599,19.0,0.14074074074074075,Vivaan Das,28.0,Female,Surat,2019-07-31,135.0,19.0,4.95,0,Low
T01981,R0112,Zone_4,8.48,61.81,144.94,Cash,2024-04-16,0,0,Tuesday,April,4.983195578337474,2.2491843162669305,7.861933604400384,0.05226761728460626,-0.002040776216074836,0.1592338993080845,0.32739938080495357,0.3067502986857826,0.48722093140721284,311.0,0.027266881028938907,0.4660450160771704,0,2020-11-13,2128,11.0,0.03536977491961415,Meera Nair,41.0,Female,Delhi,2020-11-13,311.0,11.0,3.24,0,Med
T01982,R0009,Zone_3,10.64,61.97,206.85,UPI,2023-08-26,0,0,Saturday,August,5.336816665698646,2.454447442303292,7.87210264160726,0.5376836175200062,0.0024071763049979752,0.9370930488116745,0.41099071207430343,0.3075467941059339,0.695693167660033,172.0,0.06186046511627907,1.2026162790697674,0,2019-12-15,2462,21.0,0.12209302325581395,Diya Patel,42.0,Female,Ahmedabad,2019-12-15,172.0,21.0,4.11,0,Med
T01983,R0243,Zone_6,3.13,18.37,32.73,UPI,2024-07-01,0,0,Monday,July,3.5183876490735586,1.4182774069729414,4.286023798347368,-1.150035901816963,-1.209659885687369,-1.2506122510036237,0.1203560371517028,0.09050179211469535,0.10937131696804389,315.0,0.009936507936507936,0.10390476190476189,0,2023-02-06,1313,11.0,0.03492063492063492,Ishaan Patel,33.0,Male,Jaipur,2023-02-06,315.0,11.0,3.7,1,Med
T01984,R0144,Zone_5,15.24,115.44,279.82,Cash,2023-05-15,0,0,Monday,May,5.637713894686496,2.787477334733532,10.744300814850634,1.5714399143176168,1.48885730944105,1.8539139523696937,0.5890092879256966,0.5737256073277579,0.9414082230528336,194.0,0.07855670103092784,1.4423711340206185,0,2021-01-31,2049,10.0,0.05154639175257732,Ishaan Kumar,34.0,Other,Pune,2021-01-31,194.0,10.0,3.52,2,Med
T01985,R0143,Zone_2,14.23,100.08,209.8,Credit Card,2024-04-20,0,0,Saturday,April,5.350909816667207,2.7232671669070703,10.00399920031984,1.3444629882816197,1.0618538674180509,0.9741578927954511,0.5499226006191951,0.4972620469932298,0.7056268309930296,74.0,0.1922972972972973,2.8351351351351353,0,2023-03-28,1263,13.0,0.17567567567567569,Meera Kumar,42.0,Other,Kolkata,2023-03-28,74.0,13.0,4.56,2,Low
T01986,R0045,Zone_9,8.95,82.11,148.94,Cash,2023-03-09,0,0,Thursday,March,5.010235214074916,2.2975725511705014,9.061456836513653,0.1578905432617532,0.5622931998950501,0.2094913148793066,0.34558823529411764,0.40780565511748307,0.5006903054180557,100.0,0.0895,1.4894,0,2023-07-12,1157,16.0,0.16,Saanvi Iyer,34.0,Other,Ahmedabad,2023-07-12,100.0,16.0,4.88,2,Low
T01987,R0077,Zone_5,8.03,55.77,179.77,UPI,2023-09-08,0,0,Friday,September,5.197225504986763,2.200552367428894,7.467931440499437,-0.04886071609776895,-0.16995098388657703,0.5968503453945011,0.309984520123839,0.2766825965750697,0.604505505606627,406.0,0.019778325123152706,0.4427832512315271,0,2019-09-07,2561,72.0,0.17733990147783252,Reyansh Das,28.0,Male,Mumbai,2019-09-07,406.0,72.0,3.79,1,High
T01988,R0104,Zone_9,1.8,15.68,28.61,Cash,2024-02-28,0,0,Wednesday,February,3.3881121421135,1.0296194171811581,3.9597979746446663,-1.4489263093693157,-1.2844410874479073,-1.3023773890419823,0.06888544891640869,0.07711071286340104,0.09549786173687576,328.0,0.005487804878048781,0.08722560975609756,0,2021-05-27,1933,1.0,0.003048780487804878,Diya Gupta,52.0,Male,Kolkata,2021-05-27,328.0,1.0,3.7,1,High
T01989,R0185,Zone_8,13.15,122.2,234.93,Credit Card,2023-02-17,0,0,Friday,February,5.463535150858622,2.649714624089247,11.054410884348384,1.1017549881639197,1.6767833034563804,1.289900106121654,0.5081269349845202,0.6073775388291518,0.7902481732161497,201.0,0.06542288557213931,1.1688059701492537,0,2021-08-27,1841,12.0,0.05970149253731343,Vivaan Sharma,27.0,Male,Delhi,2021-08-27,201.0,12.0,4.05,1,Med
T01990,R0153,Zone_5,6.72,34.64,110.33,UPI,2023-04-02,0,0,Sunday,April,4.712498763740616,2.0438143640366846,5.885575587824865,-0.3432565310553493,-0.7573587137007678,-0.27561838892191476,0.2592879256965944,0.17149542015133412,0.3706771727783951,76.0,0.08842105263157894,1.4517105263157895,0,2020-05-04,2321,14.0,0.18421052631578946,Aadhya Ghosh,20.0,Male,Mumbai,2020-05-04,76.0,14.0,4.54,1,Low
T01991,R0051,Zone_3,11.05,99.75,93.8,Credit Card,2024-02-26,0,0,Monday,February,4.551769409260976,2.489064659936664,9.987492177719089,0.6298227657128367,1.052679965343338,-0.4833071587699901,0.42685758513931893,0.49561927518916765,0.3150149846785871,213.0,0.051877934272300474,0.4403755868544601,0,2020-04-05,2350,14.0,0.06572769953051644,Aarav Nair,21.0,Male,Kolkata,2020-04-05,213.0,14.0,4.02,1,Med
T01992,R0100,Zone_8,0.8,5.49,16.39,UPI,2023-04-05,0,0,Wednesday,April,2.855895328366192,0.5877866649021191,2.3430749027719964,-1.6736559391079266,-1.5677200636337378,-1.4559137936120659,0.030185758513931894,0.026383910792512944,0.054348924133750885,383.0,0.0020887728459530026,0.042793733681462144,0,2021-05-24,1936,60.0,0.1566579634464752,Ishaan Gupta,28.0,Male,Delhi,2021-05-24,383.0,60.0,3.79,1,High
T01993,R0294,Zone_4,11.16,77.36,108.82,Credit Card,2023-09-06,0,0,Wednesday,September,4.698842661850726,2.498151876538021,8.795453370918409,0.6545430249840838,0.4302446094256982,-0.2945905633000512,0.43111455108359137,0.3841596973317404,0.3655924840893019,41.0,0.27219512195121953,2.6541463414634143,0,2021-04-02,1988,7.0,0.17073170731707318,Arjun Reddy,24.0,Male,Surat,2021-04-02,41.0,7.0,3.2,1,Low
T01994,R0260,Zone_10,7.12,41.21,74.41,Wallet,2023-12-11,0,0,Monday,December,4.322939892214555,2.0943301541735866,6.419501538281613,-0.25336467915990485,-0.5747146633042116,-0.7269299807514893,0.27476780185758515,0.20420151334129827,0.24972219416102634,63.0,0.11301587301587301,1.181111111111111,0,2019-07-17,2613,3.0,0.047619047619047616,Reyansh Das,55.0,Other,Mumbai,2019-07-17,63.0,3.0,4.24,2,Low
T01995,R0207,Zone_7,8.06,49.34,164.43,UPI,2023-02-13,0,0,Monday,February,5.108548144618925,2.203869120054888,7.024243731534378,-0.04211882720561037,-0.34870307582719445,0.4041131566788643,0.31114551083591335,0.24467343687773796,0.5528504562750446,47.0,0.17148936170212767,3.4985106382978723,0,2023-12-06,1010,3.0,0.06382978723404255,Ishaan Iyer,31.0,Male,Mumbai,2023-12-06,47.0,3.0,3.93,1,Low
T01996,R0171,Zone_6,0.91,6.44,22.12,UPI,2023-03-20,0,0,Monday,March,3.1406980438041767,0.6471032420585384,2.5377155080899043,-1.6489356798366794,-1.5413103455398676,-1.3839200458062901,0.03444272445820434,0.031113102349661494,0.07364380240428325,276.0,0.0032971014492753623,0.08014492753623188,0,2019-05-13,2678,19.0,0.06884057971014493,Kavya Singh,23.0,Female,Jaipur,2019-05-13,276.0,19.0,4.3,0,Med
T01997,R0287,Zone_5,11.4,103.03,193.75,Cash,2024-06-25,0,0,Tuesday,June,5.271716684750857,2.517696472610991,10.15036945140422,0.7084781361213505,1.1438629920253327,0.7725000128159223,0.4404024767801858,0.51194743130227,0.6515809677745227,320.0,0.035625000000000004,0.60546875,0,2021-12-17,1729,34.0,0.10625,Saanvi Singh,18.0,Other,Delhi,2021-12-17,320.0,34.0,3.33,2,Med
T01998,R0254,Zone_9,4.94,39.32,58.45,Cash,2024-03-23,0,0,Saturday,March,4.085135623136791,1.7817091333745536,6.270566162636353,-0.7432752719900768,-0.6272561024593853,-0.9274570688806654,0.1904024767801858,0.19479291119076064,0.1959793918577634,363.0,0.013608815426997246,0.16101928374655647,0,2020-03-09,2377,70.0,0.1928374655647383,Meera Kumar,18.0,Male,Delhi,2020-03-09,363.0,70.0,3.68,1,High
T01999,R0267,Zone_2,7.76,51.43,74.92,UPI,2023-10-29,0,0,Sunday,October,4.3296801543016725,2.1701959049483,7.1714712576988,-0.10953771612719383,-0.2906016960206797,-0.7205221602661583,0.2995356037151703,0.2550776583034648,0.2514395393474088,131.0,0.059236641221374044,0.5719083969465649,0,2021-01-01,2079,11.0,0.08396946564885496,Arjun Iyer,37.0,Other,Jaipur,2021-01-01,131.0,11.0,4.5,2,Low
T02000,R0202,Zone_10,12.02,114.45,149.05,Cash,2024-02-03,0,0,Saturday,February,5.010968571886377,2.5664866367804233,10.698130677833394,0.8478105065592891,1.4613356032169114,0.21087339380751538,0.4643962848297214,0.5687972919155715,0.5010607132033539,317.0,0.0379179810725552,0.47018927444794956,0,2021-10-28,1779,0.0,0.0,Aadhya Reddy,27.0,Male,Ahmedabad,2021-10-28,317.0,0.0,4.72,1,Med
