user_id,name,age,gender,city,registration_date,age_scaled,avg_monthly_spend,purchase_frequency,days_since_last_purchase,total_spend_P001,total_spend_P002,total_spend_P003,total_spend_P004,total_spend_P005,total_spend_P006,total_spend_P007,total_spend_P008,total_spend_P009,total_spend_P010,total_spend_P011,total_spend_P012,total_spend_P013,total_spend_P014,total_spend_P015,total_spend_P016,total_spend_P017,total_spend_P018,total_spend_P019,total_spend_P020,total_spend_P021,total_spend_P022,total_spend_P023,total_spend_P024,total_spend_P025,total_spend_P026,total_spend_P027,total_spend_P028,total_spend_P029,total_spend_P030,total_spend_P031,total_spend_P032,total_spend_P033,total_spend_P034,total_spend_P035,total_spend_P036,total_spend_P037,total_spend_P038,total_spend_P039,total_spend_P040,total_spend_P041,total_spend_P042,total_spend_P043,total_spend_P044,total_spend_P045,total_spend_P046,total_spend_P047,total_spend_P048,total_spend_P049,total_spend_P050,transaction_id,product_id,amount,date,day,month,year,payment_type_Credit Card,payment_type_Debit Card,payment_type_Net Banking,payment_type_UPI,payment_type_Wallet,spending_group,amount_scaled,year_month
U0001,Vihaan Sharma,35.0,2,Jaipur,2022-09-08,0.625,77.47333333333334,3,438,0.0,0.0,0.0,0.0,0.0,0.0,0.0,0.0,0.0,0.0,0.0,0.0,0.0,42.43,0.0,0.0,0.0,0.0,0.0,0.0,0.0,44.93,0.0,0.0,0.0,0.0,0.0,0.0,0.0,0.0,0.0,0.0,0.0,0.0,0.0,0.0,0.0,0.0,0.0,145.06,0.0,0.0,0.0,0.0,0.0,0.0,0.0,0.0,0.0,0.0,T000237,P040,145.06,2024-05-07,7,5,2024,0,0,0,1,0,High,2.1904426938736234,2024-05
U0001,Vihaan Sharma,35.0,2,Jaipur,2022-09-08,0.625,77.47333333333334,3,438,0.0,0.0,0.0,0.0,0.0,0.0,0.0,0.0,0.0,0.0,0.0,0.0,0.0,42.43,0.0,0.0,0.0,0.0,0.0,0.0,0.0,44.93,0.0,0.0,0.0,0.0,0.0,0.0,0.0,0.0,0.0,0.0,0.0,0.0,0.0,0.0,0.0,0.0,0.0,145.06,0.0,0.0,0.0,0.0,0.0,0.0,0.0,0.0,0.0,0.0,T000629,P014,42.43,2023-06-09,9,6,2023,0,0,1,0,0,Low,-0.6333021679167681,2023-06
U0001,Vihaan Sharma,35.0,2,Jaipur,2022-09-08,0.625,77.47333333333334,3,438,0.0,0.0,0.0,0.0,0.0,0.0,0.0,0.0,0.0,0.0,0.0,0.0,0.0,42.43,0.0,0.0,0.0,0.0,0.0,0.0,0.0,44.93,0.0,0.0,0.0,0.0,0.0,0.0,0.0,0.0,0.0,0.0,0.0,0.0,0.0,0.0,0.0,0.0,0.0,145.06,0.0,0.0,0.0,0.0,0.0,0.0,0.0,0.0,0.0,0.0,T000960,P022,44.93,2024-08-20,20,8,2024,0,0,0,1,0,Medium,-0.5645175810077164,2024-08
U0002,Sai Reddy,30.0,2,Hyderabad,2023-11-24,0.41666666666666674,129.68,6,553,0.0,0.0,63.01,0.0,0.0,0.0,0.0,0.0,0.0,0.0,0.0,0.0,0.0,91.34,0.0,0.0,32.67,0.0,0.0,0.0,0.0,0.0,0.0,0.0,0.0,0.0,103.54,0.0,45.02,0.0,0.0,0.0,0.0,0.0,0.0,0.0,0.0,0.0,0.0,0.0,0.0,0.0,0.0,0.0,0.0,53.46,0.0,0.0,0.0,0.0,T000153,P014,91.34,2024-03-08,8,3,2024,0,0,0,1,0,High,0.71239949037192,2024-03
U0002,Sai Reddy,30.0,2,Hyderabad,2023-11-24,0.41666666666666674,129.68,6,553,0.0,0.0,63.01,0.0,0.0,0.0,0.0,0.0,0.0,0.0,0.0,0.0,0.0,91.34,0.0,0.0,32.67,0.0,0.0,0.0,0.0,0.0,0.0,0.0,0.0,0.0,103.54,0.0,45.02,0.0,0.0,0.0,0.0,0.0,0.0,0.0,0.0,0.0,0.0,0.0,0.0,0.0,0.0,0.0,0.0,53.46,0.0,0.0,0.0,0.0,T000390,P017,32.67,2024-04-27,27,4,2024,0,0,1,0,0,Low,-0.901837195209706,2024-04
U0002,Sai Reddy,30.0,2,Hyderabad,2023-11-24,0.41666666666666674,129.68,6,553,0.0,0.0,63.01,0.0,0.0,0.0,0.0,0.0,0.0,0.0,0.0,0.0,0.0,91.34,0.0,0.0,32.67,0.0,0.0,0.0,0.0,0.0,0.0,0.0,0.0,0.0,103.54,0.0,45.02,0.0,0.0,0.0,0.0,0.0,0.0,0.0,0.0,0.0,0.0,0.0,0.0,0.0,0.0,0.0,0.0,53.46,0.0,0.0,0.0,0.0,T000567,P046,53.46,2024-02-26,26,2,2024,0,1,0,0,0,Medium,-0.32982457047403185,2024-02
U0002,Sai Reddy,30.0,2,Hyderabad,2023-11-24,0.41666666666666674,129.68,6,553,0.0,0.0,63.01,0.0,0.0,0.0,0.0,0.0,0.0,0.0,0.0,0.0,0.0,91.34,0.0,0.0,32.67,0.0,0.0,0.0,0.0,0.0,0.0,0.0,0.0,0.0,103.54,0.0,45.02,0.0,0.0,0.0,0.0,0.0,0.0,0.0,0.0,0.0,0.0,0.0,0.0,0.0,0.0,0.0,0.0,53.46,0.0,0.0,0.0,0.0,T000693,P027,103.54,2024-04-22,22,4,2024,1,0,0,0,0,High,1.0480682744880925,2024-04
U0002,Sai Reddy,30.0,2,Hyderabad,2023-11-24,0.41666666666666674,129.68,6,553,0.0,0.0,63.01,0.0,0.0,0.0,0.0,0.0,0.0,0.0,0.0,0.0,0.0,91.34,0.0,0.0,32.67,0.0,0.0,0.0,0.0,0.0,0.0,0.0,0.0,0.0,103.54,0.0,45.02,0.0,0.0,0.0,0.0,0.0,0.0,0.0,0.0,0.0,0.0,0.0,0.0,0.0,0.0,0.0,0.0,53.46,0.0,0.0,0.0,0.0,T000883,P029,45.02,2024-03-04,4,3,2024,0,0,0,1,0,Medium,-0.5620413358789904,2024-03
U0002,Sai Reddy,30.0,2,Hyderabad,2023-11-24,0.41666666666666674,129.68,6,553,0.0,0.0,63.01,0.0,0.0,0.0,0.0,0.0,0.0,0.0,0.0,0.0,0.0,91.34,0.0,0.0,32.67,0.0,0.0,0.0,0.0,0.0,0.0,0.0,0.0,0.0,103.54,0.0,45.02,0.0,0.0,0.0,0.0,0.0,0.0,0.0,0.0,0.0,0.0,0.0,0.0,0.0,0.0,0.0,0.0,53.46,0.0,0.0,0.0,0.0,T000888,P003,63.01,2024-02-13,13,2,2024,0,0,0,0,0,Medium,-0.06706744848145435,2024-02
U0003,Aarohi Gupta,37.0,2,Indore,2022-02-02,0.7083333333333333,40.597500000000004,4,0,24.37,0.0,0.0,0.0,0.0,0.0,34.7,0.0,0.0,0.0,0.0,0.0,0.0,44.45,0.0,0.0,0.0,0.0,0.0,0.0,0.0,0.0,0.0,0.0,0.0,0.0,0.0,0.0,0.0,0.0,0.0,0.0,0.0,0.0,0.0,0.0,0.0,0.0,0.0,0.0,0.0,58.87,0.0,0.0,0.0,0.0,0.0,0.0,0.0,0.0,T000473,P014,44.45,2025-07-22,22,7,2025,0,0,0,0,0,Medium,-0.5777242216942542,2025-07
U0003,Aarohi Gupta,37.0,2,Indore,2022-02-02,0.7083333333333333,40.597500000000004,4,0,24.37,0.0,0.0,0.0,0.0,0.0,34.7,0.0,0.0,0.0,0.0,0.0,0.0,44.45,0.0,0.0,0.0,0.0,0.0,0.0,0.0,0.0,0.0,0.0,0.0,0.0,0.0,0.0,0.0,0.0,0.0,0.0,0.0,0.0,0.0,0.0,0.0,0.0,0.0,0.0,0.0,58.87,0.0,0.0,0.0,0.0,0.0,0.0,0.0,0.0,T000548,P007,34.7,2024-03-30,30,3,2024,0,0,0,1,0,Low,-0.8459841106395559,2024-03
U0003,Aarohi Gupta,37.0,2,Indore,2022-02-02,0.7083333333333333,40.597500000000004,4,0,24.37,0.0,0.0,0.0,0.0,0.0,34.7,0.0,0.0,0.0,0.0,0.0,0.0,44.45,0.0,0.0,0.0,0.0,0.0,0.0,0.0,0.0,0.0,0.0,0.0,0.0,0.0,0.0,0.0,0.0,0.0,0.0,0.0,0.0,0.0,0.0,0.0,0.0,0.0,0.0,0.0,58.87,0.0,0.0,0.0,0.0,0.0,0.0,0.0,0.0,T000631,P001,24.37,2024-12-04,4,12,2024,0,0,0,0,1,Low,-1.1302020237477577,2024-12
U0003,Aarohi Gupta,37.0,2,Indore,2022-02-02,0.7083333333333333,40.597500000000004,4,0,24.37,0.0,0.0,0.0,0.0,0.0,34.7,0.0,0.0,0.0,0.0,0.0,0.0,44.45,0.0,0.0,0.0,0.0,0.0,0.0,0.0,0.0,0.0,0.0,0.0,0.0,0.0,0.0,0.0,0.0,0.0,0.0,0.0,0.0,0.0,0.0,0.0,0.0,0.0,0.0,0.0,58.87,0.0,0.0,0.0,0.0,0.0,0.0,0.0,0.0,T000944,P042,58.87,2025-11-01,1,11,2025,0,1,0,0,0,Medium,-0.18097472440284404,2025-11
U0004,Aarav Gupta,44.0,1,Kolkata,2023-06-02,1.0,96.59333333333332,3,577,0.0,0.0,0.0,0.0,0.0,0.0,0.0,0.0,0.0,0.0,0.0,0.0,0.0,154.71,0.0,0.0,56.93,0.0,0.0,0.0,0.0,0.0,0.0,0.0,0.0,0.0,0.0,0.0,0.0,0.0,0.0,0.0,0.0,0.0,0.0,0.0,0.0,0.0,0.0,0.0,0.0,0.0,0.0,0.0,0.0,78.14,0.0,0.0,0.0,0.0,T000079,P017,56.93,2023-09-11,11,9,2023,0,0,0,0,0,Medium,-0.2343515638442681,2023-09
U0004,Aarav Gupta,44.0,1,Kolkata,2023-06-02,1.0,96.59333333333332,3,577,0.0,0.0,0.0,0.0,0.0,0.0,0.0,0.0,0.0,0.0,0.0,0.0,0.0,154.71,0.0,0.0,56.93,0.0,0.0,0.0,0.0,0.0,0.0,0.0,0.0,0.0,0.0,0.0,0.0,0.0,0.0,0.0,0.0,0.0,0.0,0.0,0.0,0.0,0.0,0.0,0.0,0.0,0.0,0.0,0.0,78.14,0.0,0.0,0.0,0.0,T000451,P014,154.71,2023-08-29,29,8,2023,0,1,0,0,0,High,2.455951199342563,2023-08
U0004,Aarav Gupta,44.0,1,Kolkata,2023-06-02,1.0,96.59333333333332,3,577,0.0,0.0,0.0,0.0,0.0,0.0,0.0,0.0,0.0,0.0,0.0,0.0,0.0,154.71,0.0,0.0,56.93,0.0,0.0,0.0,0.0,0.0,0.0,0.0,0.0,0.0,0.0,0.0,0.0,0.0,0.0,0.0,0.0,0.0,0.0,0.0,0.0,0.0,0.0,0.0,0.0,0.0,0.0,0.0,0.0,78.14,0.0,0.0,0.0,0.0,T000939,P046,78.14,2024-04-03,3,4,2024,0,0,0,0,1,High,0.34921687149212677,2024-04
U0005,Sara Sharma,30.0,2,Chennai,2024-01-04,0.41666666666666674,57.94833333333333,6,132,0.0,0.0,0.0,0.0,0.0,0.0,0.0,40.03,0.0,0.0,0.0,0.0,0.0,0.0,0.0,0.0,103.03,0.0,0.0,0.0,0.0,0.0,0.0,128.25,0.0,0.0,0.0,0.0,48.34,0.0,0.0,0.0,0.0,28.04,0.0,0.0,0.0,0.0,0.0,0.0,0.0,0.0,0.0,0.0,0.0,0.0,0.0,0.0,0.0,0.0,T000202,P024,38.11,2024-01-05,5,1,2024,0,0,0,1,0,Low,-0.7521619340956095,2024-01
U0005,Sara Sharma,30.0,2,Chennai,2024-01-04,0.41666666666666674,57.94833333333333,6,132,0.0,0.0,0.0,0.0,0.0,0.0,0.0,40.03,0.0,0.0,0.0,0.0,0.0,0.0,0.0,0.0,103.03,0.0,0.0,0.0,0.0,0.0,0.0,128.25,0.0,0.0,0.0,0.0,48.34,0.0,0.0,0.0,0.0,28.04,0.0,0.0,0.0,0.0,0.0,0.0,0.0,0.0,0.0,0.0,0.0,0.0,0.0,0.0,0.0,0.0,T000229,P017,103.03,2023-11-03,3,11,2023,0,1,0,0,0,High,1.0340362187586458,2023-11
U0005,Sara Sharma,30.0,2,Chennai,2024-01-04,0.41666666666666674,57.94833333333333,6,132,0.0,0.0,0.0,0.0,0.0,0.0,0.0,40.03,0.0,0.0,0.0,0.0,0.0,0.0,0.0,0.0,103.03,0.0,0.0,0.0,0.0,0.0,0.0,128.25,0.0,0.0,0.0,0.0,48.34,0.0,0.0,0.0,0.0,28.04,0.0,0.0,0.0,0.0,0.0,0.0,0.0,0.0,0.0,0.0,0.0,0.0,0.0,0.0,0.0,0.0,T000341,P024,90.14,2023-08-13,13,8,2023,0,0,0,1,0,High,0.6793828886555751,2023-08
U0005,Sara Sharma,30.0,2,Chennai,2024-01-04,0.41666666666666674,57.94833333333333,6,132,0.0,0.0,0.0,0.0,0.0,0.0,0.0,40.03,0.0,0.0,0.0,0.0,0.0,0.0,0.0,0.0,103.03,0.0,0.0,0.0,0.0,0.0,0.0,128.25,0.0,0.0,0.0,0.0,48.34,0.0,0.0,0.0,0.0,28.04,0.0,0.0,0.0,0.0,0.0,0.0,0.0,0.0,0.0,0.0,0.0,0.0,0.0,0.0,0.0,0.0,T000348,P029,48.34,2025-05-07,7,5,2025,0,0,0,1,0,Medium,-0.47069540446376973,2025-05
U0005,Sara Sharma,30.0,2,Chennai,2024-01-04,0.41666666666666674,57.94833333333333,6,132,0.0,0.0,0.0,0.0,0.0,0.0,0.0,40.03,0.0,0.0,0.0,0.0,0.0,0.0,0.0,0.0,103.03,0.0,0.0,0.0,0.0,0.0,0.0,128.25,0.0,0.0,0.0,0.0,48.34,0.0,0.0,0.0,0.0,28.04,0.0,0.0,0.0,0.0,0.0,0.0,0.0,0.0,0.0,0.0,0.0,0.0,0.0,0.0,0.0,0.0,T000477,P034,28.04,2024-07-16,16,7,2024,0,0,0,0,1,Low,-1.0292262501652698,2024-07
U0005,Sara Sharma,30.0,2,Chennai,2024-01-04,0.41666666666666674,57.94833333333333,6,132,0.0,0.0,0.0,0.0,0.0,0.0,0.0,40.03,0.0,0.0,0.0,0.0,0.0,0.0,0.0,0.0,103.03,0.0,0.0,0.0,0.0,0.0,0.0,128.25,0.0,0.0,0.0,0.0,48.34,0.0,0.0,0.0,0.0,28.04,0.0,0.0,0.0,0.0,0.0,0.0,0.0,0.0,0.0,0.0,0.0,0.0,0.0,0.0,0.0,0.0,T000621,P008,40.03,2025-06-22,22,6,2025,0,1,0,0,0,Low,-0.6993353713494578,2025-06
U0006,Aarohi Mukherjee,30.0,1,Thane,2023-08-27,0.41666666666666674,71.30499999999999,2,127,0.0,0.0,0.0,0.0,35.87,0.0,0.0,0.0,0.0,106.74,0.0,0.0,0.0,0.0,0.0,0.0,0.0,0.0,0.0,0.0,0.0,0.0,0.0,0.0,0.0,0.0,0.0,0.0,0.0,0.0,0.0,0.0,0.0,0.0,0.0,0.0,0.0,0.0,0.0,0.0,0.0,0.0,0.0,0.0,0.0,0.0,0.0,0.0,0.0,0.0,T000724,P005,35.87,2025-06-27,27,6,2025,0,1,0,0,0,Low,-0.8137929239661199,2025-06
U0006,Aarohi Mukherjee,30.0,1,Thane,2023-08-27,0.41666666666666674,71.30499999999999,2,127,0.0,0.0,0.0,0.0,35.87,0.0,0.0,0.0,0.0,106.74,0.0,0.0,0.0,0.0,0.0,0.0,0.0,0.0,0.0,0.0,0.0,0.0,0.0,0.0,0.0,0.0,0.0,0.0,0.0,0.0,0.0,0.0,0.0,0.0,0.0,0.0,0.0,0.0,0.0,0.0,0.0,0.0,0.0,0.0,0.0,0.0,0.0,0.0,0.0,0.0,T000756,P010,106.74,2023-10-18,18,10,2023,0,0,0,0,0,High,1.1361125457316783,2023-10
U0007,Ishaan Sharma,44.0,1,Indore,2022-12-15,1.0,85.576,5,13,0.0,0.0,0.0,0.0,0.0,0.0,0.0,0.0,0.0,0.0,0.0,0.0,0.0,0.0,0.0,0.0,0.0,0.0,0.0,0.0,0.0,0.0,0.0,37.04,47.71,0.0,154.71,0.0,0.0,0.0,0.0,0.0,0.0,0.0,0.0,0.0,0.0,0.0,0.0,141.4,0.0,0.0,0.0,0.0,0.0,0.0,0.0,47.02,0.0,0.0,T000083,P040,141.4,2024-11-02,2,11,2024,0,0,0,0,0,High,2.089742058638772,2024-11
U0007,Ishaan Sharma,44.0,1,Indore,2022-12-15,1.0,85.576,5,13,0.0,0.0,0.0,0.0,0.0,0.0,0.0,0.0,0.0,0.0,0.0,0.0,0.0,0.0,0.0,0.0,0.0,0.0,0.0,0.0,0.0,0.0,0.0,37.04,47.71,0.0,154.71,0.0,0.0,0.0,0.0,0.0,0.0,0.0,0.0,0.0,0.0,0.0,0.0,141.4,0.0,0.0,0.0,0.0,0.0,0.0,0.0,47.02,0.0,0.0,T000222,P027,154.71,2025-03-22,22,3,2025,1,0,0,0,0,High,2.455951199342563,2025-03
U0007,Ishaan Sharma,44.0,1,Indore,2022-12-15,1.0,85.576,5,13,0.0,0.0,0.0,0.0,0.0,0.0,0.0,0.0,0.0,0.0,0.0,0.0,0.0,0.0,0.0,0.0,0.0,0.0,0.0,0.0,0.0,0.0,0.0,37.04,47.71,0.0,154.71,0.0,0.0,0.0,0.0,0.0,0.0,0.0,0.0,0.0,0.0,0.0,0.0,141.4,0.0,0.0,0.0,0.0,0.0,0.0,0.0,47.02,0.0,0.0,T000276,P048,47.02,2025-10-19,19,10,2025,0,1,0,0,0,Medium,-0.507013666351749,2025-10
U0007,Ishaan Sharma,44.0,1,Indore,2022-12-15,1.0,85.576,5,13,0.0,0.0,0.0,0.0,0.0,0.0,0.0,0.0,0.0,0.0,0.0,0.0,0.0,0.0,0.0,0.0,0.0,0.0,0.0,0.0,0.0,0.0,0.0,37.04,47.71,0.0,154.71,0.0,0.0,0.0,0.0,0.0,0.0,0.0,0.0,0.0,0.0,0.0,0.0,141.4,0.0,0.0,0.0,0.0,0.0,0.0,0.0,47.02,0.0,0.0,T000287,P024,37.04,2025-01-25,25,1,2025,0,0,0,0,0,Low,-0.7816017372926837,2025-01
U0007,Ishaan Sharma,44.0,1,Indore,2022-12-15,1.0,85.576,5,13,0.0,0.0,0.0,0.0,0.0,0.0,0.0,0.0,0.0,0.0,0.0,0.0,0.0,0.0,0.0,0.0,0.0,0.0,0.0,0.0,0.0,0.0,0.0,37.04,47.71,0.0,154.71,0.0,0.0,0.0,0.0,0.0,0.0,0.0,0.0,0.0,0.0,0.0,0.0,141.4,0.0,0.0,0.0,0.0,0.0,0.0,0.0,47.02,0.0,0.0,T000988,P025,47.71,2023-04-19,19,4,2023,0,1,0,0,0,Medium,-0.48802912036485085,2023-04
U0008,Ishaan Reddy,38.0,1,Lucknow,2022-04-15,0.75,52.05666666666667,3,138,0.0,0.0,36.89,0.0,0.0,0.0,0.0,0.0,0.0,86.01,0.0,33.27,0.0,0.0,0.0,0.0,0.0,0.0,0.0,0.0,0.0,0.0,0.0,0.0,0.0,0.0,0.0,0.0,0.0,0.0,0.0,0.0,0.0,0.0,0.0,0.0,0.0,0.0,0.0,0.0,0.0,0.0,0.0,0.0,0.0,0.0,0.0,0.0,0.0,0.0,T000048,P003,36.89,2023-04-25,25,4,2023,0,0,0,1,0,Low,-0.7857288125072267,2023-04
U0008,Ishaan Reddy,38.0,1,Lucknow,2022-04-15,0.75,52.05666666666667,3,138,0.0,0.0,36.89,0.0,0.0,0.0,0.0,0.0,0.0,86.01,0.0,33.27,0.0,0.0,0.0,0.0,0.0,0.0,0.0,0.0,0.0,0.0,0.0,0.0,0.0,0.0,0.0,0.0,0.0,0.0,0.0,0.0,0.0,0.0,0.0,0.0,0.0,0.0,0.0,0.0,0.0,0.0,0.0,0.0,0.0,0.0,0.0,0.0,0.0,0.0,T000137,P012,33.27,2024-09-24,24,9,2024,0,0,0,1,0,Low,-0.8853288943515335,2024-09
U0008,Ishaan Reddy,38.0,1,Lucknow,2022-04-15,0.75,52.05666666666667,3,138,0.0,0.0,36.89,0.0,0.0,0.0,0.0,0.0,0.0,86.01,0.0,33.27,0.0,0.0,0.0,0.0,0.0,0.0,0.0,0.0,0.0,0.0,0.0,0.0,0.0,0.0,0.0,0.0,0.0,0.0,0.0,0.0,0.0,0.0,0.0,0.0,0.0,0.0,0.0,0.0,0.0,0.0,0.0,0.0,0.0,0.0,0.0,0.0,0.0,0.0,T000268,P010,86.01,2025-06-16,16,6,2025,0,0,0,0,0,High,0.5657507510818217,2025-06
U0009,Aditya Bose,28.0,1,Kanpur,2024-05-17,0.33333333333333326,60.51666666666667,3,322,0.0,0.0,0.0,0.0,0.0,0.0,0.0,0.0,39.71,0.0,0.0,0.0,0.0,0.0,0.0,0.0,0.0,0.0,0.0,0.0,0.0,0.0,0.0,0.0,0.0,0.0,0.0,0.0,102.71,0.0,0.0,0.0,0.0,0.0,0.0,0.0,0.0,0.0,0.0,39.13,0.0,0.0,0.0,0.0,0.0,0.0,0.0,0.0,0.0,0.0,T000269,P009,39.71,2024-04-28,28,4,2024,1,0,0,0,0,Low,-0.7081397984738164,2024-04
U0009,Aditya Bose,28.0,1,Kanpur,2024-05-17,0.33333333333333326,60.51666666666667,3,322,0.0,0.0,0.0,0.0,0.0,0.0,0.0,0.0,39.71,0.0,0.0,0.0,0.0,0.0,0.0,0.0,0.0,0.0,0.0,0.0,0.0,0.0,0.0,0.0,0.0,0.0,0.0,0.0,102.71,0.0,0.0,0.0,0.0,0.0,0.0,0.0,0.0,0.0,0.0,39.13,0.0,0.0,0.0,0.0,0.0,0.0,0.0,0.0,0.0,0.0,T000596,P029,102.71,2024-12-14,14,12,2024,0,0,0,1,0,High,1.025231791634287,2024-12
U0009,Aditya Bose,28.0,1,Kanpur,2024-05-17,0.33333333333333326,60.51666666666667,3,322,0.0,0.0,0.0,0.0,0.0,0.0,0.0,0.0,39.71,0.0,0.0,0.0,0.0,0.0,0.0,0.0,0.0,0.0,0.0,0.0,0.0,0.0,0.0,0.0,0.0,0.0,0.0,0.0,102.71,0.0,0.0,0.0,0.0,0.0,0.0,0.0,0.0,0.0,0.0,39.13,0.0,0.0,0.0,0.0,0.0,0.0,0.0,0.0,0.0,0.0,T000731,P040,39.13,2024-05-18,18,5,2024,0,0,0,0,0,Low,-0.7240978226367163,2024-05
U0010,Diya Kulkarni,36.0,0,Delhi,2024-01-18,0.6666666666666667,47.78,4,210,22.48,0.0,0.0,0.0,0.0,0.0,0.0,0.0,0.0,0.0,0.0,74.72,0.0,0.0,0.0,0.0,0.0,0.0,40.11,0.0,0.0,0.0,0.0,0.0,0.0,53.81,0.0,0.0,0.0,0.0,0.0,0.0,0.0,0.0,0.0,0.0,0.0,0.0,0.0,0.0,0.0,0.0,0.0,0.0,0.0,0.0,0.0,0.0,0.0,0.0,T000249,P019,40.11,2023-03-31,31,3,2023,0,1,0,0,0,Low,-0.6971342645683681,2023-03
U0010,Diya Kulkarni,36.0,0,Delhi,2024-01-18,0.6666666666666667,47.78,4,210,22.48,0.0,0.0,0.0,0.0,0.0,0.0,0.0,0.0,0.0,0.0,74.72,0.0,0.0,0.0,0.0,0.0,0.0,40.11,0.0,0.0,0.0,0.0,0.0,0.0,53.81,0.0,0.0,0.0,0.0,0.0,0.0,0.0,0.0,0.0,0.0,0.0,0.0,0.0,0.0,0.0,0.0,0.0,0.0,0.0,0.0,0.0,0.0,0.0,0.0,T000379,P001,22.48,2023-08-08,8,8,2023,0,0,0,1,0,Low,-1.1822031714510008,2023-08
U0010,Diya Kulkarni,36.0,0,Delhi,2024-01-18,0.6666666666666667,47.78,4,210,22.48,0.0,0.0,0.0,0.0,0.0,0.0,0.0,0.0,0.0,0.0,74.72,0.0,0.0,0.0,0.0,0.0,0.0,40.11,0.0,0.0,0.0,0.0,0.0,0.0,53.81,0.0,0.0,0.0,0.0,0.0,0.0,0.0,0.0,0.0,0.0,0.0,0.0,0.0,0.0,0.0,0.0,0.0,0.0,0.0,0.0,0.0,0.0,0.0,0.0,T000821,P012,74.72,2025-04-05,5,4,2025,0,0,0,1,0,High,0.255119556600544,2025-04
U0010,Diya Kulkarni,36.0,0,Delhi,2024-01-18,0.6666666666666667,47.78,4,210,22.48,0.0,0.0,0.0,0.0,0.0,0.0,0.0,0.0,0.0,0.0,74.72,0.0,0.0,0.0,0.0,0.0,0.0,40.11,0.0,0.0,0.0,0.0,0.0,0.0,53.81,0.0,0.0,0.0,0.0,0.0,0.0,0.0,0.0,0.0,0.0,0.0,0.0,0.0,0.0,0.0,0.0,0.0,0.0,0.0,0.0,0.0,0.0,0.0,0.0,T000823,P026,53.81,2024-05-01,1,5,2024,0,0,0,1,0,Medium,-0.3201947283067646,2024-05
U0011,Myra Kapoor,28.0,1,Nagpur,2022-03-22,0.33333333333333326,71.88333333333334,4,144,0.0,0.0,0.0,0.0,0.0,0.0,0.0,0.0,0.0,0.0,0.0,0.0,0.0,0.0,0.0,0.0,0.0,0.0,92.08,0.0,0.0,0.0,0.0,0.0,0.0,0.0,0.0,39.6,0.0,21.89,0.0,0.0,0.0,0.0,0.0,0.0,0.0,0.0,0.0,0.0,0.0,0.0,0.0,0.0,0.0,0.0,62.08,0.0,0.0,0.0,T000264,P047,62.08,2025-06-09,9,6,2025,0,0,0,1,0,Medium,-0.09265531481162159,2025-06
U0011,Myra Kapoor,28.0,1,Nagpur,2022-03-22,0.33333333333333326,71.88333333333334,4,144,0.0,0.0,0.0,0.0,0.0,0.0,0.0,0.0,0.0,0.0,0.0,0.0,0.0,0.0,0.0,0.0,0.0,0.0,92.08,0.0,0.0,0.0,0.0,0.0,0.0,0.0,0.0,39.6,0.0,21.89,0.0,0.0,0.0,0.0,0.0,0.0,0.0,0.0,0.0,0.0,0.0,0.0,0.0,0.0,0.0,0.0,62.08,0.0,0.0,0.0,T000363,P019,92.08,2023-06-11,11,6,2023,0,0,0,0,1,High,0.7327597280969991,2023-06
U0011,Myra Kapoor,28.0,1,Nagpur,2022-03-22,0.33333333333333326,71.88333333333334,4,144,0.0,0.0,0.0,0.0,0.0,0.0,0.0,0.0,0.0,0.0,0.0,0.0,0.0,0.0,0.0,0.0,0.0,0.0,92.08,0.0,0.0,0.0,0.0,0.0,0.0,0.0,0.0,39.6,0.0,21.89,0.0,0.0,0.0,0.0,0.0,0.0,0.0,0.0,0.0,0.0,0.0,0.0,0.0,0.0,0.0,0.0,62.08,0.0,0.0,0.0,T000726,P030,21.89,2023-12-11,11,12,2023,1,0,0,0,0,Low,-1.1984363339615371,2023-12
U0011,Myra Kapoor,28.0,1,Nagpur,2022-03-22,0.33333333333333326,71.88333333333334,4,144,0.0,0.0,0.0,0.0,0.0,0.0,0.0,0.0,0.0,0.0,0.0,0.0,0.0,0.0,0.0,0.0,0.0,0.0,92.08,0.0,0.0,0.0,0.0,0.0,0.0,0.0,0.0,39.6,0.0,21.89,0.0,0.0,0.0,0.0,0.0,0.0,0.0,0.0,0.0,0.0,0.0,0.0,0.0,0.0,0.0,0.0,62.08,0.0,0.0,0.0,T000810,P028,39.6,2025-06-10,10,6,2025,1,0,0,0,0,Low,-0.7111663202978146,2025-06
U0012,Aarohi Singh,28.0,2,Ghaziabad,2024-06-25,0.33333333333333326,78.95285714285714,8,27,54.06,0.0,49.85,0.0,26.14,0.0,103.47,0.0,0.0,0.0,154.71,0.0,0.0,0.0,0.0,0.0,0.0,0.0,0.0,84.74,56.11,0.0,0.0,0.0,0.0,0.0,0.0,0.0,0.0,0.0,0.0,0.0,0.0,0.0,0.0,0.0,0.0,0.0,0.0,0.0,0.0,23.59,0.0,0.0,0.0,0.0,0.0,0.0,0.0,0.0,T000033,P021,56.11,2025-08-26,26,8,2025,0,0,0,0,1,Medium,-0.25691290835043706,2025-08
U0012,Aarohi Singh,28.0,2,Ghaziabad,2024-06-25,0.33333333333333326,78.95285714285714,8,27,54.06,0.0,49.85,0.0,26.14,0.0,103.47,0.0,0.0,0.0,154.71,0.0,0.0,0.0,0.0,0.0,0.0,0.0,0.0,84.74,56.11,0.0,0.0,0.0,0.0,0.0,0.0,0.0,0.0,0.0,0.0,0.0,0.0,0.0,0.0,0.0,0.0,0.0,0.0,0.0,0.0,23.59,0.0,0.0,0.0,0.0,0.0,0.0,0.0,0.0,T000087,P003,49.85,2025-10-05,5,10,2025,0,0,0,1,0,Medium,-0.42914951397070256,2025-10
U0012,Aarohi Singh,28.0,2,Ghaziabad,2024-06-25,0.33333333333333326,78.95285714285714,8,27,54.06,0.0,49.85,0.0,26.14,0.0,103.47,0.0,0.0,0.0,154.71,0.0,0.0,0.0,0.0,0.0,0.0,0.0,0.0,84.74,56.11,0.0,0.0,0.0,0.0,0.0,0.0,0.0,0.0,0.0,0.0,0.0,0.0,0.0,0.0,0.0,0.0,0.0,0.0,0.0,0.0,23.59,0.0,0.0,0.0,0.0,0.0,0.0,0.0,0.0,T000303,P042,23.59,2024-06-26,26,6,2024,0,0,0,0,0,Low,-1.1516628148633818,2024-06
U0012,Aarohi Singh,28.0,2,Ghaziabad,2024-06-25,0.33333333333333326,78.95285714285714,8,27,54.06,0.0,49.85,0.0,26.14,0.0,103.47,0.0,0.0,0.0,154.71,0.0,0.0,0.0,0.0,0.0,0.0,0.0,0.0,84.74,56.11,0.0,0.0,0.0,0.0,0.0,0.0,0.0,0.0,0.0,0.0,0.0,0.0,0.0,0.0,0.0,0.0,0.0,0.0,0.0,0.0,23.59,0.0,0.0,0.0,0.0,0.0,0.0,0.0,0.0,T000620,P007,103.47,2025-07-30,30,7,2025,0,0,0,0,1,High,1.0461423060546389,2025-07
U0012,Aarohi Singh,28.0,2,Ghaziabad,2024-06-25,0.33333333333333326,78.95285714285714,8,27,54.06,0.0,49.85,0.0,26.14,0.0,103.47,0.0,0.0,0.0,154.71,0.0,0.0,0.0,0.0,0.0,0.0,0.0,0.0,84.74,56.11,0.0,0.0,0.0,0.0,0.0,0.0,0.0,0.0,0.0,0.0,0.0,0.0,0.0,0.0,0.0,0.0,0.0,0.0,0.0,0.0,23.59,0.0,0.0,0.0,0.0,0.0,0.0,0.0,0.0,T000679,P001,54.06,2023-04-05,5,4,2023,0,1,0,0,0,Medium,-0.3133162696158594,2023-04
U0012,Aarohi Singh,28.0,2,Ghaziabad,2024-06-25,0.33333333333333326,78.95285714285714,8,27,54.06,0.0,49.85,0.0,26.14,0.0,103.47,0.0,0.0,0.0,154.71,0.0,0.0,0.0,0.0,0.0,0.0,0.0,0.0,84.74,56.11,0.0,0.0,0.0,0.0,0.0,0.0,0.0,0.0,0.0,0.0,0.0,0.0,0.0,0.0,0.0,0.0,0.0,0.0,0.0,0.0,23.59,0.0,0.0,0.0,0.0,0.0,0.0,0.0,0.0,T000895,P020,84.74,2025-07-22,22,7,2025,0,0,0,1,0,High,0.5308081809320232,2025-07
U0012,Aarohi Singh,28.0,2,Ghaziabad,2024-06-25,0.33333333333333326,78.95285714285714,8,27,54.06,0.0,49.85,0.0,26.14,0.0,103.47,0.0,0.0,0.0,154.71,0.0,0.0,0.0,0.0,0.0,0.0,0.0,0.0,84.74,56.11,0.0,0.0,0.0,0.0,0.0,0.0,0.0,0.0,0.0,0.0,0.0,0.0,0.0,0.0,0.0,0.0,0.0,0.0,0.0,0.0,23.59,0.0,0.0,0.0,0.0,0.0,0.0,0.0,0.0,T000938,P005,26.14,2024-10-05,5,10,2024,0,0,0,1,0,Low,-1.0815025362161492,2024-10
U0012,Aarohi Singh,28.0,2,Ghaziabad,2024-06-25,0.33333333333333326,78.95285714285714,8,27,54.06,0.0,49.85,0.0,26.14,0.0,103.47,0.0,0.0,0.0,154.71,0.0,0.0,0.0,0.0,0.0,0.0,0.0,0.0,84.74,56.11,0.0,0.0,0.0,0.0,0.0,0.0,0.0,0.0,0.0,0.0,0.0,0.0,0.0,0.0,0.0,0.0,0.0,0.0,0.0,0.0,23.59,0.0,0.0,0.0,0.0,0.0,0.0,0.0,0.0,T000962,P011,154.71,2023-10-15,15,10,2023,0,0,1,0,0,High,2.455951199342563,2023-10
U0013,Diya Chopra,33.0,1,Bengaluru,2022-02-16,0.5416666666666667,85.61250000000001,4,176,0.0,0.0,0.0,0.0,0.0,0.0,0.0,0.0,0.0,0.0,0.0,0.0,0.0,0.0,0.0,0.0,0.0,0.0,0.0,0.0,0.0,88.92,57.05,0.0,41.77,0.0,0.0,0.0,0.0,0.0,0.0,0.0,0.0,0.0,0.0,0.0,0.0,0.0,0.0,0.0,0.0,0.0,0.0,0.0,0.0,0.0,0.0,154.71,0.0,0.0,T000099,P022,88.92,2023-09-15,15,9,2023,0,1,0,0,0,High,0.6458160102439578,2023-09
U0013,Diya Chopra,33.0,1,Bengaluru,2022-02-16,0.5416666666666667,85.61250000000001,4,176,0.0,0.0,0.0,0.0,0.0,0.0,0.0,0.0,0.0,0.0,0.0,0.0,0.0,0.0,0.0,0.0,0.0,0.0,0.0,0.0,0.0,88.92,57.05,0.0,41.77,0.0,0.0,0.0,0.0,0.0,0.0,0.0,0.0,0.0,0.0,0.0,0.0,0.0,0.0,0.0,0.0,0.0,0.0,0.0,0.0,0.0,0.0,154.71,0.0,0.0,T000438,P023,57.05,2025-02-19,19,2,2025,0,0,0,0,1,Medium,-0.2310499036726337,2025-02
U0013,Diya Chopra,33.0,1,Bengaluru,2022-02-16,0.5416666666666667,85.61250000000001,4,176,0.0,0.0,0.0,0.0,0.0,0.0,0.0,0.0,0.0,0.0,0.0,0.0,0.0,0.0,0.0,0.0,0.0,0.0,0.0,0.0,0.0,88.92,57.05,0.0,41.77,0.0,0.0,0.0,0.0,0.0,0.0,0.0,0.0,0.0,0.0,0.0,0.0,0.0,0.0,0.0,0.0,0.0,0.0,0.0,0.0,0.0,0.0,154.71,0.0,0.0,T000775,P025,41.77,2025-05-09,9,5,2025,0,0,1,0,0,Low,-0.6514612988607577,2025-05
U0013,Diya Chopra,33.0,1,Bengaluru,2022-02-16,0.5416666666666667,85.61250000000001,4,176,0.0,0.0,0.0,0.0,0.0,0.0,0.0,0.0,0.0,0.0,0.0,0.0,0.0,0.0,0.0,0.0,0.0,0.0,0.0,0.0,0.0,88.92,57.05,0.0,41.77,0.0,0.0,0.0,0.0,0.0,0.0,0.0,0.0,0.0,0.0,0.0,0.0,0.0,0.0,0.0,0.0,0.0,0.0,0.0,0.0,0.0,0.0,154.71,0.0,0.0,T000824,P048,154.71,2024-07-04,4,7,2024,0,0,1,0,0,High,2.455951199342563,2024-07
U0014,Sai Singh,20.0,1,Kolkata,2024-06-06,0.0,114.965,5,275,0.0,0.0,0.0,0.0,0.0,0.0,0.0,0.0,0.0,41.16,0.0,0.0,96.78,0.0,0.0,0.0,0.0,52.85,0.0,0.0,0.0,0.0,0.0,0.0,0.0,130.59,0.0,0.0,0.0,0.0,0.0,0.0,0.0,0.0,0.0,0.0,0.0,0.0,0.0,0.0,0.0,138.48,0.0,0.0,0.0,0.0,0.0,0.0,0.0,0.0,T000013,P013,96.78,2025-01-10,10,1,2025,0,0,0,0,0,High,0.8620747514860164,2025-01
U0014,Sai Singh,20.0,1,Kolkata,2024-06-06,0.0,114.965,5,275,0.0,0.0,0.0,0.0,0.0,0.0,0.0,0.0,0.0,41.16,0.0,0.0,96.78,0.0,0.0,0.0,0.0,52.85,0.0,0.0,0.0,0.0,0.0,0.0,0.0,130.59,0.0,0.0,0.0,0.0,0.0,0.0,0.0,0.0,0.0,0.0,0.0,0.0,0.0,0.0,0.0,138.48,0.0,0.0,0.0,0.0,0.0,0.0,0.0,0.0,T000145,P010,41.16,2023-04-12,12,4,2023,0,1,0,0,0,Low,-0.6682447380665665,2023-04
U0014,Sai Singh,20.0,1,Kolkata,2024-06-06,0.0,114.965,5,275,0.0,0.0,0.0,0.0,0.0,0.0,0.0,0.0,0.0,41.16,0.0,0.0,96.78,0.0,0.0,0.0,0.0,52.85,0.0,0.0,0.0,0.0,0.0,0.0,0.0,130.59,0.0,0.0,0.0,0.0,0.0,0.0,0.0,0.0,0.0,0.0,0.0,0.0,0.0,0.0,0.0,138.48,0.0,0.0,0.0,0.0,0.0,0.0,0.0,0.0,T000217,P042,138.48,2025-01-30,30,1,2025,0,0,1,0,0,High,2.009401661128999,2025-01
U0014,Sai Singh,20.0,1,Kolkata,2024-06-06,0.0,114.965,5,275,0.0,0.0,0.0,0.0,0.0,0.0,0.0,0.0,0.0,41.16,0.0,0.0,96.78,0.0,0.0,0.0,0.0,52.85,0.0,0.0,0.0,0.0,0.0,0.0,0.0,130.59,0.0,0.0,0.0,0.0,0.0,0.0,0.0,0.0,0.0,0.0,0.0,0.0,0.0,0.0,0.0,138.48,0.0,0.0,0.0,0.0,0.0,0.0,0.0,0.0,T000448,P018,52.85,2023-03-22,22,3,2023,0,0,1,0,0,Medium,-0.34660800967984046,2023-03
U0014,Sai Singh,20.0,1,Kolkata,2024-06-06,0.0,114.965,5,275,0.0,0.0,0.0,0.0,0.0,0.0,0.0,0.0,0.0,41.16,0.0,0.0,96.78,0.0,0.0,0.0,0.0,52.85,0.0,0.0,0.0,0.0,0.0,0.0,0.0,130.59,0.0,0.0,0.0,0.0,0.0,0.0,0.0,0.0,0.0,0.0,0.0,0.0,0.0,0.0,0.0,138.48,0.0,0.0,0.0,0.0,0.0,0.0,0.0,0.0,T000626,P026,130.59,2024-09-17,17,9,2024,0,0,0,0,1,High,1.792317504844032,2024-09
U0015,Vihaan Bose,20.0,0,Thane,2023-10-13,0.0,108.845,5,146,0.0,0.0,0.0,0.0,0.0,0.0,0.0,136.17,0.0,0.0,0.0,0.0,0.0,0.0,0.0,154.71,0.0,0.0,0.0,0.0,0.0,0.0,0.0,0.0,0.0,0.0,0.0,0.0,0.0,0.0,0.0,53.52,0.0,0.0,0.0,0.0,0.0,0.0,43.71,0.0,47.27,0.0,0.0,0.0,0.0,0.0,0.0,0.0,0.0,0.0,T000295,P008,136.17,2023-11-10,10,11,2023,0,0,0,0,0,High,1.945844702825035,2023-11
U0015,Vihaan Bose,20.0,0,Thane,2023-10-13,0.0,108.845,5,146,0.0,0.0,0.0,0.0,0.0,0.0,0.0,136.17,0.0,0.0,0.0,0.0,0.0,0.0,0.0,154.71,0.0,0.0,0.0,0.0,0.0,0.0,0.0,0.0,0.0,0.0,0.0,0.0,0.0,0.0,0.0,53.52,0.0,0.0,0.0,0.0,0.0,0.0,43.71,0.0,47.27,0.0,0.0,0.0,0.0,0.0,0.0,0.0,0.0,0.0,T000487,P041,47.27,2023-12-17,17,12,2023,1,0,0,0,0,Medium,-0.5001352076608439,2023-12
U0015,Vihaan Bose,20.0,0,Thane,2023-10-13,0.0,108.845,5,146,0.0,0.0,0.0,0.0,0.0,0.0,0.0,136.17,0.0,0.0,0.0,0.0,0.0,0.0,0.0,154.71,0.0,0.0,0.0,0.0,0.0,0.0,0.0,0.0,0.0,0.0,0.0,0.0,0.0,0.0,0.0,53.52,0.0,0.0,0.0,0.0,0.0,0.0,43.71,0.0,47.27,0.0,0.0,0.0,0.0,0.0,0.0,0.0,0.0,0.0,T000664,P016,154.71,2025-06-08,8,6,2025,1,0,0,0,0,High,2.455951199342563,2025-06
U0015,Vihaan Bose,20.0,0,Thane,2023-10-13,0.0,108.845,5,146,0.0,0.0,0.0,0.0,0.0,0.0,0.0,136.17,0.0,0.0,0.0,0.0,0.0,0.0,0.0,154.71,0.0,0.0,0.0,0.0,0.0,0.0,0.0,0.0,0.0,0.0,0.0,0.0,0.0,0.0,0.0,53.52,0.0,0.0,0.0,0.0,0.0,0.0,43.71,0.0,47.27,0.0,0.0,0.0,0.0,0.0,0.0,0.0,0.0,0.0,T000675,P032,53.52,2023-12-08,8,12,2023,0,0,0,0,0,Medium,-0.32817374038821456,2023-12
U0015,Vihaan Bose,20.0,0,Thane,2023-10-13,0.0,108.845,5,146,0.0,0.0,0.0,0.0,0.0,0.0,0.0,136.17,0.0,0.0,0.0,0.0,0.0,0.0,0.0,154.71,0.0,0.0,0.0,0.0,0.0,0.0,0.0,0.0,0.0,0.0,0.0,0.0,0.0,0.0,0.0,53.52,0.0,0.0,0.0,0.0,0.0,0.0,43.71,0.0,47.27,0.0,0.0,0.0,0.0,0.0,0.0,0.0,0.0,0.0,T000860,P039,43.71,2024-10-16,16,10,2024,0,0,1,0,0,Medium,-0.5980844594193336,2024-10
U0016,Diya Iyer,27.0,0,Kanpur,2022-08-03,0.29166666666666674,51.365,2,82,0.0,0.0,0.0,0.0,0.0,0.0,0.0,0.0,0.0,0.0,0.0,0.0,0.0,0.0,0.0,0.0,0.0,0.0,0.0,0.0,0.0,0.0,0.0,0.0,0.0,36.03,0.0,0.0,0.0,0.0,0.0,0.0,0.0,0.0,0.0,0.0,0.0,0.0,0.0,0.0,0.0,0.0,66.7,0.0,0.0,0.0,0.0,0.0,0.0,0.0,T000096,P026,36.03,2024-01-24,24,1,2024,0,0,0,1,0,Low,-0.8093907104039405,2024-01
U0016,Diya Iyer,27.0,0,Kanpur,2022-08-03,0.29166666666666674,51.365,2,82,0.0,0.0,0.0,0.0,0.0,0.0,0.0,0.0,0.0,0.0,0.0,0.0,0.0,0.0,0.0,0.0,0.0,0.0,0.0,0.0,0.0,0.0,0.0,0.0,0.0,36.03,0.0,0.0,0.0,0.0,0.0,0.0,0.0,0.0,0.0,0.0,0.0,0.0,0.0,0.0,0.0,0.0,66.7,0.0,0.0,0.0,0.0,0.0,0.0,0.0,T000394,P043,66.7,2025-08-11,11,8,2025,1,0,0,0,0,Medium,0.034458601796306124,2025-08
U0017,Ishaan Gupta,23.0,2,Pune,2023-07-01,0.125,91.42,5,55,0.0,0.0,0.0,0.0,0.0,0.0,0.0,83.98,55.29,0.0,0.0,0.0,0.0,0.0,0.0,0.0,0.0,0.0,0.0,150.25,0.0,53.77,0.0,0.0,0.0,0.0,0.0,0.0,0.0,0.0,0.0,0.0,0.0,0.0,22.39,0.0,0.0,0.0,0.0,0.0,0.0,0.0,0.0,0.0,0.0,0.0,0.0,0.0,0.0,0.0,T000116,P009,55.29,2024-10-27,27,10,2024,0,0,0,1,0,Medium,-0.27947425285660604,2024-10
U0017,Ishaan Gupta,23.0,2,Pune,2023-07-01,0.125,91.42,5,55,0.0,0.0,0.0,0.0,0.0,0.0,0.0,83.98,55.29,0.0,0.0,0.0,0.0,0.0,0.0,0.0,0.0,0.0,0.0,150.25,0.0,53.77,0.0,0.0,0.0,0.0,0.0,0.0,0.0,0.0,0.0,0.0,0.0,0.0,22.39,0.0,0.0,0.0,0.0,0.0,0.0,0.0,0.0,0.0,0.0,0.0,0.0,0.0,0.0,0.0,T000234,P008,83.98,2023-02-03,3,2,2023,0,0,1,0,0,High,0.5098976665116717,2023-02
U0017,Ishaan Gupta,23.0,2,Pune,2023-07-01,0.125,91.42,5,55,0.0,0.0,0.0,0.0,0.0,0.0,0.0,83.98,55.29,0.0,0.0,0.0,0.0,0.0,0.0,0.0,0.0,0.0,0.0,150.25,0.0,53.77,0.0,0.0,0.0,0.0,0.0,0.0,0.0,0.0,0.0,0.0,0.0,0.0,22.39,0.0,0.0,0.0,0.0,0.0,0.0,0.0,0.0,0.0,0.0,0.0,0.0,0.0,0.0,0.0,T000289,P020,150.25,2025-09-07,7,9,2025,0,0,1,0,0,High,2.3332394962968146,2025-09
U0017,Ishaan Gupta,23.0,2,Pune,2023-07-01,0.125,91.42,5,55,0.0,0.0,0.0,0.0,0.0,0.0,0.0,83.98,55.29,0.0,0.0,0.0,0.0,0.0,0.0,0.0,0.0,0.0,0.0,150.25,0.0,53.77,0.0,0.0,0.0,0.0,0.0,0.0,0.0,0.0,0.0,0.0,0.0,0.0,22.39,0.0,0.0,0.0,0.0,0.0,0.0,0.0,0.0,0.0,0.0,0.0,0.0,0.0,0.0,0.0,T000616,P035,22.39,2024-03-22,22,3,2024,0,0,1,0,0,Low,-1.1846794165797268,2024-03
U0017,Ishaan Gupta,23.0,2,Pune,2023-07-01,0.125,91.42,5,55,0.0,0.0,0.0,0.0,0.0,0.0,0.0,83.98,55.29,0.0,0.0,0.0,0.0,0.0,0.0,0.0,0.0,0.0,0.0,150.25,0.0,53.77,0.0,0.0,0.0,0.0,0.0,0.0,0.0,0.0,0.0,0.0,0.0,0.0,22.39,0.0,0.0,0.0,0.0,0.0,0.0,0.0,0.0,0.0,0.0,0.0,0.0,0.0,0.0,0.0,T000857,P022,53.77,2024-10-27,27,10,2024,0,0,0,1,0,Medium,-0.32129528169730937,2024-10
U0018,Sai Iyer,34.0,0,Nagpur,2022-10-04,0.5833333333333333,99.59,5,339,0.0,0.0,0.0,0.0,0.0,0.0,0.0,0.0,0.0,38.93,0.0,0.0,0.0,0.0,0.0,0.0,0.0,104.94,0.0,0.0,0.0,0.0,0.0,0.0,0.0,0.0,0.0,0.0,0.0,0.0,215.66000000000003,0.0,0.0,138.42,0.0,0.0,0.0,0.0,0.0,0.0,0.0,0.0,0.0,0.0,0.0,0.0,0.0,0.0,0.0,0.0,T000026,P018,104.94,2024-11-27,27,11,2024,0,0,1,0,0,High,1.0865876431571613,2024-11
U0018,Sai Iyer,34.0,0,Nagpur,2022-10-04,0.5833333333333333,99.59,5,339,0.0,0.0,0.0,0.0,0.0,0.0,0.0,0.0,0.0,38.93,0.0,0.0,0.0,0.0,0.0,0.0,0.0,104.94,0.0,0.0,0.0,0.0,0.0,0.0,0.0,0.0,0.0,0.0,0.0,0.0,215.66000000000003,0.0,0.0,138.42,0.0,0.0,0.0,0.0,0.0,0.0,0.0,0.0,0.0,0.0,0.0,0.0,0.0,0.0,0.0,0.0,T000140,P010,38.93,2023-03-04,4,3,2023,0,0,0,0,1,Low,-0.7296005895894405,2023-03
U0018,Sai Iyer,34.0,0,Nagpur,2022-10-04,0.5833333333333333,99.59,5,339,0.0,0.0,0.0,0.0,0.0,0.0,0.0,0.0,0.0,38.93,0.0,0.0,0.0,0.0,0.0,0.0,0.0,104.94,0.0,0.0,0.0,0.0,0.0,0.0,0.0,0.0,0.0,0.0,0.0,0.0,215.66000000000003,0.0,0.0,138.42,0.0,0.0,0.0,0.0,0.0,0.0,0.0,0.0,0.0,0.0,0.0,0.0,0.0,0.0,0.0,0.0,T000178,P031,60.95,2024-09-12,12,9,2024,0,0,1,0,0,Medium,-0.12374594809451285,2024-09
U0018,Sai Iyer,34.0,0,Nagpur,2022-10-04,0.5833333333333333,99.59,5,339,0.0,0.0,0.0,0.0,0.0,0.0,0.0,0.0,0.0,38.93,0.0,0.0,0.0,0.0,0.0,0.0,0.0,104.94,0.0,0.0,0.0,0.0,0.0,0.0,0.0,0.0,0.0,0.0,0.0,0.0,215.66000000000003,0.0,0.0,138.42,0.0,0.0,0.0,0.0,0.0,0.0,0.0,0.0,0.0,0.0,0.0,0.0,0.0,0.0,0.0,0.0,T000415,P031,154.71,2024-08-10,10,8,2024,1,0,0,0,0,High,2.455951199342563,2024-08
U0018,Sai Iyer,34.0,0,Nagpur,2022-10-04,0.5833333333333333,99.59,5,339,0.0,0.0,0.0,0.0,0.0,0.0,0.0,0.0,0.0,38.93,0.0,0.0,0.0,0.0,0.0,0.0,0.0,104.94,0.0,0.0,0.0,0.0,0.0,0.0,0.0,0.0,0.0,0.0,0.0,0.0,215.66000000000003,0.0,0.0,138.42,0.0,0.0,0.0,0.0,0.0,0.0,0.0,0.0,0.0,0.0,0.0,0.0,0.0,0.0,0.0,0.0,T000637,P034,138.42,2023-01-18,18,1,2023,0,0,0,0,0,High,2.0077508310431815,2023-01
U0019,Aarohi Ghosh,24.0,2,Lucknow,2024-05-13,0.16666666666666674,61.866666666666674,3,225,0.0,0.0,0.0,0.0,0.0,0.0,0.0,0.0,0.0,0.0,0.0,0.0,47.53,0.0,0.0,0.0,0.0,0.0,0.0,0.0,0.0,0.0,0.0,71.81,0.0,66.26,0.0,0.0,0.0,0.0,0.0,0.0,0.0,0.0,0.0,0.0,0.0,0.0,0.0,0.0,0.0,0.0,0.0,0.0,0.0,0.0,0.0,0.0,0.0,0.0,T000159,P026,66.26,2023-03-28,28,3,2023,0,0,0,0,1,Medium,0.02235251450031308,2023-03
U0019,Aarohi Ghosh,24.0,2,Lucknow,2024-05-13,0.16666666666666674,61.866666666666674,3,225,0.0,0.0,0.0,0.0,0.0,0.0,0.0,0.0,0.0,0.0,0.0,0.0,47.53,0.0,0.0,0.0,0.0,0.0,0.0,0.0,0.0,0.0,0.0,71.81,0.0,66.26,0.0,0.0,0.0,0.0,0.0,0.0,0.0,0.0,0.0,0.0,0.0,0.0,0.0,0.0,0.0,0.0,0.0,0.0,0.0,0.0,0.0,0.0,0.0,0.0,T000449,P013,47.53,2024-03-20,20,3,2024,0,0,0,0,0,Medium,-0.49298161062230256,2024-03
U0019,Aarohi Ghosh,24.0,2,Lucknow,2024-05-13,0.16666666666666674,61.866666666666674,3,225,0.0,0.0,0.0,0.0,0.0,0.0,0.0,0.0,0.0,0.0,0.0,0.0,47.53,0.0,0.0,0.0,0.0,0.0,0.0,0.0,0.0,0.0,0.0,71.81,0.0,66.26,0.0,0.0,0.0,0.0,0.0,0.0,0.0,0.0,0.0,0.0,0.0,0.0,0.0,0.0,0.0,0.0,0.0,0.0,0.0,0.0,0.0,0.0,0.0,0.0,T000758,P024,71.81,2025-03-21,21,3,2025,0,0,0,0,1,Medium,0.17505429743840784,2025-03
U0020,Vivaan Ghosh,20.0,1,Lucknow,2023-02-15,0.0,71.65,4,210,0.0,0.0,0.0,0.0,0.0,0.0,0.0,0.0,0.0,0.0,0.0,0.0,0.0,0.0,0.0,0.0,0.0,0.0,0.0,77.93,0.0,0.0,0.0,0.0,0.0,0.0,0.0,0.0,0.0,0.0,36.71,0.0,0.0,0.0,0.0,0.0,123.15,0.0,0.0,0.0,48.81,0.0,0.0,0.0,0.0,0.0,0.0,0.0,0.0,0.0,T000039,P031,36.71,2024-11-24,24,11,2024,0,0,0,1,0,Low,-0.7906813027646784,2024-11
U0020,Vivaan Ghosh,20.0,1,Lucknow,2023-02-15,0.0,71.65,4,210,0.0,0.0,0.0,0.0,0.0,0.0,0.0,0.0,0.0,0.0,0.0,0.0,0.0,0.0,0.0,0.0,0.0,0.0,0.0,77.93,0.0,0.0,0.0,0.0,0.0,0.0,0.0,0.0,0.0,0.0,36.71,0.0,0.0,0.0,0.0,0.0,123.15,0.0,0.0,0.0,48.81,0.0,0.0,0.0,0.0,0.0,0.0,0.0,0.0,0.0,T000404,P037,123.15,2023-05-07,7,5,2023,1,0,0,0,0,High,1.5876145742026941,2023-05
U0020,Vivaan Ghosh,20.0,1,Lucknow,2023-02-15,0.0,71.65,4,210,0.0,0.0,0.0,0.0,0.0,0.0,0.0,0.0,0.0,0.0,0.0,0.0,0.0,0.0,0.0,0.0,0.0,0.0,0.0,77.93,0.0,0.0,0.0,0.0,0.0,0.0,0.0,0.0,0.0,0.0,36.71,0.0,0.0,0.0,0.0,0.0,123.15,0.0,0.0,0.0,48.81,0.0,0.0,0.0,0.0,0.0,0.0,0.0,0.0,0.0,T000495,P020,77.93,2024-05-07,7,5,2024,0,1,0,0,0,High,0.34343896619176656,2024-05
U0020,Vivaan Ghosh,20.0,1,Lucknow,2023-02-15,0.0,71.65,4,210,0.0,0.0,0.0,0.0,0.0,0.0,0.0,0.0,0.0,0.0,0.0,0.0,0.0,0.0,0.0,0.0,0.0,0.0,0.0,77.93,0.0,0.0,0.0,0.0,0.0,0.0,0.0,0.0,0.0,0.0,36.71,0.0,0.0,0.0,0.0,0.0,123.15,0.0,0.0,0.0,48.81,0.0,0.0,0.0,0.0,0.0,0.0,0.0,0.0,0.0,T000611,P041,48.81,2025-04-05,5,4,2025,1,0,0,0,0,Medium,-0.45776390212486806,2025-04
U0021,Ishaan Gupta,43.0,1,Patna,2024-06-16,0.9583333333333333,83.7875,4,473,0.0,0.0,0.0,0.0,0.0,0.0,0.0,0.0,0.0,0.0,0.0,0.0,0.0,0.0,0.0,0.0,48.71,0.0,0.0,0.0,119.5,0.0,0.0,97.8,0.0,69.14,0.0,0.0,0.0,0.0,0.0,0.0,0.0,0.0,0.0,0.0,0.0,0.0,0.0,0.0,0.0,0.0,0.0,0.0,0.0,0.0,0.0,0.0,0.0,0.0,T000115,P021,119.5,2023-10-31,31,10,2023,0,0,0,0,0,High,1.4871890773154786,2023-10
U0021,Ishaan Gupta,43.0,1,Patna,2024-06-16,0.9583333333333333,83.7875,4,473,0.0,0.0,0.0,0.0,0.0,0.0,0.0,0.0,0.0,0.0,0.0,0.0,0.0,0.0,0.0,0.0,48.71,0.0,0.0,0.0,119.5,0.0,0.0,97.8,0.0,69.14,0.0,0.0,0.0,0.0,0.0,0.0,0.0,0.0,0.0,0.0,0.0,0.0,0.0,0.0,0.0,0.0,0.0,0.0,0.0,0.0,0.0,0.0,0.0,0.0,T000224,P024,97.8,2023-02-27,27,2,2023,0,1,0,0,0,High,0.8901388629449094,2023-02
U0021,Ishaan Gupta,43.0,1,Patna,2024-06-16,0.9583333333333333,83.7875,4,473,0.0,0.0,0.0,0.0,0.0,0.0,0.0,0.0,0.0,0.0,0.0,0.0,0.0,0.0,0.0,0.0,48.71,0.0,0.0,0.0,119.5,0.0,0.0,97.8,0.0,69.14,0.0,0.0,0.0,0.0,0.0,0.0,0.0,0.0,0.0,0.0,0.0,0.0,0.0,0.0,0.0,0.0,0.0,0.0,0.0,0.0,0.0,0.0,0.0,0.0,T000298,P017,48.71,2024-07-16,16,7,2024,0,1,0,0,0,Medium,-0.4605152856012302,2024-07
U0021,Ishaan Gupta,43.0,1,Patna,2024-06-16,0.9583333333333333,83.7875,4,473,0.0,0.0,0.0,0.0,0.0,0.0,0.0,0.0,0.0,0.0,0.0,0.0,0.0,0.0,0.0,0.0,48.71,0.0,0.0,0.0,119.5,0.0,0.0,97.8,0.0,69.14,0.0,0.0,0.0,0.0,0.0,0.0,0.0,0.0,0.0,0.0,0.0,0.0,0.0,0.0,0.0,0.0,0.0,0.0,0.0,0.0,0.0,0.0,0.0,0.0,T000806,P026,69.14,2023-03-13,13,3,2023,0,0,0,0,1,Medium,0.10159235861954054,2023-03
U0022,Anaya Das,30.0,2,Bhopal,2023-02-10,0.41666666666666674,65.67,5,188,0.0,0.0,0.0,0.0,0.0,0.0,0.0,0.0,0.0,0.0,0.0,0.0,0.0,0.0,0.0,0.0,0.0,0.0,0.0,0.0,0.0,0.0,0.0,0.0,0.0,0.0,0.0,0.0,0.0,0.0,0.0,43.6,0.0,0.0,0.0,0.0,71.92,0.0,0.0,0.0,39.2,0.0,95.09,0.0,0.0,0.0,0.0,0.0,0.0,78.54,T000488,P032,43.6,2024-11-09,9,11,2024,0,0,1,0,0,Medium,-0.6011109812433318,2024-11
U0022,Anaya Das,30.0,2,Bhopal,2023-02-10,0.41666666666666674,65.67,5,188,0.0,0.0,0.0,0.0,0.0,0.0,0.0,0.0,0.0,0.0,0.0,0.0,0.0,0.0,0.0,0.0,0.0,0.0,0.0,0.0,0.0,0.0,0.0,0.0,0.0,0.0,0.0,0.0,0.0,0.0,0.0,43.6,0.0,0.0,0.0,0.0,71.92,0.0,0.0,0.0,39.2,0.0,95.09,0.0,0.0,0.0,0.0,0.0,0.0,78.54,T000506,P050,78.54,2024-08-27,27,8,2024,0,0,0,0,0,High,0.36022240539757516,2024-08
U0022,Anaya Das,30.0,2,Bhopal,2023-02-10,0.41666666666666674,65.67,5,188,0.0,0.0,0.0,0.0,0.0,0.0,0.0,0.0,0.0,0.0,0.0,0.0,0.0,0.0,0.0,0.0,0.0,0.0,0.0,0.0,0.0,0.0,0.0,0.0,0.0,0.0,0.0,0.0,0.0,0.0,0.0,43.6,0.0,0.0,0.0,0.0,71.92,0.0,0.0,0.0,39.2,0.0,95.09,0.0,0.0,0.0,0.0,0.0,0.0,78.54,T000588,P037,71.92,2024-03-27,27,3,2024,1,0,0,0,0,Medium,0.1780808192624061,2024-03
U0022,Anaya Das,30.0,2,Bhopal,2023-02-10,0.41666666666666674,65.67,5,188,0.0,0.0,0.0,0.0,0.0,0.0,0.0,0.0,0.0,0.0,0.0,0.0,0.0,0.0,0.0,0.0,0.0,0.0,0.0,0.0,0.0,0.0,0.0,0.0,0.0,0.0,0.0,0.0,0.0,0.0,0.0,43.6,0.0,0.0,0.0,0.0,71.92,0.0,0.0,0.0,39.2,0.0,95.09,0.0,0.0,0.0,0.0,0.0,0.0,78.54,T000659,P041,39.2,2023-11-09,9,11,2023,0,0,0,0,0,Low,-0.7221718542032628,2023-11
U0022,Anaya Das,30.0,2,Bhopal,2023-02-10,0.41666666666666674,65.67,5,188,0.0,0.0,0.0,0.0,0.0,0.0,0.0,0.0,0.0,0.0,0.0,0.0,0.0,0.0,0.0,0.0,0.0,0.0,0.0,0.0,0.0,0.0,0.0,0.0,0.0,0.0,0.0,0.0,0.0,0.0,0.0,43.6,0.0,0.0,0.0,0.0,71.92,0.0,0.0,0.0,39.2,0.0,95.09,0.0,0.0,0.0,0.0,0.0,0.0,78.54,T000802,P043,95.09,2025-04-27,27,4,2025,0,0,0,1,0,High,0.8155763707354975,2025-04
U0023,Myra Reddy,32.0,0,Ahmedabad,2022-09-10,0.5,49.03,5,324,0.0,0.0,0.0,0.0,0.0,0.0,0.0,0.0,0.0,0.0,0.0,0.0,0.0,0.0,0.0,0.0,0.0,0.0,0.0,0.0,0.0,0.0,0.0,0.0,0.0,0.0,0.0,82.61,53.32,0.0,0.0,0.0,0.0,0.0,0.0,44.01,0.0,0.0,0.0,0.0,0.0,0.0,0.0,30.77,0.0,0.0,34.44,0.0,0.0,0.0,T000165,P028,82.61,2024-05-13,13,5,2024,1,0,0,0,0,High,0.4722037128855112,2024-05
U0023,Myra Reddy,32.0,0,Ahmedabad,2022-09-10,0.5,49.03,5,324,0.0,0.0,0.0,0.0,0.0,0.0,0.0,0.0,0.0,0.0,0.0,0.0,0.0,0.0,0.0,0.0,0.0,0.0,0.0,0.0,0.0,0.0,0.0,0.0,0.0,0.0,0.0,82.61,53.32,0.0,0.0,0.0,0.0,0.0,0.0,44.01,0.0,0.0,0.0,0.0,0.0,0.0,0.0,30.77,0.0,0.0,34.44,0.0,0.0,0.0,T000282,P044,30.77,2024-12-12,12,12,2024,0,0,0,1,0,Low,-0.9541134812605855,2024-12
U0023,Myra Reddy,32.0,0,Ahmedabad,2022-09-10,0.5,49.03,5,324,0.0,0.0,0.0,0.0,0.0,0.0,0.0,0.0,0.0,0.0,0.0,0.0,0.0,0.0,0.0,0.0,0.0,0.0,0.0,0.0,0.0,0.0,0.0,0.0,0.0,0.0,0.0,82.61,53.32,0.0,0.0,0.0,0.0,0.0,0.0,44.01,0.0,0.0,0.0,0.0,0.0,0.0,0.0,30.77,0.0,0.0,34.44,0.0,0.0,0.0,T000597,P029,53.32,2024-04-30,30,4,2024,1,0,0,0,0,Medium,-0.3336765073409388,2024-04
U0023,Myra Reddy,32.0,0,Ahmedabad,2022-09-10,0.5,49.03,5,324,0.0,0.0,0.0,0.0,0.0,0.0,0.0,0.0,0.0,0.0,0.0,0.0,0.0,0.0,0.0,0.0,0.0,0.0,0.0,0.0,0.0,0.0,0.0,0.0,0.0,0.0,0.0,82.61,53.32,0.0,0.0,0.0,0.0,0.0,0.0,44.01,0.0,0.0,0.0,0.0,0.0,0.0,0.0,30.77,0.0,0.0,34.44,0.0,0.0,0.0,T000634,P047,34.44,2023-07-31,31,7,2023,1,0,0,0,0,Low,-0.8531377076780975,2023-07
U0023,Myra Reddy,32.0,0,Ahmedabad,2022-09-10,0.5,49.03,5,324,0.0,0.0,0.0,0.0,0.0,0.0,0.0,0.0,0.0,0.0,0.0,0.0,0.0,0.0,0.0,0.0,0.0,0.0,0.0,0.0,0.0,0.0,0.0,0.0,0.0,0.0,0.0,82.61,53.32,0.0,0.0,0.0,0.0,0.0,0.0,44.01,0.0,0.0,0.0,0.0,0.0,0.0,0.0,30.77,0.0,0.0,34.44,0.0,0.0,0.0,T000688,P036,44.01,2023-01-17,17,1,2023,0,0,1,0,0,Medium,-0.5898303089902475,2023-01
U0024,Aarohi Kapoor,20.0,0,Patna,2023-03-15,0.0,71.73111111111112,11,90,0.0,0.0,112.61,0.0,0.0,29.86,0.0,0.0,0.0,0.0,62.27,0.0,0.0,0.0,279.73,0.0,0.0,0.0,0.0,0.0,0.0,0.0,0.0,0.0,0.0,0.0,0.0,0.0,0.0,0.0,31.1,0.0,25.87,0.0,0.0,0.0,0.0,0.0,24.68,0.0,0.0,46.12,0.0,0.0,0.0,0.0,0.0,33.34,0.0,0.0,T000001,P015,67.67,2023-02-12,12,2,2023,0,0,0,0,1,Medium,0.06114702151701816,2023-02
U0024,Aarohi Kapoor,20.0,0,Patna,2023-03-15,0.0,71.73111111111112,11,90,0.0,0.0,112.61,0.0,0.0,29.86,0.0,0.0,0.0,0.0,62.27,0.0,0.0,0.0,279.73,0.0,0.0,0.0,0.0,0.0,0.0,0.0,0.0,0.0,0.0,0.0,0.0,0.0,0.0,0.0,31.1,0.0,25.87,0.0,0.0,0.0,0.0,0.0,24.68,0.0,0.0,46.12,0.0,0.0,0.0,0.0,0.0,33.34,0.0,0.0,T000006,P031,31.1,2025-04-16,16,4,2025,0,0,0,1,0,Low,-0.9450339157885905,2025-04
U0024,Aarohi Kapoor,20.0,0,Patna,2023-03-15,0.0,71.73111111111112,11,90,0.0,0.0,112.61,0.0,0.0,29.86,0.0,0.0,0.0,0.0,62.27,0.0,0.0,0.0,279.73,0.0,0.0,0.0,0.0,0.0,0.0,0.0,0.0,0.0,0.0,0.0,0.0,0.0,0.0,0.0,31.1,0.0,25.87,0.0,0.0,0.0,0.0,0.0,24.68,0.0,0.0,46.12,0.0,0.0,0.0,0.0,0.0,33.34,0.0,0.0,T000020,P015,57.35,2025-08-03,3,8,2025,1,0,0,0,0,Medium,-0.22279575324354736,2025-08
U0024,Aarohi Kapoor,20.0,0,Patna,2023-03-15,0.0,71.73111111111112,11,90,0.0,0.0,112.61,0.0,0.0,29.86,0.0,0.0,0.0,0.0,62.27,0.0,0.0,0.0,279.73,0.0,0.0,0.0,0.0,0.0,0.0,0.0,0.0,0.0,0.0,0.0,0.0,0.0,0.0,0.0,31.1,0.0,25.87,0.0,0.0,0.0,0.0,0.0,24.68,0.0,0.0,46.12,0.0,0.0,0.0,0.0,0.0,33.34,0.0,0.0,T000125,P006,29.86,2025-06-03,3,6,2025,1,0,0,0,0,Low,-0.9791510708954801,2025-06
U0024,Aarohi Kapoor,20.0,0,Patna,2023-03-15,0.0,71.73111111111112,11,90,0.0,0.0,112.61,0.0,0.0,29.86,0.0,0.0,0.0,0.0,62.27,0.0,0.0,0.0,279.73,0.0,0.0,0.0,0.0,0.0,0.0,0.0,0.0,0.0,0.0,0.0,0.0,0.0,0.0,0.0,31.1,0.0,25.87,0.0,0.0,0.0,0.0,0.0,24.68,0.0,0.0,46.12,0.0,0.0,0.0,0.0,0.0,33.34,0.0,0.0,T000141,P048,33.34,2024-03-16,16,3,2024,0,0,0,0,0,Low,-0.8834029259180801,2024-03
U0024,Aarohi Kapoor,20.0,0,Patna,2023-03-15,0.0,71.73111111111112,11,90,0.0,0.0,112.61,0.0,0.0,29.86,0.0,0.0,0.0,0.0,62.27,0.0,0.0,0.0,279.73,0.0,0.0,0.0,0.0,0.0,0.0,0.0,0.0,0.0,0.0,0.0,0.0,0.0,0.0,0.0,31.1,0.0,25.87,0.0,0.0,0.0,0.0,0.0,24.68,0.0,0.0,46.12,0.0,0.0,0.0,0.0,0.0,33.34,0.0,0.0,T000221,P015,154.71,2024-12-16,16,12,2024,0,0,1,0,0,High,2.455951199342563,2024-12
U0024,Aarohi Kapoor,20.0,0,Patna,2023-03-15,0.0,71.73111111111112,11,90,0.0,0.0,112.61,0.0,0.0,29.86,0.0,0.0,0.0,0.0,62.27,0.0,0.0,0.0,279.73,0.0,0.0,0.0,0.0,0.0,0.0,0.0,0.0,0.0,0.0,0.0,0.0,0.0,0.0,0.0,31.1,0.0,25.87,0.0,0.0,0.0,0.0,0.0,24.68,0.0,0.0,46.12,0.0,0.0,0.0,0.0,0.0,33.34,0.0,0.0,T000408,P033,25.87,2023-04-24,24,4,2023,0,0,1,0,0,Low,-1.0889312716023265,2023-04
U0024,Aarohi Kapoor,20.0,0,Patna,2023-03-15,0.0,71.73111111111112,11,90,0.0,0.0,112.61,0.0,0.0,29.86,0.0,0.0,0.0,0.0,62.27,0.0,0.0,0.0,279.73,0.0,0.0,0.0,0.0,0.0,0.0,0.0,0.0,0.0,0.0,0.0,0.0,0.0,0.0,0.0,31.1,0.0,25.87,0.0,0.0,0.0,0.0,0.0,24.68,0.0,0.0,46.12,0.0,0.0,0.0,0.0,0.0,33.34,0.0,0.0,T000699,P003,112.61,2025-04-25,25,4,2025,0,1,0,0,0,High,1.2976187557941319,2025-04
U0024,Aarohi Kapoor,20.0,0,Patna,2023-03-15,0.0,71.73111111111112,11,90,0.0,0.0,112.61,0.0,0.0,29.86,0.0,0.0,0.0,0.0,62.27,0.0,0.0,0.0,279.73,0.0,0.0,0.0,0.0,0.0,0.0,0.0,0.0,0.0,0.0,0.0,0.0,0.0,0.0,0.0,31.1,0.0,25.87,0.0,0.0,0.0,0.0,0.0,24.68,0.0,0.0,46.12,0.0,0.0,0.0,0.0,0.0,33.34,0.0,0.0,T000712,P011,62.27,2024-09-15,15,9,2024,0,0,0,0,1,Medium,-0.08742768620653353,2024-09
U0024,Aarohi Kapoor,20.0,0,Patna,2023-03-15,0.0,71.73111111111112,11,90,0.0,0.0,112.61,0.0,0.0,29.86,0.0,0.0,0.0,0.0,62.27,0.0,0.0,0.0,279.73,0.0,0.0,0.0,0.0,0.0,0.0,0.0,0.0,0.0,0.0,0.0,0.0,0.0,0.0,0.0,31.1,0.0,25.87,0.0,0.0,0.0,0.0,0.0,24.68,0.0,0.0,46.12,0.0,0.0,0.0,0.0,0.0,33.34,0.0,0.0,T000796,P042,46.12,2025-03-04,4,3,2025,0,0,0,0,0,Medium,-0.5317761176390078,2025-03
U0024,Aarohi Kapoor,20.0,0,Patna,2023-03-15,0.0,71.73111111111112,11,90,0.0,0.0,112.61,0.0,0.0,29.86,0.0,0.0,0.0,0.0,62.27,0.0,0.0,0.0,279.73,0.0,0.0,0.0,0.0,0.0,0.0,0.0,0.0,0.0,0.0,0.0,0.0,0.0,0.0,0.0,31.1,0.0,25.87,0.0,0.0,0.0,0.0,0.0,24.68,0.0,0.0,46.12,0.0,0.0,0.0,0.0,0.0,33.34,0.0,0.0,T000954,P039,24.68,2024-09-15,15,9,2024,0,0,0,0,0,Low,-1.1216727349710354,2024-09
U0025,Saanvi Bose,27.0,0,Kolkata,2022-05-22,0.29166666666666674,74.69,6,30,0.0,0.0,0.0,86.45,0.0,0.0,0.0,0.0,0.0,0.0,0.0,0.0,0.0,0.0,0.0,0.0,0.0,0.0,0.0,0.0,0.0,0.0,0.0,0.0,0.0,0.0,0.0,0.0,73.4,41.77,0.0,0.0,0.0,0.0,0.0,0.0,0.0,0.0,0.0,0.0,0.0,0.0,0.0,0.0,0.0,0.0,0.0,26.35,145.48,0.0,T000126,P048,26.35,2025-02-02,2,2,2025,0,0,0,0,1,Low,-1.0757246309157888,2025-02
U0025,Saanvi Bose,27.0,0,Kolkata,2022-05-22,0.29166666666666674,74.69,6,30,0.0,0.0,0.0,86.45,0.0,0.0,0.0,0.0,0.0,0.0,0.0,0.0,0.0,0.0,0.0,0.0,0.0,0.0,0.0,0.0,0.0,0.0,0.0,0.0,0.0,0.0,0.0,0.0,73.4,41.77,0.0,0.0,0.0,0.0,0.0,0.0,0.0,0.0,0.0,0.0,0.0,0.0,0.0,0.0,0.0,0.0,0.0,26.35,145.48,0.0,T000315,P004,38.63,2025-02-25,25,2,2025,0,0,0,1,0,Low,-0.7378547400185267,2025-02
U0025,Saanvi Bose,27.0,0,Kolkata,2022-05-22,0.29166666666666674,74.69,6,30,0.0,0.0,0.0,86.45,0.0,0.0,0.0,0.0,0.0,0.0,0.0,0.0,0.0,0.0,0.0,0.0,0.0,0.0,0.0,0.0,0.0,0.0,0.0,0.0,0.0,0.0,0.0,0.0,73.4,41.77,0.0,0.0,0.0,0.0,0.0,0.0,0.0,0.0,0.0,0.0,0.0,0.0,0.0,0.0,0.0,0.0,0.0,26.35,145.48,0.0,T000557,P029,73.4,2025-07-15,15,7,2025,0,0,0,0,1,High,0.21880129471256482,2025-07
U0025,Saanvi Bose,27.0,0,Kolkata,2022-05-22,0.29166666666666674,74.69,6,30,0.0,0.0,0.0,86.45,0.0,0.0,0.0,0.0,0.0,0.0,0.0,0.0,0.0,0.0,0.0,0.0,0.0,0.0,0.0,0.0,0.0,0.0,0.0,0.0,0.0,0.0,0.0,0.0,73.4,41.77,0.0,0.0,0.0,0.0,0.0,0.0,0.0,0.0,0.0,0.0,0.0,0.0,0.0,0.0,0.0,0.0,0.0,26.35,145.48,0.0,T000719,P030,41.77,2023-10-14,14,10,2023,1,0,0,0,0,Low,-0.6514612988607577,2023-10
U0025,Saanvi Bose,27.0,0,Kolkata,2022-05-22,0.29166666666666674,74.69,6,30,0.0,0.0,0.0,86.45,0.0,0.0,0.0,0.0,0.0,0.0,0.0,0.0,0.0,0.0,0.0,0.0,0.0,0.0,0.0,0.0,0.0,0.0,0.0,0.0,0.0,0.0,0.0,0.0,73.4,41.77,0.0,0.0,0.0,0.0,0.0,0.0,0.0,0.0,0.0,0.0,0.0,0.0,0.0,0.0,0.0,0.0,0.0,26.35,145.48,0.0,T000789,P004,47.82,2025-10-02,2,10,2025,0,0,1,0,0,Medium,-0.4850025985408526,2025-10
U0025,Saanvi Bose,27.0,0,Kolkata,2022-05-22,0.29166666666666674,74.69,6,30,0.0,0.0,0.0,86.45,0.0,0.0,0.0,0.0,0.0,0.0,0.0,0.0,0.0,0.0,0.0,0.0,0.0,0.0,0.0,0.0,0.0,0.0,0.0,0.0,0.0,0.0,0.0,0.0,73.4,41.77,0.0,0.0,0.0,0.0,0.0,0.0,0.0,0.0,0.0,0.0,0.0,0.0,0.0,0.0,0.0,0.0,0.0,26.35,145.48,0.0,T000925,P049,145.48,2023-01-20,20,1,2023,1,0,0,0,0,High,2.2019985044743438,2023-01
U0026,Ira Joshi,32.0,1,Delhi,2024-05-31,0.5,42.944,5,595,0.0,0.0,0.0,0.0,0.0,0.0,0.0,0.0,0.0,0.0,0.0,0.0,0.0,0.0,0.0,0.0,0.0,0.0,0.0,0.0,0.0,27.25,0.0,0.0,0.0,0.0,0.0,0.0,0.0,0.0,0.0,0.0,0.0,21.28,0.0,0.0,0.0,0.0,0.0,0.0,0.0,0.0,0.0,55.2,66.32,0.0,0.0,0.0,44.67,0.0,T000037,P034,21.28,2023-02-01,1,2,2023,0,0,1,0,0,Low,-1.2152197731673458,2023-02
U0026,Ira Joshi,32.0,1,Delhi,2024-05-31,0.5,42.944,5,595,0.0,0.0,0.0,0.0,0.0,0.0,0.0,0.0,0.0,0.0,0.0,0.0,0.0,0.0,0.0,0.0,0.0,0.0,0.0,0.0,0.0,27.25,0.0,0.0,0.0,0.0,0.0,0.0,0.0,0.0,0.0,0.0,0.0,21.28,0.0,0.0,0.0,0.0,0.0,0.0,0.0,0.0,0.0,55.2,66.32,0.0,0.0,0.0,44.67,0.0,T000046,P049,44.67,2023-07-25,25,7,2023,0,0,0,0,1,Medium,-0.5716711780462577,2023-07
U0026,Ira Joshi,32.0,1,Delhi,2024-05-31,0.5,42.944,5,595,0.0,0.0,0.0,0.0,0.0,0.0,0.0,0.0,0.0,0.0,0.0,0.0,0.0,0.0,0.0,0.0,0.0,0.0,0.0,0.0,0.0,27.25,0.0,0.0,0.0,0.0,0.0,0.0,0.0,0.0,0.0,0.0,0.0,21.28,0.0,0.0,0.0,0.0,0.0,0.0,0.0,0.0,0.0,55.2,66.32,0.0,0.0,0.0,44.67,0.0,T000119,P045,66.32,2024-03-16,16,3,2024,1,0,0,0,0,Medium,0.024003344586129995,2024-03
U0026,Ira Joshi,32.0,1,Delhi,2024-05-31,0.5,42.944,5,595,0.0,0.0,0.0,0.0,0.0,0.0,0.0,0.0,0.0,0.0,0.0,0.0,0.0,0.0,0.0,0.0,0.0,0.0,0.0,0.0,0.0,27.25,0.0,0.0,0.0,0.0,0.0,0.0,0.0,0.0,0.0,0.0,0.0,21.28,0.0,0.0,0.0,0.0,0.0,0.0,0.0,0.0,0.0,55.2,66.32,0.0,0.0,0.0,44.67,0.0,T000371,P044,55.2,2023-01-11,11,1,2023,0,1,0,0,0,Medium,-0.28195049798533184,2023-01
U0026,Ira Joshi,32.0,1,Delhi,2024-05-31,0.5,42.944,5,595,0.0,0.0,0.0,0.0,0.0,0.0,0.0,0.0,0.0,0.0,0.0,0.0,0.0,0.0,0.0,0.0,0.0,0.0,0.0,0.0,0.0,27.25,0.0,0.0,0.0,0.0,0.0,0.0,0.0,0.0,0.0,0.0,0.0,21.28,0.0,0.0,0.0,0.0,0.0,0.0,0.0,0.0,0.0,55.2,66.32,0.0,0.0,0.0,44.67,0.0,T000786,P022,27.25,2024-01-25,25,1,2024,0,1,0,0,0,Low,-1.0509621796285302,2024-01
U0027,Vihaan Reddy,22.0,2,Pune,2024-03-22,0.08333333333333337,60.365,4,311,0.0,69.37,0.0,0.0,87.49,0.0,0.0,0.0,0.0,0.0,0.0,0.0,0.0,0.0,0.0,0.0,0.0,0.0,30.4,0.0,0.0,0.0,0.0,0.0,0.0,0.0,0.0,0.0,0.0,0.0,0.0,0.0,0.0,0.0,0.0,0.0,54.2,0.0,0.0,0.0,0.0,0.0,0.0,0.0,0.0,0.0,0.0,0.0,0.0,0.0,T000131,P037,54.2,2024-03-11,11,3,2024,0,0,0,0,0,Medium,-0.3094643327489525,2024-03
U0027,Vihaan Reddy,22.0,2,Pune,2024-03-22,0.08333333333333337,60.365,4,311,0.0,69.37,0.0,0.0,87.49,0.0,0.0,0.0,0.0,0.0,0.0,0.0,0.0,0.0,0.0,0.0,0.0,0.0,30.4,0.0,0.0,0.0,0.0,0.0,0.0,0.0,0.0,0.0,0.0,0.0,0.0,0.0,0.0,0.0,0.0,0.0,54.2,0.0,0.0,0.0,0.0,0.0,0.0,0.0,0.0,0.0,0.0,0.0,0.0,0.0,T000514,P002,69.37,2024-12-25,25,12,2024,1,0,0,0,0,Medium,0.10792054061517341,2024-12
U0027,Vihaan Reddy,22.0,2,Pune,2024-03-22,0.08333333333333337,60.365,4,311,0.0,69.37,0.0,0.0,87.49,0.0,0.0,0.0,0.0,0.0,0.0,0.0,0.0,0.0,0.0,0.0,0.0,0.0,30.4,0.0,0.0,0.0,0.0,0.0,0.0,0.0,0.0,0.0,0.0,0.0,0.0,0.0,0.0,0.0,0.0,0.0,54.2,0.0,0.0,0.0,0.0,0.0,0.0,0.0,0.0,0.0,0.0,0.0,0.0,0.0,T000553,P019,30.4,2023-06-25,25,6,2023,0,0,1,0,0,Low,-0.964293600123125,2023-06
U0027,Vihaan Reddy,22.0,2,Pune,2024-03-22,0.08333333333333337,60.365,4,311,0.0,69.37,0.0,0.0,87.49,0.0,0.0,0.0,0.0,0.0,0.0,0.0,0.0,0.0,0.0,0.0,0.0,0.0,30.4,0.0,0.0,0.0,0.0,0.0,0.0,0.0,0.0,0.0,0.0,0.0,0.0,0.0,0.0,0.0,0.0,0.0,54.2,0.0,0.0,0.0,0.0,0.0,0.0,0.0,0.0,0.0,0.0,0.0,0.0,0.0,T000781,P005,87.49,2023-12-15,15,12,2023,0,0,0,1,0,High,0.60647122653198,2023-12
U0028,Kiara Kulkarni,35.0,1,Nagpur,2023-01-26,0.625,78.8777777777778,9,70,0.0,0.0,0.0,0.0,0.0,151.09,117.09,0.0,60.49,0.0,0.0,0.0,0.0,0.0,0.0,0.0,21.28,0.0,0.0,0.0,0.0,0.0,57.14,0.0,0.0,0.0,0.0,0.0,0.0,0.0,0.0,0.0,0.0,0.0,0.0,0.0,40.84,0.0,0.0,0.0,0.0,0.0,0.0,81.23,0.0,0.0,0.0,0.0,125.28,55.46,T000082,P044,81.23,2025-08-23,23,8,2025,0,1,0,0,0,High,0.4342346209117148,2025-08
U0028,Kiara Kulkarni,35.0,1,Nagpur,2023-01-26,0.625,78.8777777777778,9,70,0.0,0.0,0.0,0.0,0.0,151.09,117.09,0.0,60.49,0.0,0.0,0.0,0.0,0.0,0.0,0.0,21.28,0.0,0.0,0.0,0.0,0.0,57.14,0.0,0.0,0.0,0.0,0.0,0.0,0.0,0.0,0.0,0.0,0.0,0.0,0.0,40.84,0.0,0.0,0.0,0.0,0.0,0.0,81.23,0.0,0.0,0.0,0.0,125.28,55.46,T000133,P023,57.14,2025-01-22,22,1,2025,0,0,0,0,0,Medium,-0.22857365854390774,2025-01
U0028,Kiara Kulkarni,35.0,1,Nagpur,2023-01-26,0.625,78.8777777777778,9,70,0.0,0.0,0.0,0.0,0.0,151.09,117.09,0.0,60.49,0.0,0.0,0.0,0.0,0.0,0.0,0.0,21.28,0.0,0.0,0.0,0.0,0.0,57.14,0.0,0.0,0.0,0.0,0.0,0.0,0.0,0.0,0.0,0.0,0.0,0.0,0.0,40.84,0.0,0.0,0.0,0.0,0.0,0.0,81.23,0.0,0.0,0.0,0.0,125.28,55.46,T000480,P007,117.09,2023-11-01,1,11,2023,0,0,0,0,0,High,1.4208807355351527,2023-11
U0028,Kiara Kulkarni,35.0,1,Nagpur,2023-01-26,0.625,78.8777777777778,9,70,0.0,0.0,0.0,0.0,0.0,151.09,117.09,0.0,60.49,0.0,0.0,0.0,0.0,0.0,0.0,0.0,21.28,0.0,0.0,0.0,0.0,0.0,57.14,0.0,0.0,0.0,0.0,0.0,0.0,0.0,0.0,0.0,0.0,0.0,0.0,0.0,40.84,0.0,0.0,0.0,0.0,0.0,0.0,81.23,0.0,0.0,0.0,0.0,125.28,55.46,T000510,P006,151.09,2024-09-23,23,9,2024,1,0,0,0,0,High,2.356351117498256,2024-09
U0028,Kiara Kulkarni,35.0,1,Nagpur,2023-01-26,0.625,78.8777777777778,9,70,0.0,0.0,0.0,0.0,0.0,151.09,117.09,0.0,60.49,0.0,0.0,0.0,0.0,0.0,0.0,0.0,21.28,0.0,0.0,0.0,0.0,0.0,57.14,0.0,0.0,0.0,0.0,0.0,0.0,0.0,0.0,0.0,0.0,0.0,0.0,0.0,40.84,0.0,0.0,0.0,0.0,0.0,0.0,81.23,0.0,0.0,0.0,0.0,125.28,55.46,T000525,P009,60.49,2023-01-14,14,1,2023,0,0,0,1,0,Medium,-0.13640231208577838,2023-01
U0028,Kiara Kulkarni,35.0,1,Nagpur,2023-01-26,0.625,78.8777777777778,9,70,0.0,0.0,0.0,0.0,0.0,151.09,117.09,0.0,60.49,0.0,0.0,0.0,0.0,0.0,0.0,0.0,21.28,0.0,0.0,0.0,0.0,0.0,57.14,0.0,0.0,0.0,0.0,0.0,0.0,0.0,0.0,0.0,0.0,0.0,0.0,0.0,40.84,0.0,0.0,0.0,0.0,0.0,0.0,81.23,0.0,0.0,0.0,0.0,125.28,55.46,T000544,P050,55.46,2024-12-28,28,12,2024,0,1,0,0,0,Medium,-0.2747969009467905,2024-12
U0028,Kiara Kulkarni,35.0,1,Nagpur,2023-01-26,0.625,78.8777777777778,9,70,0.0,0.0,0.0,0.0,0.0,151.09,117.09,0.0,60.49,0.0,0.0,0.0,0.0,0.0,0.0,0.0,21.28,0.0,0.0,0.0,0.0,0.0,57.14,0.0,0.0,0.0,0.0,0.0,0.0,0.0,0.0,0.0,0.0,0.0,0.0,0.0,40.84,0.0,0.0,0.0,0.0,0.0,0.0,81.23,0.0,0.0,0.0,0.0,125.28,55.46,T000818,P037,40.84,2024-08-08,8,8,2024,1,0,0,0,0,Low,-0.677049165190925,2024-08
U0028,Kiara Kulkarni,35.0,1,Nagpur,2023-01-26,0.625,78.8777777777778,9,70,0.0,0.0,0.0,0.0,0.0,151.09,117.09,0.0,60.49,0.0,0.0,0.0,0.0,0.0,0.0,0.0,21.28,0.0,0.0,0.0,0.0,0.0,57.14,0.0,0.0,0.0,0.0,0.0,0.0,0.0,0.0,0.0,0.0,0.0,0.0,0.0,40.84,0.0,0.0,0.0,0.0,0.0,0.0,81.23,0.0,0.0,0.0,0.0,125.28,55.46,T000964,P017,21.28,2024-02-06,6,2,2024,0,0,0,0,0,Low,-1.2152197731673458,2024-02
U0028,Kiara Kulkarni,35.0,1,Nagpur,2023-01-26,0.625,78.8777777777778,9,70,0.0,0.0,0.0,0.0,0.0,151.09,117.09,0.0,60.49,0.0,0.0,0.0,0.0,0.0,0.0,0.0,21.28,0.0,0.0,0.0,0.0,0.0,57.14,0.0,0.0,0.0,0.0,0.0,0.0,0.0,0.0,0.0,0.0,0.0,0.0,0.0,40.84,0.0,0.0,0.0,0.0,0.0,0.0,81.23,0.0,0.0,0.0,0.0,125.28,55.46,T000967,P049,125.28,2023-04-06,6,4,2023,0,0,1,0,0,High,1.646219042249206,2023-04
U0029,Sara Roy,27.0,2,Jaipur,2024-09-21,0.29166666666666674,47.02,3,24,0.0,0.0,0.0,0.0,0.0,0.0,0.0,0.0,0.0,0.0,0.0,0.0,0.0,0.0,0.0,0.0,0.0,0.0,0.0,0.0,0.0,0.0,0.0,0.0,0.0,0.0,61.48,0.0,0.0,0.0,0.0,0.0,0.0,0.0,0.0,0.0,52.74,0.0,0.0,0.0,0.0,0.0,0.0,0.0,0.0,0.0,0.0,0.0,0.0,26.84,T000231,P050,26.84,2024-05-01,1,5,2024,0,0,0,1,0,Low,-1.0622428518816145,2024-05
U0029,Sara Roy,27.0,2,Jaipur,2024-09-21,0.29166666666666674,47.02,3,24,0.0,0.0,0.0,0.0,0.0,0.0,0.0,0.0,0.0,0.0,0.0,0.0,0.0,0.0,0.0,0.0,0.0,0.0,0.0,0.0,0.0,0.0,0.0,0.0,0.0,0.0,61.48,0.0,0.0,0.0,0.0,0.0,0.0,0.0,0.0,0.0,52.74,0.0,0.0,0.0,0.0,0.0,0.0,0.0,0.0,0.0,0.0,0.0,0.0,26.84,T000816,P027,61.48,2023-10-31,31,10,2023,0,1,0,0,0,Medium,-0.10916361566979405,2023-10
U0029,Sara Roy,27.0,2,Jaipur,2024-09-21,0.29166666666666674,47.02,3,24,0.0,0.0,0.0,0.0,0.0,0.0,0.0,0.0,0.0,0.0,0.0,0.0,0.0,0.0,0.0,0.0,0.0,0.0,0.0,0.0,0.0,0.0,0.0,0.0,0.0,0.0,61.48,0.0,0.0,0.0,0.0,0.0,0.0,0.0,0.0,0.0,52.74,0.0,0.0,0.0,0.0,0.0,0.0,0.0,0.0,0.0,0.0,0.0,0.0,26.84,T000918,P037,52.74,2025-10-08,8,10,2025,0,0,0,0,1,Medium,-0.3496345315038387,2025-10
U0030,Aarohi Sharma,29.0,2,Hyderabad,2023-11-30,0.375,84.85857142857142,9,33,0.0,0.0,0.0,0.0,0.0,0.0,176.11,0.0,0.0,0.0,0.0,0.0,0.0,0.0,0.0,0.0,83.48,0.0,0.0,0.0,0.0,0.0,0.0,0.0,0.0,51.15,0.0,0.0,0.0,109.84,0.0,0.0,0.0,0.0,0.0,0.0,0.0,0.0,0.0,0.0,0.0,0.0,0.0,34.32,0.0,0.0,102.74,0.0,36.37,0.0,T000076,P030,72.04,2023-10-16,16,10,2023,1,0,0,0,0,Medium,0.1813824794340407,2023-10
U0030,Aarohi Sharma,29.0,2,Hyderabad,2023-11-30,0.375,84.85857142857142,9,33,0.0,0.0,0.0,0.0,0.0,0.0,176.11,0.0,0.0,0.0,0.0,0.0,0.0,0.0,0.0,0.0,83.48,0.0,0.0,0.0,0.0,0.0,0.0,0.0,0.0,51.15,0.0,0.0,0.0,109.84,0.0,0.0,0.0,0.0,0.0,0.0,0.0,0.0,0.0,0.0,0.0,0.0,0.0,34.32,0.0,0.0,102.74,0.0,36.37,0.0,T000088,P007,77.71,2023-10-05,5,10,2023,0,1,0,0,0,High,0.33738592254376965,2023-10
U0030,Aarohi Sharma,29.0,2,Hyderabad,2023-11-30,0.375,84.85857142857142,9,33,0.0,0.0,0.0,0.0,0.0,0.0,176.11,0.0,0.0,0.0,0.0,0.0,0.0,0.0,0.0,0.0,83.48,0.0,0.0,0.0,0.0,0.0,0.0,0.0,0.0,51.15,0.0,0.0,0.0,109.84,0.0,0.0,0.0,0.0,0.0,0.0,0.0,0.0,0.0,0.0,0.0,0.0,0.0,34.32,0.0,0.0,102.74,0.0,36.37,0.0,T000134,P049,36.37,2024-04-08,8,4,2024,0,0,0,1,0,Low,-0.8000360065843095,2024-04
U0030,Aarohi Sharma,29.0,2,Hyderabad,2023-11-30,0.375,84.85857142857142,9,33,0.0,0.0,0.0,0.0,0.0,0.0,176.11,0.0,0.0,0.0,0.0,0.0,0.0,0.0,0.0,0.0,83.48,0.0,0.0,0.0,0.0,0.0,0.0,0.0,0.0,51.15,0.0,0.0,0.0,109.84,0.0,0.0,0.0,0.0,0.0,0.0,0.0,0.0,0.0,0.0,0.0,0.0,0.0,34.32,0.0,0.0,102.74,0.0,36.37,0.0,T000163,P026,51.15,2024-10-27,27,10,2024,1,0,0,0,0,Medium,-0.3933815287779957,2024-10
U0030,Aarohi Sharma,29.0,2,Hyderabad,2023-11-30,0.375,84.85857142857142,9,33,0.0,0.0,0.0,0.0,0.0,0.0,176.11,0.0,0.0,0.0,0.0,0.0,0.0,0.0,0.0,0.0,83.48,0.0,0.0,0.0,0.0,0.0,0.0,0.0,0.0,51.15,0.0,0.0,0.0,109.84,0.0,0.0,0.0,0.0,0.0,0.0,0.0,0.0,0.0,0.0,0.0,0.0,0.0,34.32,0.0,0.0,102.74,0.0,36.37,0.0,T000407,P044,34.32,2025-09-28,28,9,2025,0,1,0,0,0,Low,-0.8564393678497318,2025-09
U0030,Aarohi Sharma,29.0,2,Hyderabad,2023-11-30,0.375,84.85857142857142,9,33,0.0,0.0,0.0,0.0,0.0,0.0,176.11,0.0,0.0,0.0,0.0,0.0,0.0,0.0,0.0,0.0,83.48,0.0,0.0,0.0,0.0,0.0,0.0,0.0,0.0,51.15,0.0,0.0,0.0,109.84,0.0,0.0,0.0,0.0,0.0,0.0,0.0,0.0,0.0,0.0,0.0,0.0,0.0,34.32,0.0,0.0,102.74,0.0,36.37,0.0,T000554,P047,102.74,2024-12-14,14,12,2024,0,1,0,0,0,High,1.0260572066771956,2024-12
U0030,Aarohi Sharma,29.0,2,Hyderabad,2023-11-30,0.375,84.85857142857142,9,33,0.0,0.0,0.0,0.0,0.0,0.0,176.11,0.0,0.0,0.0,0.0,0.0,0.0,0.0,0.0,0.0,83.48,0.0,0.0,0.0,0.0,0.0,0.0,0.0,0.0,51.15,0.0,0.0,0.0,109.84,0.0,0.0,0.0,0.0,0.0,0.0,0.0,0.0,0.0,0.0,0.0,0.0,0.0,34.32,0.0,0.0,102.74,0.0,36.37,0.0,T000571,P017,83.48,2025-09-29,29,9,2025,0,0,0,0,1,High,0.49614074912986134,2025-09
U0030,Aarohi Sharma,29.0,2,Hyderabad,2023-11-30,0.375,84.85857142857142,9,33,0.0,0.0,0.0,0.0,0.0,0.0,176.11,0.0,0.0,0.0,0.0,0.0,0.0,0.0,0.0,0.0,83.48,0.0,0.0,0.0,0.0,0.0,0.0,0.0,0.0,51.15,0.0,0.0,0.0,109.84,0.0,0.0,0.0,0.0,0.0,0.0,0.0,0.0,0.0,0.0,0.0,0.0,0.0,34.32,0.0,0.0,102.74,0.0,36.37,0.0,T000665,P030,37.8,2023-04-23,23,4,2023,0,0,0,0,0,Low,-0.7606912228723319,2023-04
U0030,Aarohi Sharma,29.0,2,Hyderabad,2023-11-30,0.375,84.85857142857142,9,33,0.0,0.0,0.0,0.0,0.0,0.0,176.11,0.0,0.0,0.0,0.0,0.0,0.0,0.0,0.0,0.0,83.48,0.0,0.0,0.0,0.0,0.0,0.0,0.0,0.0,51.15,0.0,0.0,0.0,109.84,0.0,0.0,0.0,0.0,0.0,0.0,0.0,0.0,0.0,0.0,0.0,0.0,0.0,34.32,0.0,0.0,102.74,0.0,36.37,0.0,T000959,P007,98.4,2024-03-30,30,3,2024,0,0,0,0,1,High,0.9066471638030821,2024-03
U0031,Aarohi Khan,27.0,2,Lucknow,2022-04-25,0.29166666666666674,82.7275,4,15,64.81,0.0,0.0,0.0,0.0,0.0,0.0,0.0,0.0,0.0,0.0,0.0,0.0,0.0,0.0,0.0,0.0,0.0,0.0,0.0,0.0,0.0,0.0,0.0,0.0,0.0,0.0,31.46,0.0,0.0,0.0,0.0,0.0,0.0,0.0,0.0,0.0,0.0,0.0,0.0,0.0,154.71,0.0,0.0,0.0,0.0,0.0,0.0,79.93,0.0,T000021,P042,154.71,2025-10-17,17,10,2025,0,1,0,0,0,High,2.455951199342563,2025-10
U0031,Aarohi Khan,27.0,2,Lucknow,2022-04-25,0.29166666666666674,82.7275,4,15,64.81,0.0,0.0,0.0,0.0,0.0,0.0,0.0,0.0,0.0,0.0,0.0,0.0,0.0,0.0,0.0,0.0,0.0,0.0,0.0,0.0,0.0,0.0,0.0,0.0,0.0,0.0,31.46,0.0,0.0,0.0,0.0,0.0,0.0,0.0,0.0,0.0,0.0,0.0,0.0,0.0,154.71,0.0,0.0,0.0,0.0,0.0,0.0,79.93,0.0,T000632,P028,31.46,2023-09-28,28,9,2023,0,0,0,0,1,Low,-0.935128935273687,2023-09
U0031,Aarohi Khan,27.0,2,Lucknow,2022-04-25,0.29166666666666674,82.7275,4,15,64.81,0.0,0.0,0.0,0.0,0.0,0.0,0.0,0.0,0.0,0.0,0.0,0.0,0.0,0.0,0.0,0.0,0.0,0.0,0.0,0.0,0.0,0.0,0.0,0.0,0.0,0.0,31.46,0.0,0.0,0.0,0.0,0.0,0.0,0.0,0.0,0.0,0.0,0.0,0.0,0.0,154.71,0.0,0.0,0.0,0.0,0.0,0.0,79.93,0.0,T000667,P001,64.81,2023-10-09,9,10,2023,0,0,0,0,1,Medium,-0.017542545906936997,2023-10
U0031,Aarohi Khan,27.0,2,Lucknow,2022-04-25,0.29166666666666674,82.7275,4,15,64.81,0.0,0.0,0.0,0.0,0.0,0.0,0.0,0.0,0.0,0.0,0.0,0.0,0.0,0.0,0.0,0.0,0.0,0.0,0.0,0.0,0.0,0.0,0.0,0.0,0.0,0.0,31.46,0.0,0.0,0.0,0.0,0.0,0.0,0.0,0.0,0.0,0.0,0.0,0.0,0.0,154.71,0.0,0.0,0.0,0.0,0.0,0.0,79.93,0.0,T000808,P049,79.93,2023-12-21,21,12,2023,0,0,1,0,0,High,0.398466635719008,2023-12
U0032,Kabir Mukherjee,44.0,1,Thane,2022-01-04,1.0,155.01,2,580,61.34,0.0,0.0,0.0,0.0,0.0,0.0,0.0,0.0,0.0,0.0,0.0,0.0,0.0,0.0,0.0,0.0,0.0,0.0,0.0,0.0,0.0,0.0,0.0,0.0,0.0,0.0,0.0,0.0,93.67,0.0,0.0,0.0,0.0,0.0,0.0,0.0,0.0,0.0,0.0,0.0,0.0,0.0,0.0,0.0,0.0,0.0,0.0,0.0,0.0,T000097,P030,93.67,2024-03-10,10,3,2024,1,0,0,0,0,High,0.7765067253711561,2024-03
U0032,Kabir Mukherjee,44.0,1,Thane,2022-01-04,1.0,155.01,2,580,61.34,0.0,0.0,0.0,0.0,0.0,0.0,0.0,0.0,0.0,0.0,0.0,0.0,0.0,0.0,0.0,0.0,0.0,0.0,0.0,0.0,0.0,0.0,0.0,0.0,0.0,0.0,0.0,0.0,93.67,0.0,0.0,0.0,0.0,0.0,0.0,0.0,0.0,0.0,0.0,0.0,0.0,0.0,0.0,0.0,0.0,0.0,0.0,0.0,0.0,T000720,P001,61.34,2024-03-31,31,3,2024,1,0,0,0,0,Medium,-0.11301555253670076,2024-03
U0033,Ishaan Amin,31.0,1,Visakhapatnam,2024-07-23,0.45833333333333326,83.705,7,271,0.0,0.0,0.0,0.0,0.0,111.84,80.09,0.0,0.0,0.0,0.0,51.74,0.0,0.0,0.0,0.0,0.0,0.0,0.0,0.0,54.34,0.0,0.0,0.0,0.0,0.0,0.0,0.0,0.0,0.0,0.0,0.0,0.0,0.0,0.0,0.0,0.0,0.0,0.0,0.0,32.29,0.0,114.74,0.0,0.0,0.0,0.0,0.0,0.0,57.19,T000200,P043,114.74,2023-07-11,11,7,2023,0,0,0,0,1,High,1.3562232238406438,2023-07
U0033,Ishaan Amin,31.0,1,Visakhapatnam,2024-07-23,0.45833333333333326,83.705,7,271,0.0,0.0,0.0,0.0,0.0,111.84,80.09,0.0,0.0,0.0,0.0,51.74,0.0,0.0,0.0,0.0,0.0,0.0,0.0,0.0,54.34,0.0,0.0,0.0,0.0,0.0,0.0,0.0,0.0,0.0,0.0,0.0,0.0,0.0,0.0,0.0,0.0,0.0,0.0,0.0,32.29,0.0,114.74,0.0,0.0,0.0,0.0,0.0,0.0,57.19,T000291,P021,54.34,2023-06-01,1,6,2023,0,0,0,0,1,Medium,-0.3056123958820456,2023-06
U0033,Ishaan Amin,31.0,1,Visakhapatnam,2024-07-23,0.45833333333333326,83.705,7,271,0.0,0.0,0.0,0.0,0.0,111.84,80.09,0.0,0.0,0.0,0.0,51.74,0.0,0.0,0.0,0.0,0.0,0.0,0.0,0.0,54.34,0.0,0.0,0.0,0.0,0.0,0.0,0.0,0.0,0.0,0.0,0.0,0.0,0.0,0.0,0.0,0.0,0.0,0.0,0.0,32.29,0.0,114.74,0.0,0.0,0.0,0.0,0.0,0.0,57.19,T000293,P050,57.19,2024-01-08,8,1,2024,0,0,0,0,0,Medium,-0.2271979668057268,2024-01
U0033,Ishaan Amin,31.0,1,Visakhapatnam,2024-07-23,0.45833333333333326,83.705,7,271,0.0,0.0,0.0,0.0,0.0,111.84,80.09,0.0,0.0,0.0,0.0,51.74,0.0,0.0,0.0,0.0,0.0,0.0,0.0,0.0,54.34,0.0,0.0,0.0,0.0,0.0,0.0,0.0,0.0,0.0,0.0,0.0,0.0,0.0,0.0,0.0,0.0,0.0,0.0,0.0,32.29,0.0,114.74,0.0,0.0,0.0,0.0,0.0,0.0,57.19,T000299,P041,32.29,2023-07-11,11,7,2023,0,0,0,1,0,Low,-0.9122924524198819,2023-07
U0033,Ishaan Amin,31.0,1,Visakhapatnam,2024-07-23,0.45833333333333326,83.705,7,271,0.0,0.0,0.0,0.0,0.0,111.84,80.09,0.0,0.0,0.0,0.0,51.74,0.0,0.0,0.0,0.0,0.0,0.0,0.0,0.0,54.34,0.0,0.0,0.0,0.0,0.0,0.0,0.0,0.0,0.0,0.0,0.0,0.0,0.0,0.0,0.0,0.0,0.0,0.0,0.0,32.29,0.0,114.74,0.0,0.0,0.0,0.0,0.0,0.0,57.19,T000331,P007,80.09,2025-02-03,3,2,2025,0,0,1,0,0,High,0.40286884928118716,2025-02
U0033,Ishaan Amin,31.0,1,Visakhapatnam,2024-07-23,0.45833333333333326,83.705,7,271,0.0,0.0,0.0,0.0,0.0,111.84,80.09,0.0,0.0,0.0,0.0,51.74,0.0,0.0,0.0,0.0,0.0,0.0,0.0,0.0,54.34,0.0,0.0,0.0,0.0,0.0,0.0,0.0,0.0,0.0,0.0,0.0,0.0,0.0,0.0,0.0,0.0,0.0,0.0,0.0,32.29,0.0,114.74,0.0,0.0,0.0,0.0,0.0,0.0,57.19,T000725,P006,111.84,2023-09-08,8,9,2023,0,0,0,1,0,High,1.276433103026144,2023-09
U0033,Ishaan Amin,31.0,1,Visakhapatnam,2024-07-23,0.45833333333333326,83.705,7,271,0.0,0.0,0.0,0.0,0.0,111.84,80.09,0.0,0.0,0.0,0.0,51.74,0.0,0.0,0.0,0.0,0.0,0.0,0.0,0.0,54.34,0.0,0.0,0.0,0.0,0.0,0.0,0.0,0.0,0.0,0.0,0.0,0.0,0.0,0.0,0.0,0.0,0.0,0.0,0.0,32.29,0.0,114.74,0.0,0.0,0.0,0.0,0.0,0.0,57.19,T000765,P012,51.74,2023-01-04,4,1,2023,0,0,0,0,1,Medium,-0.3771483662674594,2023-01
U0034,Vihaan Singh,23.0,2,Visakhapatnam,2023-09-16,0.125,85.23375,9,5,53.92,0.0,0.0,0.0,0.0,51.52,84.49,0.0,0.0,0.0,0.0,0.0,103.98,0.0,0.0,0.0,0.0,0.0,0.0,0.0,0.0,0.0,0.0,0.0,39.12,0.0,0.0,0.0,0.0,0.0,0.0,0.0,0.0,0.0,0.0,109.38,0.0,46.11,123.02,0.0,0.0,0.0,0.0,0.0,70.33,0.0,0.0,0.0,0.0,0.0,T000105,P001,53.92,2024-05-02,2,5,2024,0,0,0,1,0,Medium,-0.31716820648276633,2024-05
U0034,Vihaan Singh,23.0,2,Visakhapatnam,2023-09-16,0.125,85.23375,9,5,53.92,0.0,0.0,0.0,0.0,51.52,84.49,0.0,0.0,0.0,0.0,0.0,103.98,0.0,0.0,0.0,0.0,0.0,0.0,0.0,0.0,0.0,0.0,0.0,39.12,0.0,0.0,0.0,0.0,0.0,0.0,0.0,0.0,0.0,0.0,109.38,0.0,46.11,123.02,0.0,0.0,0.0,0.0,0.0,70.33,0.0,0.0,0.0,0.0,0.0,T000127,P036,109.38,2024-11-06,6,11,2024,1,0,0,0,0,High,1.208749069507637,2024-11
U0034,Vihaan Singh,23.0,2,Visakhapatnam,2023-09-16,0.125,85.23375,9,5,53.92,0.0,0.0,0.0,0.0,51.52,84.49,0.0,0.0,0.0,0.0,0.0,103.98,0.0,0.0,0.0,0.0,0.0,0.0,0.0,0.0,0.0,0.0,0.0,39.12,0.0,0.0,0.0,0.0,0.0,0.0,0.0,0.0,0.0,0.0,109.38,0.0,46.11,123.02,0.0,0.0,0.0,0.0,0.0,70.33,0.0,0.0,0.0,0.0,0.0,T000198,P039,123.02,2023-06-23,23,6,2023,0,0,0,0,1,High,1.5840377756834232,2023-06
U0034,Vihaan Singh,23.0,2,Visakhapatnam,2023-09-16,0.125,85.23375,9,5,53.92,0.0,0.0,0.0,0.0,51.52,84.49,0.0,0.0,0.0,0.0,0.0,103.98,0.0,0.0,0.0,0.0,0.0,0.0,0.0,0.0,0.0,0.0,0.0,39.12,0.0,0.0,0.0,0.0,0.0,0.0,0.0,0.0,0.0,0.0,109.38,0.0,46.11,123.02,0.0,0.0,0.0,0.0,0.0,70.33,0.0,0.0,0.0,0.0,0.0,T000512,P006,51.52,2025-06-01,1,6,2025,0,1,0,0,0,Medium,-0.3832014099154559,2025-06
U0034,Vihaan Singh,23.0,2,Visakhapatnam,2023-09-16,0.125,85.23375,9,5,53.92,0.0,0.0,0.0,0.0,51.52,84.49,0.0,0.0,0.0,0.0,0.0,103.98,0.0,0.0,0.0,0.0,0.0,0.0,0.0,0.0,0.0,0.0,0.0,39.12,0.0,0.0,0.0,0.0,0.0,0.0,0.0,0.0,0.0,0.0,109.38,0.0,46.11,123.02,0.0,0.0,0.0,0.0,0.0,70.33,0.0,0.0,0.0,0.0,0.0,T000630,P038,46.11,2025-06-30,30,6,2025,0,1,0,0,0,Medium,-0.5320512559866439,2025-06
U0034,Vihaan Singh,23.0,2,Visakhapatnam,2023-09-16,0.125,85.23375,9,5,53.92,0.0,0.0,0.0,0.0,51.52,84.49,0.0,0.0,0.0,0.0,0.0,103.98,0.0,0.0,0.0,0.0,0.0,0.0,0.0,0.0,0.0,0.0,0.0,39.12,0.0,0.0,0.0,0.0,0.0,0.0,0.0,0.0,0.0,0.0,109.38,0.0,46.11,123.02,0.0,0.0,0.0,0.0,0.0,70.33,0.0,0.0,0.0,0.0,0.0,T000652,P025,39.12,2025-05-11,11,5,2025,0,0,0,0,0,Low,-0.7243729609843527,2025-05
U0034,Vihaan Singh,23.0,2,Visakhapatnam,2023-09-16,0.125,85.23375,9,5,53.92,0.0,0.0,0.0,0.0,51.52,84.49,0.0,0.0,0.0,0.0,0.0,103.98,0.0,0.0,0.0,0.0,0.0,0.0,0.0,0.0,0.0,0.0,0.0,39.12,0.0,0.0,0.0,0.0,0.0,0.0,0.0,0.0,0.0,0.0,109.38,0.0,46.11,123.02,0.0,0.0,0.0,0.0,0.0,70.33,0.0,0.0,0.0,0.0,0.0,T000721,P013,103.98,2025-02-01,1,2,2025,0,0,1,0,0,High,1.0601743617840855,2025-02
U0034,Vihaan Singh,23.0,2,Visakhapatnam,2023-09-16,0.125,85.23375,9,5,53.92,0.0,0.0,0.0,0.0,51.52,84.49,0.0,0.0,0.0,0.0,0.0,103.98,0.0,0.0,0.0,0.0,0.0,0.0,0.0,0.0,0.0,0.0,0.0,39.12,0.0,0.0,0.0,0.0,0.0,0.0,0.0,0.0,0.0,0.0,109.38,0.0,46.11,123.02,0.0,0.0,0.0,0.0,0.0,70.33,0.0,0.0,0.0,0.0,0.0,T000893,P007,84.49,2025-10-27,27,10,2025,0,0,1,0,0,High,0.523929722241118,2025-10
U0034,Vihaan Singh,23.0,2,Visakhapatnam,2023-09-16,0.125,85.23375,9,5,53.92,0.0,0.0,0.0,0.0,51.52,84.49,0.0,0.0,0.0,0.0,0.0,103.98,0.0,0.0,0.0,0.0,0.0,0.0,0.0,0.0,0.0,0.0,0.0,39.12,0.0,0.0,0.0,0.0,0.0,0.0,0.0,0.0,0.0,0.0,109.38,0.0,46.11,123.02,0.0,0.0,0.0,0.0,0.0,70.33,0.0,0.0,0.0,0.0,0.0,T000932,P045,70.33,2023-05-01,1,5,2023,0,0,0,0,1,Medium,0.1343338219882491,2023-05
U0035,Muhammad Reddy,38.0,0,Pune,2023-07-07,0.75,51.217999999999996,5,98,0.0,0.0,24.96,0.0,31.06,0.0,0.0,0.0,0.0,0.0,0.0,0.0,0.0,0.0,0.0,0.0,0.0,0.0,0.0,0.0,0.0,0.0,0.0,0.0,0.0,0.0,0.0,0.0,0.0,0.0,0.0,91.11,66.89,0.0,0.0,0.0,0.0,0.0,0.0,0.0,0.0,0.0,0.0,0.0,0.0,0.0,0.0,0.0,42.07,0.0,T000245,P003,24.96,2024-11-24,24,11,2024,0,0,0,1,0,Low,-1.1139688612372216,2024-11
U0035,Muhammad Reddy,38.0,0,Pune,2023-07-07,0.75,51.217999999999996,5,98,0.0,0.0,24.96,0.0,31.06,0.0,0.0,0.0,0.0,0.0,0.0,0.0,0.0,0.0,0.0,0.0,0.0,0.0,0.0,0.0,0.0,0.0,0.0,0.0,0.0,0.0,0.0,0.0,0.0,0.0,0.0,91.11,66.89,0.0,0.0,0.0,0.0,0.0,0.0,0.0,0.0,0.0,0.0,0.0,0.0,0.0,0.0,0.0,42.07,0.0,T000248,P005,31.06,2025-07-26,26,7,2025,0,0,0,0,1,Low,-0.9461344691791352,2025-07
U0035,Muhammad Reddy,38.0,0,Pune,2023-07-07,0.75,51.217999999999996,5,98,0.0,0.0,24.96,0.0,31.06,0.0,0.0,0.0,0.0,0.0,0.0,0.0,0.0,0.0,0.0,0.0,0.0,0.0,0.0,0.0,0.0,0.0,0.0,0.0,0.0,0.0,0.0,0.0,0.0,0.0,0.0,91.11,66.89,0.0,0.0,0.0,0.0,0.0,0.0,0.0,0.0,0.0,0.0,0.0,0.0,0.0,0.0,0.0,42.07,0.0,T000381,P033,66.89,2024-07-12,12,7,2024,0,0,1,0,0,Medium,0.03968623040139399,2024-07
U0035,Muhammad Reddy,38.0,0,Pune,2023-07-07,0.75,51.217999999999996,5,98,0.0,0.0,24.96,0.0,31.06,0.0,0.0,0.0,0.0,0.0,0.0,0.0,0.0,0.0,0.0,0.0,0.0,0.0,0.0,0.0,0.0,0.0,0.0,0.0,0.0,0.0,0.0,0.0,0.0,0.0,0.0,91.11,66.89,0.0,0.0,0.0,0.0,0.0,0.0,0.0,0.0,0.0,0.0,0.0,0.0,0.0,0.0,0.0,42.07,0.0,T000605,P049,42.07,2023-05-02,2,5,2023,0,0,1,0,0,Low,-0.6432071484316716,2023-05
U0035,Muhammad Reddy,38.0,0,Pune,2023-07-07,0.75,51.217999999999996,5,98,0.0,0.0,24.96,0.0,31.06,0.0,0.0,0.0,0.0,0.0,0.0,0.0,0.0,0.0,0.0,0.0,0.0,0.0,0.0,0.0,0.0,0.0,0.0,0.0,0.0,0.0,0.0,0.0,0.0,0.0,0.0,91.11,66.89,0.0,0.0,0.0,0.0,0.0,0.0,0.0,0.0,0.0,0.0,0.0,0.0,0.0,0.0,0.0,42.07,0.0,T000970,P032,91.11,2023-04-10,10,4,2023,1,0,0,0,0,High,0.7060713083762871,2023-04
U0036,Ira Sharma,22.0,2,Lucknow,2023-05-16,0.08333333333333337,50.005,5,65,0.0,0.0,0.0,0.0,0.0,0.0,21.28,0.0,0.0,0.0,0.0,24.5,0.0,0.0,0.0,0.0,0.0,0.0,0.0,0.0,0.0,0.0,0.0,0.0,0.0,0.0,0.0,0.0,0.0,0.0,89.86,0.0,0.0,0.0,0.0,0.0,0.0,0.0,0.0,0.0,0.0,0.0,27.45,0.0,0.0,36.93,0.0,0.0,0.0,0.0,T000335,P046,36.93,2025-08-28,28,8,2025,0,0,0,1,0,Low,-0.7846282591166819,2025-08
U0036,Ira Sharma,22.0,2,Lucknow,2023-05-16,0.08333333333333337,50.005,5,65,0.0,0.0,0.0,0.0,0.0,0.0,21.28,0.0,0.0,0.0,0.0,24.5,0.0,0.0,0.0,0.0,0.0,0.0,0.0,0.0,0.0,0.0,0.0,0.0,0.0,0.0,0.0,0.0,0.0,0.0,89.86,0.0,0.0,0.0,0.0,0.0,0.0,0.0,0.0,0.0,0.0,0.0,27.45,0.0,0.0,36.93,0.0,0.0,0.0,0.0,T000367,P007,21.28,2024-05-05,5,5,2024,0,0,0,0,0,Low,-1.2152197731673458,2024-05
U0036,Ira Sharma,22.0,2,Lucknow,2023-05-16,0.08333333333333337,50.005,5,65,0.0,0.0,0.0,0.0,0.0,0.0,21.28,0.0,0.0,0.0,0.0,24.5,0.0,0.0,0.0,0.0,0.0,0.0,0.0,0.0,0.0,0.0,0.0,0.0,0.0,0.0,0.0,0.0,0.0,0.0,89.86,0.0,0.0,0.0,0.0,0.0,0.0,0.0,0.0,0.0,0.0,0.0,27.45,0.0,0.0,36.93,0.0,0.0,0.0,0.0,T000389,P031,89.86,2024-05-23,23,5,2024,0,0,0,1,0,High,0.6716790149217612,2024-05
U0036,Ira Sharma,22.0,2,Lucknow,2023-05-16,0.08333333333333337,50.005,5,65,0.0,0.0,0.0,0.0,0.0,0.0,21.28,0.0,0.0,0.0,0.0,24.5,0.0,0.0,0.0,0.0,0.0,0.0,0.0,0.0,0.0,0.0,0.0,0.0,0.0,0.0,0.0,0.0,0.0,0.0,89.86,0.0,0.0,0.0,0.0,0.0,0.0,0.0,0.0,0.0,0.0,0.0,27.45,0.0,0.0,36.93,0.0,0.0,0.0,0.0,T000582,P012,24.5,2025-07-12,12,7,2025,0,0,0,1,0,Low,-1.1266252252284872,2025-07
U0036,Ira Sharma,22.0,2,Lucknow,2023-05-16,0.08333333333333337,50.005,5,65,0.0,0.0,0.0,0.0,0.0,0.0,21.28,0.0,0.0,0.0,0.0,24.5,0.0,0.0,0.0,0.0,0.0,0.0,0.0,0.0,0.0,0.0,0.0,0.0,0.0,0.0,0.0,0.0,0.0,0.0,89.86,0.0,0.0,0.0,0.0,0.0,0.0,0.0,0.0,0.0,0.0,0.0,27.45,0.0,0.0,36.93,0.0,0.0,0.0,0.0,T000926,P043,27.45,2023-12-16,16,12,2023,0,0,0,0,1,Low,-1.0454594126758059,2023-12
U0037,Aarav Patel,33.0,0,Surat,2022-09-03,0.5416666666666667,63.22,4,213,0.0,0.0,0.0,0.0,0.0,0.0,0.0,0.0,0.0,0.0,0.0,0.0,0.0,0.0,0.0,0.0,0.0,0.0,0.0,0.0,90.93,53.3,0.0,0.0,0.0,0.0,0.0,0.0,0.0,0.0,0.0,0.0,0.0,0.0,0.0,0.0,69.95,0.0,0.0,38.7,0.0,0.0,0.0,0.0,0.0,0.0,0.0,0.0,0.0,0.0,T000139,P037,69.95,2025-03-31,31,3,2025,0,0,0,0,1,Medium,0.12387856477807337,2025-03
U0037,Aarav Patel,33.0,0,Surat,2022-09-03,0.5416666666666667,63.22,4,213,0.0,0.0,0.0,0.0,0.0,0.0,0.0,0.0,0.0,0.0,0.0,0.0,0.0,0.0,0.0,0.0,0.0,0.0,0.0,0.0,90.93,53.3,0.0,0.0,0.0,0.0,0.0,0.0,0.0,0.0,0.0,0.0,0.0,0.0,0.0,0.0,69.95,0.0,0.0,38.7,0.0,0.0,0.0,0.0,0.0,0.0,0.0,0.0,0.0,0.0,T000769,P022,53.3,2023-06-09,9,6,2023,0,0,0,0,1,Medium,-0.33422678403621126,2023-06
U0037,Aarav Patel,33.0,0,Surat,2022-09-03,0.5416666666666667,63.22,4,213,0.0,0.0,0.0,0.0,0.0,0.0,0.0,0.0,0.0,0.0,0.0,0.0,0.0,0.0,0.0,0.0,0.0,0.0,0.0,0.0,90.93,53.3,0.0,0.0,0.0,0.0,0.0,0.0,0.0,0.0,0.0,0.0,0.0,0.0,0.0,0.0,69.95,0.0,0.0,38.7,0.0,0.0,0.0,0.0,0.0,0.0,0.0,0.0,0.0,0.0,T000822,P040,38.7,2025-04-02,2,4,2025,0,0,0,0,0,Low,-0.7359287715850732,2025-04
U0037,Aarav Patel,33.0,0,Surat,2022-09-03,0.5416666666666667,63.22,4,213,0.0,0.0,0.0,0.0,0.0,0.0,0.0,0.0,0.0,0.0,0.0,0.0,0.0,0.0,0.0,0.0,0.0,0.0,0.0,0.0,90.93,53.3,0.0,0.0,0.0,0.0,0.0,0.0,0.0,0.0,0.0,0.0,0.0,0.0,0.0,0.0,69.95,0.0,0.0,38.7,0.0,0.0,0.0,0.0,0.0,0.0,0.0,0.0,0.0,0.0,T000880,P021,90.93,2024-01-05,5,1,2024,0,0,0,0,1,High,0.7011188181188356,2024-01
U0038,Vivaan Ghosh,20.0,2,Bengaluru,2022-03-29,0.0,95.24666666666667,4,192,0.0,0.0,0.0,58.16,0.0,0.0,0.0,0.0,124.11,0.0,0.0,0.0,0.0,0.0,0.0,69.62,0.0,0.0,0.0,0.0,0.0,0.0,0.0,0.0,0.0,0.0,0.0,0.0,0.0,0.0,0.0,0.0,0.0,0.0,0.0,0.0,0.0,0.0,0.0,0.0,0.0,0.0,0.0,33.85,0.0,0.0,0.0,0.0,0.0,0.0,T000050,P016,69.62,2025-04-23,23,4,2025,0,0,0,0,0,Medium,0.11479899930607858,2025-04
U0038,Vivaan Ghosh,20.0,2,Bengaluru,2022-03-29,0.0,95.24666666666667,4,192,0.0,0.0,0.0,58.16,0.0,0.0,0.0,0.0,124.11,0.0,0.0,0.0,0.0,0.0,0.0,69.62,0.0,0.0,0.0,0.0,0.0,0.0,0.0,0.0,0.0,0.0,0.0,0.0,0.0,0.0,0.0,0.0,0.0,0.0,0.0,0.0,0.0,0.0,0.0,0.0,0.0,0.0,0.0,33.85,0.0,0.0,0.0,0.0,0.0,0.0,T000226,P009,124.11,2024-08-10,10,8,2024,1,0,0,0,0,High,1.6140278555757699,2024-08
U0038,Vivaan Ghosh,20.0,2,Bengaluru,2022-03-29,0.0,95.24666666666667,4,192,0.0,0.0,0.0,58.16,0.0,0.0,0.0,0.0,124.11,0.0,0.0,0.0,0.0,0.0,0.0,69.62,0.0,0.0,0.0,0.0,0.0,0.0,0.0,0.0,0.0,0.0,0.0,0.0,0.0,0.0,0.0,0.0,0.0,0.0,0.0,0.0,0.0,0.0,0.0,0.0,0.0,0.0,0.0,33.85,0.0,0.0,0.0,0.0,0.0,0.0,T000346,P044,33.85,2023-03-06,6,3,2023,0,1,0,0,0,Low,-0.8693708701886336,2023-03
U0038,Vivaan Ghosh,20.0,2,Bengaluru,2022-03-29,0.0,95.24666666666667,4,192,0.0,0.0,0.0,58.16,0.0,0.0,0.0,0.0,124.11,0.0,0.0,0.0,0.0,0.0,0.0,69.62,0.0,0.0,0.0,0.0,0.0,0.0,0.0,0.0,0.0,0.0,0.0,0.0,0.0,0.0,0.0,0.0,0.0,0.0,0.0,0.0,0.0,0.0,0.0,0.0,0.0,0.0,0.0,33.85,0.0,0.0,0.0,0.0,0.0,0.0,T000991,P004,58.16,2024-08-27,27,8,2024,0,0,0,0,1,Medium,-0.20050954708501476,2024-08
U0039,Meera Gupta,21.0,2,Ahmedabad,2022-05-12,0.04166666666666674,61.31,6,44,0.0,0.0,0.0,67.02,0.0,61.6,0.0,0.0,0.0,0.0,0.0,0.0,0.0,0.0,0.0,0.0,0.0,0.0,0.0,0.0,0.0,0.0,24.26,0.0,0.0,0.0,68.22,0.0,35.55,0.0,0.0,0.0,0.0,0.0,0.0,49.9,0.0,0.0,0.0,0.0,0.0,0.0,0.0,0.0,0.0,0.0,0.0,0.0,0.0,0.0,T000029,P029,35.55,2025-09-18,18,9,2025,0,0,0,0,0,Low,-0.8225973510904785,2025-09
U0039,Meera Gupta,21.0,2,Ahmedabad,2022-05-12,0.04166666666666674,61.31,6,44,0.0,0.0,0.0,67.02,0.0,61.6,0.0,0.0,0.0,0.0,0.0,0.0,0.0,0.0,0.0,0.0,0.0,0.0,0.0,0.0,0.0,0.0,24.26,0.0,0.0,0.0,68.22,0.0,35.55,0.0,0.0,0.0,0.0,0.0,0.0,49.9,0.0,0.0,0.0,0.0,0.0,0.0,0.0,0.0,0.0,0.0,0.0,0.0,0.0,0.0,T000187,P004,67.02,2023-07-31,31,7,2023,0,0,1,0,0,Medium,0.043263028920664554,2023-07
U0039,Meera Gupta,21.0,2,Ahmedabad,2022-05-12,0.04166666666666674,61.31,6,44,0.0,0.0,0.0,67.02,0.0,61.6,0.0,0.0,0.0,0.0,0.0,0.0,0.0,0.0,0.0,0.0,0.0,0.0,0.0,0.0,0.0,0.0,24.26,0.0,0.0,0.0,68.22,0.0,35.55,0.0,0.0,0.0,0.0,0.0,0.0,49.9,0.0,0.0,0.0,0.0,0.0,0.0,0.0,0.0,0.0,0.0,0.0,0.0,0.0,0.0,T000349,P027,68.22,2024-02-22,22,2,2024,0,0,0,0,1,Medium,0.07627963063700946,2024-02
U0039,Meera Gupta,21.0,2,Ahmedabad,2022-05-12,0.04166666666666674,61.31,6,44,0.0,0.0,0.0,67.02,0.0,61.6,0.0,0.0,0.0,0.0,0.0,0.0,0.0,0.0,0.0,0.0,0.0,0.0,0.0,0.0,0.0,0.0,24.26,0.0,0.0,0.0,68.22,0.0,35.55,0.0,0.0,0.0,0.0,0.0,0.0,49.9,0.0,0.0,0.0,0.0,0.0,0.0,0.0,0.0,0.0,0.0,0.0,0.0,0.0,0.0,T000552,P023,24.26,2025-09-15,15,9,2025,1,0,0,0,0,Low,-1.133228545571756,2025-09
U0039,Meera Gupta,21.0,2,Ahmedabad,2022-05-12,0.04166666666666674,61.31,6,44,0.0,0.0,0.0,67.02,0.0,61.6,0.0,0.0,0.0,0.0,0.0,0.0,0.0,0.0,0.0,0.0,0.0,0.0,0.0,0.0,0.0,0.0,24.26,0.0,0.0,0.0,68.22,0.0,35.55,0.0,0.0,0.0,0.0,0.0,0.0,49.9,0.0,0.0,0.0,0.0,0.0,0.0,0.0,0.0,0.0,0.0,0.0,0.0,0.0,0.0,T000919,P006,61.6,2023-06-03,3,6,2023,0,0,0,0,0,Medium,-0.10586195549815944,2023-06
U0039,Meera Gupta,21.0,2,Ahmedabad,2022-05-12,0.04166666666666674,61.31,6,44,0.0,0.0,0.0,67.02,0.0,61.6,0.0,0.0,0.0,0.0,0.0,0.0,0.0,0.0,0.0,0.0,0.0,0.0,0.0,0.0,0.0,0.0,24.26,0.0,0.0,0.0,68.22,0.0,35.55,0.0,0.0,0.0,0.0,0.0,0.0,49.9,0.0,0.0,0.0,0.0,0.0,0.0,0.0,0.0,0.0,0.0,0.0,0.0,0.0,0.0,T000943,P036,49.9,2023-04-22,22,4,2023,0,0,0,0,0,Medium,-0.4277738222325216,2023-04
U0040,Meera Kapoor,33.0,1,Jaipur,2023-06-25,0.5416666666666667,81.875,4,115,0.0,0.0,0.0,55.49,0.0,0.0,85.43,0.0,0.0,0.0,0.0,0.0,0.0,0.0,0.0,0.0,0.0,0.0,0.0,0.0,0.0,0.0,0.0,0.0,0.0,0.0,0.0,0.0,0.0,0.0,0.0,0.0,0.0,0.0,0.0,0.0,0.0,0.0,0.0,0.0,0.0,0.0,31.87,154.71,0.0,0.0,0.0,0.0,0.0,0.0,T000124,P044,154.71,2023-05-18,18,5,2023,0,0,1,0,0,High,2.455951199342563,2023-05
U0040,Meera Kapoor,33.0,1,Jaipur,2023-06-25,0.5416666666666667,81.875,4,115,0.0,0.0,0.0,55.49,0.0,0.0,85.43,0.0,0.0,0.0,0.0,0.0,0.0,0.0,0.0,0.0,0.0,0.0,0.0,0.0,0.0,0.0,0.0,0.0,0.0,0.0,0.0,0.0,0.0,0.0,0.0,0.0,0.0,0.0,0.0,0.0,0.0,0.0,0.0,0.0,0.0,0.0,31.87,154.71,0.0,0.0,0.0,0.0,0.0,0.0,T000132,P043,31.87,2024-04-04,4,4,2024,0,0,1,0,0,Low,-0.9238482630206024,2024-04
U0040,Meera Kapoor,33.0,1,Jaipur,2023-06-25,0.5416666666666667,81.875,4,115,0.0,0.0,0.0,55.49,0.0,0.0,85.43,0.0,0.0,0.0,0.0,0.0,0.0,0.0,0.0,0.0,0.0,0.0,0.0,0.0,0.0,0.0,0.0,0.0,0.0,0.0,0.0,0.0,0.0,0.0,0.0,0.0,0.0,0.0,0.0,0.0,0.0,0.0,0.0,0.0,0.0,0.0,31.87,154.71,0.0,0.0,0.0,0.0,0.0,0.0,T000708,P007,85.43,2025-07-09,9,7,2025,0,1,0,0,0,High,0.5497927269189218,2025-07
U0040,Meera Kapoor,33.0,1,Jaipur,2023-06-25,0.5416666666666667,81.875,4,115,0.0,0.0,0.0,55.49,0.0,0.0,85.43,0.0,0.0,0.0,0.0,0.0,0.0,0.0,0.0,0.0,0.0,0.0,0.0,0.0,0.0,0.0,0.0,0.0,0.0,0.0,0.0,0.0,0.0,0.0,0.0,0.0,0.0,0.0,0.0,0.0,0.0,0.0,0.0,0.0,0.0,0.0,31.87,154.71,0.0,0.0,0.0,0.0,0.0,0.0,T000790,P004,55.49,2023-01-08,8,1,2023,0,0,0,1,0,Medium,-0.2739714859038818,2023-01
U0041,Sara Mukherjee,37.0,1,Vadodara,2024-02-13,0.7083333333333333,96.9475,5,44,0.0,0.0,0.0,0.0,0.0,0.0,224.42000000000002,0.0,0.0,0.0,0.0,0.0,0.0,0.0,0.0,0.0,0.0,43.92,0.0,0.0,0.0,0.0,0.0,63.24,0.0,0.0,0.0,0.0,56.21,0.0,0.0,0.0,0.0,0.0,0.0,0.0,0.0,0.0,0.0,0.0,0.0,0.0,0.0,0.0,0.0,0.0,0.0,0.0,0.0,0.0,T000143,P024,63.24,2024-10-26,26,10,2024,0,0,0,1,0,Medium,-0.06073926648582149,2024-10
U0041,Sara Mukherjee,37.0,1,Vadodara,2024-02-13,0.7083333333333333,96.9475,5,44,0.0,0.0,0.0,0.0,0.0,0.0,224.42000000000002,0.0,0.0,0.0,0.0,0.0,0.0,0.0,0.0,0.0,0.0,43.92,0.0,0.0,0.0,0.0,0.0,63.24,0.0,0.0,0.0,0.0,56.21,0.0,0.0,0.0,0.0,0.0,0.0,0.0,0.0,0.0,0.0,0.0,0.0,0.0,0.0,0.0,0.0,0.0,0.0,0.0,0.0,0.0,T000309,P029,56.21,2025-09-18,18,9,2025,0,0,1,0,0,Medium,-0.25416152487407495,2025-09
U0041,Sara Mukherjee,37.0,1,Vadodara,2024-02-13,0.7083333333333333,96.9475,5,44,0.0,0.0,0.0,0.0,0.0,0.0,224.42000000000002,0.0,0.0,0.0,0.0,0.0,0.0,0.0,0.0,0.0,0.0,43.92,0.0,0.0,0.0,0.0,0.0,63.24,0.0,0.0,0.0,0.0,56.21,0.0,0.0,0.0,0.0,0.0,0.0,0.0,0.0,0.0,0.0,0.0,0.0,0.0,0.0,0.0,0.0,0.0,0.0,0.0,0.0,0.0,T000624,P018,43.92,2025-01-08,8,1,2025,1,0,0,0,0,Medium,-0.5923065541189733,2025-01
U0041,Sara Mukherjee,37.0,1,Vadodara,2024-02-13,0.7083333333333333,96.9475,5,44,0.0,0.0,0.0,0.0,0.0,0.0,224.42000000000002,0.0,0.0,0.0,0.0,0.0,0.0,0.0,0.0,0.0,0.0,43.92,0.0,0.0,0.0,0.0,0.0,63.24,0.0,0.0,0.0,0.0,56.21,0.0,0.0,0.0,0.0,0.0,0.0,0.0,0.0,0.0,0.0,0.0,0.0,0.0,0.0,0.0,0.0,0.0,0.0,0.0,0.0,0.0,T000743,P007,80.65,2024-05-08,8,5,2024,0,1,0,0,0,High,0.41827659674881484,2024-05
U0041,Sara Mukherjee,37.0,1,Vadodara,2024-02-13,0.7083333333333333,96.9475,5,44,0.0,0.0,0.0,0.0,0.0,0.0,224.42000000000002,0.0,0.0,0.0,0.0,0.0,0.0,0.0,0.0,0.0,0.0,43.92,0.0,0.0,0.0,0.0,0.0,63.24,0.0,0.0,0.0,0.0,56.21,0.0,0.0,0.0,0.0,0.0,0.0,0.0,0.0,0.0,0.0,0.0,0.0,0.0,0.0,0.0,0.0,0.0,0.0,0.0,0.0,0.0,T000933,P007,143.77,2025-09-15,15,9,2025,0,0,1,0,0,High,2.154949847028553,2025-09
U0042,Muhammad Singh,33.0,0,Kanpur,2023-03-25,0.5416666666666667,49.64666666666667,3,21,0.0,0.0,0.0,0.0,0.0,0.0,0.0,0.0,0.0,0.0,0.0,0.0,0.0,0.0,0.0,0.0,0.0,0.0,0.0,0.0,0.0,74.31,0.0,0.0,0.0,0.0,0.0,0.0,21.28,0.0,0.0,0.0,0.0,0.0,0.0,0.0,53.35,0.0,0.0,0.0,0.0,0.0,0.0,0.0,0.0,0.0,0.0,0.0,0.0,0.0,T000008,P022,74.31,2025-10-11,11,10,2025,0,0,1,0,0,High,0.24383888434745957,2025-10
U0042,Muhammad Singh,33.0,0,Kanpur,2023-03-25,0.5416666666666667,49.64666666666667,3,21,0.0,0.0,0.0,0.0,0.0,0.0,0.0,0.0,0.0,0.0,0.0,0.0,0.0,0.0,0.0,0.0,0.0,0.0,0.0,0.0,0.0,74.31,0.0,0.0,0.0,0.0,0.0,0.0,21.28,0.0,0.0,0.0,0.0,0.0,0.0,0.0,53.35,0.0,0.0,0.0,0.0,0.0,0.0,0.0,0.0,0.0,0.0,0.0,0.0,0.0,T000779,P029,21.28,2023-03-10,10,3,2023,1,0,0,0,0,Low,-1.2152197731673458,2023-03
U0042,Muhammad Singh,33.0,0,Kanpur,2023-03-25,0.5416666666666667,49.64666666666667,3,21,0.0,0.0,0.0,0.0,0.0,0.0,0.0,0.0,0.0,0.0,0.0,0.0,0.0,0.0,0.0,0.0,0.0,0.0,0.0,0.0,0.0,74.31,0.0,0.0,0.0,0.0,0.0,0.0,21.28,0.0,0.0,0.0,0.0,0.0,0.0,0.0,53.35,0.0,0.0,0.0,0.0,0.0,0.0,0.0,0.0,0.0,0.0,0.0,0.0,0.0,T000844,P037,53.35,2024-03-29,29,3,2024,0,1,0,0,0,Medium,-0.3328510922980301,2024-03
U0043,Ira Roy,31.0,1,Kolkata,2022-08-19,0.45833333333333326,89.8457142857143,7,131,0.0,0.0,0.0,0.0,0.0,0.0,0.0,0.0,0.0,0.0,0.0,0.0,0.0,102.49,0.0,0.0,0.0,0.0,0.0,0.0,154.71,0.0,0.0,154.71,0.0,0.0,21.28,65.67,0.0,0.0,0.0,0.0,0.0,0.0,0.0,0.0,0.0,0.0,0.0,55.58,0.0,74.48,0.0,0.0,0.0,0.0,0.0,0.0,0.0,0.0,T000406,P021,154.71,2025-06-23,23,6,2025,0,0,0,0,0,High,2.455951199342563,2025-06
U0043,Ira Roy,31.0,1,Kolkata,2022-08-19,0.45833333333333326,89.8457142857143,7,131,0.0,0.0,0.0,0.0,0.0,0.0,0.0,0.0,0.0,0.0,0.0,0.0,0.0,102.49,0.0,0.0,0.0,0.0,0.0,0.0,154.71,0.0,0.0,154.71,0.0,0.0,21.28,65.67,0.0,0.0,0.0,0.0,0.0,0.0,0.0,0.0,0.0,0.0,0.0,55.58,0.0,74.48,0.0,0.0,0.0,0.0,0.0,0.0,0.0,0.0,T000521,P028,65.67,2025-05-12,12,5,2025,0,0,0,1,0,Medium,0.00611935198977678,2025-05
U0043,Ira Roy,31.0,1,Kolkata,2022-08-19,0.45833333333333326,89.8457142857143,7,131,0.0,0.0,0.0,0.0,0.0,0.0,0.0,0.0,0.0,0.0,0.0,0.0,0.0,102.49,0.0,0.0,0.0,0.0,0.0,0.0,154.71,0.0,0.0,154.71,0.0,0.0,21.28,65.67,0.0,0.0,0.0,0.0,0.0,0.0,0.0,0.0,0.0,0.0,0.0,55.58,0.0,74.48,0.0,0.0,0.0,0.0,0.0,0.0,0.0,0.0,T000545,P042,74.48,2023-04-01,1,4,2023,0,0,0,0,0,High,0.24851623625727512,2023-04
U0043,Ira Roy,31.0,1,Kolkata,2022-08-19,0.45833333333333326,89.8457142857143,7,131,0.0,0.0,0.0,0.0,0.0,0.0,0.0,0.0,0.0,0.0,0.0,0.0,0.0,102.49,0.0,0.0,0.0,0.0,0.0,0.0,154.71,0.0,0.0,154.71,0.0,0.0,21.28,65.67,0.0,0.0,0.0,0.0,0.0,0.0,0.0,0.0,0.0,0.0,0.0,55.58,0.0,74.48,0.0,0.0,0.0,0.0,0.0,0.0,0.0,0.0,T000600,P040,55.58,2024-02-28,28,2,2024,0,1,0,0,0,Medium,-0.2714952407751561,2024-02
U0043,Ira Roy,31.0,1,Kolkata,2022-08-19,0.45833333333333326,89.8457142857143,7,131,0.0,0.0,0.0,0.0,0.0,0.0,0.0,0.0,0.0,0.0,0.0,0.0,0.0,102.49,0.0,0.0,0.0,0.0,0.0,0.0,154.71,0.0,0.0,154.71,0.0,0.0,21.28,65.67,0.0,0.0,0.0,0.0,0.0,0.0,0.0,0.0,0.0,0.0,0.0,55.58,0.0,74.48,0.0,0.0,0.0,0.0,0.0,0.0,0.0,0.0,T000670,P024,154.71,2024-07-04,4,7,2024,0,1,0,0,0,High,2.455951199342563,2024-07
U0043,Ira Roy,31.0,1,Kolkata,2022-08-19,0.45833333333333326,89.8457142857143,7,131,0.0,0.0,0.0,0.0,0.0,0.0,0.0,0.0,0.0,0.0,0.0,0.0,0.0,102.49,0.0,0.0,0.0,0.0,0.0,0.0,154.71,0.0,0.0,154.71,0.0,0.0,21.28,65.67,0.0,0.0,0.0,0.0,0.0,0.0,0.0,0.0,0.0,0.0,0.0,55.58,0.0,74.48,0.0,0.0,0.0,0.0,0.0,0.0,0.0,0.0,T000776,P027,21.28,2025-02-14,14,2,2025,0,0,1,0,0,Low,-1.2152197731673458,2025-02
U0043,Ira Roy,31.0,1,Kolkata,2022-08-19,0.45833333333333326,89.8457142857143,7,131,0.0,0.0,0.0,0.0,0.0,0.0,0.0,0.0,0.0,0.0,0.0,0.0,0.0,102.49,0.0,0.0,0.0,0.0,0.0,0.0,154.71,0.0,0.0,154.71,0.0,0.0,21.28,65.67,0.0,0.0,0.0,0.0,0.0,0.0,0.0,0.0,0.0,0.0,0.0,55.58,0.0,74.48,0.0,0.0,0.0,0.0,0.0,0.0,0.0,0.0,T000809,P014,102.49,2023-09-16,16,9,2023,0,1,0,0,0,High,1.0191787479862904,2023-09
U0044,Aditya Nair,29.0,1,Patna,2023-07-22,0.375,74.43857142857142,7,35,0.0,0.0,0.0,0.0,0.0,0.0,0.0,0.0,178.51000000000002,0.0,0.0,0.0,0.0,0.0,0.0,0.0,0.0,0.0,0.0,0.0,0.0,0.0,0.0,0.0,0.0,0.0,0.0,0.0,0.0,0.0,0.0,0.0,0.0,21.28,0.0,0.0,0.0,0.0,0.0,69.48,47.07,0.0,204.73000000000002,0.0,0.0,0.0,0.0,0.0,0.0,0.0,T000164,P040,69.48,2025-01-11,11,1,2025,0,0,1,0,0,Medium,0.11094706243917167,2025-01
U0044,Aditya Nair,29.0,1,Patna,2023-07-22,0.375,74.43857142857142,7,35,0.0,0.0,0.0,0.0,0.0,0.0,0.0,0.0,178.51000000000002,0.0,0.0,0.0,0.0,0.0,0.0,0.0,0.0,0.0,0.0,0.0,0.0,0.0,0.0,0.0,0.0,0.0,0.0,0.0,0.0,0.0,0.0,0.0,0.0,21.28,0.0,0.0,0.0,0.0,0.0,69.48,47.07,0.0,204.73000000000002,0.0,0.0,0.0,0.0,0.0,0.0,0.0,T000301,P043,95.17,2024-11-22,22,11,2024,0,0,0,0,0,High,0.8177774775165871,2024-11
U0044,Aditya Nair,29.0,1,Patna,2023-07-22,0.375,74.43857142857142,7,35,0.0,0.0,0.0,0.0,0.0,0.0,0.0,0.0,178.51000000000002,0.0,0.0,0.0,0.0,0.0,0.0,0.0,0.0,0.0,0.0,0.0,0.0,0.0,0.0,0.0,0.0,0.0,0.0,0.0,0.0,0.0,0.0,0.0,0.0,21.28,0.0,0.0,0.0,0.0,0.0,69.48,47.07,0.0,204.73000000000002,0.0,0.0,0.0,0.0,0.0,0.0,0.0,T000345,P034,21.28,2025-02-17,17,2,2025,0,0,0,0,1,Low,-1.2152197731673458,2025-02
U0044,Aditya Nair,29.0,1,Patna,2023-07-22,0.375,74.43857142857142,7,35,0.0,0.0,0.0,0.0,0.0,0.0,0.0,0.0,178.51000000000002,0.0,0.0,0.0,0.0,0.0,0.0,0.0,0.0,0.0,0.0,0.0,0.0,0.0,0.0,0.0,0.0,0.0,0.0,0.0,0.0,0.0,0.0,0.0,0.0,21.28,0.0,0.0,0.0,0.0,0.0,69.48,47.07,0.0,204.73000000000002,0.0,0.0,0.0,0.0,0.0,0.0,0.0,T000468,P009,134.61,2025-09-27,27,9,2025,0,0,0,0,1,High,1.9029231205937875,2025-09
U0044,Aditya Nair,29.0,1,Patna,2023-07-22,0.375,74.43857142857142,7,35,0.0,0.0,0.0,0.0,0.0,0.0,0.0,0.0,178.51000000000002,0.0,0.0,0.0,0.0,0.0,0.0,0.0,0.0,0.0,0.0,0.0,0.0,0.0,0.0,0.0,0.0,0.0,0.0,0.0,0.0,0.0,0.0,0.0,0.0,21.28,0.0,0.0,0.0,0.0,0.0,69.48,47.07,0.0,204.73000000000002,0.0,0.0,0.0,0.0,0.0,0.0,0.0,T000519,P009,43.9,2024-09-08,8,9,2024,0,0,0,1,0,Medium,-0.5928568308142457,2024-09
U0044,Aditya Nair,29.0,1,Patna,2023-07-22,0.375,74.43857142857142,7,35,0.0,0.0,0.0,0.0,0.0,0.0,0.0,0.0,178.51000000000002,0.0,0.0,0.0,0.0,0.0,0.0,0.0,0.0,0.0,0.0,0.0,0.0,0.0,0.0,0.0,0.0,0.0,0.0,0.0,0.0,0.0,0.0,0.0,0.0,21.28,0.0,0.0,0.0,0.0,0.0,69.48,47.07,0.0,204.73000000000002,0.0,0.0,0.0,0.0,0.0,0.0,0.0,T000793,P041,47.07,2023-06-17,17,6,2023,0,0,0,1,0,Medium,-0.5056379746135681,2023-06
U0044,Aditya Nair,29.0,1,Patna,2023-07-22,0.375,74.43857142857142,7,35,0.0,0.0,0.0,0.0,0.0,0.0,0.0,0.0,178.51000000000002,0.0,0.0,0.0,0.0,0.0,0.0,0.0,0.0,0.0,0.0,0.0,0.0,0.0,0.0,0.0,0.0,0.0,0.0,0.0,0.0,0.0,0.0,0.0,0.0,21.28,0.0,0.0,0.0,0.0,0.0,69.48,47.07,0.0,204.73000000000002,0.0,0.0,0.0,0.0,0.0,0.0,0.0,T000868,P043,109.56,2024-01-06,6,1,2024,0,0,0,0,0,High,1.2137015597650889,2024-01
U0045,Sai Chopra,20.0,1,Mumbai,2022-03-14,0.0,85.19375,8,205,0.0,0.0,80.1,0.0,0.0,94.7,0.0,78.75,0.0,0.0,0.0,0.0,40.86,0.0,0.0,0.0,0.0,0.0,0.0,0.0,0.0,0.0,139.67,0.0,0.0,0.0,62.89,0.0,0.0,0.0,0.0,0.0,0.0,0.0,0.0,0.0,0.0,0.0,0.0,63.37,0.0,0.0,0.0,0.0,0.0,121.21,0.0,0.0,0.0,0.0,T000052,P006,94.7,2025-02-22,22,2,2025,0,0,0,0,0,High,0.8048459751776854,2025-02
U0045,Sai Chopra,20.0,1,Mumbai,2022-03-14,0.0,85.19375,8,205,0.0,0.0,80.1,0.0,0.0,94.7,0.0,78.75,0.0,0.0,0.0,0.0,40.86,0.0,0.0,0.0,0.0,0.0,0.0,0.0,0.0,0.0,139.67,0.0,0.0,0.0,62.89,0.0,0.0,0.0,0.0,0.0,0.0,0.0,0.0,0.0,0.0,0.0,0.0,63.37,0.0,0.0,0.0,0.0,0.0,121.21,0.0,0.0,0.0,0.0,T000104,P008,78.75,2023-02-22,22,2,2023,0,0,0,0,1,High,0.36600031069793537,2023-02
U0045,Sai Chopra,20.0,1,Mumbai,2022-03-14,0.0,85.19375,8,205,0.0,0.0,80.1,0.0,0.0,94.7,0.0,78.75,0.0,0.0,0.0,0.0,40.86,0.0,0.0,0.0,0.0,0.0,0.0,0.0,0.0,0.0,139.67,0.0,0.0,0.0,62.89,0.0,0.0,0.0,0.0,0.0,0.0,0.0,0.0,0.0,0.0,0.0,0.0,63.37,0.0,0.0,0.0,0.0,0.0,121.21,0.0,0.0,0.0,0.0,T000377,P027,62.89,2023-03-16,16,3,2023,0,1,0,0,0,Medium,-0.07036910865308876,2023-03
U0045,Sai Chopra,20.0,1,Mumbai,2022-03-14,0.0,85.19375,8,205,0.0,0.0,80.1,0.0,0.0,94.7,0.0,78.75,0.0,0.0,0.0,0.0,40.86,0.0,0.0,0.0,0.0,0.0,0.0,0.0,0.0,0.0,139.67,0.0,0.0,0.0,62.89,0.0,0.0,0.0,0.0,0.0,0.0,0.0,0.0,0.0,0.0,0.0,0.0,63.37,0.0,0.0,0.0,0.0,0.0,121.21,0.0,0.0,0.0,0.0,T000386,P040,63.37,2025-04-10,10,4,2025,0,0,0,0,1,Medium,-0.057162467966550924,2025-04
U0045,Sai Chopra,20.0,1,Mumbai,2022-03-14,0.0,85.19375,8,205,0.0,0.0,80.1,0.0,0.0,94.7,0.0,78.75,0.0,0.0,0.0,0.0,40.86,0.0,0.0,0.0,0.0,0.0,0.0,0.0,0.0,0.0,139.67,0.0,0.0,0.0,62.89,0.0,0.0,0.0,0.0,0.0,0.0,0.0,0.0,0.0,0.0,0.0,0.0,63.37,0.0,0.0,0.0,0.0,0.0,121.21,0.0,0.0,0.0,0.0,T000729,P023,139.67,2024-01-19,19,1,2024,0,1,0,0,0,High,2.0421431244977075,2024-01
U0045,Sai Chopra,20.0,1,Mumbai,2022-03-14,0.0,85.19375,8,205,0.0,0.0,80.1,0.0,0.0,94.7,0.0,78.75,0.0,0.0,0.0,0.0,40.86,0.0,0.0,0.0,0.0,0.0,0.0,0.0,0.0,0.0,139.67,0.0,0.0,0.0,62.89,0.0,0.0,0.0,0.0,0.0,0.0,0.0,0.0,0.0,0.0,0.0,0.0,63.37,0.0,0.0,0.0,0.0,0.0,121.21,0.0,0.0,0.0,0.0,T000762,P046,121.21,2024-12-31,31,12,2024,0,0,0,0,0,High,1.5342377347612697,2024-12
U0045,Sai Chopra,20.0,1,Mumbai,2022-03-14,0.0,85.19375,8,205,0.0,0.0,80.1,0.0,0.0,94.7,0.0,78.75,0.0,0.0,0.0,0.0,40.86,0.0,0.0,0.0,0.0,0.0,0.0,0.0,0.0,0.0,139.67,0.0,0.0,0.0,62.89,0.0,0.0,0.0,0.0,0.0,0.0,0.0,0.0,0.0,0.0,0.0,0.0,63.37,0.0,0.0,0.0,0.0,0.0,121.21,0.0,0.0,0.0,0.0,T000835,P013,40.86,2023-04-29,29,4,2023,0,1,0,0,0,Low,-0.6764988884956527,2023-04
U0045,Sai Chopra,20.0,1,Mumbai,2022-03-14,0.0,85.19375,8,205,0.0,0.0,80.1,0.0,0.0,94.7,0.0,78.75,0.0,0.0,0.0,0.0,40.86,0.0,0.0,0.0,0.0,0.0,0.0,0.0,0.0,0.0,139.67,0.0,0.0,0.0,62.89,0.0,0.0,0.0,0.0,0.0,0.0,0.0,0.0,0.0,0.0,0.0,0.0,63.37,0.0,0.0,0.0,0.0,0.0,121.21,0.0,0.0,0.0,0.0,T000923,P003,80.1,2025-01-07,7,1,2025,0,0,0,1,0,High,0.40314398762882314,2025-01
U0046,Vivaan Ghosh,26.0,1,Delhi,2024-05-30,0.25,107.5725,4,24,0.0,0.0,154.71,0.0,0.0,0.0,0.0,0.0,0.0,0.0,0.0,0.0,0.0,0.0,0.0,0.0,0.0,0.0,0.0,0.0,28.54,0.0,0.0,0.0,0.0,0.0,0.0,0.0,0.0,0.0,149.96,0.0,0.0,0.0,0.0,0.0,0.0,0.0,0.0,0.0,0.0,0.0,0.0,0.0,0.0,0.0,0.0,0.0,0.0,97.08,T000174,P050,97.08,2025-10-08,8,10,2025,0,0,0,0,1,High,0.8703289019151026,2025-10
U0046,Vivaan Ghosh,26.0,1,Delhi,2024-05-30,0.25,107.5725,4,24,0.0,0.0,154.71,0.0,0.0,0.0,0.0,0.0,0.0,0.0,0.0,0.0,0.0,0.0,0.0,0.0,0.0,0.0,0.0,0.0,28.54,0.0,0.0,0.0,0.0,0.0,0.0,0.0,0.0,0.0,149.96,0.0,0.0,0.0,0.0,0.0,0.0,0.0,0.0,0.0,0.0,0.0,0.0,0.0,0.0,0.0,0.0,0.0,0.0,97.08,T000493,P021,28.54,2024-02-29,29,2,2024,1,0,0,0,0,Low,-1.0154693327834594,2024-02
U0046,Vivaan Ghosh,26.0,1,Delhi,2024-05-30,0.25,107.5725,4,24,0.0,0.0,154.71,0.0,0.0,0.0,0.0,0.0,0.0,0.0,0.0,0.0,0.0,0.0,0.0,0.0,0.0,0.0,0.0,0.0,28.54,0.0,0.0,0.0,0.0,0.0,0.0,0.0,0.0,0.0,149.96,0.0,0.0,0.0,0.0,0.0,0.0,0.0,0.0,0.0,0.0,0.0,0.0,0.0,0.0,0.0,0.0,0.0,0.0,97.08,T000681,P003,154.71,2025-05-08,8,5,2025,0,0,0,0,0,High,2.455951199342563,2025-05
U0046,Vivaan Ghosh,26.0,1,Delhi,2024-05-30,0.25,107.5725,4,24,0.0,0.0,154.71,0.0,0.0,0.0,0.0,0.0,0.0,0.0,0.0,0.0,0.0,0.0,0.0,0.0,0.0,0.0,0.0,0.0,28.54,0.0,0.0,0.0,0.0,0.0,0.0,0.0,0.0,0.0,149.96,0.0,0.0,0.0,0.0,0.0,0.0,0.0,0.0,0.0,0.0,0.0,0.0,0.0,0.0,0.0,0.0,0.0,0.0,97.08,T000841,P031,149.96,2024-12-17,17,12,2024,0,0,0,0,0,High,2.325260484215365,2024-12
U0047,Anaya Gupta,28.0,2,Kolkata,2022-10-13,0.33333333333333326,40.7375,4,28,0.0,0.0,0.0,0.0,0.0,0.0,0.0,52.54,0.0,0.0,0.0,0.0,0.0,0.0,0.0,0.0,0.0,0.0,0.0,0.0,0.0,0.0,0.0,0.0,0.0,0.0,0.0,0.0,0.0,0.0,0.0,0.0,0.0,0.0,0.0,0.0,0.0,23.89,36.39,0.0,0.0,0.0,0.0,0.0,50.13,0.0,0.0,0.0,0.0,0.0,T000005,P038,23.89,2025-10-04,4,10,2025,0,0,1,0,0,Low,-1.1434086644342958,2025-10
U0047,Anaya Gupta,28.0,2,Kolkata,2022-10-13,0.33333333333333326,40.7375,4,28,0.0,0.0,0.0,0.0,0.0,0.0,0.0,52.54,0.0,0.0,0.0,0.0,0.0,0.0,0.0,0.0,0.0,0.0,0.0,0.0,0.0,0.0,0.0,0.0,0.0,0.0,0.0,0.0,0.0,0.0,0.0,0.0,0.0,0.0,0.0,0.0,0.0,23.89,36.39,0.0,0.0,0.0,0.0,0.0,50.13,0.0,0.0,0.0,0.0,0.0,T000208,P045,50.13,2023-12-06,6,12,2023,0,0,0,0,0,Medium,-0.42144564023688874,2023-12
U0047,Anaya Gupta,28.0,2,Kolkata,2022-10-13,0.33333333333333326,40.7375,4,28,0.0,0.0,0.0,0.0,0.0,0.0,0.0,52.54,0.0,0.0,0.0,0.0,0.0,0.0,0.0,0.0,0.0,0.0,0.0,0.0,0.0,0.0,0.0,0.0,0.0,0.0,0.0,0.0,0.0,0.0,0.0,0.0,0.0,0.0,0.0,0.0,0.0,23.89,36.39,0.0,0.0,0.0,0.0,0.0,50.13,0.0,0.0,0.0,0.0,0.0,T000767,P039,36.39,2024-03-28,28,3,2024,0,0,0,1,0,Low,-0.7994857298890371,2024-03
U0047,Anaya Gupta,28.0,2,Kolkata,2022-10-13,0.33333333333333326,40.7375,4,28,0.0,0.0,0.0,0.0,0.0,0.0,0.0,52.54,0.0,0.0,0.0,0.0,0.0,0.0,0.0,0.0,0.0,0.0,0.0,0.0,0.0,0.0,0.0,0.0,0.0,0.0,0.0,0.0,0.0,0.0,0.0,0.0,0.0,0.0,0.0,0.0,0.0,23.89,36.39,0.0,0.0,0.0,0.0,0.0,50.13,0.0,0.0,0.0,0.0,0.0,T000929,P008,52.54,2025-03-30,30,3,2025,0,0,1,0,0,Medium,-0.35513729845656294,2025-03
U0048,Meera Das,40.0,2,Ahmedabad,2024-01-11,0.8333333333333333,70.474,5,66,0.0,0.0,0.0,0.0,0.0,0.0,0.0,0.0,0.0,0.0,0.0,0.0,0.0,0.0,0.0,0.0,0.0,0.0,0.0,0.0,0.0,0.0,0.0,154.71,0.0,0.0,0.0,0.0,80.2,0.0,0.0,0.0,0.0,0.0,21.28,0.0,0.0,0.0,0.0,0.0,51.54,0.0,0.0,0.0,0.0,0.0,0.0,0.0,44.64,0.0,T000441,P049,44.64,2025-08-27,27,8,2025,0,0,0,0,0,Medium,-0.5724965930891663,2025-08
U0048,Meera Das,40.0,2,Ahmedabad,2024-01-11,0.8333333333333333,70.474,5,66,0.0,0.0,0.0,0.0,0.0,0.0,0.0,0.0,0.0,0.0,0.0,0.0,0.0,0.0,0.0,0.0,0.0,0.0,0.0,0.0,0.0,0.0,0.0,154.71,0.0,0.0,0.0,0.0,80.2,0.0,0.0,0.0,0.0,0.0,21.28,0.0,0.0,0.0,0.0,0.0,51.54,0.0,0.0,0.0,0.0,0.0,0.0,0.0,44.64,0.0,T000469,P035,21.28,2023-05-01,1,5,2023,0,0,0,0,1,Low,-1.2152197731673458,2023-05
U0048,Meera Das,40.0,2,Ahmedabad,2024-01-11,0.8333333333333333,70.474,5,66,0.0,0.0,0.0,0.0,0.0,0.0,0.0,0.0,0.0,0.0,0.0,0.0,0.0,0.0,0.0,0.0,0.0,0.0,0.0,0.0,0.0,0.0,0.0,154.71,0.0,0.0,0.0,0.0,80.2,0.0,0.0,0.0,0.0,0.0,21.28,0.0,0.0,0.0,0.0,0.0,51.54,0.0,0.0,0.0,0.0,0.0,0.0,0.0,44.64,0.0,T000564,P041,51.54,2025-06-04,4,6,2025,0,0,0,0,1,Medium,-0.3826511332201836,2025-06
U0048,Meera Das,40.0,2,Ahmedabad,2024-01-11,0.8333333333333333,70.474,5,66,0.0,0.0,0.0,0.0,0.0,0.0,0.0,0.0,0.0,0.0,0.0,0.0,0.0,0.0,0.0,0.0,0.0,0.0,0.0,0.0,0.0,0.0,0.0,154.71,0.0,0.0,0.0,0.0,80.2,0.0,0.0,0.0,0.0,0.0,21.28,0.0,0.0,0.0,0.0,0.0,51.54,0.0,0.0,0.0,0.0,0.0,0.0,0.0,44.64,0.0,T000797,P024,154.71,2025-01-26,26,1,2025,0,0,1,0,0,High,2.455951199342563,2025-01
U0048,Meera Das,40.0,2,Ahmedabad,2024-01-11,0.8333333333333333,70.474,5,66,0.0,0.0,0.0,0.0,0.0,0.0,0.0,0.0,0.0,0.0,0.0,0.0,0.0,0.0,0.0,0.0,0.0,0.0,0.0,0.0,0.0,0.0,0.0,154.71,0.0,0.0,0.0,0.0,80.2,0.0,0.0,0.0,0.0,0.0,21.28,0.0,0.0,0.0,0.0,0.0,51.54,0.0,0.0,0.0,0.0,0.0,0.0,0.0,44.64,0.0,T000798,P029,80.2,2024-06-23,23,6,2024,1,0,0,0,0,High,0.4058953711051854,2024-06
U0049,Saanvi Chopra,34.0,0,Kolkata,2024-03-14,0.5833333333333333,78.0,5,15,0.0,0.0,0.0,0.0,0.0,0.0,0.0,100.84,0.0,75.65,0.0,0.0,0.0,0.0,0.0,0.0,0.0,0.0,0.0,0.0,0.0,0.0,0.0,0.0,0.0,0.0,0.0,0.0,0.0,0.0,0.0,0.0,0.0,0.0,0.0,0.0,0.0,0.0,41.13,0.0,0.0,0.0,0.0,0.0,0.0,0.0,142.01,0.0,30.37,0.0,T000025,P039,41.13,2023-10-07,7,10,2023,0,0,0,0,0,Low,-0.6690701531094749,2023-10
U0049,Saanvi Chopra,34.0,0,Kolkata,2024-03-14,0.5833333333333333,78.0,5,15,0.0,0.0,0.0,0.0,0.0,0.0,0.0,100.84,0.0,75.65,0.0,0.0,0.0,0.0,0.0,0.0,0.0,0.0,0.0,0.0,0.0,0.0,0.0,0.0,0.0,0.0,0.0,0.0,0.0,0.0,0.0,0.0,0.0,0.0,0.0,0.0,0.0,0.0,41.13,0.0,0.0,0.0,0.0,0.0,0.0,0.0,142.01,0.0,30.37,0.0,T000318,P049,30.37,2025-10-17,17,10,2025,0,1,0,0,0,Low,-0.9651190151660335,2025-10
U0049,Saanvi Chopra,34.0,0,Kolkata,2024-03-14,0.5833333333333333,78.0,5,15,0.0,0.0,0.0,0.0,0.0,0.0,0.0,100.84,0.0,75.65,0.0,0.0,0.0,0.0,0.0,0.0,0.0,0.0,0.0,0.0,0.0,0.0,0.0,0.0,0.0,0.0,0.0,0.0,0.0,0.0,0.0,0.0,0.0,0.0,0.0,0.0,0.0,0.0,41.13,0.0,0.0,0.0,0.0,0.0,0.0,0.0,142.01,0.0,30.37,0.0,T000425,P047,142.01,2023-03-07,7,3,2023,1,0,0,0,0,High,2.1065254978445798,2023-03
U0049,Saanvi Chopra,34.0,0,Kolkata,2024-03-14,0.5833333333333333,78.0,5,15,0.0,0.0,0.0,0.0,0.0,0.0,0.0,100.84,0.0,75.65,0.0,0.0,0.0,0.0,0.0,0.0,0.0,0.0,0.0,0.0,0.0,0.0,0.0,0.0,0.0,0.0,0.0,0.0,0.0,0.0,0.0,0.0,0.0,0.0,0.0,0.0,0.0,0.0,41.13,0.0,0.0,0.0,0.0,0.0,0.0,0.0,142.01,0.0,30.37,0.0,T000859,P010,75.65,2024-05-07,7,5,2024,0,0,0,0,0,High,0.2807074229307114,2024-05
U0049,Saanvi Chopra,34.0,0,Kolkata,2024-03-14,0.5833333333333333,78.0,5,15,0.0,0.0,0.0,0.0,0.0,0.0,0.0,100.84,0.0,75.65,0.0,0.0,0.0,0.0,0.0,0.0,0.0,0.0,0.0,0.0,0.0,0.0,0.0,0.0,0.0,0.0,0.0,0.0,0.0,0.0,0.0,0.0,0.0,0.0,0.0,0.0,0.0,0.0,41.13,0.0,0.0,0.0,0.0,0.0,0.0,0.0,142.01,0.0,30.37,0.0,T000965,P008,100.84,2024-03-17,17,3,2024,0,0,1,0,0,High,0.9737809206263165,2024-03
U0050,Meera Mukherjee,20.0,1,Hyderabad,2022-04-10,0.0,42.56,1,703,0.0,0.0,0.0,0.0,0.0,0.0,0.0,42.56,0.0,0.0,0.0,0.0,0.0,0.0,0.0,0.0,0.0,0.0,0.0,0.0,0.0,0.0,0.0,0.0,0.0,0.0,0.0,0.0,0.0,0.0,0.0,0.0,0.0,0.0,0.0,0.0,0.0,0.0,0.0,0.0,0.0,0.0,0.0,0.0,0.0,0.0,0.0,0.0,0.0,0.0,T000382,P008,42.56,2023-11-29,29,11,2023,0,0,0,1,0,Medium,-0.6297253693974973,2023-11
U0051,Kiara Mehta,34.0,0,Indore,2023-04-24,0.5833333333333333,72.70333333333333,3,213,0.0,0.0,0.0,0.0,0.0,0.0,0.0,0.0,0.0,0.0,0.0,73.61,0.0,0.0,0.0,0.0,0.0,0.0,0.0,0.0,0.0,0.0,0.0,0.0,0.0,0.0,0.0,0.0,0.0,0.0,0.0,0.0,0.0,0.0,0.0,0.0,0.0,0.0,144.5,0.0,0.0,0.0,0.0,0.0,0.0,0.0,0.0,0.0,0.0,0.0,T000172,P012,73.61,2023-11-10,10,11,2023,0,0,0,0,0,High,0.224579200012925,2023-11
U0051,Kiara Mehta,34.0,0,Indore,2023-04-24,0.5833333333333333,72.70333333333333,3,213,0.0,0.0,0.0,0.0,0.0,0.0,0.0,0.0,0.0,0.0,0.0,73.61,0.0,0.0,0.0,0.0,0.0,0.0,0.0,0.0,0.0,0.0,0.0,0.0,0.0,0.0,0.0,0.0,0.0,0.0,0.0,0.0,0.0,0.0,0.0,0.0,0.0,0.0,144.5,0.0,0.0,0.0,0.0,0.0,0.0,0.0,0.0,0.0,0.0,0.0,T000333,P039,52.48,2025-04-02,2,4,2025,0,0,0,0,0,Medium,-0.35678812854238023,2025-04
U0051,Kiara Mehta,34.0,0,Indore,2023-04-24,0.5833333333333333,72.70333333333333,3,213,0.0,0.0,0.0,0.0,0.0,0.0,0.0,0.0,0.0,0.0,0.0,73.61,0.0,0.0,0.0,0.0,0.0,0.0,0.0,0.0,0.0,0.0,0.0,0.0,0.0,0.0,0.0,0.0,0.0,0.0,0.0,0.0,0.0,0.0,0.0,0.0,0.0,0.0,144.5,0.0,0.0,0.0,0.0,0.0,0.0,0.0,0.0,0.0,0.0,0.0,T000913,P039,92.02,2024-06-22,22,6,2024,0,1,0,0,0,High,0.7311088980111818,2024-06
U0052,Vivaan Patel,28.0,1,Nagpur,2024-01-16,0.33333333333333326,69.58636363636364,12,24,0.0,0.0,28.92,0.0,0.0,0.0,21.28,106.88,157.13,0.0,0.0,0.0,0.0,28.16,0.0,0.0,0.0,0.0,0.0,0.0,0.0,134.35,0.0,0.0,0.0,0.0,0.0,0.0,0.0,0.0,0.0,0.0,0.0,0.0,0.0,0.0,0.0,0.0,34.84,62.45,120.35,71.09,0.0,0.0,0.0,0.0,0.0,0.0,0.0,0.0,T000073,P009,109.72,2025-01-19,19,1,2025,0,0,0,0,0,High,1.2181037733272682,2025-01
U0052,Vivaan Patel,28.0,1,Nagpur,2024-01-16,0.33333333333333326,69.58636363636364,12,24,0.0,0.0,28.92,0.0,0.0,0.0,21.28,106.88,157.13,0.0,0.0,0.0,0.0,28.16,0.0,0.0,0.0,0.0,0.0,0.0,0.0,134.35,0.0,0.0,0.0,0.0,0.0,0.0,0.0,0.0,0.0,0.0,0.0,0.0,0.0,0.0,0.0,0.0,34.84,62.45,120.35,71.09,0.0,0.0,0.0,0.0,0.0,0.0,0.0,0.0,T000216,P039,34.84,2024-05-27,27,5,2024,0,1,0,0,0,Low,-0.842132173772649,2024-05
U0052,Vivaan Patel,28.0,1,Nagpur,2024-01-16,0.33333333333333326,69.58636363636364,12,24,0.0,0.0,28.92,0.0,0.0,0.0,21.28,106.88,157.13,0.0,0.0,0.0,0.0,28.16,0.0,0.0,0.0,0.0,0.0,0.0,0.0,134.35,0.0,0.0,0.0,0.0,0.0,0.0,0.0,0.0,0.0,0.0,0.0,0.0,0.0,0.0,0.0,0.0,34.84,62.45,120.35,71.09,0.0,0.0,0.0,0.0,0.0,0.0,0.0,0.0,T000250,P003,28.92,2024-09-27,27,9,2024,0,0,0,1,0,Low,-1.0050140755732835,2024-09
U0052,Vivaan Patel,28.0,1,Nagpur,2024-01-16,0.33333333333333326,69.58636363636364,12,24,0.0,0.0,28.92,0.0,0.0,0.0,21.28,106.88,157.13,0.0,0.0,0.0,0.0,28.16,0.0,0.0,0.0,0.0,0.0,0.0,0.0,134.35,0.0,0.0,0.0,0.0,0.0,0.0,0.0,0.0,0.0,0.0,0.0,0.0,0.0,0.0,0.0,0.0,34.84,62.45,120.35,71.09,0.0,0.0,0.0,0.0,0.0,0.0,0.0,0.0,T000280,P008,106.88,2023-06-01,1,6,2023,0,1,0,0,0,High,1.1399644825985853,2023-06
U0052,Vivaan Patel,28.0,1,Nagpur,2024-01-16,0.33333333333333326,69.58636363636364,12,24,0.0,0.0,28.92,0.0,0.0,0.0,21.28,106.88,157.13,0.0,0.0,0.0,0.0,28.16,0.0,0.0,0.0,0.0,0.0,0.0,0.0,134.35,0.0,0.0,0.0,0.0,0.0,0.0,0.0,0.0,0.0,0.0,0.0,0.0,0.0,0.0,0.0,0.0,34.84,62.45,120.35,71.09,0.0,0.0,0.0,0.0,0.0,0.0,0.0,0.0,T000286,P009,23.26,2025-10-08,8,10,2025,0,1,0,0,0,Low,-1.1607423803353767,2025-10
U0052,Vivaan Patel,28.0,1,Nagpur,2024-01-16,0.33333333333333326,69.58636363636364,12,24,0.0,0.0,28.92,0.0,0.0,0.0,21.28,106.88,157.13,0.0,0.0,0.0,0.0,28.16,0.0,0.0,0.0,0.0,0.0,0.0,0.0,134.35,0.0,0.0,0.0,0.0,0.0,0.0,0.0,0.0,0.0,0.0,0.0,0.0,0.0,0.0,0.0,0.0,34.84,62.45,120.35,71.09,0.0,0.0,0.0,0.0,0.0,0.0,0.0,0.0,T000707,P009,24.15,2023-08-12,12,8,2023,0,0,0,0,0,Low,-1.1362550673957543,2023-08
U0052,Vivaan Patel,28.0,1,Nagpur,2024-01-16,0.33333333333333326,69.58636363636364,12,24,0.0,0.0,28.92,0.0,0.0,0.0,21.28,106.88,157.13,0.0,0.0,0.0,0.0,28.16,0.0,0.0,0.0,0.0,0.0,0.0,0.0,134.35,0.0,0.0,0.0,0.0,0.0,0.0,0.0,0.0,0.0,0.0,0.0,0.0,0.0,0.0,0.0,0.0,34.84,62.45,120.35,71.09,0.0,0.0,0.0,0.0,0.0,0.0,0.0,0.0,T000735,P042,71.09,2024-05-25,25,5,2024,0,0,0,0,0,Medium,0.15524433640860097,2024-05
U0052,Vivaan Patel,28.0,1,Nagpur,2024-01-16,0.33333333333333326,69.58636363636364,12,24,0.0,0.0,28.92,0.0,0.0,0.0,21.28,106.88,157.13,0.0,0.0,0.0,0.0,28.16,0.0,0.0,0.0,0.0,0.0,0.0,0.0,134.35,0.0,0.0,0.0,0.0,0.0,0.0,0.0,0.0,0.0,0.0,0.0,0.0,0.0,0.0,0.0,0.0,34.84,62.45,120.35,71.09,0.0,0.0,0.0,0.0,0.0,0.0,0.0,0.0,T000792,P007,21.28,2024-02-28,28,2,2024,1,0,0,0,0,Low,-1.2152197731673458,2024-02
U0052,Vivaan Patel,28.0,1,Nagpur,2024-01-16,0.33333333333333326,69.58636363636364,12,24,0.0,0.0,28.92,0.0,0.0,0.0,21.28,106.88,157.13,0.0,0.0,0.0,0.0,28.16,0.0,0.0,0.0,0.0,0.0,0.0,0.0,134.35,0.0,0.0,0.0,0.0,0.0,0.0,0.0,0.0,0.0,0.0,0.0,0.0,0.0,0.0,0.0,0.0,34.84,62.45,120.35,71.09,0.0,0.0,0.0,0.0,0.0,0.0,0.0,0.0,T000811,P041,120.35,2024-06-12,12,6,2024,0,1,0,0,0,High,1.5105758368645559,2024-06
U0052,Vivaan Patel,28.0,1,Nagpur,2024-01-16,0.33333333333333326,69.58636363636364,12,24,0.0,0.0,28.92,0.0,0.0,0.0,21.28,106.88,157.13,0.0,0.0,0.0,0.0,28.16,0.0,0.0,0.0,0.0,0.0,0.0,0.0,134.35,0.0,0.0,0.0,0.0,0.0,0.0,0.0,0.0,0.0,0.0,0.0,0.0,0.0,0.0,0.0,0.0,34.84,62.45,120.35,71.09,0.0,0.0,0.0,0.0,0.0,0.0,0.0,0.0,T000879,P022,134.35,2025-07-26,26,7,2025,0,0,1,0,0,High,1.8957695235552456,2025-07
U0052,Vivaan Patel,28.0,1,Nagpur,2024-01-16,0.33333333333333326,69.58636363636364,12,24,0.0,0.0,28.92,0.0,0.0,0.0,21.28,106.88,157.13,0.0,0.0,0.0,0.0,28.16,0.0,0.0,0.0,0.0,0.0,0.0,0.0,134.35,0.0,0.0,0.0,0.0,0.0,0.0,0.0,0.0,0.0,0.0,0.0,0.0,0.0,0.0,0.0,0.0,34.84,62.45,120.35,71.09,0.0,0.0,0.0,0.0,0.0,0.0,0.0,0.0,T000980,P014,28.16,2024-08-18,18,8,2024,0,0,0,0,0,Low,-1.0259245899936353,2024-08
U0052,Vivaan Patel,28.0,1,Nagpur,2024-01-16,0.33333333333333326,69.58636363636364,12,24,0.0,0.0,28.92,0.0,0.0,0.0,21.28,106.88,157.13,0.0,0.0,0.0,0.0,28.16,0.0,0.0,0.0,0.0,0.0,0.0,0.0,134.35,0.0,0.0,0.0,0.0,0.0,0.0,0.0,0.0,0.0,0.0,0.0,0.0,0.0,0.0,0.0,0.0,34.84,62.45,120.35,71.09,0.0,0.0,0.0,0.0,0.0,0.0,0.0,0.0,T000999,P040,62.45,2024-04-06,6,4,2024,0,0,1,0,0,Medium,-0.08247519594908181,2024-04
U0053,Anaya Patel,26.0,1,Chennai,2022-07-14,0.25,52.748000000000005,5,176,0.0,0.0,0.0,95.87,0.0,0.0,0.0,0.0,0.0,0.0,0.0,0.0,0.0,0.0,0.0,0.0,0.0,0.0,0.0,0.0,0.0,0.0,0.0,0.0,0.0,0.0,0.0,0.0,0.0,0.0,0.0,0.0,0.0,114.33,0.0,0.0,0.0,0.0,0.0,0.0,0.0,0.0,0.0,0.0,29.02,0.0,0.0,0.0,24.52,0.0,T000601,P004,95.87,2024-12-19,19,12,2024,0,0,0,0,0,High,0.8370371618511216,2024-12
U0053,Anaya Patel,26.0,1,Chennai,2022-07-14,0.25,52.748000000000005,5,176,0.0,0.0,0.0,95.87,0.0,0.0,0.0,0.0,0.0,0.0,0.0,0.0,0.0,0.0,0.0,0.0,0.0,0.0,0.0,0.0,0.0,0.0,0.0,0.0,0.0,0.0,0.0,0.0,0.0,0.0,0.0,0.0,0.0,114.33,0.0,0.0,0.0,0.0,0.0,0.0,0.0,0.0,0.0,0.0,29.02,0.0,0.0,0.0,24.52,0.0,T000647,P034,64.94,2024-01-22,22,1,2024,0,0,0,0,0,Medium,-0.013965747387666433,2024-01
U0053,Anaya Patel,26.0,1,Chennai,2022-07-14,0.25,52.748000000000005,5,176,0.0,0.0,0.0,95.87,0.0,0.0,0.0,0.0,0.0,0.0,0.0,0.0,0.0,0.0,0.0,0.0,0.0,0.0,0.0,0.0,0.0,0.0,0.0,0.0,0.0,0.0,0.0,0.0,0.0,0.0,0.0,0.0,0.0,114.33,0.0,0.0,0.0,0.0,0.0,0.0,0.0,0.0,0.0,0.0,29.02,0.0,0.0,0.0,24.52,0.0,T000697,P034,49.39,2025-05-09,9,5,2025,0,1,0,0,0,Medium,-0.4418058779619681,2025-05
U0053,Anaya Patel,26.0,1,Chennai,2022-07-14,0.25,52.748000000000005,5,176,0.0,0.0,0.0,95.87,0.0,0.0,0.0,0.0,0.0,0.0,0.0,0.0,0.0,0.0,0.0,0.0,0.0,0.0,0.0,0.0,0.0,0.0,0.0,0.0,0.0,0.0,0.0,0.0,0.0,0.0,0.0,0.0,0.0,114.33,0.0,0.0,0.0,0.0,0.0,0.0,0.0,0.0,0.0,0.0,29.02,0.0,0.0,0.0,24.52,0.0,T000908,P045,29.02,2023-01-20,20,1,2023,0,0,0,0,1,Low,-1.0022626920969218,2023-01
U0053,Anaya Patel,26.0,1,Chennai,2022-07-14,0.25,52.748000000000005,5,176,0.0,0.0,0.0,95.87,0.0,0.0,0.0,0.0,0.0,0.0,0.0,0.0,0.0,0.0,0.0,0.0,0.0,0.0,0.0,0.0,0.0,0.0,0.0,0.0,0.0,0.0,0.0,0.0,0.0,0.0,0.0,0.0,0.0,114.33,0.0,0.0,0.0,0.0,0.0,0.0,0.0,0.0,0.0,0.0,29.02,0.0,0.0,0.0,24.52,0.0,T000992,P049,24.52,2023-03-08,8,3,2023,0,0,0,0,0,Low,-1.1260749485332147,2023-03
U0054,Aarohi Roy,36.0,1,Indore,2022-07-07,0.6666666666666667,75.07,2,317,0.0,0.0,0.0,0.0,0.0,0.0,0.0,0.0,0.0,0.0,0.0,0.0,0.0,0.0,0.0,0.0,0.0,0.0,0.0,0.0,0.0,0.0,0.0,0.0,0.0,0.0,0.0,0.0,0.0,0.0,0.0,0.0,0.0,0.0,0.0,0.0,0.0,0.0,0.0,0.0,0.0,0.0,0.0,0.0,67.96,0.0,0.0,82.18,0.0,0.0,T000598,P048,82.18,2024-12-19,19,12,2024,0,0,0,0,0,High,0.46037276393715454,2024-12
U0054,Aarohi Roy,36.0,1,Indore,2022-07-07,0.6666666666666667,75.07,2,317,0.0,0.0,0.0,0.0,0.0,0.0,0.0,0.0,0.0,0.0,0.0,0.0,0.0,0.0,0.0,0.0,0.0,0.0,0.0,0.0,0.0,0.0,0.0,0.0,0.0,0.0,0.0,0.0,0.0,0.0,0.0,0.0,0.0,0.0,0.0,0.0,0.0,0.0,0.0,0.0,0.0,0.0,0.0,0.0,67.96,0.0,0.0,82.18,0.0,0.0,T000916,P045,67.96,2024-11-08,8,11,2024,0,0,1,0,0,Medium,0.06912603359846795,2024-11
U0055,Ishaan Roy,40.0,1,Bengaluru,2023-03-30,0.8333333333333333,104.74000000000001,2,30,0.0,0.0,0.0,0.0,0.0,0.0,0.0,0.0,0.0,0.0,0.0,0.0,0.0,0.0,0.0,0.0,0.0,0.0,0.0,0.0,0.0,54.77,0.0,0.0,0.0,0.0,0.0,0.0,0.0,0.0,0.0,0.0,0.0,0.0,0.0,0.0,0.0,0.0,0.0,154.71,0.0,0.0,0.0,0.0,0.0,0.0,0.0,0.0,0.0,0.0,T000203,P022,54.77,2024-01-29,29,1,2024,0,0,1,0,0,Medium,-0.2937814469336887,2024-01
U0055,Ishaan Roy,40.0,1,Bengaluru,2023-03-30,0.8333333333333333,104.74000000000001,2,30,0.0,0.0,0.0,0.0,0.0,0.0,0.0,0.0,0.0,0.0,0.0,0.0,0.0,0.0,0.0,0.0,0.0,0.0,0.0,0.0,0.0,54.77,0.0,0.0,0.0,0.0,0.0,0.0,0.0,0.0,0.0,0.0,0.0,0.0,0.0,0.0,0.0,0.0,0.0,154.71,0.0,0.0,0.0,0.0,0.0,0.0,0.0,0.0,0.0,0.0,T000279,P040,154.71,2025-10-02,2,10,2025,0,0,0,1,0,High,2.455951199342563,2025-10
U0056,Aarohi Patel,39.0,1,Vadodara,2024-05-06,0.7916666666666667,77.48333333333333,3,220,0.0,0.0,38.77,0.0,0.0,53.0,0.0,0.0,0.0,0.0,0.0,0.0,0.0,0.0,0.0,0.0,0.0,0.0,0.0,0.0,140.68,0.0,0.0,0.0,0.0,0.0,0.0,0.0,0.0,0.0,0.0,0.0,0.0,0.0,0.0,0.0,0.0,0.0,0.0,0.0,0.0,0.0,0.0,0.0,0.0,0.0,0.0,0.0,0.0,0.0,T000641,P006,53.0,2023-10-14,14,10,2023,1,0,0,0,0,Medium,-0.3424809344652974,2023-10
U0056,Aarohi Patel,39.0,1,Vadodara,2024-05-06,0.7916666666666667,77.48333333333333,3,220,0.0,0.0,38.77,0.0,0.0,53.0,0.0,0.0,0.0,0.0,0.0,0.0,0.0,0.0,0.0,0.0,0.0,0.0,0.0,0.0,140.68,0.0,0.0,0.0,0.0,0.0,0.0,0.0,0.0,0.0,0.0,0.0,0.0,0.0,0.0,0.0,0.0,0.0,0.0,0.0,0.0,0.0,0.0,0.0,0.0,0.0,0.0,0.0,0.0,0.0,T000656,P003,38.77,2025-03-26,26,3,2025,1,0,0,0,0,Low,-0.7340028031516197,2025-03
U0056,Aarohi Patel,39.0,1,Vadodara,2024-05-06,0.7916666666666667,77.48333333333333,3,220,0.0,0.0,38.77,0.0,0.0,53.0,0.0,0.0,0.0,0.0,0.0,0.0,0.0,0.0,0.0,0.0,0.0,0.0,0.0,0.0,140.68,0.0,0.0,0.0,0.0,0.0,0.0,0.0,0.0,0.0,0.0,0.0,0.0,0.0,0.0,0.0,0.0,0.0,0.0,0.0,0.0,0.0,0.0,0.0,0.0,0.0,0.0,0.0,0.0,0.0,T000714,P021,140.68,2023-07-06,6,7,2023,0,1,0,0,0,High,2.069932097608965,2023-07
U0057,Aarav Gupta,25.0,1,Pune,2023-02-21,0.20833333333333326,87.152,5,407,0.0,0.0,0.0,0.0,0.0,0.0,0.0,0.0,30.35,0.0,0.0,0.0,0.0,0.0,0.0,0.0,0.0,0.0,0.0,0.0,0.0,55.01,72.69,0.0,0.0,132.32,0.0,0.0,0.0,0.0,0.0,0.0,0.0,0.0,0.0,0.0,0.0,0.0,0.0,0.0,145.39,0.0,0.0,0.0,0.0,0.0,0.0,0.0,0.0,0.0,T000067,P041,145.39,2024-05-28,28,5,2024,0,1,0,0,0,High,2.199522259345618,2024-05
U0057,Aarav Gupta,25.0,1,Pune,2023-02-21,0.20833333333333326,87.152,5,407,0.0,0.0,0.0,0.0,0.0,0.0,0.0,0.0,30.35,0.0,0.0,0.0,0.0,0.0,0.0,0.0,0.0,0.0,0.0,0.0,0.0,55.01,72.69,0.0,0.0,132.32,0.0,0.0,0.0,0.0,0.0,0.0,0.0,0.0,0.0,0.0,0.0,0.0,0.0,0.0,145.39,0.0,0.0,0.0,0.0,0.0,0.0,0.0,0.0,0.0,T000152,P026,132.32,2023-04-23,23,4,2023,0,0,0,0,0,High,1.8399164389850955,2023-04
U0057,Aarav Gupta,25.0,1,Pune,2023-02-21,0.20833333333333326,87.152,5,407,0.0,0.0,0.0,0.0,0.0,0.0,0.0,0.0,30.35,0.0,0.0,0.0,0.0,0.0,0.0,0.0,0.0,0.0,0.0,0.0,0.0,55.01,72.69,0.0,0.0,132.32,0.0,0.0,0.0,0.0,0.0,0.0,0.0,0.0,0.0,0.0,0.0,0.0,0.0,0.0,145.39,0.0,0.0,0.0,0.0,0.0,0.0,0.0,0.0,0.0,T000168,P022,55.01,2023-06-06,6,6,2023,0,1,0,0,0,Medium,-0.28717812659041986,2023-06
U0057,Aarav Gupta,25.0,1,Pune,2023-02-21,0.20833333333333326,87.152,5,407,0.0,0.0,0.0,0.0,0.0,0.0,0.0,0.0,30.35,0.0,0.0,0.0,0.0,0.0,0.0,0.0,0.0,0.0,0.0,0.0,0.0,55.01,72.69,0.0,0.0,132.32,0.0,0.0,0.0,0.0,0.0,0.0,0.0,0.0,0.0,0.0,0.0,0.0,0.0,0.0,145.39,0.0,0.0,0.0,0.0,0.0,0.0,0.0,0.0,0.0,T000398,P009,30.35,2023-11-10,10,11,2023,0,0,1,0,0,Low,-0.965669291861306,2023-11
U0057,Aarav Gupta,25.0,1,Pune,2023-02-21,0.20833333333333326,87.152,5,407,0.0,0.0,0.0,0.0,0.0,0.0,0.0,0.0,30.35,0.0,0.0,0.0,0.0,0.0,0.0,0.0,0.0,0.0,0.0,0.0,0.0,55.01,72.69,0.0,0.0,132.32,0.0,0.0,0.0,0.0,0.0,0.0,0.0,0.0,0.0,0.0,0.0,0.0,0.0,0.0,145.39,0.0,0.0,0.0,0.0,0.0,0.0,0.0,0.0,0.0,T000872,P023,72.69,2024-09-20,20,9,2024,0,1,0,0,0,Medium,0.1992664720303939,2024-09
U0058,Meera Joshi,29.0,1,Nagpur,2024-07-13,0.375,52.6725,4,183,0.0,0.0,0.0,0.0,0.0,0.0,0.0,0.0,56.16,0.0,0.0,0.0,0.0,0.0,0.0,0.0,0.0,0.0,0.0,0.0,39.71,0.0,0.0,0.0,0.0,0.0,0.0,0.0,0.0,0.0,0.0,0.0,0.0,0.0,0.0,0.0,0.0,0.0,0.0,0.0,0.0,0.0,61.43,0.0,53.39,0.0,0.0,0.0,0.0,0.0,T000204,P009,56.16,2023-06-08,8,6,2023,0,1,0,0,0,Medium,-0.25553721661225615,2023-06
U0058,Meera Joshi,29.0,1,Nagpur,2024-07-13,0.375,52.6725,4,183,0.0,0.0,0.0,0.0,0.0,0.0,0.0,0.0,56.16,0.0,0.0,0.0,0.0,0.0,0.0,0.0,0.0,0.0,0.0,0.0,39.71,0.0,0.0,0.0,0.0,0.0,0.0,0.0,0.0,0.0,0.0,0.0,0.0,0.0,0.0,0.0,0.0,0.0,0.0,0.0,0.0,0.0,61.43,0.0,53.39,0.0,0.0,0.0,0.0,0.0,T000682,P021,39.71,2025-05-02,2,5,2025,0,1,0,0,0,Low,-0.7081397984738164,2025-05
U0058,Meera Joshi,29.0,1,Nagpur,2024-07-13,0.375,52.6725,4,183,0.0,0.0,0.0,0.0,0.0,0.0,0.0,0.0,56.16,0.0,0.0,0.0,0.0,0.0,0.0,0.0,0.0,0.0,0.0,0.0,39.71,0.0,0.0,0.0,0.0,0.0,0.0,0.0,0.0,0.0,0.0,0.0,0.0,0.0,0.0,0.0,0.0,0.0,0.0,0.0,0.0,0.0,61.43,0.0,53.39,0.0,0.0,0.0,0.0,0.0,T000763,P043,61.43,2023-12-26,26,12,2023,0,0,0,0,0,Medium,-0.110539307407975,2023-12
U0058,Meera Joshi,29.0,1,Nagpur,2024-07-13,0.375,52.6725,4,183,0.0,0.0,0.0,0.0,0.0,0.0,0.0,0.0,56.16,0.0,0.0,0.0,0.0,0.0,0.0,0.0,0.0,0.0,0.0,0.0,39.71,0.0,0.0,0.0,0.0,0.0,0.0,0.0,0.0,0.0,0.0,0.0,0.0,0.0,0.0,0.0,0.0,0.0,0.0,0.0,0.0,0.0,61.43,0.0,53.39,0.0,0.0,0.0,0.0,0.0,T000892,P045,53.39,2024-10-01,1,10,2024,0,0,0,1,0,Medium,-0.33175053890748535,2024-10
U0059,Vivaan Iyer,34.0,0,Mumbai,2023-02-04,0.5833333333333333,63.89,5,62,0.0,0.0,0.0,0.0,0.0,0.0,0.0,0.0,55.86,0.0,0.0,0.0,0.0,71.28,0.0,0.0,0.0,0.0,0.0,0.0,0.0,0.0,0.0,0.0,39.41,0.0,0.0,0.0,0.0,0.0,0.0,0.0,0.0,0.0,0.0,0.0,0.0,0.0,0.0,0.0,0.0,0.0,0.0,0.0,0.0,0.0,0.0,89.00999999999999,0.0,0.0,T000045,P048,26.57,2025-06-07,7,6,2025,1,0,0,0,0,Low,-1.0696715872677922,2025-06
U0059,Vivaan Iyer,34.0,0,Mumbai,2023-02-04,0.5833333333333333,63.89,5,62,0.0,0.0,0.0,0.0,0.0,0.0,0.0,0.0,55.86,0.0,0.0,0.0,0.0,71.28,0.0,0.0,0.0,0.0,0.0,0.0,0.0,0.0,0.0,0.0,39.41,0.0,0.0,0.0,0.0,0.0,0.0,0.0,0.0,0.0,0.0,0.0,0.0,0.0,0.0,0.0,0.0,0.0,0.0,0.0,0.0,0.0,0.0,89.00999999999999,0.0,0.0,T000464,P025,39.41,2024-05-18,18,5,2024,0,0,0,0,0,Low,-0.7163939489029026,2024-05
U0059,Vivaan Iyer,34.0,0,Mumbai,2023-02-04,0.5833333333333333,63.89,5,62,0.0,0.0,0.0,0.0,0.0,0.0,0.0,0.0,55.86,0.0,0.0,0.0,0.0,71.28,0.0,0.0,0.0,0.0,0.0,0.0,0.0,0.0,0.0,0.0,39.41,0.0,0.0,0.0,0.0,0.0,0.0,0.0,0.0,0.0,0.0,0.0,0.0,0.0,0.0,0.0,0.0,0.0,0.0,0.0,0.0,0.0,0.0,89.00999999999999,0.0,0.0,T000490,P014,71.28,2025-08-31,31,8,2025,0,0,0,0,1,Medium,0.16047196501368882,2025-08
U0059,Vivaan Iyer,34.0,0,Mumbai,2023-02-04,0.5833333333333333,63.89,5,62,0.0,0.0,0.0,0.0,0.0,0.0,0.0,0.0,55.86,0.0,0.0,0.0,0.0,71.28,0.0,0.0,0.0,0.0,0.0,0.0,0.0,0.0,0.0,0.0,39.41,0.0,0.0,0.0,0.0,0.0,0.0,0.0,0.0,0.0,0.0,0.0,0.0,0.0,0.0,0.0,0.0,0.0,0.0,0.0,0.0,0.0,0.0,89.00999999999999,0.0,0.0,T000678,P048,62.44,2023-01-06,6,1,2023,0,0,0,0,0,Medium,-0.08275033429671816,2023-01
U0059,Vivaan Iyer,34.0,0,Mumbai,2023-02-04,0.5833333333333333,63.89,5,62,0.0,0.0,0.0,0.0,0.0,0.0,0.0,0.0,55.86,0.0,0.0,0.0,0.0,71.28,0.0,0.0,0.0,0.0,0.0,0.0,0.0,0.0,0.0,0.0,39.41,0.0,0.0,0.0,0.0,0.0,0.0,0.0,0.0,0.0,0.0,0.0,0.0,0.0,0.0,0.0,0.0,0.0,0.0,0.0,0.0,0.0,0.0,89.00999999999999,0.0,0.0,T000827,P009,55.86,2025-06-26,26,6,2025,0,0,0,1,0,Medium,-0.26379136704134226,2025-06
U0060,Ishaan Roy,39.0,0,Indore,2023-12-15,0.7916666666666667,47.62,2,402,0.0,0.0,0.0,0.0,0.0,0.0,0.0,0.0,0.0,0.0,0.0,0.0,0.0,0.0,0.0,0.0,0.0,0.0,0.0,0.0,0.0,0.0,0.0,0.0,0.0,0.0,0.0,0.0,0.0,0.0,0.0,0.0,0.0,0.0,27.8,0.0,0.0,0.0,67.44,0.0,0.0,0.0,0.0,0.0,0.0,0.0,0.0,0.0,0.0,0.0,T000212,P035,27.8,2024-09-25,25,9,2024,0,1,0,0,0,Low,-1.035829570508539,2024-09
U0060,Ishaan Roy,39.0,0,Indore,2023-12-15,0.7916666666666667,47.62,2,402,0.0,0.0,0.0,0.0,0.0,0.0,0.0,0.0,0.0,0.0,0.0,0.0,0.0,0.0,0.0,0.0,0.0,0.0,0.0,0.0,0.0,0.0,0.0,0.0,0.0,0.0,0.0,0.0,0.0,0.0,0.0,0.0,0.0,0.0,27.8,0.0,0.0,0.0,67.44,0.0,0.0,0.0,0.0,0.0,0.0,0.0,0.0,0.0,0.0,0.0,T000752,P039,67.44,2023-02-10,10,2,2023,0,1,0,0,0,Medium,0.05481883952138529,2023-02
U0061,Aarohi Joshi,28.0,1,Chennai,2022-10-31,0.33333333333333326,88.45166666666667,7,126,154.71,0.0,0.0,0.0,0.0,142.12,55.41,0.0,0.0,0.0,0.0,0.0,0.0,0.0,0.0,0.0,0.0,0.0,0.0,42.26,0.0,0.0,23.14,0.0,0.0,0.0,0.0,0.0,0.0,0.0,0.0,0.0,21.28,0.0,0.0,0.0,0.0,0.0,0.0,0.0,91.79,0.0,0.0,0.0,0.0,0.0,0.0,0.0,0.0,0.0,T000044,P041,91.79,2024-08-11,11,8,2024,0,0,0,0,1,High,0.7247807160155493,2024-08
U0061,Aarohi Joshi,28.0,1,Chennai,2022-10-31,0.33333333333333326,88.45166666666667,7,126,154.71,0.0,0.0,0.0,0.0,142.12,55.41,0.0,0.0,0.0,0.0,0.0,0.0,0.0,0.0,0.0,0.0,0.0,0.0,42.26,0.0,0.0,23.14,0.0,0.0,0.0,0.0,0.0,0.0,0.0,0.0,0.0,21.28,0.0,0.0,0.0,0.0,0.0,0.0,0.0,91.79,0.0,0.0,0.0,0.0,0.0,0.0,0.0,0.0,0.0,T000171,P007,55.41,2024-06-08,8,6,2024,0,1,0,0,0,Medium,-0.27617259268497163,2024-06
U0061,Aarohi Joshi,28.0,1,Chennai,2022-10-31,0.33333333333333326,88.45166666666667,7,126,154.71,0.0,0.0,0.0,0.0,142.12,55.41,0.0,0.0,0.0,0.0,0.0,0.0,0.0,0.0,0.0,0.0,0.0,0.0,42.26,0.0,0.0,23.14,0.0,0.0,0.0,0.0,0.0,0.0,0.0,0.0,0.0,21.28,0.0,0.0,0.0,0.0,0.0,0.0,0.0,91.79,0.0,0.0,0.0,0.0,0.0,0.0,0.0,0.0,0.0,T000434,P020,42.26,2024-03-28,28,3,2024,0,1,0,0,0,Low,-0.6379795198265836,2024-03
U0061,Aarohi Joshi,28.0,1,Chennai,2022-10-31,0.33333333333333326,88.45166666666667,7,126,154.71,0.0,0.0,0.0,0.0,142.12,55.41,0.0,0.0,0.0,0.0,0.0,0.0,0.0,0.0,0.0,0.0,0.0,0.0,42.26,0.0,0.0,23.14,0.0,0.0,0.0,0.0,0.0,0.0,0.0,0.0,0.0,21.28,0.0,0.0,0.0,0.0,0.0,0.0,0.0,91.79,0.0,0.0,0.0,0.0,0.0,0.0,0.0,0.0,0.0,T000770,P023,23.14,2023-12-10,10,12,2023,0,0,0,1,0,Low,-1.1640440405070112,2023-12
U0061,Aarohi Joshi,28.0,1,Chennai,2022-10-31,0.33333333333333326,88.45166666666667,7,126,154.71,0.0,0.0,0.0,0.0,142.12,55.41,0.0,0.0,0.0,0.0,0.0,0.0,0.0,0.0,0.0,0.0,0.0,0.0,42.26,0.0,0.0,23.14,0.0,0.0,0.0,0.0,0.0,0.0,0.0,0.0,0.0,21.28,0.0,0.0,0.0,0.0,0.0,0.0,0.0,91.79,0.0,0.0,0.0,0.0,0.0,0.0,0.0,0.0,0.0,T000917,P001,154.71,2023-07-02,2,7,2023,1,0,0,0,0,High,2.455951199342563,2023-07
U0061,Aarohi Joshi,28.0,1,Chennai,2022-10-31,0.33333333333333326,88.45166666666667,7,126,154.71,0.0,0.0,0.0,0.0,142.12,55.41,0.0,0.0,0.0,0.0,0.0,0.0,0.0,0.0,0.0,0.0,0.0,0.0,42.26,0.0,0.0,23.14,0.0,0.0,0.0,0.0,0.0,0.0,0.0,0.0,0.0,21.28,0.0,0.0,0.0,0.0,0.0,0.0,0.0,91.79,0.0,0.0,0.0,0.0,0.0,0.0,0.0,0.0,0.0,T000949,P006,142.12,2025-06-28,28,6,2025,0,0,1,0,0,High,2.1095520196685786,2025-06
U0061,Aarohi Joshi,28.0,1,Chennai,2022-10-31,0.33333333333333326,88.45166666666667,7,126,154.71,0.0,0.0,0.0,0.0,142.12,55.41,0.0,0.0,0.0,0.0,0.0,0.0,0.0,0.0,0.0,0.0,0.0,0.0,42.26,0.0,0.0,23.14,0.0,0.0,0.0,0.0,0.0,0.0,0.0,0.0,0.0,21.28,0.0,0.0,0.0,0.0,0.0,0.0,0.0,91.79,0.0,0.0,0.0,0.0,0.0,0.0,0.0,0.0,0.0,T000995,P033,21.28,2024-08-12,12,8,2024,0,0,0,0,1,Low,-1.2152197731673458,2024-08
U0062,Muhammad Verma,30.0,2,Vadodara,2022-03-04,0.41666666666666674,68.21714285714286,7,122,0.0,0.0,0.0,0.0,0.0,0.0,0.0,0.0,0.0,0.0,0.0,0.0,84.18,30.15,148.62,0.0,0.0,0.0,0.0,35.29,0.0,0.0,0.0,102.34,0.0,0.0,0.0,0.0,0.0,0.0,0.0,76.94,0.0,0.0,0.0,0.0,0.0,0.0,0.0,0.0,0.0,0.0,0.0,0.0,0.0,0.0,0.0,0.0,0.0,0.0,T000427,P014,30.15,2023-07-26,26,7,2023,1,0,0,0,0,Low,-0.9711720588140302,2023-07
U0062,Muhammad Verma,30.0,2,Vadodara,2022-03-04,0.41666666666666674,68.21714285714286,7,122,0.0,0.0,0.0,0.0,0.0,0.0,0.0,0.0,0.0,0.0,0.0,0.0,84.18,30.15,148.62,0.0,0.0,0.0,0.0,35.29,0.0,0.0,0.0,102.34,0.0,0.0,0.0,0.0,0.0,0.0,0.0,76.94,0.0,0.0,0.0,0.0,0.0,0.0,0.0,0.0,0.0,0.0,0.0,0.0,0.0,0.0,0.0,0.0,0.0,0.0,T000442,P015,148.62,2023-10-23,23,10,2023,0,0,0,1,0,High,2.288391945632113,2023-10
U0062,Muhammad Verma,30.0,2,Vadodara,2022-03-04,0.41666666666666674,68.21714285714286,7,122,0.0,0.0,0.0,0.0,0.0,0.0,0.0,0.0,0.0,0.0,0.0,0.0,84.18,30.15,148.62,0.0,0.0,0.0,0.0,35.29,0.0,0.0,0.0,102.34,0.0,0.0,0.0,0.0,0.0,0.0,0.0,76.94,0.0,0.0,0.0,0.0,0.0,0.0,0.0,0.0,0.0,0.0,0.0,0.0,0.0,0.0,0.0,0.0,0.0,0.0,T000481,P013,84.18,2024-05-31,31,5,2024,0,0,0,0,0,High,0.5154004334643959,2024-05
U0062,Muhammad Verma,30.0,2,Vadodara,2022-03-04,0.41666666666666674,68.21714285714286,7,122,0.0,0.0,0.0,0.0,0.0,0.0,0.0,0.0,0.0,0.0,0.0,0.0,84.18,30.15,148.62,0.0,0.0,0.0,0.0,35.29,0.0,0.0,0.0,102.34,0.0,0.0,0.0,0.0,0.0,0.0,0.0,76.94,0.0,0.0,0.0,0.0,0.0,0.0,0.0,0.0,0.0,0.0,0.0,0.0,0.0,0.0,0.0,0.0,0.0,0.0,T000577,P020,35.29,2024-01-10,10,1,2024,1,0,0,0,0,Low,-0.8297509481290198,2024-01
U0062,Muhammad Verma,30.0,2,Vadodara,2022-03-04,0.41666666666666674,68.21714285714286,7,122,0.0,0.0,0.0,0.0,0.0,0.0,0.0,0.0,0.0,0.0,0.0,0.0,84.18,30.15,148.62,0.0,0.0,0.0,0.0,35.29,0.0,0.0,0.0,102.34,0.0,0.0,0.0,0.0,0.0,0.0,0.0,76.94,0.0,0.0,0.0,0.0,0.0,0.0,0.0,0.0,0.0,0.0,0.0,0.0,0.0,0.0,0.0,0.0,0.0,0.0,T000649,P032,37.24,2023-08-19,19,8,2023,0,0,1,0,0,Low,-0.7760989703399594,2023-08
U0062,Muhammad Verma,30.0,2,Vadodara,2022-03-04,0.41666666666666674,68.21714285714286,7,122,0.0,0.0,0.0,0.0,0.0,0.0,0.0,0.0,0.0,0.0,0.0,0.0,84.18,30.15,148.62,0.0,0.0,0.0,0.0,35.29,0.0,0.0,0.0,102.34,0.0,0.0,0.0,0.0,0.0,0.0,0.0,76.94,0.0,0.0,0.0,0.0,0.0,0.0,0.0,0.0,0.0,0.0,0.0,0.0,0.0,0.0,0.0,0.0,0.0,0.0,T000650,P032,39.7,2023-05-26,26,5,2023,0,0,0,0,1,Low,-0.7084149368214525,2023-05
U0062,Muhammad Verma,30.0,2,Vadodara,2022-03-04,0.41666666666666674,68.21714285714286,7,122,0.0,0.0,0.0,0.0,0.0,0.0,0.0,0.0,0.0,0.0,0.0,0.0,84.18,30.15,148.62,0.0,0.0,0.0,0.0,35.29,0.0,0.0,0.0,102.34,0.0,0.0,0.0,0.0,0.0,0.0,0.0,76.94,0.0,0.0,0.0,0.0,0.0,0.0,0.0,0.0,0.0,0.0,0.0,0.0,0.0,0.0,0.0,0.0,0.0,0.0,T000840,P024,102.34,2025-07-02,2,7,2025,0,0,1,0,0,High,1.0150516727717476,2025-07
U0063,Anaya Verma,23.0,1,Patna,2023-05-04,0.125,43.135000000000005,2,212,0.0,0.0,0.0,29.82,0.0,0.0,0.0,0.0,0.0,0.0,0.0,0.0,0.0,0.0,0.0,0.0,0.0,0.0,0.0,0.0,0.0,0.0,0.0,0.0,0.0,0.0,0.0,0.0,0.0,0.0,0.0,0.0,0.0,0.0,0.0,0.0,0.0,0.0,0.0,0.0,0.0,0.0,0.0,0.0,0.0,0.0,0.0,56.45,0.0,0.0,T000368,P004,29.82,2024-04-07,7,4,2024,0,0,0,0,1,Low,-0.980251624286025,2024-04
U0063,Anaya Verma,23.0,1,Patna,2023-05-04,0.125,43.135000000000005,2,212,0.0,0.0,0.0,29.82,0.0,0.0,0.0,0.0,0.0,0.0,0.0,0.0,0.0,0.0,0.0,0.0,0.0,0.0,0.0,0.0,0.0,0.0,0.0,0.0,0.0,0.0,0.0,0.0,0.0,0.0,0.0,0.0,0.0,0.0,0.0,0.0,0.0,0.0,0.0,0.0,0.0,0.0,0.0,0.0,0.0,0.0,0.0,56.45,0.0,0.0,T000429,P048,56.45,2025-04-03,3,4,2025,1,0,0,0,0,Medium,-0.24755820453080596,2025-04
U0064,Ira Amin,22.0,1,Delhi,2024-09-10,0.08333333333333337,81.41333333333334,7,231,0.0,0.0,140.39,0.0,0.0,0.0,0.0,0.0,0.0,62.38,0.0,0.0,0.0,0.0,0.0,0.0,0.0,68.68,0.0,0.0,0.0,0.0,0.0,0.0,0.0,0.0,0.0,0.0,0.0,0.0,0.0,0.0,0.0,0.0,0.0,60.33,0.0,0.0,0.0,0.0,0.0,0.0,0.0,0.0,90.41,25.32,0.0,0.0,40.97,0.0,T000507,P046,25.32,2023-06-18,18,6,2023,1,0,0,0,0,Low,-1.1040638807223182,2023-06
U0064,Ira Amin,22.0,1,Delhi,2024-09-10,0.08333333333333337,81.41333333333334,7,231,0.0,0.0,140.39,0.0,0.0,0.0,0.0,0.0,0.0,62.38,0.0,0.0,0.0,0.0,0.0,0.0,0.0,68.68,0.0,0.0,0.0,0.0,0.0,0.0,0.0,0.0,0.0,0.0,0.0,0.0,0.0,0.0,0.0,0.0,0.0,60.33,0.0,0.0,0.0,0.0,0.0,0.0,0.0,0.0,90.41,25.32,0.0,0.0,40.97,0.0,T000607,P010,62.38,2024-10-21,21,10,2024,0,0,0,0,1,Medium,-0.08440116438253527,2024-10
U0064,Ira Amin,22.0,1,Delhi,2024-09-10,0.08333333333333337,81.41333333333334,7,231,0.0,0.0,140.39,0.0,0.0,0.0,0.0,0.0,0.0,62.38,0.0,0.0,0.0,0.0,0.0,0.0,0.0,68.68,0.0,0.0,0.0,0.0,0.0,0.0,0.0,0.0,0.0,0.0,0.0,0.0,0.0,0.0,0.0,0.0,0.0,60.33,0.0,0.0,0.0,0.0,0.0,0.0,0.0,0.0,90.41,25.32,0.0,0.0,40.97,0.0,T000608,P049,40.97,2025-03-15,15,3,2025,0,0,0,0,1,Low,-0.6734723666716543,2025-03
U0064,Ira Amin,22.0,1,Delhi,2024-09-10,0.08333333333333337,81.41333333333334,7,231,0.0,0.0,140.39,0.0,0.0,0.0,0.0,0.0,0.0,62.38,0.0,0.0,0.0,0.0,0.0,0.0,0.0,68.68,0.0,0.0,0.0,0.0,0.0,0.0,0.0,0.0,0.0,0.0,0.0,0.0,0.0,0.0,0.0,0.0,0.0,60.33,0.0,0.0,0.0,0.0,0.0,0.0,0.0,0.0,90.41,25.32,0.0,0.0,40.97,0.0,T000644,P018,68.68,2023-06-22,22,6,2023,0,0,0,0,1,Medium,0.0889359946282752,2023-06
U0064,Ira Amin,22.0,1,Delhi,2024-09-10,0.08333333333333337,81.41333333333334,7,231,0.0,0.0,140.39,0.0,0.0,0.0,0.0,0.0,0.0,62.38,0.0,0.0,0.0,0.0,0.0,0.0,0.0,68.68,0.0,0.0,0.0,0.0,0.0,0.0,0.0,0.0,0.0,0.0,0.0,0.0,0.0,0.0,0.0,0.0,0.0,60.33,0.0,0.0,0.0,0.0,0.0,0.0,0.0,0.0,90.41,25.32,0.0,0.0,40.97,0.0,T000645,P036,60.33,2024-08-06,6,8,2024,0,0,0,0,0,Medium,-0.1408045256479578,2024-08
U0064,Ira Amin,22.0,1,Delhi,2024-09-10,0.08333333333333337,81.41333333333334,7,231,0.0,0.0,140.39,0.0,0.0,0.0,0.0,0.0,0.0,62.38,0.0,0.0,0.0,0.0,0.0,0.0,0.0,68.68,0.0,0.0,0.0,0.0,0.0,0.0,0.0,0.0,0.0,0.0,0.0,0.0,0.0,0.0,0.0,0.0,0.0,60.33,0.0,0.0,0.0,0.0,0.0,0.0,0.0,0.0,90.41,25.32,0.0,0.0,40.97,0.0,T000773,P045,90.41,2024-12-18,18,12,2024,1,0,0,0,0,High,0.6868116240417526,2024-12
U0064,Ira Amin,22.0,1,Delhi,2024-09-10,0.08333333333333337,81.41333333333334,7,231,0.0,0.0,140.39,0.0,0.0,0.0,0.0,0.0,0.0,62.38,0.0,0.0,0.0,0.0,0.0,0.0,0.0,68.68,0.0,0.0,0.0,0.0,0.0,0.0,0.0,0.0,0.0,0.0,0.0,0.0,0.0,0.0,0.0,0.0,0.0,60.33,0.0,0.0,0.0,0.0,0.0,0.0,0.0,0.0,90.41,25.32,0.0,0.0,40.97,0.0,T000836,P003,140.39,2023-04-14,14,4,2023,0,0,1,0,0,High,2.0619530855275143,2023-04
U0065,Ira Gupta,38.0,1,Bengaluru,2023-09-02,0.75,58.0425,4,20,0.0,0.0,96.84,0.0,0.0,41.79,0.0,0.0,0.0,0.0,0.0,0.0,0.0,69.23,0.0,24.31,0.0,0.0,0.0,0.0,0.0,0.0,0.0,0.0,0.0,0.0,0.0,0.0,0.0,0.0,0.0,0.0,0.0,0.0,0.0,0.0,0.0,0.0,0.0,0.0,0.0,0.0,0.0,0.0,0.0,0.0,0.0,0.0,0.0,0.0,T000252,P003,96.84,2024-01-27,27,1,2024,0,0,0,0,1,High,0.8637255815718338,2024-01
U0065,Ira Gupta,38.0,1,Bengaluru,2023-09-02,0.75,58.0425,4,20,0.0,0.0,96.84,0.0,0.0,41.79,0.0,0.0,0.0,0.0,0.0,0.0,0.0,69.23,0.0,24.31,0.0,0.0,0.0,0.0,0.0,0.0,0.0,0.0,0.0,0.0,0.0,0.0,0.0,0.0,0.0,0.0,0.0,0.0,0.0,0.0,0.0,0.0,0.0,0.0,0.0,0.0,0.0,0.0,0.0,0.0,0.0,0.0,0.0,0.0,T000523,P016,24.31,2025-10-12,12,10,2025,0,0,0,0,1,Low,-1.131852853833575,2025-10
U0065,Ira Gupta,38.0,1,Bengaluru,2023-09-02,0.75,58.0425,4,20,0.0,0.0,96.84,0.0,0.0,41.79,0.0,0.0,0.0,0.0,0.0,0.0,0.0,69.23,0.0,24.31,0.0,0.0,0.0,0.0,0.0,0.0,0.0,0.0,0.0,0.0,0.0,0.0,0.0,0.0,0.0,0.0,0.0,0.0,0.0,0.0,0.0,0.0,0.0,0.0,0.0,0.0,0.0,0.0,0.0,0.0,0.0,0.0,0.0,0.0,T000625,P006,41.79,2023-12-05,5,12,2023,0,0,0,1,0,Low,-0.6509110221654854,2023-12
U0065,Ira Gupta,38.0,1,Bengaluru,2023-09-02,0.75,58.0425,4,20,0.0,0.0,96.84,0.0,0.0,41.79,0.0,0.0,0.0,0.0,0.0,0.0,0.0,69.23,0.0,24.31,0.0,0.0,0.0,0.0,0.0,0.0,0.0,0.0,0.0,0.0,0.0,0.0,0.0,0.0,0.0,0.0,0.0,0.0,0.0,0.0,0.0,0.0,0.0,0.0,0.0,0.0,0.0,0.0,0.0,0.0,0.0,0.0,0.0,0.0,T000852,P014,69.23,2024-09-10,10,9,2024,0,0,1,0,0,Medium,0.1040686037482665,2024-09
U0066,Aditya Ghosh,42.0,0,Hyderabad,2024-08-22,0.9166666666666667,41.803333333333335,3,31,0.0,0.0,0.0,0.0,0.0,0.0,36.91,0.0,0.0,0.0,0.0,0.0,0.0,0.0,0.0,0.0,0.0,0.0,0.0,0.0,0.0,0.0,0.0,0.0,0.0,0.0,0.0,0.0,0.0,0.0,30.3,0.0,0.0,0.0,0.0,0.0,0.0,0.0,0.0,0.0,0.0,0.0,0.0,0.0,0.0,0.0,0.0,0.0,58.2,0.0,T000075,P031,30.3,2024-11-24,24,11,2024,0,0,0,1,0,Low,-0.9670449835994871,2024-11
U0066,Aditya Ghosh,42.0,0,Hyderabad,2024-08-22,0.9166666666666667,41.803333333333335,3,31,0.0,0.0,0.0,0.0,0.0,0.0,36.91,0.0,0.0,0.0,0.0,0.0,0.0,0.0,0.0,0.0,0.0,0.0,0.0,0.0,0.0,0.0,0.0,0.0,0.0,0.0,0.0,0.0,0.0,0.0,30.3,0.0,0.0,0.0,0.0,0.0,0.0,0.0,0.0,0.0,0.0,0.0,0.0,0.0,0.0,0.0,0.0,0.0,58.2,0.0,T000466,P049,58.2,2025-10-01,1,10,2025,0,0,1,0,0,Medium,-0.19940899369446974,2025-10
U0066,Aditya Ghosh,42.0,0,Hyderabad,2024-08-22,0.9166666666666667,41.803333333333335,3,31,0.0,0.0,0.0,0.0,0.0,0.0,36.91,0.0,0.0,0.0,0.0,0.0,0.0,0.0,0.0,0.0,0.0,0.0,0.0,0.0,0.0,0.0,0.0,0.0,0.0,0.0,0.0,0.0,0.0,0.0,30.3,0.0,0.0,0.0,0.0,0.0,0.0,0.0,0.0,0.0,0.0,0.0,0.0,0.0,0.0,0.0,0.0,0.0,58.2,0.0,T000774,P007,36.91,2023-01-03,3,1,2023,0,0,0,0,1,Low,-0.7851785358119544,2023-01
U0067,Saanvi Ghosh,31.0,2,Ghaziabad,2022-02-10,0.45833333333333326,68.82333333333334,3,17,0.0,0.0,0.0,0.0,0.0,0.0,0.0,0.0,0.0,0.0,0.0,78.63,0.0,0.0,0.0,0.0,0.0,0.0,0.0,0.0,0.0,0.0,0.0,55.06,0.0,0.0,0.0,0.0,0.0,0.0,0.0,0.0,0.0,0.0,0.0,0.0,0.0,0.0,0.0,0.0,0.0,72.78,0.0,0.0,0.0,0.0,0.0,0.0,0.0,0.0,T000393,P042,72.78,2024-04-28,28,4,2024,0,0,0,1,0,Medium,0.20174271715911987,2024-04
U0067,Saanvi Ghosh,31.0,2,Ghaziabad,2022-02-10,0.45833333333333326,68.82333333333334,3,17,0.0,0.0,0.0,0.0,0.0,0.0,0.0,0.0,0.0,0.0,0.0,78.63,0.0,0.0,0.0,0.0,0.0,0.0,0.0,0.0,0.0,0.0,0.0,55.06,0.0,0.0,0.0,0.0,0.0,0.0,0.0,0.0,0.0,0.0,0.0,0.0,0.0,0.0,0.0,0.0,0.0,72.78,0.0,0.0,0.0,0.0,0.0,0.0,0.0,0.0,T000457,P024,55.06,2025-10-15,15,10,2025,0,0,0,0,0,Medium,-0.2858024348522387,2025-10
U0067,Saanvi Ghosh,31.0,2,Ghaziabad,2022-02-10,0.45833333333333326,68.82333333333334,3,17,0.0,0.0,0.0,0.0,0.0,0.0,0.0,0.0,0.0,0.0,0.0,78.63,0.0,0.0,0.0,0.0,0.0,0.0,0.0,0.0,0.0,0.0,0.0,55.06,0.0,0.0,0.0,0.0,0.0,0.0,0.0,0.0,0.0,0.0,0.0,0.0,0.0,0.0,0.0,0.0,0.0,72.78,0.0,0.0,0.0,0.0,0.0,0.0,0.0,0.0,T000717,P012,78.63,2025-04-08,8,4,2025,1,0,0,0,0,High,0.36269865052630074,2025-04
U0068,Sara Gupta,40.0,0,Patna,2023-08-02,0.8333333333333333,79.6225,4,122,0.0,0.0,0.0,117.52,0.0,0.0,0.0,0.0,0.0,0.0,0.0,0.0,0.0,0.0,0.0,0.0,0.0,0.0,0.0,0.0,0.0,0.0,0.0,0.0,0.0,0.0,0.0,0.0,0.0,111.3,0.0,0.0,0.0,0.0,0.0,0.0,0.0,0.0,0.0,0.0,0.0,0.0,0.0,0.0,0.0,23.86,0.0,0.0,0.0,65.81,T000107,P004,117.52,2025-05-12,12,5,2025,0,1,0,0,0,High,1.4327116844835095,2025-05
U0068,Sara Gupta,40.0,0,Patna,2023-08-02,0.8333333333333333,79.6225,4,122,0.0,0.0,0.0,117.52,0.0,0.0,0.0,0.0,0.0,0.0,0.0,0.0,0.0,0.0,0.0,0.0,0.0,0.0,0.0,0.0,0.0,0.0,0.0,0.0,0.0,0.0,0.0,0.0,0.0,111.3,0.0,0.0,0.0,0.0,0.0,0.0,0.0,0.0,0.0,0.0,0.0,0.0,0.0,0.0,0.0,23.86,0.0,0.0,0.0,65.81,T000278,P050,65.81,2025-07-02,2,7,2025,0,0,0,1,0,Medium,0.009971288856683693,2025-07
U0068,Sara Gupta,40.0,0,Patna,2023-08-02,0.8333333333333333,79.6225,4,122,0.0,0.0,0.0,117.52,0.0,0.0,0.0,0.0,0.0,0.0,0.0,0.0,0.0,0.0,0.0,0.0,0.0,0.0,0.0,0.0,0.0,0.0,0.0,0.0,0.0,0.0,0.0,0.0,0.0,111.3,0.0,0.0,0.0,0.0,0.0,0.0,0.0,0.0,0.0,0.0,0.0,0.0,0.0,0.0,0.0,23.86,0.0,0.0,0.0,65.81,T000673,P046,23.86,2023-06-07,7,6,2023,0,0,0,0,0,Low,-1.1442340794772043,2023-06
U0068,Sara Gupta,40.0,0,Patna,2023-08-02,0.8333333333333333,79.6225,4,122,0.0,0.0,0.0,117.52,0.0,0.0,0.0,0.0,0.0,0.0,0.0,0.0,0.0,0.0,0.0,0.0,0.0,0.0,0.0,0.0,0.0,0.0,0.0,0.0,0.0,0.0,0.0,0.0,0.0,111.3,0.0,0.0,0.0,0.0,0.0,0.0,0.0,0.0,0.0,0.0,0.0,0.0,0.0,0.0,0.0,23.86,0.0,0.0,0.0,65.81,T000922,P030,111.3,2023-07-24,24,7,2023,1,0,0,0,0,High,1.2615756322537888,2023-07
U0069,Ira Nair,34.0,0,Chennai,2023-11-17,0.5833333333333333,92.06800000000001,6,720,0.0,0.0,0.0,0.0,0.0,0.0,0.0,0.0,0.0,154.71,0.0,0.0,0.0,0.0,0.0,0.0,0.0,0.0,0.0,0.0,0.0,0.0,0.0,0.0,0.0,0.0,0.0,0.0,31.67,0.0,0.0,52.76,0.0,0.0,51.44,0.0,76.98,0.0,0.0,0.0,0.0,92.78,0.0,0.0,0.0,0.0,0.0,0.0,0.0,0.0,T000314,P029,31.67,2023-10-16,16,10,2023,0,1,0,0,0,Low,-0.9293510299733266,2023-10
U0069,Ira Nair,34.0,0,Chennai,2023-11-17,0.5833333333333333,92.06800000000001,6,720,0.0,0.0,0.0,0.0,0.0,0.0,0.0,0.0,0.0,154.71,0.0,0.0,0.0,0.0,0.0,0.0,0.0,0.0,0.0,0.0,0.0,0.0,0.0,0.0,0.0,0.0,0.0,0.0,31.67,0.0,0.0,52.76,0.0,0.0,51.44,0.0,76.98,0.0,0.0,0.0,0.0,92.78,0.0,0.0,0.0,0.0,0.0,0.0,0.0,0.0,T000508,P010,154.71,2023-11-12,12,11,2023,0,0,1,0,0,High,2.455951199342563,2023-11
U0069,Ira Nair,34.0,0,Chennai,2023-11-17,0.5833333333333333,92.06800000000001,6,720,0.0,0.0,0.0,0.0,0.0,0.0,0.0,0.0,0.0,154.71,0.0,0.0,0.0,0.0,0.0,0.0,0.0,0.0,0.0,0.0,0.0,0.0,0.0,0.0,0.0,0.0,0.0,0.0,31.67,0.0,0.0,52.76,0.0,0.0,51.44,0.0,76.98,0.0,0.0,0.0,0.0,92.78,0.0,0.0,0.0,0.0,0.0,0.0,0.0,0.0,T000520,P032,52.76,2023-05-10,10,5,2023,0,1,0,0,0,Medium,-0.3490842548085664,2023-05
U0069,Ira Nair,34.0,0,Chennai,2023-11-17,0.5833333333333333,92.06800000000001,6,720,0.0,0.0,0.0,0.0,0.0,0.0,0.0,0.0,0.0,154.71,0.0,0.0,0.0,0.0,0.0,0.0,0.0,0.0,0.0,0.0,0.0,0.0,0.0,0.0,0.0,0.0,0.0,0.0,31.67,0.0,0.0,52.76,0.0,0.0,51.44,0.0,76.98,0.0,0.0,0.0,0.0,92.78,0.0,0.0,0.0,0.0,0.0,0.0,0.0,0.0,T000744,P035,51.44,2023-04-25,25,4,2023,0,0,0,0,1,Medium,-0.38540251669654574,2023-04
U0069,Ira Nair,34.0,0,Chennai,2023-11-17,0.5833333333333333,92.06800000000001,6,720,0.0,0.0,0.0,0.0,0.0,0.0,0.0,0.0,0.0,154.71,0.0,0.0,0.0,0.0,0.0,0.0,0.0,0.0,0.0,0.0,0.0,0.0,0.0,0.0,0.0,0.0,0.0,0.0,31.67,0.0,0.0,52.76,0.0,0.0,51.44,0.0,76.98,0.0,0.0,0.0,0.0,92.78,0.0,0.0,0.0,0.0,0.0,0.0,0.0,0.0,T000800,P037,76.98,2023-11-06,6,11,2023,1,0,0,0,0,High,0.31730082316632685,2023-11
U0069,Ira Nair,34.0,0,Chennai,2023-11-17,0.5833333333333333,92.06800000000001,6,720,0.0,0.0,0.0,0.0,0.0,0.0,0.0,0.0,0.0,154.71,0.0,0.0,0.0,0.0,0.0,0.0,0.0,0.0,0.0,0.0,0.0,0.0,0.0,0.0,0.0,0.0,0.0,0.0,31.67,0.0,0.0,52.76,0.0,0.0,51.44,0.0,76.98,0.0,0.0,0.0,0.0,92.78,0.0,0.0,0.0,0.0,0.0,0.0,0.0,0.0,T000846,P042,92.78,2023-02-11,11,2,2023,0,0,1,0,0,High,0.7520194124315337,2023-02
U0070,Anaya Ghosh,26.0,0,Nagpur,2022-05-15,0.25,58.925,2,141,0.0,0.0,43.97,0.0,0.0,0.0,0.0,73.88,0.0,0.0,0.0,0.0,0.0,0.0,0.0,0.0,0.0,0.0,0.0,0.0,0.0,0.0,0.0,0.0,0.0,0.0,0.0,0.0,0.0,0.0,0.0,0.0,0.0,0.0,0.0,0.0,0.0,0.0,0.0,0.0,0.0,0.0,0.0,0.0,0.0,0.0,0.0,0.0,0.0,0.0,T000254,P008,73.88,2025-06-13,13,6,2025,0,0,0,1,0,High,0.23200793539910247,2025-06
U0070,Anaya Ghosh,26.0,0,Nagpur,2022-05-15,0.25,58.925,2,141,0.0,0.0,43.97,0.0,0.0,0.0,0.0,73.88,0.0,0.0,0.0,0.0,0.0,0.0,0.0,0.0,0.0,0.0,0.0,0.0,0.0,0.0,0.0,0.0,0.0,0.0,0.0,0.0,0.0,0.0,0.0,0.0,0.0,0.0,0.0,0.0,0.0,0.0,0.0,0.0,0.0,0.0,0.0,0.0,0.0,0.0,0.0,0.0,0.0,0.0,T000491,P003,43.97,2024-07-28,28,7,2024,1,0,0,0,0,Medium,-0.5909308623807923,2024-07
U0071,Kabir Roy,34.0,0,Bengaluru,2022-01-10,0.5833333333333333,67.91222222222223,9,315,29.53,0.0,0.0,0.0,0.0,0.0,0.0,0.0,0.0,85.49,0.0,0.0,0.0,0.0,0.0,0.0,110.35,52.49,0.0,0.0,0.0,0.0,0.0,0.0,0.0,46.14,0.0,0.0,0.0,0.0,0.0,0.0,0.0,36.11,0.0,0.0,0.0,154.71,0.0,0.0,51.04,45.35,0.0,0.0,0.0,0.0,0.0,0.0,0.0,0.0,T000064,P001,29.53,2023-04-11,11,4,2023,0,0,0,0,0,Low,-0.988230636367475,2023-04
U0071,Kabir Roy,34.0,0,Bengaluru,2022-01-10,0.5833333333333333,67.91222222222223,9,315,29.53,0.0,0.0,0.0,0.0,0.0,0.0,0.0,0.0,85.49,0.0,0.0,0.0,0.0,0.0,0.0,110.35,52.49,0.0,0.0,0.0,0.0,0.0,0.0,0.0,46.14,0.0,0.0,0.0,0.0,0.0,0.0,0.0,36.11,0.0,0.0,0.0,154.71,0.0,0.0,51.04,45.35,0.0,0.0,0.0,0.0,0.0,0.0,0.0,0.0,T000103,P010,85.49,2024-05-28,28,5,2024,0,1,0,0,0,High,0.5514435570047387,2024-05
U0071,Kabir Roy,34.0,0,Bengaluru,2022-01-10,0.5833333333333333,67.91222222222223,9,315,29.53,0.0,0.0,0.0,0.0,0.0,0.0,0.0,0.0,85.49,0.0,0.0,0.0,0.0,0.0,0.0,110.35,52.49,0.0,0.0,0.0,0.0,0.0,0.0,0.0,46.14,0.0,0.0,0.0,0.0,0.0,0.0,0.0,36.11,0.0,0.0,0.0,154.71,0.0,0.0,51.04,45.35,0.0,0.0,0.0,0.0,0.0,0.0,0.0,0.0,T000179,P038,154.71,2024-12-21,21,12,2024,1,0,0,0,0,High,2.455951199342563,2024-12
U0071,Kabir Roy,34.0,0,Bengaluru,2022-01-10,0.5833333333333333,67.91222222222223,9,315,29.53,0.0,0.0,0.0,0.0,0.0,0.0,0.0,0.0,85.49,0.0,0.0,0.0,0.0,0.0,0.0,110.35,52.49,0.0,0.0,0.0,0.0,0.0,0.0,0.0,46.14,0.0,0.0,0.0,0.0,0.0,0.0,0.0,36.11,0.0,0.0,0.0,154.71,0.0,0.0,51.04,45.35,0.0,0.0,0.0,0.0,0.0,0.0,0.0,0.0,T000265,P041,51.04,2023-06-03,3,6,2023,1,0,0,0,0,Medium,-0.39640805060199397,2023-06
U0071,Kabir Roy,34.0,0,Bengaluru,2022-01-10,0.5833333333333333,67.91222222222223,9,315,29.53,0.0,0.0,0.0,0.0,0.0,0.0,0.0,0.0,85.49,0.0,0.0,0.0,0.0,0.0,0.0,110.35,52.49,0.0,0.0,0.0,0.0,0.0,0.0,0.0,46.14,0.0,0.0,0.0,0.0,0.0,0.0,0.0,36.11,0.0,0.0,0.0,154.71,0.0,0.0,51.04,45.35,0.0,0.0,0.0,0.0,0.0,0.0,0.0,0.0,T000606,P042,45.35,2023-09-29,29,9,2023,0,1,0,0,0,Medium,-0.5529617704069957,2023-09
U0071,Kabir Roy,34.0,0,Bengaluru,2022-01-10,0.5833333333333333,67.91222222222223,9,315,29.53,0.0,0.0,0.0,0.0,0.0,0.0,0.0,0.0,85.49,0.0,0.0,0.0,0.0,0.0,0.0,110.35,52.49,0.0,0.0,0.0,0.0,0.0,0.0,0.0,46.14,0.0,0.0,0.0,0.0,0.0,0.0,0.0,36.11,0.0,0.0,0.0,154.71,0.0,0.0,51.04,45.35,0.0,0.0,0.0,0.0,0.0,0.0,0.0,0.0,T000730,P018,52.49,2023-11-01,1,11,2023,0,0,1,0,0,Medium,-0.3565129901947439,2023-11
U0071,Kabir Roy,34.0,0,Bengaluru,2022-01-10,0.5833333333333333,67.91222222222223,9,315,29.53,0.0,0.0,0.0,0.0,0.0,0.0,0.0,0.0,85.49,0.0,0.0,0.0,0.0,0.0,0.0,110.35,52.49,0.0,0.0,0.0,0.0,0.0,0.0,0.0,46.14,0.0,0.0,0.0,0.0,0.0,0.0,0.0,36.11,0.0,0.0,0.0,154.71,0.0,0.0,51.04,45.35,0.0,0.0,0.0,0.0,0.0,0.0,0.0,0.0,T000814,P034,36.11,2023-01-26,26,1,2023,0,0,1,0,0,Low,-0.8071896036228509,2023-01
U0071,Kabir Roy,34.0,0,Bengaluru,2022-01-10,0.5833333333333333,67.91222222222223,9,315,29.53,0.0,0.0,0.0,0.0,0.0,0.0,0.0,0.0,85.49,0.0,0.0,0.0,0.0,0.0,0.0,110.35,52.49,0.0,0.0,0.0,0.0,0.0,0.0,0.0,46.14,0.0,0.0,0.0,0.0,0.0,0.0,0.0,36.11,0.0,0.0,0.0,154.71,0.0,0.0,51.04,45.35,0.0,0.0,0.0,0.0,0.0,0.0,0.0,0.0,T000858,P017,110.35,2024-09-03,3,9,2024,0,0,0,0,1,High,1.235437489228349,2024-09
U0071,Kabir Roy,34.0,0,Bengaluru,2022-01-10,0.5833333333333333,67.91222222222223,9,315,29.53,0.0,0.0,0.0,0.0,0.0,0.0,0.0,0.0,85.49,0.0,0.0,0.0,0.0,0.0,0.0,110.35,52.49,0.0,0.0,0.0,0.0,0.0,0.0,0.0,46.14,0.0,0.0,0.0,0.0,0.0,0.0,0.0,36.11,0.0,0.0,0.0,154.71,0.0,0.0,51.04,45.35,0.0,0.0,0.0,0.0,0.0,0.0,0.0,0.0,T000976,P026,46.14,2024-08-25,25,8,2024,0,0,0,1,0,Medium,-0.5312258409437354,2024-08
U0072,Myra Kulkarni,44.0,2,Hyderabad,2022-03-17,1.0,73.262,5,177,0.0,0.0,0.0,0.0,0.0,79.82,0.0,0.0,0.0,0.0,0.0,0.0,0.0,0.0,0.0,0.0,0.0,0.0,0.0,0.0,0.0,0.0,0.0,0.0,21.28,69.75,0.0,0.0,0.0,0.0,0.0,0.0,0.0,0.0,0.0,40.75,0.0,0.0,0.0,0.0,0.0,0.0,0.0,0.0,0.0,0.0,0.0,0.0,154.71,0.0,T000357,P036,40.75,2024-04-05,5,4,2024,0,0,0,1,0,Low,-0.6795254103196509,2024-04
U0072,Myra Kulkarni,44.0,2,Hyderabad,2022-03-17,1.0,73.262,5,177,0.0,0.0,0.0,0.0,0.0,79.82,0.0,0.0,0.0,0.0,0.0,0.0,0.0,0.0,0.0,0.0,0.0,0.0,0.0,0.0,0.0,0.0,0.0,0.0,21.28,69.75,0.0,0.0,0.0,0.0,0.0,0.0,0.0,0.0,0.0,40.75,0.0,0.0,0.0,0.0,0.0,0.0,0.0,0.0,0.0,0.0,0.0,0.0,154.71,0.0,T000533,P026,69.75,2023-08-22,22,8,2023,0,0,0,1,0,Medium,0.11837579782534914,2023-08
U0072,Myra Kulkarni,44.0,2,Hyderabad,2022-03-17,1.0,73.262,5,177,0.0,0.0,0.0,0.0,0.0,79.82,0.0,0.0,0.0,0.0,0.0,0.0,0.0,0.0,0.0,0.0,0.0,0.0,0.0,0.0,0.0,0.0,0.0,0.0,21.28,69.75,0.0,0.0,0.0,0.0,0.0,0.0,0.0,0.0,0.0,40.75,0.0,0.0,0.0,0.0,0.0,0.0,0.0,0.0,0.0,0.0,0.0,0.0,154.71,0.0,T000568,P049,154.71,2023-05-09,9,5,2023,0,0,0,0,1,High,2.455951199342563,2023-05
U0072,Myra Kulkarni,44.0,2,Hyderabad,2022-03-17,1.0,73.262,5,177,0.0,0.0,0.0,0.0,0.0,79.82,0.0,0.0,0.0,0.0,0.0,0.0,0.0,0.0,0.0,0.0,0.0,0.0,0.0,0.0,0.0,0.0,0.0,0.0,21.28,69.75,0.0,0.0,0.0,0.0,0.0,0.0,0.0,0.0,0.0,40.75,0.0,0.0,0.0,0.0,0.0,0.0,0.0,0.0,0.0,0.0,0.0,0.0,154.71,0.0,T000660,P006,79.82,2023-06-11,11,6,2023,0,0,0,1,0,High,0.3954401138950093,2023-06
U0072,Myra Kulkarni,44.0,2,Hyderabad,2022-03-17,1.0,73.262,5,177,0.0,0.0,0.0,0.0,0.0,79.82,0.0,0.0,0.0,0.0,0.0,0.0,0.0,0.0,0.0,0.0,0.0,0.0,0.0,0.0,0.0,0.0,0.0,0.0,21.28,69.75,0.0,0.0,0.0,0.0,0.0,0.0,0.0,0.0,0.0,40.75,0.0,0.0,0.0,0.0,0.0,0.0,0.0,0.0,0.0,0.0,0.0,0.0,154.71,0.0,T000734,P025,21.28,2025-05-08,8,5,2025,0,1,0,0,0,Low,-1.2152197731673458,2025-05
U0073,Aarohi Das,31.0,2,Jaipur,2022-05-16,0.45833333333333326,84.952,5,16,0.0,104.29,0.0,0.0,0.0,110.78,0.0,62.21,0.0,0.0,0.0,0.0,0.0,0.0,0.0,0.0,110.79,0.0,0.0,0.0,0.0,0.0,0.0,0.0,0.0,0.0,0.0,0.0,0.0,0.0,0.0,36.69,0.0,0.0,0.0,0.0,0.0,0.0,0.0,0.0,0.0,0.0,0.0,0.0,0.0,0.0,0.0,0.0,0.0,0.0,T000195,P017,110.79,2023-11-04,4,11,2023,0,0,0,0,1,High,1.2475435765243423,2023-11
U0073,Aarohi Das,31.0,2,Jaipur,2022-05-16,0.45833333333333326,84.952,5,16,0.0,104.29,0.0,0.0,0.0,110.78,0.0,62.21,0.0,0.0,0.0,0.0,0.0,0.0,0.0,0.0,110.79,0.0,0.0,0.0,0.0,0.0,0.0,0.0,0.0,0.0,0.0,0.0,0.0,0.0,0.0,36.69,0.0,0.0,0.0,0.0,0.0,0.0,0.0,0.0,0.0,0.0,0.0,0.0,0.0,0.0,0.0,0.0,0.0,0.0,T000219,P006,110.78,2024-07-12,12,7,2024,0,1,0,0,0,High,1.247268438176706,2024-07
U0073,Aarohi Das,31.0,2,Jaipur,2022-05-16,0.45833333333333326,84.952,5,16,0.0,104.29,0.0,0.0,0.0,110.78,0.0,62.21,0.0,0.0,0.0,0.0,0.0,0.0,0.0,0.0,110.79,0.0,0.0,0.0,0.0,0.0,0.0,0.0,0.0,0.0,0.0,0.0,0.0,0.0,0.0,36.69,0.0,0.0,0.0,0.0,0.0,0.0,0.0,0.0,0.0,0.0,0.0,0.0,0.0,0.0,0.0,0.0,0.0,0.0,T000323,P032,36.69,2025-08-21,21,8,2025,0,0,0,0,0,Low,-0.7912315794599509,2025-08
U0073,Aarohi Das,31.0,2,Jaipur,2022-05-16,0.45833333333333326,84.952,5,16,0.0,104.29,0.0,0.0,0.0,110.78,0.0,62.21,0.0,0.0,0.0,0.0,0.0,0.0,0.0,0.0,110.79,0.0,0.0,0.0,0.0,0.0,0.0,0.0,0.0,0.0,0.0,0.0,0.0,0.0,0.0,36.69,0.0,0.0,0.0,0.0,0.0,0.0,0.0,0.0,0.0,0.0,0.0,0.0,0.0,0.0,0.0,0.0,0.0,0.0,T000843,P002,104.29,2023-04-12,12,4,2023,0,0,1,0,0,High,1.0687036505608078,2023-04
U0073,Aarohi Das,31.0,2,Jaipur,2022-05-16,0.45833333333333326,84.952,5,16,0.0,104.29,0.0,0.0,0.0,110.78,0.0,62.21,0.0,0.0,0.0,0.0,0.0,0.0,0.0,0.0,110.79,0.0,0.0,0.0,0.0,0.0,0.0,0.0,0.0,0.0,0.0,0.0,0.0,0.0,0.0,36.69,0.0,0.0,0.0,0.0,0.0,0.0,0.0,0.0,0.0,0.0,0.0,0.0,0.0,0.0,0.0,0.0,0.0,0.0,T000912,P008,62.21,2025-10-16,16,10,2025,1,0,0,0,0,Medium,-0.08907851629235083,2025-10
U0074,Diya Gupta,44.0,1,Kanpur,2022-10-19,1.0,60.69333333333333,6,258,0.0,0.0,0.0,0.0,38.11,0.0,0.0,64.97,0.0,0.0,0.0,0.0,0.0,0.0,0.0,0.0,0.0,0.0,0.0,0.0,0.0,0.0,30.22,0.0,0.0,0.0,0.0,0.0,0.0,0.0,0.0,0.0,0.0,0.0,76.89,0.0,0.0,0.0,79.6,0.0,0.0,0.0,74.37,0.0,0.0,0.0,0.0,0.0,0.0,0.0,T000009,P043,74.37,2023-03-17,17,3,2023,0,0,1,0,0,High,0.24548971443327686,2023-03
U0074,Diya Gupta,44.0,1,Kanpur,2022-10-19,1.0,60.69333333333333,6,258,0.0,0.0,0.0,0.0,38.11,0.0,0.0,64.97,0.0,0.0,0.0,0.0,0.0,0.0,0.0,0.0,0.0,0.0,0.0,0.0,0.0,0.0,30.22,0.0,0.0,0.0,0.0,0.0,0.0,0.0,0.0,0.0,0.0,0.0,76.89,0.0,0.0,0.0,79.6,0.0,0.0,0.0,74.37,0.0,0.0,0.0,0.0,0.0,0.0,0.0,T000130,P039,79.6,2024-12-21,21,12,2024,0,0,0,1,0,High,0.3893870702470128,2024-12
U0074,Diya Gupta,44.0,1,Kanpur,2022-10-19,1.0,60.69333333333333,6,258,0.0,0.0,0.0,0.0,38.11,0.0,0.0,64.97,0.0,0.0,0.0,0.0,0.0,0.0,0.0,0.0,0.0,0.0,0.0,0.0,0.0,0.0,30.22,0.0,0.0,0.0,0.0,0.0,0.0,0.0,0.0,0.0,0.0,0.0,76.89,0.0,0.0,0.0,79.6,0.0,0.0,0.0,74.37,0.0,0.0,0.0,0.0,0.0,0.0,0.0,T000182,P005,38.11,2023-07-04,4,7,2023,0,0,0,0,1,Low,-0.7521619340956095,2023-07
U0074,Diya Gupta,44.0,1,Kanpur,2022-10-19,1.0,60.69333333333333,6,258,0.0,0.0,0.0,0.0,38.11,0.0,0.0,64.97,0.0,0.0,0.0,0.0,0.0,0.0,0.0,0.0,0.0,0.0,0.0,0.0,0.0,0.0,30.22,0.0,0.0,0.0,0.0,0.0,0.0,0.0,0.0,0.0,0.0,0.0,76.89,0.0,0.0,0.0,79.6,0.0,0.0,0.0,74.37,0.0,0.0,0.0,0.0,0.0,0.0,0.0,T000253,P023,30.22,2024-11-10,10,11,2024,1,0,0,0,0,Low,-0.9692460903805767,2024-11
U0074,Diya Gupta,44.0,1,Kanpur,2022-10-19,1.0,60.69333333333333,6,258,0.0,0.0,0.0,0.0,38.11,0.0,0.0,64.97,0.0,0.0,0.0,0.0,0.0,0.0,0.0,0.0,0.0,0.0,0.0,0.0,0.0,0.0,30.22,0.0,0.0,0.0,0.0,0.0,0.0,0.0,0.0,0.0,0.0,0.0,76.89,0.0,0.0,0.0,79.6,0.0,0.0,0.0,74.37,0.0,0.0,0.0,0.0,0.0,0.0,0.0,T000324,P035,76.89,2023-08-09,9,8,2023,1,0,0,0,0,High,0.3148245780376009,2023-08
U0074,Diya Gupta,44.0,1,Kanpur,2022-10-19,1.0,60.69333333333333,6,258,0.0,0.0,0.0,0.0,38.11,0.0,0.0,64.97,0.0,0.0,0.0,0.0,0.0,0.0,0.0,0.0,0.0,0.0,0.0,0.0,0.0,0.0,30.22,0.0,0.0,0.0,0.0,0.0,0.0,0.0,0.0,0.0,0.0,0.0,76.89,0.0,0.0,0.0,79.6,0.0,0.0,0.0,74.37,0.0,0.0,0.0,0.0,0.0,0.0,0.0,T000361,P008,64.97,2025-02-16,16,2,2025,0,0,0,0,0,Medium,-0.01314033234475778,2025-02
U0075,Reyansh Roy,20.0,2,Surat,2023-09-19,0.0,84.96,2,231,0.0,0.0,52.35,0.0,0.0,0.0,0.0,0.0,0.0,0.0,0.0,0.0,0.0,0.0,0.0,0.0,117.57,0.0,0.0,0.0,0.0,0.0,0.0,0.0,0.0,0.0,0.0,0.0,0.0,0.0,0.0,0.0,0.0,0.0,0.0,0.0,0.0,0.0,0.0,0.0,0.0,0.0,0.0,0.0,0.0,0.0,0.0,0.0,0.0,0.0,T000589,P003,52.35,2024-04-05,5,4,2024,0,0,0,1,0,Medium,-0.3603649270616508,2024-04
U0075,Reyansh Roy,20.0,2,Surat,2023-09-19,0.0,84.96,2,231,0.0,0.0,52.35,0.0,0.0,0.0,0.0,0.0,0.0,0.0,0.0,0.0,0.0,0.0,0.0,0.0,117.57,0.0,0.0,0.0,0.0,0.0,0.0,0.0,0.0,0.0,0.0,0.0,0.0,0.0,0.0,0.0,0.0,0.0,0.0,0.0,0.0,0.0,0.0,0.0,0.0,0.0,0.0,0.0,0.0,0.0,0.0,0.0,0.0,0.0,T000704,P017,117.57,2025-03-15,15,3,2025,0,0,0,1,0,High,1.4340873762216904,2025-03
U0076,Ira Sharma,38.0,2,Vadodara,2022-11-03,0.75,71.13857142857144,7,19,0.0,86.16,0.0,0.0,0.0,0.0,82.92,0.0,0.0,53.54,59.75,0.0,0.0,0.0,0.0,0.0,0.0,0.0,0.0,0.0,0.0,0.0,154.71,0.0,0.0,0.0,0.0,0.0,0.0,0.0,0.0,0.0,0.0,0.0,0.0,0.0,60.89,0.0,0.0,0.0,0.0,0.0,0.0,0.0,0.0,0.0,0.0,0.0,0.0,0.0,T000049,P023,154.71,2025-06-01,1,6,2025,0,0,0,1,0,High,2.455951199342563,2025-06
U0076,Ira Sharma,38.0,2,Vadodara,2022-11-03,0.75,71.13857142857144,7,19,0.0,86.16,0.0,0.0,0.0,0.0,82.92,0.0,0.0,53.54,59.75,0.0,0.0,0.0,0.0,0.0,0.0,0.0,0.0,0.0,0.0,0.0,154.71,0.0,0.0,0.0,0.0,0.0,0.0,0.0,0.0,0.0,0.0,0.0,0.0,0.0,60.89,0.0,0.0,0.0,0.0,0.0,0.0,0.0,0.0,0.0,0.0,0.0,0.0,0.0,T000205,P007,41.68,2023-03-19,19,3,2023,0,0,0,0,0,Low,-0.6539375439894837,2023-03
U0076,Ira Sharma,38.0,2,Vadodara,2022-11-03,0.75,71.13857142857144,7,19,0.0,86.16,0.0,0.0,0.0,0.0,82.92,0.0,0.0,53.54,59.75,0.0,0.0,0.0,0.0,0.0,0.0,0.0,0.0,0.0,0.0,0.0,154.71,0.0,0.0,0.0,0.0,0.0,0.0,0.0,0.0,0.0,0.0,0.0,0.0,0.0,60.89,0.0,0.0,0.0,0.0,0.0,0.0,0.0,0.0,0.0,0.0,0.0,0.0,0.0,T000385,P037,60.89,2024-01-31,31,1,2024,0,0,0,0,1,Medium,-0.12539677818033015,2024-01
U0076,Ira Sharma,38.0,2,Vadodara,2022-11-03,0.75,71.13857142857144,7,19,0.0,86.16,0.0,0.0,0.0,0.0,82.92,0.0,0.0,53.54,59.75,0.0,0.0,0.0,0.0,0.0,0.0,0.0,0.0,0.0,0.0,0.0,154.71,0.0,0.0,0.0,0.0,0.0,0.0,0.0,0.0,0.0,0.0,0.0,0.0,0.0,60.89,0.0,0.0,0.0,0.0,0.0,0.0,0.0,0.0,0.0,0.0,0.0,0.0,0.0,T000463,P010,53.54,2024-11-06,6,11,2024,0,1,0,0,0,Medium,-0.32762346369294226,2024-11
U0076,Ira Sharma,38.0,2,Vadodara,2022-11-03,0.75,71.13857142857144,7,19,0.0,86.16,0.0,0.0,0.0,0.0,82.92,0.0,0.0,53.54,59.75,0.0,0.0,0.0,0.0,0.0,0.0,0.0,0.0,0.0,0.0,0.0,154.71,0.0,0.0,0.0,0.0,0.0,0.0,0.0,0.0,0.0,0.0,0.0,0.0,0.0,60.89,0.0,0.0,0.0,0.0,0.0,0.0,0.0,0.0,0.0,0.0,0.0,0.0,0.0,T000780,P002,86.16,2024-06-18,18,6,2024,0,0,0,1,0,High,0.5698778262963646,2024-06
U0076,Ira Sharma,38.0,2,Vadodara,2022-11-03,0.75,71.13857142857144,7,19,0.0,86.16,0.0,0.0,0.0,0.0,82.92,0.0,0.0,53.54,59.75,0.0,0.0,0.0,0.0,0.0,0.0,0.0,0.0,0.0,0.0,0.0,154.71,0.0,0.0,0.0,0.0,0.0,0.0,0.0,0.0,0.0,0.0,0.0,0.0,0.0,60.89,0.0,0.0,0.0,0.0,0.0,0.0,0.0,0.0,0.0,0.0,0.0,0.0,0.0,T000869,P007,41.24,2023-09-20,20,9,2023,0,0,1,0,0,Low,-0.6660436312854767,2023-09
U0076,Ira Sharma,38.0,2,Vadodara,2022-11-03,0.75,71.13857142857144,7,19,0.0,86.16,0.0,0.0,0.0,0.0,82.92,0.0,0.0,53.54,59.75,0.0,0.0,0.0,0.0,0.0,0.0,0.0,0.0,0.0,0.0,0.0,154.71,0.0,0.0,0.0,0.0,0.0,0.0,0.0,0.0,0.0,0.0,0.0,0.0,0.0,60.89,0.0,0.0,0.0,0.0,0.0,0.0,0.0,0.0,0.0,0.0,0.0,0.0,0.0,T000915,P011,59.75,2025-10-13,13,10,2025,1,0,0,0,0,Medium,-0.15676254981085774,2025-10
U0077,Vihaan Reddy,32.0,0,Hyderabad,2024-06-30,0.5,44.42333333333334,6,49,0.0,0.0,0.0,0.0,0.0,0.0,0.0,0.0,0.0,0.0,61.69,0.0,0.0,0.0,0.0,0.0,0.0,0.0,0.0,0.0,0.0,0.0,0.0,0.0,0.0,0.0,0.0,0.0,0.0,104.96000000000001,21.28,0.0,0.0,0.0,0.0,0.0,0.0,0.0,0.0,0.0,0.0,0.0,0.0,36.49,0.0,0.0,0.0,0.0,0.0,42.12,T000284,P011,61.69,2023-12-23,23,12,2023,0,0,0,0,1,Medium,-0.10338571036943367,2023-12
U0077,Vihaan Reddy,32.0,0,Hyderabad,2024-06-30,0.5,44.42333333333334,6,49,0.0,0.0,0.0,0.0,0.0,0.0,0.0,0.0,0.0,0.0,61.69,0.0,0.0,0.0,0.0,0.0,0.0,0.0,0.0,0.0,0.0,0.0,0.0,0.0,0.0,0.0,0.0,0.0,0.0,104.96000000000001,21.28,0.0,0.0,0.0,0.0,0.0,0.0,0.0,0.0,0.0,0.0,0.0,0.0,36.49,0.0,0.0,0.0,0.0,0.0,42.12,T000308,P030,32.51,2023-05-03,3,5,2023,1,0,0,0,0,Low,-0.9062394087718854,2023-05
U0077,Vihaan Reddy,32.0,0,Hyderabad,2024-06-30,0.5,44.42333333333334,6,49,0.0,0.0,0.0,0.0,0.0,0.0,0.0,0.0,0.0,0.0,61.69,0.0,0.0,0.0,0.0,0.0,0.0,0.0,0.0,0.0,0.0,0.0,0.0,0.0,0.0,0.0,0.0,0.0,0.0,104.96000000000001,21.28,0.0,0.0,0.0,0.0,0.0,0.0,0.0,0.0,0.0,0.0,0.0,0.0,36.49,0.0,0.0,0.0,0.0,0.0,42.12,T000358,P050,42.12,2024-02-29,29,2,2024,0,0,0,1,0,Low,-0.6418314566934906,2024-02
U0077,Vihaan Reddy,32.0,0,Hyderabad,2024-06-30,0.5,44.42333333333334,6,49,0.0,0.0,0.0,0.0,0.0,0.0,0.0,0.0,0.0,0.0,61.69,0.0,0.0,0.0,0.0,0.0,0.0,0.0,0.0,0.0,0.0,0.0,0.0,0.0,0.0,0.0,0.0,0.0,0.0,104.96000000000001,21.28,0.0,0.0,0.0,0.0,0.0,0.0,0.0,0.0,0.0,0.0,0.0,0.0,36.49,0.0,0.0,0.0,0.0,0.0,42.12,T000422,P030,72.45,2025-05-18,18,5,2025,0,0,0,0,1,Medium,0.19266315168712508,2025-05
U0077,Vihaan Reddy,32.0,0,Hyderabad,2024-06-30,0.5,44.42333333333334,6,49,0.0,0.0,0.0,0.0,0.0,0.0,0.0,0.0,0.0,0.0,61.69,0.0,0.0,0.0,0.0,0.0,0.0,0.0,0.0,0.0,0.0,0.0,0.0,0.0,0.0,0.0,0.0,0.0,0.0,104.96000000000001,21.28,0.0,0.0,0.0,0.0,0.0,0.0,0.0,0.0,0.0,0.0,0.0,0.0,36.49,0.0,0.0,0.0,0.0,0.0,42.12,T000522,P031,21.28,2025-01-09,9,1,2025,1,0,0,0,0,Low,-1.2152197731673458,2025-01
U0077,Vihaan Reddy,32.0,0,Hyderabad,2024-06-30,0.5,44.42333333333334,6,49,0.0,0.0,0.0,0.0,0.0,0.0,0.0,0.0,0.0,0.0,61.69,0.0,0.0,0.0,0.0,0.0,0.0,0.0,0.0,0.0,0.0,0.0,0.0,0.0,0.0,0.0,0.0,0.0,0.0,104.96000000000001,21.28,0.0,0.0,0.0,0.0,0.0,0.0,0.0,0.0,0.0,0.0,0.0,0.0,36.49,0.0,0.0,0.0,0.0,0.0,42.12,T000856,P044,36.49,2025-09-13,13,9,2025,1,0,0,0,0,Low,-0.7967343464126749,2025-09
U0078,Vihaan Kapoor,29.0,1,Jaipur,2022-10-16,0.375,43.815,4,375,0.0,0.0,0.0,0.0,0.0,0.0,0.0,21.28,0.0,0.0,75.44,0.0,0.0,0.0,0.0,0.0,0.0,0.0,0.0,0.0,0.0,0.0,0.0,0.0,0.0,0.0,37.55,0.0,0.0,0.0,0.0,0.0,0.0,0.0,0.0,0.0,0.0,40.99,0.0,0.0,0.0,0.0,0.0,0.0,0.0,0.0,0.0,0.0,0.0,0.0,T000232,P008,21.28,2024-05-03,3,5,2024,1,0,0,0,0,Low,-1.2152197731673458,2024-05
U0078,Vihaan Kapoor,29.0,1,Jaipur,2022-10-16,0.375,43.815,4,375,0.0,0.0,0.0,0.0,0.0,0.0,0.0,21.28,0.0,0.0,75.44,0.0,0.0,0.0,0.0,0.0,0.0,0.0,0.0,0.0,0.0,0.0,0.0,0.0,0.0,0.0,37.55,0.0,0.0,0.0,0.0,0.0,0.0,0.0,0.0,0.0,0.0,40.99,0.0,0.0,0.0,0.0,0.0,0.0,0.0,0.0,0.0,0.0,0.0,0.0,T000296,P011,75.44,2024-10-22,22,10,2024,0,1,0,0,0,High,0.2749295176303508,2024-10
U0078,Vihaan Kapoor,29.0,1,Jaipur,2022-10-16,0.375,43.815,4,375,0.0,0.0,0.0,0.0,0.0,0.0,0.0,21.28,0.0,0.0,75.44,0.0,0.0,0.0,0.0,0.0,0.0,0.0,0.0,0.0,0.0,0.0,0.0,0.0,0.0,0.0,37.55,0.0,0.0,0.0,0.0,0.0,0.0,0.0,0.0,0.0,0.0,40.99,0.0,0.0,0.0,0.0,0.0,0.0,0.0,0.0,0.0,0.0,0.0,0.0,T000392,P038,40.99,2023-01-24,24,1,2023,0,0,0,0,1,Low,-0.6729220899763818,2023-01
U0078,Vihaan Kapoor,29.0,1,Jaipur,2022-10-16,0.375,43.815,4,375,0.0,0.0,0.0,0.0,0.0,0.0,0.0,21.28,0.0,0.0,75.44,0.0,0.0,0.0,0.0,0.0,0.0,0.0,0.0,0.0,0.0,0.0,0.0,0.0,0.0,0.0,37.55,0.0,0.0,0.0,0.0,0.0,0.0,0.0,0.0,0.0,0.0,40.99,0.0,0.0,0.0,0.0,0.0,0.0,0.0,0.0,0.0,0.0,0.0,0.0,T000909,P027,37.55,2023-07-26,26,7,2023,0,0,0,0,1,Low,-0.7675696815632371,2023-07
U0079,Sara Das,32.0,2,Lucknow,2022-07-28,0.5,73.57,2,6,0.0,0.0,0.0,0.0,0.0,0.0,0.0,0.0,0.0,0.0,101.75,0.0,0.0,0.0,0.0,0.0,0.0,0.0,0.0,0.0,0.0,0.0,0.0,0.0,0.0,0.0,0.0,0.0,0.0,45.39,0.0,0.0,0.0,0.0,0.0,0.0,0.0,0.0,0.0,0.0,0.0,0.0,0.0,0.0,0.0,0.0,0.0,0.0,0.0,0.0,T000395,P011,101.75,2025-10-26,26,10,2025,0,0,1,0,0,High,0.9988185102612113,2025-10
U0079,Sara Das,32.0,2,Lucknow,2022-07-28,0.5,73.57,2,6,0.0,0.0,0.0,0.0,0.0,0.0,0.0,0.0,0.0,0.0,101.75,0.0,0.0,0.0,0.0,0.0,0.0,0.0,0.0,0.0,0.0,0.0,0.0,0.0,0.0,0.0,0.0,0.0,0.0,45.39,0.0,0.0,0.0,0.0,0.0,0.0,0.0,0.0,0.0,0.0,0.0,0.0,0.0,0.0,0.0,0.0,0.0,0.0,0.0,0.0,T000711,P030,45.39,2023-09-03,3,9,2023,0,0,0,1,0,Medium,-0.5518612170164509,2023-09
U0080,Ishaan Amin,20.0,0,Jaipur,2024-07-16,0.0,62.012857142857136,7,200,0.0,0.0,0.0,0.0,0.0,0.0,0.0,0.0,0.0,0.0,0.0,0.0,0.0,0.0,0.0,0.0,0.0,70.94,0.0,0.0,0.0,30.89,0.0,0.0,0.0,0.0,0.0,0.0,59.05,0.0,0.0,0.0,0.0,0.0,0.0,91.77,0.0,0.0,0.0,0.0,0.0,0.0,43.27,0.0,138.17,0.0,0.0,0.0,0.0,0.0,T000019,P036,40.8,2025-04-15,15,4,2025,1,0,0,0,0,Low,-0.6781497185814699,2025-04
U0080,Ishaan Amin,20.0,0,Jaipur,2024-07-16,0.0,62.012857142857136,7,200,0.0,0.0,0.0,0.0,0.0,0.0,0.0,0.0,0.0,0.0,0.0,0.0,0.0,0.0,0.0,0.0,0.0,70.94,0.0,0.0,0.0,30.89,0.0,0.0,0.0,0.0,0.0,0.0,59.05,0.0,0.0,0.0,0.0,0.0,0.0,91.77,0.0,0.0,0.0,0.0,0.0,0.0,43.27,0.0,138.17,0.0,0.0,0.0,0.0,0.0,T000070,P029,59.05,2025-01-17,17,1,2025,1,0,0,0,0,Medium,-0.1760222341453923,2025-01
U0080,Ishaan Amin,20.0,0,Jaipur,2024-07-16,0.0,62.012857142857136,7,200,0.0,0.0,0.0,0.0,0.0,0.0,0.0,0.0,0.0,0.0,0.0,0.0,0.0,0.0,0.0,0.0,0.0,70.94,0.0,0.0,0.0,30.89,0.0,0.0,0.0,0.0,0.0,0.0,59.05,0.0,0.0,0.0,0.0,0.0,0.0,91.77,0.0,0.0,0.0,0.0,0.0,0.0,43.27,0.0,138.17,0.0,0.0,0.0,0.0,0.0,T000199,P036,50.97,2024-11-03,3,11,2024,0,0,1,0,0,Medium,-0.39833401903544746,2024-11
U0080,Ishaan Amin,20.0,0,Jaipur,2024-07-16,0.0,62.012857142857136,7,200,0.0,0.0,0.0,0.0,0.0,0.0,0.0,0.0,0.0,0.0,0.0,0.0,0.0,0.0,0.0,0.0,0.0,70.94,0.0,0.0,0.0,30.89,0.0,0.0,0.0,0.0,0.0,0.0,59.05,0.0,0.0,0.0,0.0,0.0,0.0,91.77,0.0,0.0,0.0,0.0,0.0,0.0,43.27,0.0,138.17,0.0,0.0,0.0,0.0,0.0,T000555,P022,30.89,2024-02-28,28,2,2024,0,0,1,0,0,Low,-0.9508118210889509,2024-02
U0080,Ishaan Amin,20.0,0,Jaipur,2024-07-16,0.0,62.012857142857136,7,200,0.0,0.0,0.0,0.0,0.0,0.0,0.0,0.0,0.0,0.0,0.0,0.0,0.0,0.0,0.0,0.0,0.0,70.94,0.0,0.0,0.0,30.89,0.0,0.0,0.0,0.0,0.0,0.0,59.05,0.0,0.0,0.0,0.0,0.0,0.0,91.77,0.0,0.0,0.0,0.0,0.0,0.0,43.27,0.0,138.17,0.0,0.0,0.0,0.0,0.0,T000663,P045,138.17,2024-05-03,3,5,2024,0,0,1,0,0,High,2.0008723723522763,2024-05
U0080,Ishaan Amin,20.0,0,Jaipur,2024-07-16,0.0,62.012857142857136,7,200,0.0,0.0,0.0,0.0,0.0,0.0,0.0,0.0,0.0,0.0,0.0,0.0,0.0,0.0,0.0,0.0,0.0,70.94,0.0,0.0,0.0,30.89,0.0,0.0,0.0,0.0,0.0,0.0,59.05,0.0,0.0,0.0,0.0,0.0,0.0,91.77,0.0,0.0,0.0,0.0,0.0,0.0,43.27,0.0,138.17,0.0,0.0,0.0,0.0,0.0,T000666,P043,43.27,2023-12-26,26,12,2023,0,0,0,0,1,Medium,-0.6101905467153267,2023-12
U0080,Ishaan Amin,20.0,0,Jaipur,2024-07-16,0.0,62.012857142857136,7,200,0.0,0.0,0.0,0.0,0.0,0.0,0.0,0.0,0.0,0.0,0.0,0.0,0.0,0.0,0.0,0.0,0.0,70.94,0.0,0.0,0.0,30.89,0.0,0.0,0.0,0.0,0.0,0.0,59.05,0.0,0.0,0.0,0.0,0.0,0.0,91.77,0.0,0.0,0.0,0.0,0.0,0.0,43.27,0.0,138.17,0.0,0.0,0.0,0.0,0.0,T000826,P018,70.94,2023-07-21,21,7,2023,0,0,1,0,0,Medium,0.15111726119405772,2023-07
U0081,Vivaan Gupta,30.0,2,Indore,2024-04-29,0.41666666666666674,67.868,6,207,0.0,0.0,0.0,0.0,0.0,0.0,0.0,0.0,0.0,0.0,0.0,63.6,0.0,0.0,0.0,0.0,0.0,0.0,0.0,0.0,0.0,0.0,0.0,53.47,0.0,0.0,50.07,0.0,0.0,0.0,0.0,0.0,0.0,0.0,0.0,0.0,74.56,0.0,0.0,0.0,0.0,0.0,33.42,0.0,0.0,64.22,0.0,0.0,0.0,0.0,T000123,P043,33.42,2025-02-05,5,2,2025,0,0,0,1,0,Low,-0.8812018191369905,2025-02
U0081,Vivaan Gupta,30.0,2,Indore,2024-04-29,0.41666666666666674,67.868,6,207,0.0,0.0,0.0,0.0,0.0,0.0,0.0,0.0,0.0,0.0,0.0,63.6,0.0,0.0,0.0,0.0,0.0,0.0,0.0,0.0,0.0,0.0,0.0,53.47,0.0,0.0,50.07,0.0,0.0,0.0,0.0,0.0,0.0,0.0,0.0,0.0,74.56,0.0,0.0,0.0,0.0,0.0,33.42,0.0,0.0,64.22,0.0,0.0,0.0,0.0,T000161,P037,74.56,2025-04-08,8,4,2025,0,0,1,0,0,High,0.25071734303836474,2025-04
U0081,Vivaan Gupta,30.0,2,Indore,2024-04-29,0.41666666666666674,67.868,6,207,0.0,0.0,0.0,0.0,0.0,0.0,0.0,0.0,0.0,0.0,0.0,63.6,0.0,0.0,0.0,0.0,0.0,0.0,0.0,0.0,0.0,0.0,0.0,53.47,0.0,0.0,50.07,0.0,0.0,0.0,0.0,0.0,0.0,0.0,0.0,0.0,74.56,0.0,0.0,0.0,0.0,0.0,33.42,0.0,0.0,64.22,0.0,0.0,0.0,0.0,T000311,P046,64.22,2024-12-08,8,12,2024,0,0,0,1,0,Medium,-0.0337757084174733,2024-12
U0081,Vivaan Gupta,30.0,2,Indore,2024-04-29,0.41666666666666674,67.868,6,207,0.0,0.0,0.0,0.0,0.0,0.0,0.0,0.0,0.0,0.0,0.0,63.6,0.0,0.0,0.0,0.0,0.0,0.0,0.0,0.0,0.0,0.0,0.0,53.47,0.0,0.0,50.07,0.0,0.0,0.0,0.0,0.0,0.0,0.0,0.0,0.0,74.56,0.0,0.0,0.0,0.0,0.0,33.42,0.0,0.0,64.22,0.0,0.0,0.0,0.0,T000354,P012,63.6,2024-12-02,2,12,2024,0,0,1,0,0,Medium,-0.050834285970918054,2024-12
U0081,Vivaan Gupta,30.0,2,Indore,2024-04-29,0.41666666666666674,67.868,6,207,0.0,0.0,0.0,0.0,0.0,0.0,0.0,0.0,0.0,0.0,0.0,63.6,0.0,0.0,0.0,0.0,0.0,0.0,0.0,0.0,0.0,0.0,0.0,53.47,0.0,0.0,50.07,0.0,0.0,0.0,0.0,0.0,0.0,0.0,0.0,0.0,74.56,0.0,0.0,0.0,0.0,0.0,33.42,0.0,0.0,64.22,0.0,0.0,0.0,0.0,T000460,P027,50.07,2024-03-29,29,3,2024,1,0,0,0,0,Medium,-0.42309647032270603,2024-03
U0081,Vivaan Gupta,30.0,2,Indore,2024-04-29,0.41666666666666674,67.868,6,207,0.0,0.0,0.0,0.0,0.0,0.0,0.0,0.0,0.0,0.0,0.0,63.6,0.0,0.0,0.0,0.0,0.0,0.0,0.0,0.0,0.0,0.0,0.0,53.47,0.0,0.0,50.07,0.0,0.0,0.0,0.0,0.0,0.0,0.0,0.0,0.0,74.56,0.0,0.0,0.0,0.0,0.0,33.42,0.0,0.0,64.22,0.0,0.0,0.0,0.0,T000635,P024,53.47,2023-10-08,8,10,2023,0,0,0,1,0,Medium,-0.3295494321263957,2023-10
U0082,Ishaan Verma,34.0,1,Lucknow,2024-02-29,0.5833333333333333,57.357142857142854,7,30,0.0,0.0,0.0,0.0,61.0,0.0,80.42,0.0,0.0,0.0,0.0,0.0,0.0,0.0,0.0,47.31,0.0,0.0,61.41,0.0,0.0,0.0,0.0,0.0,0.0,0.0,0.0,0.0,0.0,0.0,0.0,0.0,0.0,0.0,0.0,0.0,0.0,0.0,38.92,0.0,50.97,0.0,0.0,0.0,0.0,0.0,61.47,0.0,0.0,0.0,T000042,P041,50.97,2025-09-26,26,9,2025,0,0,0,0,1,Medium,-0.39833401903544746,2025-09
U0082,Ishaan Verma,34.0,1,Lucknow,2024-02-29,0.5833333333333333,57.357142857142854,7,30,0.0,0.0,0.0,0.0,61.0,0.0,80.42,0.0,0.0,0.0,0.0,0.0,0.0,0.0,0.0,47.31,0.0,0.0,61.41,0.0,0.0,0.0,0.0,0.0,0.0,0.0,0.0,0.0,0.0,0.0,0.0,0.0,0.0,0.0,0.0,0.0,0.0,0.0,38.92,0.0,50.97,0.0,0.0,0.0,0.0,0.0,61.47,0.0,0.0,0.0,T000225,P007,80.42,2024-11-17,17,11,2024,0,0,0,0,1,High,0.41194841475318195,2024-11
U0082,Ishaan Verma,34.0,1,Lucknow,2024-02-29,0.5833333333333333,57.357142857142854,7,30,0.0,0.0,0.0,0.0,61.0,0.0,80.42,0.0,0.0,0.0,0.0,0.0,0.0,0.0,0.0,47.31,0.0,0.0,61.41,0.0,0.0,0.0,0.0,0.0,0.0,0.0,0.0,0.0,0.0,0.0,0.0,0.0,0.0,0.0,0.0,0.0,0.0,0.0,38.92,0.0,50.97,0.0,0.0,0.0,0.0,0.0,61.47,0.0,0.0,0.0,T000313,P016,47.31,2023-09-08,8,9,2023,0,0,1,0,0,Medium,-0.4990346542702991,2023-09
U0082,Ishaan Verma,34.0,1,Lucknow,2024-02-29,0.5833333333333333,57.357142857142854,7,30,0.0,0.0,0.0,0.0,61.0,0.0,80.42,0.0,0.0,0.0,0.0,0.0,0.0,0.0,0.0,47.31,0.0,0.0,61.41,0.0,0.0,0.0,0.0,0.0,0.0,0.0,0.0,0.0,0.0,0.0,0.0,0.0,0.0,0.0,0.0,0.0,0.0,0.0,38.92,0.0,50.97,0.0,0.0,0.0,0.0,0.0,61.47,0.0,0.0,0.0,T000531,P019,61.41,2025-10-02,2,10,2025,0,0,0,0,1,Medium,-0.1110895841032475,2025-10
U0082,Ishaan Verma,34.0,1,Lucknow,2024-02-29,0.5833333333333333,57.357142857142854,7,30,0.0,0.0,0.0,0.0,61.0,0.0,80.42,0.0,0.0,0.0,0.0,0.0,0.0,0.0,0.0,47.31,0.0,0.0,61.41,0.0,0.0,0.0,0.0,0.0,0.0,0.0,0.0,0.0,0.0,0.0,0.0,0.0,0.0,0.0,0.0,0.0,0.0,0.0,38.92,0.0,50.97,0.0,0.0,0.0,0.0,0.0,61.47,0.0,0.0,0.0,T000558,P005,61.0,2023-04-02,2,4,2023,0,0,0,1,0,Medium,-0.12237025635633189,2023-04
U0082,Ishaan Verma,34.0,1,Lucknow,2024-02-29,0.5833333333333333,57.357142857142854,7,30,0.0,0.0,0.0,0.0,61.0,0.0,80.42,0.0,0.0,0.0,0.0,0.0,0.0,0.0,0.0,47.31,0.0,0.0,61.41,0.0,0.0,0.0,0.0,0.0,0.0,0.0,0.0,0.0,0.0,0.0,0.0,0.0,0.0,0.0,0.0,0.0,0.0,0.0,38.92,0.0,50.97,0.0,0.0,0.0,0.0,0.0,61.47,0.0,0.0,0.0,T000740,P039,38.92,2023-03-02,2,3,2023,0,1,0,0,0,Low,-0.7298757279370767,2023-03
U0082,Ishaan Verma,34.0,1,Lucknow,2024-02-29,0.5833333333333333,57.357142857142854,7,30,0.0,0.0,0.0,0.0,61.0,0.0,80.42,0.0,0.0,0.0,0.0,0.0,0.0,0.0,0.0,47.31,0.0,0.0,61.41,0.0,0.0,0.0,0.0,0.0,0.0,0.0,0.0,0.0,0.0,0.0,0.0,0.0,0.0,0.0,0.0,0.0,0.0,0.0,38.92,0.0,50.97,0.0,0.0,0.0,0.0,0.0,61.47,0.0,0.0,0.0,T000812,P047,61.47,2023-06-28,28,6,2023,1,0,0,0,0,Medium,-0.1094387540174302,2023-06
U0083,Arjun Khan,43.0,1,Thane,2023-07-19,0.9583333333333333,59.12375,8,9,0.0,0.0,0.0,0.0,0.0,0.0,26.61,76.9,71.42,0.0,0.0,0.0,0.0,0.0,0.0,0.0,0.0,0.0,140.98,0.0,0.0,0.0,0.0,0.0,0.0,0.0,0.0,0.0,0.0,0.0,0.0,0.0,0.0,0.0,0.0,0.0,0.0,0.0,99.24000000000001,0.0,0.0,0.0,0.0,0.0,0.0,57.84,0.0,0.0,0.0,0.0,T000011,P008,76.9,2023-01-03,3,1,2023,0,0,1,0,0,High,0.31509971638523726,2023-01
U0083,Arjun Khan,43.0,1,Thane,2023-07-19,0.9583333333333333,59.12375,8,9,0.0,0.0,0.0,0.0,0.0,0.0,26.61,76.9,71.42,0.0,0.0,0.0,0.0,0.0,0.0,0.0,0.0,0.0,140.98,0.0,0.0,0.0,0.0,0.0,0.0,0.0,0.0,0.0,0.0,0.0,0.0,0.0,0.0,0.0,0.0,0.0,0.0,0.0,99.24000000000001,0.0,0.0,0.0,0.0,0.0,0.0,57.84,0.0,0.0,0.0,0.0,T000186,P039,59.75,2025-10-23,23,10,2025,0,0,1,0,0,Medium,-0.15676254981085774,2025-10
U0083,Arjun Khan,43.0,1,Thane,2023-07-19,0.9583333333333333,59.12375,8,9,0.0,0.0,0.0,0.0,0.0,0.0,26.61,76.9,71.42,0.0,0.0,0.0,0.0,0.0,0.0,0.0,0.0,0.0,140.98,0.0,0.0,0.0,0.0,0.0,0.0,0.0,0.0,0.0,0.0,0.0,0.0,0.0,0.0,0.0,0.0,0.0,0.0,0.0,99.24000000000001,0.0,0.0,0.0,0.0,0.0,0.0,57.84,0.0,0.0,0.0,0.0,T000260,P007,26.61,2024-11-02,2,11,2024,1,0,0,0,0,Low,-1.0685710338772474,2024-11
U0083,Arjun Khan,43.0,1,Thane,2023-07-19,0.9583333333333333,59.12375,8,9,0.0,0.0,0.0,0.0,0.0,0.0,26.61,76.9,71.42,0.0,0.0,0.0,0.0,0.0,0.0,0.0,0.0,0.0,140.98,0.0,0.0,0.0,0.0,0.0,0.0,0.0,0.0,0.0,0.0,0.0,0.0,0.0,0.0,0.0,0.0,0.0,0.0,0.0,99.24000000000001,0.0,0.0,0.0,0.0,0.0,0.0,57.84,0.0,0.0,0.0,0.0,T000374,P019,47.87,2023-05-02,2,5,2023,0,0,0,0,1,Medium,-0.4836269068026716,2023-05
U0083,Arjun Khan,43.0,1,Thane,2023-07-19,0.9583333333333333,59.12375,8,9,0.0,0.0,0.0,0.0,0.0,0.0,26.61,76.9,71.42,0.0,0.0,0.0,0.0,0.0,0.0,0.0,0.0,0.0,140.98,0.0,0.0,0.0,0.0,0.0,0.0,0.0,0.0,0.0,0.0,0.0,0.0,0.0,0.0,0.0,0.0,0.0,0.0,0.0,99.24000000000001,0.0,0.0,0.0,0.0,0.0,0.0,57.84,0.0,0.0,0.0,0.0,T000529,P039,39.49,2024-02-16,16,2,2024,0,0,0,0,1,Low,-0.7141928421218129,2024-02
U0083,Arjun Khan,43.0,1,Thane,2023-07-19,0.9583333333333333,59.12375,8,9,0.0,0.0,0.0,0.0,0.0,0.0,26.61,76.9,71.42,0.0,0.0,0.0,0.0,0.0,0.0,0.0,0.0,0.0,140.98,0.0,0.0,0.0,0.0,0.0,0.0,0.0,0.0,0.0,0.0,0.0,0.0,0.0,0.0,0.0,0.0,0.0,0.0,0.0,99.24000000000001,0.0,0.0,0.0,0.0,0.0,0.0,57.84,0.0,0.0,0.0,0.0,T000603,P046,57.84,2024-08-15,15,8,2024,0,0,0,1,0,Medium,-0.20931397420937317,2024-08
U0083,Arjun Khan,43.0,1,Thane,2023-07-19,0.9583333333333333,59.12375,8,9,0.0,0.0,0.0,0.0,0.0,0.0,26.61,76.9,71.42,0.0,0.0,0.0,0.0,0.0,0.0,0.0,0.0,0.0,140.98,0.0,0.0,0.0,0.0,0.0,0.0,0.0,0.0,0.0,0.0,0.0,0.0,0.0,0.0,0.0,0.0,0.0,0.0,0.0,99.24000000000001,0.0,0.0,0.0,0.0,0.0,0.0,57.84,0.0,0.0,0.0,0.0,T000618,P019,93.11,2023-09-25,25,9,2023,0,0,0,1,0,High,0.7610989779035284,2023-09
U0083,Arjun Khan,43.0,1,Thane,2023-07-19,0.9583333333333333,59.12375,8,9,0.0,0.0,0.0,0.0,0.0,0.0,26.61,76.9,71.42,0.0,0.0,0.0,0.0,0.0,0.0,0.0,0.0,0.0,140.98,0.0,0.0,0.0,0.0,0.0,0.0,0.0,0.0,0.0,0.0,0.0,0.0,0.0,0.0,0.0,0.0,0.0,0.0,0.0,99.24000000000001,0.0,0.0,0.0,0.0,0.0,0.0,57.84,0.0,0.0,0.0,0.0,T000760,P009,71.42,2025-06-13,13,6,2025,0,1,0,0,0,Medium,0.16432390188059576,2025-06
U0084,Kiara Kapoor,27.0,1,Hyderabad,2022-03-19,0.29166666666666674,45.8425,4,17,0.0,0.0,0.0,0.0,0.0,0.0,0.0,53.98,0.0,0.0,0.0,0.0,0.0,0.0,0.0,0.0,0.0,0.0,0.0,0.0,0.0,0.0,0.0,0.0,0.0,0.0,0.0,0.0,0.0,0.0,0.0,0.0,0.0,0.0,0.0,0.0,73.74,0.0,0.0,32.58,0.0,0.0,0.0,0.0,0.0,0.0,0.0,23.07,0.0,0.0,T000072,P048,23.07,2023-12-26,26,12,2023,0,0,1,0,0,Low,-1.1659700089404645,2023-12
U0084,Kiara Kapoor,27.0,1,Hyderabad,2022-03-19,0.29166666666666674,45.8425,4,17,0.0,0.0,0.0,0.0,0.0,0.0,0.0,53.98,0.0,0.0,0.0,0.0,0.0,0.0,0.0,0.0,0.0,0.0,0.0,0.0,0.0,0.0,0.0,0.0,0.0,0.0,0.0,0.0,0.0,0.0,0.0,0.0,0.0,0.0,0.0,0.0,73.74,0.0,0.0,32.58,0.0,0.0,0.0,0.0,0.0,0.0,0.0,23.07,0.0,0.0,T000155,P008,53.98,2025-10-15,15,10,2025,1,0,0,0,0,Medium,-0.3155173763969492,2025-10
U0084,Kiara Kapoor,27.0,1,Hyderabad,2022-03-19,0.29166666666666674,45.8425,4,17,0.0,0.0,0.0,0.0,0.0,0.0,0.0,53.98,0.0,0.0,0.0,0.0,0.0,0.0,0.0,0.0,0.0,0.0,0.0,0.0,0.0,0.0,0.0,0.0,0.0,0.0,0.0,0.0,0.0,0.0,0.0,0.0,0.0,0.0,0.0,0.0,73.74,0.0,0.0,32.58,0.0,0.0,0.0,0.0,0.0,0.0,0.0,23.07,0.0,0.0,T000317,P037,73.74,2024-10-02,2,10,2024,0,0,0,0,1,High,0.22815599853219556,2024-10
U0084,Kiara Kapoor,27.0,1,Hyderabad,2022-03-19,0.29166666666666674,45.8425,4,17,0.0,0.0,0.0,0.0,0.0,0.0,0.0,53.98,0.0,0.0,0.0,0.0,0.0,0.0,0.0,0.0,0.0,0.0,0.0,0.0,0.0,0.0,0.0,0.0,0.0,0.0,0.0,0.0,0.0,0.0,0.0,0.0,0.0,0.0,0.0,0.0,73.74,0.0,0.0,32.58,0.0,0.0,0.0,0.0,0.0,0.0,0.0,23.07,0.0,0.0,T000337,P040,32.58,2023-11-29,29,11,2023,0,0,0,1,0,Low,-0.904313440338432,2023-11
U0085,Arjun Kapoor,25.0,1,Kanpur,2023-08-20,0.20833333333333326,63.995000000000005,6,114,0.0,0.0,0.0,0.0,0.0,0.0,154.71,0.0,0.0,0.0,0.0,0.0,0.0,0.0,0.0,0.0,0.0,28.28,0.0,0.0,0.0,0.0,65.47,0.0,0.0,0.0,0.0,0.0,55.21,0.0,0.0,0.0,0.0,0.0,0.0,0.0,0.0,0.0,0.0,0.0,0.0,46.36,0.0,33.94,0.0,0.0,0.0,0.0,0.0,0.0,T000041,P044,33.94,2025-02-17,17,2,2025,0,0,0,0,0,Low,-0.8668946250599078,2025-02
U0085,Arjun Kapoor,25.0,1,Kanpur,2023-08-20,0.20833333333333326,63.995000000000005,6,114,0.0,0.0,0.0,0.0,0.0,0.0,154.71,0.0,0.0,0.0,0.0,0.0,0.0,0.0,0.0,0.0,0.0,28.28,0.0,0.0,0.0,0.0,65.47,0.0,0.0,0.0,0.0,0.0,55.21,0.0,0.0,0.0,0.0,0.0,0.0,0.0,0.0,0.0,0.0,0.0,0.0,46.36,0.0,33.94,0.0,0.0,0.0,0.0,0.0,0.0,T000194,P007,154.71,2025-03-02,2,3,2025,0,0,0,0,0,High,2.455951199342563,2025-03
U0085,Arjun Kapoor,25.0,1,Kanpur,2023-08-20,0.20833333333333326,63.995000000000005,6,114,0.0,0.0,0.0,0.0,0.0,0.0,154.71,0.0,0.0,0.0,0.0,0.0,0.0,0.0,0.0,0.0,0.0,28.28,0.0,0.0,0.0,0.0,65.47,0.0,0.0,0.0,0.0,0.0,55.21,0.0,0.0,0.0,0.0,0.0,0.0,0.0,0.0,0.0,0.0,0.0,0.0,46.36,0.0,33.94,0.0,0.0,0.0,0.0,0.0,0.0,T000446,P042,46.36,2025-07-10,10,7,2025,1,0,0,0,0,Medium,-0.5251727972957388,2025-07
U0085,Arjun Kapoor,25.0,1,Kanpur,2023-08-20,0.20833333333333326,63.995000000000005,6,114,0.0,0.0,0.0,0.0,0.0,0.0,154.71,0.0,0.0,0.0,0.0,0.0,0.0,0.0,0.0,0.0,0.0,28.28,0.0,0.0,0.0,0.0,65.47,0.0,0.0,0.0,0.0,0.0,55.21,0.0,0.0,0.0,0.0,0.0,0.0,0.0,0.0,0.0,0.0,0.0,0.0,46.36,0.0,33.94,0.0,0.0,0.0,0.0,0.0,0.0,T000527,P029,55.21,2025-05-31,31,5,2025,0,0,0,1,0,Medium,-0.2816753596376957,2025-05
U0085,Arjun Kapoor,25.0,1,Kanpur,2023-08-20,0.20833333333333326,63.995000000000005,6,114,0.0,0.0,0.0,0.0,0.0,0.0,154.71,0.0,0.0,0.0,0.0,0.0,0.0,0.0,0.0,0.0,0.0,28.28,0.0,0.0,0.0,0.0,65.47,0.0,0.0,0.0,0.0,0.0,55.21,0.0,0.0,0.0,0.0,0.0,0.0,0.0,0.0,0.0,0.0,0.0,0.0,46.36,0.0,33.94,0.0,0.0,0.0,0.0,0.0,0.0,T000927,P023,65.47,2024-07-03,3,7,2024,0,0,1,0,0,Medium,0.0006165850370525636,2024-07
U0085,Arjun Kapoor,25.0,1,Kanpur,2023-08-20,0.20833333333333326,63.995000000000005,6,114,0.0,0.0,0.0,0.0,0.0,0.0,154.71,0.0,0.0,0.0,0.0,0.0,0.0,0.0,0.0,0.0,0.0,28.28,0.0,0.0,0.0,0.0,65.47,0.0,0.0,0.0,0.0,0.0,55.21,0.0,0.0,0.0,0.0,0.0,0.0,0.0,0.0,0.0,0.0,0.0,0.0,46.36,0.0,33.94,0.0,0.0,0.0,0.0,0.0,0.0,T000947,P018,28.28,2024-04-01,1,4,2024,1,0,0,0,0,Low,-1.0226229298220009,2024-04
U0086,Aarohi Reddy,27.0,0,Ahmedabad,2022-02-12,0.29166666666666674,87.285,4,24,125.12,0.0,0.0,0.0,0.0,41.2,0.0,0.0,0.0,0.0,0.0,0.0,0.0,0.0,0.0,0.0,0.0,0.0,108.45,0.0,74.37,0.0,0.0,0.0,0.0,0.0,0.0,0.0,0.0,0.0,0.0,0.0,0.0,0.0,0.0,0.0,0.0,0.0,0.0,0.0,0.0,0.0,0.0,0.0,0.0,0.0,0.0,0.0,0.0,0.0,T000007,P021,74.37,2023-08-03,3,8,2023,0,0,0,0,1,High,0.24548971443327686,2023-08
U0086,Aarohi Reddy,27.0,0,Ahmedabad,2022-02-12,0.29166666666666674,87.285,4,24,125.12,0.0,0.0,0.0,0.0,41.2,0.0,0.0,0.0,0.0,0.0,0.0,0.0,0.0,0.0,0.0,0.0,0.0,108.45,0.0,74.37,0.0,0.0,0.0,0.0,0.0,0.0,0.0,0.0,0.0,0.0,0.0,0.0,0.0,0.0,0.0,0.0,0.0,0.0,0.0,0.0,0.0,0.0,0.0,0.0,0.0,0.0,0.0,0.0,0.0,T000196,P006,41.2,2023-10-17,17,10,2023,0,0,0,0,0,Low,-0.6671441846760214,2023-10
U0086,Aarohi Reddy,27.0,0,Ahmedabad,2022-02-12,0.29166666666666674,87.285,4,24,125.12,0.0,0.0,0.0,0.0,41.2,0.0,0.0,0.0,0.0,0.0,0.0,0.0,0.0,0.0,0.0,0.0,0.0,108.45,0.0,74.37,0.0,0.0,0.0,0.0,0.0,0.0,0.0,0.0,0.0,0.0,0.0,0.0,0.0,0.0,0.0,0.0,0.0,0.0,0.0,0.0,0.0,0.0,0.0,0.0,0.0,0.0,0.0,0.0,0.0,T000380,P019,108.45,2025-10-08,8,10,2025,0,0,1,0,0,High,1.1831612031774699,2025-10
U0086,Aarohi Reddy,27.0,0,Ahmedabad,2022-02-12,0.29166666666666674,87.285,4,24,125.12,0.0,0.0,0.0,0.0,41.2,0.0,0.0,0.0,0.0,0.0,0.0,0.0,0.0,0.0,0.0,0.0,0.0,108.45,0.0,74.37,0.0,0.0,0.0,0.0,0.0,0.0,0.0,0.0,0.0,0.0,0.0,0.0,0.0,0.0,0.0,0.0,0.0,0.0,0.0,0.0,0.0,0.0,0.0,0.0,0.0,0.0,0.0,0.0,0.0,T000695,P001,125.12,2025-02-09,9,2,2025,0,0,0,0,1,High,1.641816828687027,2025-02
U0087,Kabir Mehta,39.0,1,Kanpur,2022-08-04,0.7916666666666667,39.525,4,17,0.0,0.0,0.0,0.0,0.0,0.0,0.0,0.0,0.0,0.0,0.0,33.93,0.0,0.0,0.0,0.0,0.0,0.0,0.0,0.0,0.0,0.0,45.02,0.0,0.0,0.0,0.0,0.0,0.0,57.87,0.0,0.0,0.0,0.0,0.0,21.28,0.0,0.0,0.0,0.0,0.0,0.0,0.0,0.0,0.0,0.0,0.0,0.0,0.0,0.0,T000121,P030,57.87,2025-05-01,1,5,2025,0,0,1,0,0,Medium,-0.20848855916646472,2025-05
U0087,Kabir Mehta,39.0,1,Kanpur,2022-08-04,0.7916666666666667,39.525,4,17,0.0,0.0,0.0,0.0,0.0,0.0,0.0,0.0,0.0,0.0,0.0,33.93,0.0,0.0,0.0,0.0,0.0,0.0,0.0,0.0,0.0,0.0,45.02,0.0,0.0,0.0,0.0,0.0,0.0,57.87,0.0,0.0,0.0,0.0,0.0,21.28,0.0,0.0,0.0,0.0,0.0,0.0,0.0,0.0,0.0,0.0,0.0,0.0,0.0,0.0,T000138,P023,45.02,2024-01-07,7,1,2024,1,0,0,0,0,Medium,-0.5620413358789904,2024-01
U0087,Kabir Mehta,39.0,1,Kanpur,2022-08-04,0.7916666666666667,39.525,4,17,0.0,0.0,0.0,0.0,0.0,0.0,0.0,0.0,0.0,0.0,0.0,33.93,0.0,0.0,0.0,0.0,0.0,0.0,0.0,0.0,0.0,0.0,45.02,0.0,0.0,0.0,0.0,0.0,0.0,57.87,0.0,0.0,0.0,0.0,0.0,21.28,0.0,0.0,0.0,0.0,0.0,0.0,0.0,0.0,0.0,0.0,0.0,0.0,0.0,0.0,T000256,P012,33.93,2025-10-15,15,10,2025,0,0,1,0,0,Low,-0.8671697634075439,2025-10
U0087,Kabir Mehta,39.0,1,Kanpur,2022-08-04,0.7916666666666667,39.525,4,17,0.0,0.0,0.0,0.0,0.0,0.0,0.0,0.0,0.0,0.0,0.0,33.93,0.0,0.0,0.0,0.0,0.0,0.0,0.0,0.0,0.0,0.0,45.02,0.0,0.0,0.0,0.0,0.0,0.0,57.87,0.0,0.0,0.0,0.0,0.0,21.28,0.0,0.0,0.0,0.0,0.0,0.0,0.0,0.0,0.0,0.0,0.0,0.0,0.0,0.0,T000332,P036,21.28,2023-10-23,23,10,2023,0,0,0,1,0,Low,-1.2152197731673458,2023-10
U0088,Sai Patel,34.0,0,Vadodara,2024-06-24,0.5833333333333333,99.57000000000001,3,2,0.0,0.0,0.0,0.0,0.0,0.0,0.0,0.0,0.0,0.0,0.0,0.0,0.0,0.0,0.0,0.0,0.0,0.0,0.0,0.0,0.0,0.0,0.0,100.07,0.0,0.0,0.0,0.0,0.0,0.0,0.0,0.0,0.0,0.0,0.0,0.0,0.0,0.0,0.0,0.0,0.0,0.0,0.0,0.0,0.0,154.71,43.93,0.0,0.0,0.0,T000188,P046,154.71,2025-10-30,30,10,2025,1,0,0,0,0,High,2.455951199342563,2025-10
U0088,Sai Patel,34.0,0,Vadodara,2024-06-24,0.5833333333333333,99.57000000000001,3,2,0.0,0.0,0.0,0.0,0.0,0.0,0.0,0.0,0.0,0.0,0.0,0.0,0.0,0.0,0.0,0.0,0.0,0.0,0.0,0.0,0.0,0.0,0.0,100.07,0.0,0.0,0.0,0.0,0.0,0.0,0.0,0.0,0.0,0.0,0.0,0.0,0.0,0.0,0.0,0.0,0.0,0.0,0.0,0.0,0.0,154.71,43.93,0.0,0.0,0.0,T000865,P047,43.93,2024-03-31,31,3,2024,0,0,0,0,1,Medium,-0.5920314157713371,2024-03
U0088,Sai Patel,34.0,0,Vadodara,2024-06-24,0.5833333333333333,99.57000000000001,3,2,0.0,0.0,0.0,0.0,0.0,0.0,0.0,0.0,0.0,0.0,0.0,0.0,0.0,0.0,0.0,0.0,0.0,0.0,0.0,0.0,0.0,0.0,0.0,100.07,0.0,0.0,0.0,0.0,0.0,0.0,0.0,0.0,0.0,0.0,0.0,0.0,0.0,0.0,0.0,0.0,0.0,0.0,0.0,0.0,0.0,154.71,43.93,0.0,0.0,0.0,T000956,P024,100.07,2024-04-01,1,4,2024,1,0,0,0,0,High,0.9525952678583283,2024-04
U0089,Kiara Kulkarni,27.0,2,Ahmedabad,2024-08-05,0.29166666666666674,66.04666666666667,7,263,0.0,0.0,0.0,0.0,0.0,0.0,0.0,0.0,0.0,0.0,41.46,0.0,0.0,0.0,0.0,0.0,0.0,0.0,0.0,0.0,0.0,82.09,0.0,0.0,0.0,0.0,0.0,35.48,44.9,0.0,0.0,0.0,0.0,81.05,0.0,0.0,83.51,0.0,0.0,0.0,0.0,0.0,0.0,0.0,27.79,0.0,0.0,0.0,0.0,0.0,T000030,P022,82.09,2025-02-11,11,2,2025,0,0,0,0,0,High,0.4578965188084286,2025-02
U0089,Kiara Kulkarni,27.0,2,Ahmedabad,2024-08-05,0.29166666666666674,66.04666666666667,7,263,0.0,0.0,0.0,0.0,0.0,0.0,0.0,0.0,0.0,0.0,41.46,0.0,0.0,0.0,0.0,0.0,0.0,0.0,0.0,0.0,0.0,82.09,0.0,0.0,0.0,0.0,0.0,35.48,44.9,0.0,0.0,0.0,0.0,81.05,0.0,0.0,83.51,0.0,0.0,0.0,0.0,0.0,0.0,0.0,27.79,0.0,0.0,0.0,0.0,0.0,T000149,P028,35.48,2024-08-03,3,8,2024,1,0,0,0,0,Low,-0.824523319523932,2024-08
U0089,Kiara Kulkarni,27.0,2,Ahmedabad,2024-08-05,0.29166666666666674,66.04666666666667,7,263,0.0,0.0,0.0,0.0,0.0,0.0,0.0,0.0,0.0,0.0,41.46,0.0,0.0,0.0,0.0,0.0,0.0,0.0,0.0,0.0,0.0,82.09,0.0,0.0,0.0,0.0,0.0,35.48,44.9,0.0,0.0,0.0,0.0,81.05,0.0,0.0,83.51,0.0,0.0,0.0,0.0,0.0,0.0,0.0,27.79,0.0,0.0,0.0,0.0,0.0,T000364,P029,44.9,2024-06-09,9,6,2024,0,0,0,0,1,Medium,-0.565342996050625,2024-06
U0089,Kiara Kulkarni,27.0,2,Ahmedabad,2024-08-05,0.29166666666666674,66.04666666666667,7,263,0.0,0.0,0.0,0.0,0.0,0.0,0.0,0.0,0.0,0.0,41.46,0.0,0.0,0.0,0.0,0.0,0.0,0.0,0.0,0.0,0.0,82.09,0.0,0.0,0.0,0.0,0.0,35.48,44.9,0.0,0.0,0.0,0.0,81.05,0.0,0.0,83.51,0.0,0.0,0.0,0.0,0.0,0.0,0.0,27.79,0.0,0.0,0.0,0.0,0.0,T000414,P045,27.79,2023-05-04,4,5,2023,1,0,0,0,0,Low,-1.036104708856175,2023-05
U0089,Kiara Kulkarni,27.0,2,Ahmedabad,2024-08-05,0.29166666666666674,66.04666666666667,7,263,0.0,0.0,0.0,0.0,0.0,0.0,0.0,0.0,0.0,0.0,41.46,0.0,0.0,0.0,0.0,0.0,0.0,0.0,0.0,0.0,0.0,82.09,0.0,0.0,0.0,0.0,0.0,35.48,44.9,0.0,0.0,0.0,0.0,81.05,0.0,0.0,83.51,0.0,0.0,0.0,0.0,0.0,0.0,0.0,27.79,0.0,0.0,0.0,0.0,0.0,T000669,P034,81.05,2024-06-14,14,6,2024,0,0,0,0,0,High,0.42928213065426285,2024-06
U0089,Kiara Kulkarni,27.0,2,Ahmedabad,2024-08-05,0.29166666666666674,66.04666666666667,7,263,0.0,0.0,0.0,0.0,0.0,0.0,0.0,0.0,0.0,0.0,41.46,0.0,0.0,0.0,0.0,0.0,0.0,0.0,0.0,0.0,0.0,82.09,0.0,0.0,0.0,0.0,0.0,35.48,44.9,0.0,0.0,0.0,0.0,81.05,0.0,0.0,83.51,0.0,0.0,0.0,0.0,0.0,0.0,0.0,27.79,0.0,0.0,0.0,0.0,0.0,T000738,P037,83.51,2024-10-20,20,10,2024,0,0,0,0,0,High,0.49696616417277,2024-10
U0089,Kiara Kulkarni,27.0,2,Ahmedabad,2024-08-05,0.29166666666666674,66.04666666666667,7,263,0.0,0.0,0.0,0.0,0.0,0.0,0.0,0.0,0.0,0.0,41.46,0.0,0.0,0.0,0.0,0.0,0.0,0.0,0.0,0.0,0.0,82.09,0.0,0.0,0.0,0.0,0.0,35.48,44.9,0.0,0.0,0.0,0.0,81.05,0.0,0.0,83.51,0.0,0.0,0.0,0.0,0.0,0.0,0.0,27.79,0.0,0.0,0.0,0.0,0.0,T000842,P011,41.46,2023-07-05,5,7,2023,0,0,0,1,0,Low,-0.6599905876374802,2023-07
U0090,Sai Iyer,36.0,1,Indore,2022-01-26,0.6666666666666667,57.42999999999999,5,233,0.0,0.0,0.0,0.0,0.0,0.0,0.0,0.0,0.0,0.0,0.0,0.0,0.0,0.0,0.0,0.0,0.0,0.0,0.0,21.28,0.0,0.0,97.86,0.0,0.0,0.0,0.0,27.84,0.0,0.0,0.0,0.0,0.0,0.0,41.62,0.0,0.0,0.0,0.0,0.0,0.0,0.0,0.0,0.0,0.0,0.0,98.55,0.0,0.0,0.0,T000197,P020,21.28,2025-03-13,13,3,2025,0,0,0,0,1,Low,-1.2152197731673458,2025-03
U0090,Sai Iyer,36.0,1,Indore,2022-01-26,0.6666666666666667,57.42999999999999,5,233,0.0,0.0,0.0,0.0,0.0,0.0,0.0,0.0,0.0,0.0,0.0,0.0,0.0,0.0,0.0,0.0,0.0,0.0,0.0,21.28,0.0,0.0,97.86,0.0,0.0,0.0,0.0,27.84,0.0,0.0,0.0,0.0,0.0,0.0,41.62,0.0,0.0,0.0,0.0,0.0,0.0,0.0,0.0,0.0,0.0,0.0,98.55,0.0,0.0,0.0,T000574,P023,97.86,2023-12-20,20,12,2023,0,0,1,0,0,High,0.8917896930307267,2023-12
U0090,Sai Iyer,36.0,1,Indore,2022-01-26,0.6666666666666667,57.42999999999999,5,233,0.0,0.0,0.0,0.0,0.0,0.0,0.0,0.0,0.0,0.0,0.0,0.0,0.0,0.0,0.0,0.0,0.0,0.0,0.0,21.28,0.0,0.0,97.86,0.0,0.0,0.0,0.0,27.84,0.0,0.0,0.0,0.0,0.0,0.0,41.62,0.0,0.0,0.0,0.0,0.0,0.0,0.0,0.0,0.0,0.0,0.0,98.55,0.0,0.0,0.0,T000639,P047,98.55,2023-11-07,7,11,2023,0,1,0,0,0,High,0.9107742390176249,2023-11
U0090,Sai Iyer,36.0,1,Indore,2022-01-26,0.6666666666666667,57.42999999999999,5,233,0.0,0.0,0.0,0.0,0.0,0.0,0.0,0.0,0.0,0.0,0.0,0.0,0.0,0.0,0.0,0.0,0.0,0.0,0.0,21.28,0.0,0.0,97.86,0.0,0.0,0.0,0.0,27.84,0.0,0.0,0.0,0.0,0.0,0.0,41.62,0.0,0.0,0.0,0.0,0.0,0.0,0.0,0.0,0.0,0.0,0.0,98.55,0.0,0.0,0.0,T000643,P028,27.84,2023-10-14,14,10,2023,0,0,0,1,0,Low,-1.034729017117994,2023-10
U0090,Sai Iyer,36.0,1,Indore,2022-01-26,0.6666666666666667,57.42999999999999,5,233,0.0,0.0,0.0,0.0,0.0,0.0,0.0,0.0,0.0,0.0,0.0,0.0,0.0,0.0,0.0,0.0,0.0,0.0,0.0,21.28,0.0,0.0,97.86,0.0,0.0,0.0,0.0,27.84,0.0,0.0,0.0,0.0,0.0,0.0,41.62,0.0,0.0,0.0,0.0,0.0,0.0,0.0,0.0,0.0,0.0,0.0,98.55,0.0,0.0,0.0,T000777,P035,41.62,2023-07-27,27,7,2023,0,0,1,0,0,Low,-0.6555883740753009,2023-07
U0091,Reyansh Nair,32.0,0,Kolkata,2022-10-01,0.5,28.23,2,551,0.0,0.0,0.0,0.0,0.0,0.0,0.0,0.0,0.0,0.0,0.0,28.73,0.0,0.0,0.0,0.0,0.0,27.73,0.0,0.0,0.0,0.0,0.0,0.0,0.0,0.0,0.0,0.0,0.0,0.0,0.0,0.0,0.0,0.0,0.0,0.0,0.0,0.0,0.0,0.0,0.0,0.0,0.0,0.0,0.0,0.0,0.0,0.0,0.0,0.0,T000482,P018,27.73,2023-06-11,11,6,2023,0,0,1,0,0,Low,-1.0377555389419921,2023-06
U0091,Reyansh Nair,32.0,0,Kolkata,2022-10-01,0.5,28.23,2,551,0.0,0.0,0.0,0.0,0.0,0.0,0.0,0.0,0.0,0.0,0.0,28.73,0.0,0.0,0.0,0.0,0.0,27.73,0.0,0.0,0.0,0.0,0.0,0.0,0.0,0.0,0.0,0.0,0.0,0.0,0.0,0.0,0.0,0.0,0.0,0.0,0.0,0.0,0.0,0.0,0.0,0.0,0.0,0.0,0.0,0.0,0.0,0.0,0.0,0.0,T000746,P012,28.73,2024-04-29,29,4,2024,0,1,0,0,0,Low,-1.0102417041783713,2024-04
U0092,Reyansh Patel,39.0,0,Delhi,2024-05-29,0.7916666666666667,45.8,2,542,0.0,0.0,0.0,0.0,53.54,0.0,0.0,0.0,0.0,0.0,0.0,0.0,0.0,0.0,0.0,0.0,0.0,0.0,0.0,0.0,0.0,0.0,0.0,0.0,0.0,0.0,0.0,0.0,38.06,0.0,0.0,0.0,0.0,0.0,0.0,0.0,0.0,0.0,0.0,0.0,0.0,0.0,0.0,0.0,0.0,0.0,0.0,0.0,0.0,0.0,T000242,P005,53.54,2024-05-08,8,5,2024,0,0,0,1,0,Medium,-0.32762346369294226,2024-05
U0092,Reyansh Patel,39.0,0,Delhi,2024-05-29,0.7916666666666667,45.8,2,542,0.0,0.0,0.0,0.0,53.54,0.0,0.0,0.0,0.0,0.0,0.0,0.0,0.0,0.0,0.0,0.0,0.0,0.0,0.0,0.0,0.0,0.0,0.0,0.0,0.0,0.0,0.0,0.0,38.06,0.0,0.0,0.0,0.0,0.0,0.0,0.0,0.0,0.0,0.0,0.0,0.0,0.0,0.0,0.0,0.0,0.0,0.0,0.0,0.0,0.0,T000993,P029,38.06,2024-04-04,4,4,2024,1,0,0,0,0,Low,-0.7535376258337905,2024-04
U0093,Meera Ghosh,26.0,1,Thane,2022-12-25,0.25,39.01666666666667,3,474,0.0,0.0,0.0,0.0,0.0,0.0,0.0,0.0,0.0,0.0,0.0,0.0,0.0,0.0,0.0,0.0,0.0,0.0,0.0,0.0,0.0,0.0,0.0,0.0,0.0,0.0,0.0,0.0,0.0,0.0,0.0,0.0,34.68,0.0,0.0,56.2,0.0,0.0,0.0,0.0,0.0,0.0,0.0,0.0,0.0,26.17,0.0,0.0,0.0,0.0,T000285,P033,34.68,2023-09-06,6,9,2023,0,1,0,0,0,Low,-0.8465343873348284,2023-09
U0093,Meera Ghosh,26.0,1,Thane,2022-12-25,0.25,39.01666666666667,3,474,0.0,0.0,0.0,0.0,0.0,0.0,0.0,0.0,0.0,0.0,0.0,0.0,0.0,0.0,0.0,0.0,0.0,0.0,0.0,0.0,0.0,0.0,0.0,0.0,0.0,0.0,0.0,0.0,0.0,0.0,0.0,0.0,34.68,0.0,0.0,56.2,0.0,0.0,0.0,0.0,0.0,0.0,0.0,0.0,0.0,26.17,0.0,0.0,0.0,0.0,T000328,P036,56.2,2023-05-31,31,5,2023,0,0,0,1,0,Medium,-0.2544366632217111,2023-05
U0093,Meera Ghosh,26.0,1,Thane,2022-12-25,0.25,39.01666666666667,3,474,0.0,0.0,0.0,0.0,0.0,0.0,0.0,0.0,0.0,0.0,0.0,0.0,0.0,0.0,0.0,0.0,0.0,0.0,0.0,0.0,0.0,0.0,0.0,0.0,0.0,0.0,0.0,0.0,0.0,0.0,0.0,0.0,34.68,0.0,0.0,56.2,0.0,0.0,0.0,0.0,0.0,0.0,0.0,0.0,0.0,26.17,0.0,0.0,0.0,0.0,T000837,P046,26.17,2024-07-15,15,7,2024,0,1,0,0,0,Low,-1.0806771211732404,2024-07
U0094,Kabir Ghosh,29.0,1,Mumbai,2023-11-07,0.375,63.886,5,98,0.0,0.0,0.0,0.0,0.0,0.0,0.0,0.0,0.0,0.0,0.0,0.0,0.0,0.0,0.0,0.0,0.0,0.0,0.0,0.0,154.71,0.0,0.0,31.85,0.0,0.0,0.0,0.0,0.0,0.0,0.0,0.0,0.0,0.0,37.25,0.0,0.0,0.0,0.0,0.0,0.0,0.0,0.0,74.34,0.0,21.28,0.0,0.0,0.0,0.0,T000191,P024,31.85,2025-03-04,4,3,2025,0,0,0,1,0,Low,-0.9243985397158749,2025-03
U0094,Kabir Ghosh,29.0,1,Mumbai,2023-11-07,0.375,63.886,5,98,0.0,0.0,0.0,0.0,0.0,0.0,0.0,0.0,0.0,0.0,0.0,0.0,0.0,0.0,0.0,0.0,0.0,0.0,0.0,0.0,154.71,0.0,0.0,31.85,0.0,0.0,0.0,0.0,0.0,0.0,0.0,0.0,0.0,0.0,37.25,0.0,0.0,0.0,0.0,0.0,0.0,0.0,0.0,74.34,0.0,21.28,0.0,0.0,0.0,0.0,T000210,P044,74.34,2024-05-01,1,5,2024,0,0,0,0,1,High,0.2446642993903682,2024-05
U0094,Kabir Ghosh,29.0,1,Mumbai,2023-11-07,0.375,63.886,5,98,0.0,0.0,0.0,0.0,0.0,0.0,0.0,0.0,0.0,0.0,0.0,0.0,0.0,0.0,0.0,0.0,0.0,0.0,0.0,0.0,154.71,0.0,0.0,31.85,0.0,0.0,0.0,0.0,0.0,0.0,0.0,0.0,0.0,0.0,37.25,0.0,0.0,0.0,0.0,0.0,0.0,0.0,0.0,74.34,0.0,21.28,0.0,0.0,0.0,0.0,T000570,P021,154.71,2025-07-26,26,7,2025,0,1,0,0,0,High,2.455951199342563,2025-07
U0094,Kabir Ghosh,29.0,1,Mumbai,2023-11-07,0.375,63.886,5,98,0.0,0.0,0.0,0.0,0.0,0.0,0.0,0.0,0.0,0.0,0.0,0.0,0.0,0.0,0.0,0.0,0.0,0.0,0.0,0.0,154.71,0.0,0.0,31.85,0.0,0.0,0.0,0.0,0.0,0.0,0.0,0.0,0.0,0.0,37.25,0.0,0.0,0.0,0.0,0.0,0.0,0.0,0.0,74.34,0.0,21.28,0.0,0.0,0.0,0.0,T000653,P035,37.25,2023-12-20,20,12,2023,0,0,0,0,1,Low,-0.7758238319923233,2023-12
U0094,Kabir Ghosh,29.0,1,Mumbai,2023-11-07,0.375,63.886,5,98,0.0,0.0,0.0,0.0,0.0,0.0,0.0,0.0,0.0,0.0,0.0,0.0,0.0,0.0,0.0,0.0,0.0,0.0,0.0,0.0,154.71,0.0,0.0,31.85,0.0,0.0,0.0,0.0,0.0,0.0,0.0,0.0,0.0,0.0,37.25,0.0,0.0,0.0,0.0,0.0,0.0,0.0,0.0,74.34,0.0,21.28,0.0,0.0,0.0,0.0,T000902,P046,21.28,2023-03-18,18,3,2023,0,0,0,0,1,Low,-1.2152197731673458,2023-03
U0095,Muhammad Bose,28.0,0,Jaipur,2024-06-04,0.33333333333333326,69.50333333333333,6,223,0.0,0.0,0.0,0.0,0.0,21.28,0.0,0.0,0.0,0.0,154.71,0.0,77.82,0.0,0.0,0.0,0.0,0.0,0.0,0.0,0.0,0.0,0.0,0.0,0.0,0.0,0.0,0.0,0.0,22.68,0.0,0.0,0.0,51.2,0.0,0.0,0.0,89.33,0.0,0.0,0.0,0.0,0.0,0.0,0.0,0.0,0.0,0.0,0.0,0.0,T000257,P034,51.2,2023-06-19,19,6,2023,0,0,0,1,0,Medium,-0.39200583703981456,2023-06
U0095,Muhammad Bose,28.0,0,Jaipur,2024-06-04,0.33333333333333326,69.50333333333333,6,223,0.0,0.0,0.0,0.0,0.0,21.28,0.0,0.0,0.0,0.0,154.71,0.0,77.82,0.0,0.0,0.0,0.0,0.0,0.0,0.0,0.0,0.0,0.0,0.0,0.0,0.0,0.0,0.0,0.0,22.68,0.0,0.0,0.0,51.2,0.0,0.0,0.0,89.33,0.0,0.0,0.0,0.0,0.0,0.0,0.0,0.0,0.0,0.0,0.0,0.0,T000447,P006,21.28,2024-01-26,26,1,2024,0,0,0,0,0,Low,-1.2152197731673458,2024-01
U0095,Muhammad Bose,28.0,0,Jaipur,2024-06-04,0.33333333333333326,69.50333333333333,6,223,0.0,0.0,0.0,0.0,0.0,21.28,0.0,0.0,0.0,0.0,154.71,0.0,77.82,0.0,0.0,0.0,0.0,0.0,0.0,0.0,0.0,0.0,0.0,0.0,0.0,0.0,0.0,0.0,0.0,22.68,0.0,0.0,0.0,51.2,0.0,0.0,0.0,89.33,0.0,0.0,0.0,0.0,0.0,0.0,0.0,0.0,0.0,0.0,0.0,0.0,T000676,P011,154.71,2023-07-30,30,7,2023,0,0,0,1,0,High,2.455951199342563,2023-07
U0095,Muhammad Bose,28.0,0,Jaipur,2024-06-04,0.33333333333333326,69.50333333333333,6,223,0.0,0.0,0.0,0.0,0.0,21.28,0.0,0.0,0.0,0.0,154.71,0.0,77.82,0.0,0.0,0.0,0.0,0.0,0.0,0.0,0.0,0.0,0.0,0.0,0.0,0.0,0.0,0.0,0.0,22.68,0.0,0.0,0.0,51.2,0.0,0.0,0.0,89.33,0.0,0.0,0.0,0.0,0.0,0.0,0.0,0.0,0.0,0.0,0.0,0.0,T000689,P013,77.82,2024-09-14,14,9,2024,0,0,0,1,0,High,0.3404124443677679,2024-09
U0095,Muhammad Bose,28.0,0,Jaipur,2024-06-04,0.33333333333333326,69.50333333333333,6,223,0.0,0.0,0.0,0.0,0.0,21.28,0.0,0.0,0.0,0.0,154.71,0.0,77.82,0.0,0.0,0.0,0.0,0.0,0.0,0.0,0.0,0.0,0.0,0.0,0.0,0.0,0.0,0.0,0.0,22.68,0.0,0.0,0.0,51.2,0.0,0.0,0.0,89.33,0.0,0.0,0.0,0.0,0.0,0.0,0.0,0.0,0.0,0.0,0.0,0.0,T000691,P038,89.33,2024-02-05,5,2,2024,0,0,1,0,0,High,0.6570966824970422,2024-02
U0095,Muhammad Bose,28.0,0,Jaipur,2024-06-04,0.33333333333333326,69.50333333333333,6,223,0.0,0.0,0.0,0.0,0.0,21.28,0.0,0.0,0.0,0.0,154.71,0.0,77.82,0.0,0.0,0.0,0.0,0.0,0.0,0.0,0.0,0.0,0.0,0.0,0.0,0.0,0.0,0.0,0.0,22.68,0.0,0.0,0.0,51.2,0.0,0.0,0.0,89.33,0.0,0.0,0.0,0.0,0.0,0.0,0.0,0.0,0.0,0.0,0.0,0.0,T000838,P030,22.68,2025-03-23,23,3,2025,0,0,0,0,0,Low,-1.1767004044982767,2025-03
U0096,Aditya Khan,20.0,0,Visakhapatnam,2023-02-14,0.0,68.59833333333334,6,46,0.0,153.93,0.0,43.69,0.0,0.0,0.0,0.0,0.0,0.0,0.0,0.0,0.0,0.0,0.0,0.0,68.75,0.0,0.0,0.0,0.0,0.0,0.0,0.0,58.3,39.86,0.0,0.0,0.0,0.0,0.0,0.0,0.0,0.0,0.0,0.0,0.0,0.0,0.0,0.0,0.0,0.0,0.0,0.0,47.06,0.0,0.0,0.0,0.0,0.0,T000241,P017,68.75,2023-02-03,3,2,2023,0,0,0,0,1,Medium,0.09086196306172846,2023-02
U0096,Aditya Khan,20.0,0,Visakhapatnam,2023-02-14,0.0,68.59833333333334,6,46,0.0,153.93,0.0,43.69,0.0,0.0,0.0,0.0,0.0,0.0,0.0,0.0,0.0,0.0,0.0,0.0,68.75,0.0,0.0,0.0,0.0,0.0,0.0,0.0,58.3,39.86,0.0,0.0,0.0,0.0,0.0,0.0,0.0,0.0,0.0,0.0,0.0,0.0,0.0,0.0,0.0,0.0,0.0,0.0,47.06,0.0,0.0,0.0,0.0,0.0,T000417,P025,58.3,2025-02-12,12,2,2025,0,0,1,0,0,Medium,-0.19665761021810782,2025-02
U0096,Aditya Khan,20.0,0,Visakhapatnam,2023-02-14,0.0,68.59833333333334,6,46,0.0,153.93,0.0,43.69,0.0,0.0,0.0,0.0,0.0,0.0,0.0,0.0,0.0,0.0,0.0,0.0,68.75,0.0,0.0,0.0,0.0,0.0,0.0,0.0,58.3,39.86,0.0,0.0,0.0,0.0,0.0,0.0,0.0,0.0,0.0,0.0,0.0,0.0,0.0,0.0,0.0,0.0,0.0,0.0,47.06,0.0,0.0,0.0,0.0,0.0,T000474,P004,43.69,2025-09-16,16,9,2025,0,0,0,0,0,Medium,-0.598634736114606,2025-09
U0096,Aditya Khan,20.0,0,Visakhapatnam,2023-02-14,0.0,68.59833333333334,6,46,0.0,153.93,0.0,43.69,0.0,0.0,0.0,0.0,0.0,0.0,0.0,0.0,0.0,0.0,0.0,0.0,68.75,0.0,0.0,0.0,0.0,0.0,0.0,0.0,58.3,39.86,0.0,0.0,0.0,0.0,0.0,0.0,0.0,0.0,0.0,0.0,0.0,0.0,0.0,0.0,0.0,0.0,0.0,0.0,47.06,0.0,0.0,0.0,0.0,0.0,T000483,P026,39.86,2024-05-13,13,5,2024,0,0,1,0,0,Low,-0.7040127232592733,2024-05
U0096,Aditya Khan,20.0,0,Visakhapatnam,2023-02-14,0.0,68.59833333333334,6,46,0.0,153.93,0.0,43.69,0.0,0.0,0.0,0.0,0.0,0.0,0.0,0.0,0.0,0.0,0.0,0.0,68.75,0.0,0.0,0.0,0.0,0.0,0.0,0.0,58.3,39.86,0.0,0.0,0.0,0.0,0.0,0.0,0.0,0.0,0.0,0.0,0.0,0.0,0.0,0.0,0.0,0.0,0.0,0.0,47.06,0.0,0.0,0.0,0.0,0.0,T000578,P045,47.06,2025-03-06,6,3,2025,0,1,0,0,0,Medium,-0.5059131129612042,2025-03
U0096,Aditya Khan,20.0,0,Visakhapatnam,2023-02-14,0.0,68.59833333333334,6,46,0.0,153.93,0.0,43.69,0.0,0.0,0.0,0.0,0.0,0.0,0.0,0.0,0.0,0.0,0.0,0.0,68.75,0.0,0.0,0.0,0.0,0.0,0.0,0.0,58.3,39.86,0.0,0.0,0.0,0.0,0.0,0.0,0.0,0.0,0.0,0.0,0.0,0.0,0.0,0.0,0.0,0.0,0.0,0.0,47.06,0.0,0.0,0.0,0.0,0.0,T000825,P002,153.93,2024-09-12,12,9,2024,0,0,0,1,0,High,2.434490408226939,2024-09
U0097,Aarohi Nair,34.0,1,Hyderabad,2024-06-17,0.5833333333333333,79.60000000000001,6,54,0.0,0.0,0.0,0.0,21.28,84.39,0.0,0.0,0.0,0.0,70.48,0.0,0.0,0.0,0.0,0.0,0.0,0.0,0.0,83.55,0.0,0.0,0.0,0.0,0.0,0.0,63.19,0.0,0.0,0.0,0.0,0.0,0.0,0.0,0.0,0.0,0.0,0.0,0.0,0.0,154.71,0.0,0.0,0.0,0.0,0.0,0.0,0.0,0.0,0.0,T000142,P027,63.19,2024-11-29,29,11,2024,0,0,1,0,0,Medium,-0.06211495822400264,2024-11
U0097,Aarohi Nair,34.0,1,Hyderabad,2024-06-17,0.5833333333333333,79.60000000000001,6,54,0.0,0.0,0.0,0.0,21.28,84.39,0.0,0.0,0.0,0.0,70.48,0.0,0.0,0.0,0.0,0.0,0.0,0.0,0.0,83.55,0.0,0.0,0.0,0.0,0.0,0.0,63.19,0.0,0.0,0.0,0.0,0.0,0.0,0.0,0.0,0.0,0.0,0.0,0.0,0.0,154.71,0.0,0.0,0.0,0.0,0.0,0.0,0.0,0.0,0.0,T000418,P006,84.39,2023-09-30,30,9,2023,0,0,0,0,1,High,0.521178338764756,2023-09
U0097,Aarohi Nair,34.0,1,Hyderabad,2024-06-17,0.5833333333333333,79.60000000000001,6,54,0.0,0.0,0.0,0.0,21.28,84.39,0.0,0.0,0.0,0.0,70.48,0.0,0.0,0.0,0.0,0.0,0.0,0.0,0.0,83.55,0.0,0.0,0.0,0.0,0.0,0.0,63.19,0.0,0.0,0.0,0.0,0.0,0.0,0.0,0.0,0.0,0.0,0.0,0.0,0.0,154.71,0.0,0.0,0.0,0.0,0.0,0.0,0.0,0.0,0.0,T000541,P005,21.28,2025-09-08,8,9,2025,0,0,1,0,0,Low,-1.2152197731673458,2025-09
U0097,Aarohi Nair,34.0,1,Hyderabad,2024-06-17,0.5833333333333333,79.60000000000001,6,54,0.0,0.0,0.0,0.0,21.28,84.39,0.0,0.0,0.0,0.0,70.48,0.0,0.0,0.0,0.0,0.0,0.0,0.0,0.0,83.55,0.0,0.0,0.0,0.0,0.0,0.0,63.19,0.0,0.0,0.0,0.0,0.0,0.0,0.0,0.0,0.0,0.0,0.0,0.0,0.0,154.71,0.0,0.0,0.0,0.0,0.0,0.0,0.0,0.0,0.0,T000764,P020,83.55,2024-08-26,26,8,2024,0,0,0,0,1,High,0.4980667175633146,2024-08
U0097,Aarohi Nair,34.0,1,Hyderabad,2024-06-17,0.5833333333333333,79.60000000000001,6,54,0.0,0.0,0.0,0.0,21.28,84.39,0.0,0.0,0.0,0.0,70.48,0.0,0.0,0.0,0.0,0.0,0.0,0.0,0.0,83.55,0.0,0.0,0.0,0.0,0.0,0.0,63.19,0.0,0.0,0.0,0.0,0.0,0.0,0.0,0.0,0.0,0.0,0.0,0.0,0.0,154.71,0.0,0.0,0.0,0.0,0.0,0.0,0.0,0.0,0.0,T000782,P011,70.48,2023-06-03,3,6,2023,0,0,0,0,1,Medium,0.13846089720279237,2023-06
U0097,Aarohi Nair,34.0,1,Hyderabad,2024-06-17,0.5833333333333333,79.60000000000001,6,54,0.0,0.0,0.0,0.0,21.28,84.39,0.0,0.0,0.0,0.0,70.48,0.0,0.0,0.0,0.0,0.0,0.0,0.0,0.0,83.55,0.0,0.0,0.0,0.0,0.0,0.0,63.19,0.0,0.0,0.0,0.0,0.0,0.0,0.0,0.0,0.0,0.0,0.0,0.0,0.0,154.71,0.0,0.0,0.0,0.0,0.0,0.0,0.0,0.0,0.0,T000903,P041,154.71,2023-04-10,10,4,2023,0,0,0,1,0,High,2.455951199342563,2023-04
U0098,Ishaan Iyer,34.0,2,Jaipur,2022-02-09,0.5833333333333333,66.34666666666668,3,432,0.0,0.0,0.0,0.0,0.0,0.0,0.0,0.0,0.0,0.0,0.0,0.0,0.0,0.0,0.0,0.0,0.0,0.0,0.0,0.0,0.0,0.0,0.0,0.0,0.0,0.0,0.0,0.0,0.0,0.0,0.0,0.0,0.0,0.0,54.0,0.0,0.0,0.0,82.2,0.0,0.0,0.0,0.0,0.0,0.0,0.0,0.0,0.0,0.0,62.84,T000117,P039,82.2,2024-08-26,26,8,2024,0,0,0,0,0,High,0.46092304063242684,2024-08
U0098,Ishaan Iyer,34.0,2,Jaipur,2022-02-09,0.5833333333333333,66.34666666666668,3,432,0.0,0.0,0.0,0.0,0.0,0.0,0.0,0.0,0.0,0.0,0.0,0.0,0.0,0.0,0.0,0.0,0.0,0.0,0.0,0.0,0.0,0.0,0.0,0.0,0.0,0.0,0.0,0.0,0.0,0.0,0.0,0.0,0.0,0.0,54.0,0.0,0.0,0.0,82.2,0.0,0.0,0.0,0.0,0.0,0.0,0.0,0.0,0.0,0.0,62.84,T000157,P035,54.0,2024-04-16,16,4,2024,0,0,0,0,1,Medium,-0.31496709970167674,2024-04
U0098,Ishaan Iyer,34.0,2,Jaipur,2022-02-09,0.5833333333333333,66.34666666666668,3,432,0.0,0.0,0.0,0.0,0.0,0.0,0.0,0.0,0.0,0.0,0.0,0.0,0.0,0.0,0.0,0.0,0.0,0.0,0.0,0.0,0.0,0.0,0.0,0.0,0.0,0.0,0.0,0.0,0.0,0.0,0.0,0.0,0.0,0.0,54.0,0.0,0.0,0.0,82.2,0.0,0.0,0.0,0.0,0.0,0.0,0.0,0.0,0.0,0.0,62.84,T000636,P050,62.84,2023-10-20,20,10,2023,0,1,0,0,0,Medium,-0.07174480039126972,2023-10
U0099,Vihaan Kulkarni,32.0,0,Kanpur,2024-01-17,0.5,70.554,5,67,105.85,0.0,0.0,0.0,0.0,0.0,0.0,0.0,0.0,0.0,0.0,0.0,0.0,0.0,0.0,0.0,0.0,0.0,0.0,0.0,0.0,0.0,0.0,0.0,0.0,0.0,0.0,0.0,0.0,0.0,0.0,0.0,63.81,0.0,0.0,0.0,46.29,0.0,0.0,0.0,0.0,70.42,0.0,0.0,0.0,0.0,0.0,0.0,66.4,0.0,T000271,P037,46.29,2023-11-11,11,11,2023,1,0,0,0,0,Medium,-0.5270987657291922,2023-11
U0099,Vihaan Kulkarni,32.0,0,Kanpur,2024-01-17,0.5,70.554,5,67,105.85,0.0,0.0,0.0,0.0,0.0,0.0,0.0,0.0,0.0,0.0,0.0,0.0,0.0,0.0,0.0,0.0,0.0,0.0,0.0,0.0,0.0,0.0,0.0,0.0,0.0,0.0,0.0,0.0,0.0,0.0,0.0,63.81,0.0,0.0,0.0,46.29,0.0,0.0,0.0,0.0,70.42,0.0,0.0,0.0,0.0,0.0,0.0,66.4,0.0,T000329,P033,63.81,2024-07-26,26,7,2024,0,0,1,0,0,Medium,-0.045056380670557686,2024-07
U0099,Vihaan Kulkarni,32.0,0,Kanpur,2024-01-17,0.5,70.554,5,67,105.85,0.0,0.0,0.0,0.0,0.0,0.0,0.0,0.0,0.0,0.0,0.0,0.0,0.0,0.0,0.0,0.0,0.0,0.0,0.0,0.0,0.0,0.0,0.0,0.0,0.0,0.0,0.0,0.0,0.0,0.0,0.0,63.81,0.0,0.0,0.0,46.29,0.0,0.0,0.0,0.0,70.42,0.0,0.0,0.0,0.0,0.0,0.0,66.4,0.0,T000497,P049,66.4,2023-10-14,14,10,2023,0,0,0,0,1,Medium,0.026204451367219994,2023-10
U0099,Vihaan Kulkarni,32.0,0,Kanpur,2024-01-17,0.5,70.554,5,67,105.85,0.0,0.0,0.0,0.0,0.0,0.0,0.0,0.0,0.0,0.0,0.0,0.0,0.0,0.0,0.0,0.0,0.0,0.0,0.0,0.0,0.0,0.0,0.0,0.0,0.0,0.0,0.0,0.0,0.0,0.0,0.0,63.81,0.0,0.0,0.0,46.29,0.0,0.0,0.0,0.0,70.42,0.0,0.0,0.0,0.0,0.0,0.0,66.4,0.0,T000516,P001,105.85,2025-04-27,27,4,2025,0,0,0,1,0,High,1.111625232792056,2025-04
U0099,Vihaan Kulkarni,32.0,0,Kanpur,2024-01-17,0.5,70.554,5,67,105.85,0.0,0.0,0.0,0.0,0.0,0.0,0.0,0.0,0.0,0.0,0.0,0.0,0.0,0.0,0.0,0.0,0.0,0.0,0.0,0.0,0.0,0.0,0.0,0.0,0.0,0.0,0.0,0.0,0.0,0.0,0.0,63.81,0.0,0.0,0.0,46.29,0.0,0.0,0.0,0.0,70.42,0.0,0.0,0.0,0.0,0.0,0.0,66.4,0.0,T000820,P042,70.42,2025-08-26,26,8,2025,0,0,1,0,0,Medium,0.13681006711697505,2025-08
U0100,Anaya Mukherjee,30.0,2,Visakhapatnam,2022-04-29,0.41666666666666674,75.98714285714287,8,63,0.0,0.0,0.0,0.0,0.0,0.0,0.0,0.0,0.0,0.0,0.0,0.0,0.0,0.0,0.0,47.11,0.0,63.2,0.0,0.0,0.0,0.0,0.0,0.0,0.0,0.0,53.96,0.0,0.0,64.62,52.81,0.0,0.0,37.03,0.0,154.71,0.0,0.0,0.0,0.0,0.0,0.0,0.0,0.0,0.0,0.0,0.0,0.0,0.0,58.47,T000089,P030,64.62,2025-05-08,8,5,2025,0,0,0,1,0,Medium,-0.022770174512024868,2025-05
U0100,Anaya Mukherjee,30.0,2,Visakhapatnam,2022-04-29,0.41666666666666674,75.98714285714287,8,63,0.0,0.0,0.0,0.0,0.0,0.0,0.0,0.0,0.0,0.0,0.0,0.0,0.0,0.0,0.0,47.11,0.0,63.2,0.0,0.0,0.0,0.0,0.0,0.0,0.0,0.0,53.96,0.0,0.0,64.62,52.81,0.0,0.0,37.03,0.0,154.71,0.0,0.0,0.0,0.0,0.0,0.0,0.0,0.0,0.0,0.0,0.0,0.0,0.0,58.47,T000240,P031,52.81,2025-03-03,3,3,2025,1,0,0,0,0,Medium,-0.3477085630703853,2025-03
U0100,Anaya Mukherjee,30.0,2,Visakhapatnam,2022-04-29,0.41666666666666674,75.98714285714287,8,63,0.0,0.0,0.0,0.0,0.0,0.0,0.0,0.0,0.0,0.0,0.0,0.0,0.0,0.0,0.0,47.11,0.0,63.2,0.0,0.0,0.0,0.0,0.0,0.0,0.0,0.0,53.96,0.0,0.0,64.62,52.81,0.0,0.0,37.03,0.0,154.71,0.0,0.0,0.0,0.0,0.0,0.0,0.0,0.0,0.0,0.0,0.0,0.0,0.0,58.47,T000445,P016,47.11,2024-02-21,21,2,2024,0,0,0,1,0,Medium,-0.5045374212230233,2024-02
U0100,Anaya Mukherjee,30.0,2,Visakhapatnam,2022-04-29,0.41666666666666674,75.98714285714287,8,63,0.0,0.0,0.0,0.0,0.0,0.0,0.0,0.0,0.0,0.0,0.0,0.0,0.0,0.0,0.0,47.11,0.0,63.2,0.0,0.0,0.0,0.0,0.0,0.0,0.0,0.0,53.96,0.0,0.0,64.62,52.81,0.0,0.0,37.03,0.0,154.71,0.0,0.0,0.0,0.0,0.0,0.0,0.0,0.0,0.0,0.0,0.0,0.0,0.0,58.47,T000517,P050,58.47,2024-05-12,12,5,2024,1,0,0,0,0,Medium,-0.19198025830829227,2024-05
U0100,Anaya Mukherjee,30.0,2,Visakhapatnam,2022-04-29,0.41666666666666674,75.98714285714287,8,63,0.0,0.0,0.0,0.0,0.0,0.0,0.0,0.0,0.0,0.0,0.0,0.0,0.0,0.0,0.0,47.11,0.0,63.2,0.0,0.0,0.0,0.0,0.0,0.0,0.0,0.0,53.96,0.0,0.0,64.62,52.81,0.0,0.0,37.03,0.0,154.71,0.0,0.0,0.0,0.0,0.0,0.0,0.0,0.0,0.0,0.0,0.0,0.0,0.0,58.47,T000739,P018,63.2,2023-02-23,23,2,2023,0,1,0,0,0,Medium,-0.061839819876366296,2023-02
U0100,Anaya Mukherjee,30.0,2,Visakhapatnam,2022-04-29,0.41666666666666674,75.98714285714287,8,63,0.0,0.0,0.0,0.0,0.0,0.0,0.0,0.0,0.0,0.0,0.0,0.0,0.0,0.0,0.0,47.11,0.0,63.2,0.0,0.0,0.0,0.0,0.0,0.0,0.0,0.0,53.96,0.0,0.0,64.62,52.81,0.0,0.0,37.03,0.0,154.71,0.0,0.0,0.0,0.0,0.0,0.0,0.0,0.0,0.0,0.0,0.0,0.0,0.0,58.47,T000804,P034,37.03,2025-08-30,30,8,2025,0,0,1,0,0,Low,-0.7818768756403198,2025-08
U0100,Anaya Mukherjee,30.0,2,Visakhapatnam,2022-04-29,0.41666666666666674,75.98714285714287,8,63,0.0,0.0,0.0,0.0,0.0,0.0,0.0,0.0,0.0,0.0,0.0,0.0,0.0,0.0,0.0,47.11,0.0,63.2,0.0,0.0,0.0,0.0,0.0,0.0,0.0,0.0,53.96,0.0,0.0,64.62,52.81,0.0,0.0,37.03,0.0,154.71,0.0,0.0,0.0,0.0,0.0,0.0,0.0,0.0,0.0,0.0,0.0,0.0,0.0,58.47,T000813,P036,154.71,2024-10-29,29,10,2024,0,0,1,0,0,High,2.455951199342563,2024-10
U0100,Anaya Mukherjee,30.0,2,Visakhapatnam,2022-04-29,0.41666666666666674,75.98714285714287,8,63,0.0,0.0,0.0,0.0,0.0,0.0,0.0,0.0,0.0,0.0,0.0,0.0,0.0,0.0,0.0,47.11,0.0,63.2,0.0,0.0,0.0,0.0,0.0,0.0,0.0,0.0,53.96,0.0,0.0,64.62,52.81,0.0,0.0,37.03,0.0,154.71,0.0,0.0,0.0,0.0,0.0,0.0,0.0,0.0,0.0,0.0,0.0,0.0,0.0,58.47,T000997,P027,53.96,2024-10-02,2,10,2024,0,0,0,0,1,Medium,-0.3160676530922215,2024-10
U0101,Aadhya Chopra,20.0,1,Jaipur,2022-02-15,0.0,32.67,2,423,0.0,0.0,0.0,0.0,0.0,0.0,0.0,0.0,0.0,0.0,0.0,0.0,0.0,0.0,0.0,0.0,0.0,0.0,0.0,0.0,0.0,0.0,0.0,0.0,0.0,0.0,0.0,0.0,0.0,0.0,0.0,0.0,0.0,0.0,0.0,0.0,0.0,21.99,0.0,43.35,0.0,0.0,0.0,0.0,0.0,0.0,0.0,0.0,0.0,0.0,T000338,P040,43.35,2024-09-04,4,9,2024,0,0,0,0,1,Medium,-0.607989439934237,2024-09
U0101,Aadhya Chopra,20.0,1,Jaipur,2022-02-15,0.0,32.67,2,423,0.0,0.0,0.0,0.0,0.0,0.0,0.0,0.0,0.0,0.0,0.0,0.0,0.0,0.0,0.0,0.0,0.0,0.0,0.0,0.0,0.0,0.0,0.0,0.0,0.0,0.0,0.0,0.0,0.0,0.0,0.0,0.0,0.0,0.0,0.0,0.0,0.0,21.99,0.0,43.35,0.0,0.0,0.0,0.0,0.0,0.0,0.0,0.0,0.0,0.0,T000662,P038,21.99,2023-05-16,16,5,2023,0,0,0,0,1,Low,-1.1956849504851752,2023-05
U0102,Kiara Sharma,28.0,2,Vadodara,2023-12-05,0.33333333333333326,90.41666666666667,7,257,0.0,108.81,0.0,0.0,0.0,0.0,0.0,0.0,0.0,0.0,0.0,0.0,0.0,0.0,0.0,28.11,52.81,0.0,0.0,62.46,0.0,48.89,154.71,0.0,0.0,0.0,0.0,0.0,0.0,0.0,0.0,86.71,0.0,0.0,0.0,0.0,0.0,0.0,0.0,0.0,0.0,0.0,0.0,0.0,0.0,0.0,0.0,0.0,0.0,0.0,T000167,P020,62.46,2024-11-26,26,11,2024,0,0,0,0,1,Medium,-0.08220005760144566,2024-11
U0102,Kiara Sharma,28.0,2,Vadodara,2023-12-05,0.33333333333333326,90.41666666666667,7,257,0.0,108.81,0.0,0.0,0.0,0.0,0.0,0.0,0.0,0.0,0.0,0.0,0.0,0.0,0.0,28.11,52.81,0.0,0.0,62.46,0.0,48.89,154.71,0.0,0.0,0.0,0.0,0.0,0.0,0.0,0.0,86.71,0.0,0.0,0.0,0.0,0.0,0.0,0.0,0.0,0.0,0.0,0.0,0.0,0.0,0.0,0.0,0.0,0.0,0.0,T000362,P023,154.71,2024-08-17,17,8,2024,0,1,0,0,0,High,2.455951199342563,2024-08
U0102,Kiara Sharma,28.0,2,Vadodara,2023-12-05,0.33333333333333326,90.41666666666667,7,257,0.0,108.81,0.0,0.0,0.0,0.0,0.0,0.0,0.0,0.0,0.0,0.0,0.0,0.0,0.0,28.11,52.81,0.0,0.0,62.46,0.0,48.89,154.71,0.0,0.0,0.0,0.0,0.0,0.0,0.0,0.0,86.71,0.0,0.0,0.0,0.0,0.0,0.0,0.0,0.0,0.0,0.0,0.0,0.0,0.0,0.0,0.0,0.0,0.0,0.0,T000378,P032,86.71,2024-08-15,15,8,2024,0,1,0,0,0,High,0.5850104354163559,2024-08
U0102,Kiara Sharma,28.0,2,Vadodara,2023-12-05,0.33333333333333326,90.41666666666667,7,257,0.0,108.81,0.0,0.0,0.0,0.0,0.0,0.0,0.0,0.0,0.0,0.0,0.0,0.0,0.0,28.11,52.81,0.0,0.0,62.46,0.0,48.89,154.71,0.0,0.0,0.0,0.0,0.0,0.0,0.0,0.0,86.71,0.0,0.0,0.0,0.0,0.0,0.0,0.0,0.0,0.0,0.0,0.0,0.0,0.0,0.0,0.0,0.0,0.0,0.0,T000412,P017,52.81,2024-03-22,22,3,2024,1,0,0,0,0,Medium,-0.3477085630703853,2024-03
U0102,Kiara Sharma,28.0,2,Vadodara,2023-12-05,0.33333333333333326,90.41666666666667,7,257,0.0,108.81,0.0,0.0,0.0,0.0,0.0,0.0,0.0,0.0,0.0,0.0,0.0,0.0,0.0,28.11,52.81,0.0,0.0,62.46,0.0,48.89,154.71,0.0,0.0,0.0,0.0,0.0,0.0,0.0,0.0,86.71,0.0,0.0,0.0,0.0,0.0,0.0,0.0,0.0,0.0,0.0,0.0,0.0,0.0,0.0,0.0,0.0,0.0,0.0,T000454,P016,28.11,2024-10-20,20,10,2024,0,0,0,0,0,Low,-1.0273002817318164,2024-10
U0102,Kiara Sharma,28.0,2,Vadodara,2023-12-05,0.33333333333333326,90.41666666666667,7,257,0.0,108.81,0.0,0.0,0.0,0.0,0.0,0.0,0.0,0.0,0.0,0.0,0.0,0.0,0.0,28.11,52.81,0.0,0.0,62.46,0.0,48.89,154.71,0.0,0.0,0.0,0.0,0.0,0.0,0.0,0.0,86.71,0.0,0.0,0.0,0.0,0.0,0.0,0.0,0.0,0.0,0.0,0.0,0.0,0.0,0.0,0.0,0.0,0.0,0.0,T000526,P022,48.89,2025-02-17,17,2,2025,0,0,0,0,0,Medium,-0.4555627953437784,2025-02
U0102,Kiara Sharma,28.0,2,Vadodara,2023-12-05,0.33333333333333326,90.41666666666667,7,257,0.0,108.81,0.0,0.0,0.0,0.0,0.0,0.0,0.0,0.0,0.0,0.0,0.0,0.0,0.0,28.11,52.81,0.0,0.0,62.46,0.0,48.89,154.71,0.0,0.0,0.0,0.0,0.0,0.0,0.0,0.0,86.71,0.0,0.0,0.0,0.0,0.0,0.0,0.0,0.0,0.0,0.0,0.0,0.0,0.0,0.0,0.0,0.0,0.0,0.0,T000565,P002,108.81,2024-02-09,9,2,2024,0,0,0,0,1,High,1.1930661836923733,2024-02
U0103,Muhammad Mehta,29.0,0,Bengaluru,2024-08-29,0.375,36.692499999999995,4,244,0.0,0.0,0.0,21.28,0.0,0.0,0.0,0.0,52.98,0.0,0.0,0.0,0.0,0.0,0.0,0.0,0.0,0.0,0.0,0.0,0.0,0.0,0.0,0.0,0.0,0.0,0.0,0.0,0.0,0.0,0.0,0.0,0.0,0.0,0.0,0.0,0.0,0.0,0.0,0.0,0.0,0.0,32.79,0.0,0.0,0.0,0.0,39.72,0.0,0.0,T000255,P048,39.72,2025-03-02,2,3,2025,0,0,1,0,0,Low,-0.7078646601261802,2025-03
U0103,Muhammad Mehta,29.0,0,Bengaluru,2024-08-29,0.375,36.692499999999995,4,244,0.0,0.0,0.0,21.28,0.0,0.0,0.0,0.0,52.98,0.0,0.0,0.0,0.0,0.0,0.0,0.0,0.0,0.0,0.0,0.0,0.0,0.0,0.0,0.0,0.0,0.0,0.0,0.0,0.0,0.0,0.0,0.0,0.0,0.0,0.0,0.0,0.0,0.0,0.0,0.0,0.0,0.0,32.79,0.0,0.0,0.0,0.0,39.72,0.0,0.0,T000312,P009,52.98,2023-08-06,6,8,2023,0,0,0,1,0,Medium,-0.3430312111605699,2023-08
U0103,Muhammad Mehta,29.0,0,Bengaluru,2024-08-29,0.375,36.692499999999995,4,244,0.0,0.0,0.0,21.28,0.0,0.0,0.0,0.0,52.98,0.0,0.0,0.0,0.0,0.0,0.0,0.0,0.0,0.0,0.0,0.0,0.0,0.0,0.0,0.0,0.0,0.0,0.0,0.0,0.0,0.0,0.0,0.0,0.0,0.0,0.0,0.0,0.0,0.0,0.0,0.0,0.0,0.0,32.79,0.0,0.0,0.0,0.0,39.72,0.0,0.0,T000327,P004,21.28,2024-02-03,3,2,2024,0,0,0,0,0,Low,-1.2152197731673458,2024-02
U0103,Muhammad Mehta,29.0,0,Bengaluru,2024-08-29,0.375,36.692499999999995,4,244,0.0,0.0,0.0,21.28,0.0,0.0,0.0,0.0,52.98,0.0,0.0,0.0,0.0,0.0,0.0,0.0,0.0,0.0,0.0,0.0,0.0,0.0,0.0,0.0,0.0,0.0,0.0,0.0,0.0,0.0,0.0,0.0,0.0,0.0,0.0,0.0,0.0,0.0,0.0,0.0,0.0,0.0,32.79,0.0,0.0,0.0,0.0,39.72,0.0,0.0,T000388,P043,32.79,2024-01-14,14,1,2024,1,0,0,0,0,Low,-0.8985355350380716,2024-01
U0104,Anaya Kulkarni,25.0,0,Hyderabad,2024-01-08,0.20833333333333326,79.22,4,61,0.0,94.61,0.0,0.0,0.0,0.0,0.0,0.0,0.0,0.0,0.0,0.0,0.0,0.0,0.0,0.0,0.0,0.0,0.0,0.0,0.0,0.0,0.0,0.0,83.75,0.0,37.21,101.31,0.0,0.0,0.0,0.0,0.0,0.0,0.0,0.0,0.0,0.0,0.0,0.0,0.0,0.0,0.0,0.0,0.0,0.0,0.0,0.0,0.0,0.0,T000486,P025,83.75,2025-09-01,1,9,2025,0,0,1,0,0,High,0.5035694845160388,2025-09
U0104,Anaya Kulkarni,25.0,0,Hyderabad,2024-01-08,0.20833333333333326,79.22,4,61,0.0,94.61,0.0,0.0,0.0,0.0,0.0,0.0,0.0,0.0,0.0,0.0,0.0,0.0,0.0,0.0,0.0,0.0,0.0,0.0,0.0,0.0,0.0,0.0,83.75,0.0,37.21,101.31,0.0,0.0,0.0,0.0,0.0,0.0,0.0,0.0,0.0,0.0,0.0,0.0,0.0,0.0,0.0,0.0,0.0,0.0,0.0,0.0,0.0,0.0,T000887,P028,101.31,2025-02-24,24,2,2025,0,0,1,0,0,High,0.9867124229652182,2025-02
U0104,Anaya Kulkarni,25.0,0,Hyderabad,2024-01-08,0.20833333333333326,79.22,4,61,0.0,94.61,0.0,0.0,0.0,0.0,0.0,0.0,0.0,0.0,0.0,0.0,0.0,0.0,0.0,0.0,0.0,0.0,0.0,0.0,0.0,0.0,0.0,0.0,83.75,0.0,37.21,101.31,0.0,0.0,0.0,0.0,0.0,0.0,0.0,0.0,0.0,0.0,0.0,0.0,0.0,0.0,0.0,0.0,0.0,0.0,0.0,0.0,0.0,0.0,T000899,P002,94.61,2024-04-04,4,4,2024,0,1,0,0,0,High,0.8023697300489595,2024-04
U0104,Anaya Kulkarni,25.0,0,Hyderabad,2024-01-08,0.20833333333333326,79.22,4,61,0.0,94.61,0.0,0.0,0.0,0.0,0.0,0.0,0.0,0.0,0.0,0.0,0.0,0.0,0.0,0.0,0.0,0.0,0.0,0.0,0.0,0.0,0.0,0.0,83.75,0.0,37.21,101.31,0.0,0.0,0.0,0.0,0.0,0.0,0.0,0.0,0.0,0.0,0.0,0.0,0.0,0.0,0.0,0.0,0.0,0.0,0.0,0.0,0.0,0.0,T000953,P027,37.21,2023-01-01,1,1,2023,1,0,0,0,0,Low,-0.7769243853828681,2023-01
U0105,Kabir Amin,30.0,0,Indore,2022-12-01,0.41666666666666674,98.976,6,175,0.0,0.0,0.0,0.0,0.0,0.0,0.0,0.0,0.0,25.1,0.0,59.0,0.0,0.0,0.0,0.0,0.0,0.0,0.0,0.0,0.0,0.0,0.0,0.0,0.0,0.0,0.0,0.0,0.0,0.0,0.0,0.0,0.0,0.0,0.0,0.0,0.0,0.0,0.0,0.0,0.0,0.0,0.0,202.88,134.56,0.0,0.0,0.0,0.0,73.34,T000192,P050,73.34,2023-04-18,18,4,2023,0,0,0,1,0,High,0.21715046462674753,2023-04
U0105,Kabir Amin,30.0,0,Indore,2022-12-01,0.41666666666666674,98.976,6,175,0.0,0.0,0.0,0.0,0.0,0.0,0.0,0.0,0.0,25.1,0.0,59.0,0.0,0.0,0.0,0.0,0.0,0.0,0.0,0.0,0.0,0.0,0.0,0.0,0.0,0.0,0.0,0.0,0.0,0.0,0.0,0.0,0.0,0.0,0.0,0.0,0.0,0.0,0.0,0.0,0.0,0.0,0.0,202.88,134.56,0.0,0.0,0.0,0.0,73.34,T000416,P012,59.0,2025-05-10,10,5,2025,0,1,0,0,0,Medium,-0.17739792588357328,2025-05
U0105,Kabir Amin,30.0,0,Indore,2022-12-01,0.41666666666666674,98.976,6,175,0.0,0.0,0.0,0.0,0.0,0.0,0.0,0.0,0.0,25.1,0.0,59.0,0.0,0.0,0.0,0.0,0.0,0.0,0.0,0.0,0.0,0.0,0.0,0.0,0.0,0.0,0.0,0.0,0.0,0.0,0.0,0.0,0.0,0.0,0.0,0.0,0.0,0.0,0.0,0.0,0.0,0.0,0.0,202.88,134.56,0.0,0.0,0.0,0.0,73.34,T000440,P010,25.1,2025-02-09,9,2,2025,0,0,0,1,0,Low,-1.1101169243703146,2025-02
U0105,Kabir Amin,30.0,0,Indore,2022-12-01,0.41666666666666674,98.976,6,175,0.0,0.0,0.0,0.0,0.0,0.0,0.0,0.0,0.0,25.1,0.0,59.0,0.0,0.0,0.0,0.0,0.0,0.0,0.0,0.0,0.0,0.0,0.0,0.0,0.0,0.0,0.0,0.0,0.0,0.0,0.0,0.0,0.0,0.0,0.0,0.0,0.0,0.0,0.0,0.0,0.0,0.0,0.0,202.88,134.56,0.0,0.0,0.0,0.0,73.34,T000538,P044,98.46,2023-10-13,13,10,2023,0,0,1,0,0,High,0.908297993888899,2023-10
U0105,Kabir Amin,30.0,0,Indore,2022-12-01,0.41666666666666674,98.976,6,175,0.0,0.0,0.0,0.0,0.0,0.0,0.0,0.0,0.0,25.1,0.0,59.0,0.0,0.0,0.0,0.0,0.0,0.0,0.0,0.0,0.0,0.0,0.0,0.0,0.0,0.0,0.0,0.0,0.0,0.0,0.0,0.0,0.0,0.0,0.0,0.0,0.0,0.0,0.0,0.0,0.0,0.0,0.0,202.88,134.56,0.0,0.0,0.0,0.0,73.34,T000586,P044,104.42,2025-05-01,1,5,2025,0,0,1,0,0,High,1.0722804490800786,2025-05
U0105,Kabir Amin,30.0,0,Indore,2022-12-01,0.41666666666666674,98.976,6,175,0.0,0.0,0.0,0.0,0.0,0.0,0.0,0.0,0.0,25.1,0.0,59.0,0.0,0.0,0.0,0.0,0.0,0.0,0.0,0.0,0.0,0.0,0.0,0.0,0.0,0.0,0.0,0.0,0.0,0.0,0.0,0.0,0.0,0.0,0.0,0.0,0.0,0.0,0.0,0.0,0.0,0.0,0.0,202.88,134.56,0.0,0.0,0.0,0.0,73.34,T000787,P045,134.56,2024-06-27,27,6,2024,0,0,0,0,0,High,1.9015474288556062,2024-06
U0106,Aadhya Singh,35.0,2,Ahmedabad,2022-07-16,0.625,50.555,5,68,0.0,0.0,0.0,42.23,0.0,0.0,0.0,0.0,0.0,0.0,0.0,0.0,0.0,0.0,0.0,0.0,0.0,0.0,0.0,29.75,0.0,44.22,0.0,0.0,0.0,0.0,0.0,0.0,0.0,0.0,0.0,0.0,38.0,0.0,0.0,0.0,0.0,0.0,0.0,48.02,0.0,0.0,0.0,0.0,0.0,0.0,0.0,0.0,0.0,0.0,T000350,P033,38.0,2025-08-23,23,8,2025,0,0,0,0,0,Low,-0.7551884559196077,2025-08
U0106,Aadhya Singh,35.0,2,Ahmedabad,2022-07-16,0.625,50.555,5,68,0.0,0.0,0.0,42.23,0.0,0.0,0.0,0.0,0.0,0.0,0.0,0.0,0.0,0.0,0.0,0.0,0.0,0.0,0.0,29.75,0.0,44.22,0.0,0.0,0.0,0.0,0.0,0.0,0.0,0.0,0.0,0.0,38.0,0.0,0.0,0.0,0.0,0.0,0.0,48.02,0.0,0.0,0.0,0.0,0.0,0.0,0.0,0.0,0.0,0.0,T000370,P022,44.22,2025-08-25,25,8,2025,0,0,0,0,1,Medium,-0.5840524036898871,2025-08
U0106,Aadhya Singh,35.0,2,Ahmedabad,2022-07-16,0.625,50.555,5,68,0.0,0.0,0.0,42.23,0.0,0.0,0.0,0.0,0.0,0.0,0.0,0.0,0.0,0.0,0.0,0.0,0.0,0.0,0.0,29.75,0.0,44.22,0.0,0.0,0.0,0.0,0.0,0.0,0.0,0.0,0.0,0.0,38.0,0.0,0.0,0.0,0.0,0.0,0.0,48.02,0.0,0.0,0.0,0.0,0.0,0.0,0.0,0.0,0.0,0.0,T000435,P020,29.75,2023-05-05,5,5,2023,0,0,0,1,0,Low,-0.9821775927194785,2023-05
U0106,Aadhya Singh,35.0,2,Ahmedabad,2022-07-16,0.625,50.555,5,68,0.0,0.0,0.0,42.23,0.0,0.0,0.0,0.0,0.0,0.0,0.0,0.0,0.0,0.0,0.0,0.0,0.0,0.0,0.0,29.75,0.0,44.22,0.0,0.0,0.0,0.0,0.0,0.0,0.0,0.0,0.0,0.0,38.0,0.0,0.0,0.0,0.0,0.0,0.0,48.02,0.0,0.0,0.0,0.0,0.0,0.0,0.0,0.0,0.0,0.0,T000640,P040,48.02,2025-06-25,25,6,2025,0,0,0,0,1,Medium,-0.47949983158812837,2025-06
U0106,Aadhya Singh,35.0,2,Ahmedabad,2022-07-16,0.625,50.555,5,68,0.0,0.0,0.0,42.23,0.0,0.0,0.0,0.0,0.0,0.0,0.0,0.0,0.0,0.0,0.0,0.0,0.0,0.0,0.0,29.75,0.0,44.22,0.0,0.0,0.0,0.0,0.0,0.0,0.0,0.0,0.0,0.0,38.0,0.0,0.0,0.0,0.0,0.0,0.0,48.02,0.0,0.0,0.0,0.0,0.0,0.0,0.0,0.0,0.0,0.0,T000878,P004,42.23,2023-10-09,9,10,2023,0,1,0,0,0,Low,-0.6388049348694923,2023-10
U0107,Kiara Bose,44.0,2,Pune,2023-09-23,1.0,43.097142857142856,7,33,0.0,0.0,0.0,0.0,0.0,0.0,0.0,0.0,0.0,0.0,0.0,0.0,0.0,0.0,0.0,0.0,0.0,23.47,0.0,0.0,0.0,0.0,0.0,0.0,0.0,0.0,0.0,0.0,29.26,0.0,82.41,0.0,0.0,0.0,0.0,22.16,0.0,27.72,0.0,0.0,0.0,48.19,0.0,0.0,68.47,0.0,0.0,0.0,0.0,0.0,T000023,P031,82.41,2024-05-14,14,5,2024,0,0,1,0,0,High,0.466700945932787,2024-05
U0107,Kiara Bose,44.0,2,Pune,2023-09-23,1.0,43.097142857142856,7,33,0.0,0.0,0.0,0.0,0.0,0.0,0.0,0.0,0.0,0.0,0.0,0.0,0.0,0.0,0.0,0.0,0.0,23.47,0.0,0.0,0.0,0.0,0.0,0.0,0.0,0.0,0.0,0.0,29.26,0.0,82.41,0.0,0.0,0.0,0.0,22.16,0.0,27.72,0.0,0.0,0.0,48.19,0.0,0.0,68.47,0.0,0.0,0.0,0.0,0.0,T000091,P042,48.19,2025-09-29,29,9,2025,1,0,0,0,0,Medium,-0.474822479678313,2025-09
U0107,Kiara Bose,44.0,2,Pune,2023-09-23,1.0,43.097142857142856,7,33,0.0,0.0,0.0,0.0,0.0,0.0,0.0,0.0,0.0,0.0,0.0,0.0,0.0,0.0,0.0,0.0,0.0,23.47,0.0,0.0,0.0,0.0,0.0,0.0,0.0,0.0,0.0,0.0,29.26,0.0,82.41,0.0,0.0,0.0,0.0,22.16,0.0,27.72,0.0,0.0,0.0,48.19,0.0,0.0,68.47,0.0,0.0,0.0,0.0,0.0,T000148,P018,23.47,2023-08-22,22,8,2023,0,1,0,0,0,Low,-1.1549644750350163,2023-08
U0107,Kiara Bose,44.0,2,Pune,2023-09-23,1.0,43.097142857142856,7,33,0.0,0.0,0.0,0.0,0.0,0.0,0.0,0.0,0.0,0.0,0.0,0.0,0.0,0.0,0.0,0.0,0.0,23.47,0.0,0.0,0.0,0.0,0.0,0.0,0.0,0.0,0.0,0.0,29.26,0.0,82.41,0.0,0.0,0.0,0.0,22.16,0.0,27.72,0.0,0.0,0.0,48.19,0.0,0.0,68.47,0.0,0.0,0.0,0.0,0.0,T000342,P038,27.72,2023-02-24,24,2,2023,0,0,0,1,0,Low,-1.0380306772896284,2023-02
U0107,Kiara Bose,44.0,2,Pune,2023-09-23,1.0,43.097142857142856,7,33,0.0,0.0,0.0,0.0,0.0,0.0,0.0,0.0,0.0,0.0,0.0,0.0,0.0,0.0,0.0,0.0,0.0,23.47,0.0,0.0,0.0,0.0,0.0,0.0,0.0,0.0,0.0,0.0,29.26,0.0,82.41,0.0,0.0,0.0,0.0,22.16,0.0,27.72,0.0,0.0,0.0,48.19,0.0,0.0,68.47,0.0,0.0,0.0,0.0,0.0,T000400,P045,68.47,2025-08-22,22,8,2025,0,0,0,0,0,Medium,0.08315808932791463,2025-08
U0107,Kiara Bose,44.0,2,Pune,2023-09-23,1.0,43.097142857142856,7,33,0.0,0.0,0.0,0.0,0.0,0.0,0.0,0.0,0.0,0.0,0.0,0.0,0.0,0.0,0.0,0.0,0.0,23.47,0.0,0.0,0.0,0.0,0.0,0.0,0.0,0.0,0.0,0.0,29.26,0.0,82.41,0.0,0.0,0.0,0.0,22.16,0.0,27.72,0.0,0.0,0.0,48.19,0.0,0.0,68.47,0.0,0.0,0.0,0.0,0.0,T000444,P036,22.16,2023-10-02,2,10,2023,0,0,0,0,0,Low,-1.1910075985753596,2023-10
U0107,Kiara Bose,44.0,2,Pune,2023-09-23,1.0,43.097142857142856,7,33,0.0,0.0,0.0,0.0,0.0,0.0,0.0,0.0,0.0,0.0,0.0,0.0,0.0,0.0,0.0,0.0,0.0,23.47,0.0,0.0,0.0,0.0,0.0,0.0,0.0,0.0,0.0,0.0,29.26,0.0,82.41,0.0,0.0,0.0,0.0,22.16,0.0,27.72,0.0,0.0,0.0,48.19,0.0,0.0,68.47,0.0,0.0,0.0,0.0,0.0,T000906,P029,29.26,2023-09-11,11,9,2023,0,0,1,0,0,Low,-0.9956593717536525,2023-09
U0108,Saanvi Singh,33.0,0,Vadodara,2024-05-03,0.5416666666666667,75.902,6,99,0.0,0.0,0.0,0.0,0.0,0.0,48.7,0.0,0.0,0.0,0.0,0.0,0.0,0.0,0.0,0.0,0.0,0.0,0.0,0.0,0.0,57.17,0.0,0.0,0.0,108.77,0.0,0.0,0.0,0.0,0.0,0.0,0.0,0.0,0.0,0.0,0.0,0.0,52.21,0.0,46.45,66.21,0.0,0.0,0.0,0.0,0.0,0.0,0.0,0.0,T000233,P041,46.45,2025-07-25,25,7,2025,0,0,0,0,0,Medium,-0.5226965521670128,2025-07
U0108,Saanvi Singh,33.0,0,Vadodara,2024-05-03,0.5416666666666667,75.902,6,99,0.0,0.0,0.0,0.0,0.0,0.0,48.7,0.0,0.0,0.0,0.0,0.0,0.0,0.0,0.0,0.0,0.0,0.0,0.0,0.0,0.0,57.17,0.0,0.0,0.0,108.77,0.0,0.0,0.0,0.0,0.0,0.0,0.0,0.0,0.0,0.0,0.0,0.0,52.21,0.0,46.45,66.21,0.0,0.0,0.0,0.0,0.0,0.0,0.0,0.0,T000579,P039,52.21,2025-02-24,24,2,2025,0,1,0,0,0,Medium,-0.36421686392855773,2025-02
U0108,Saanvi Singh,33.0,0,Vadodara,2024-05-03,0.5416666666666667,75.902,6,99,0.0,0.0,0.0,0.0,0.0,0.0,48.7,0.0,0.0,0.0,0.0,0.0,0.0,0.0,0.0,0.0,0.0,0.0,0.0,0.0,0.0,57.17,0.0,0.0,0.0,108.77,0.0,0.0,0.0,0.0,0.0,0.0,0.0,0.0,0.0,0.0,0.0,0.0,52.21,0.0,46.45,66.21,0.0,0.0,0.0,0.0,0.0,0.0,0.0,0.0,T000863,P026,108.77,2023-03-14,14,3,2023,0,0,1,0,0,High,1.1919656303018284,2023-03
U0108,Saanvi Singh,33.0,0,Vadodara,2024-05-03,0.5416666666666667,75.902,6,99,0.0,0.0,0.0,0.0,0.0,0.0,48.7,0.0,0.0,0.0,0.0,0.0,0.0,0.0,0.0,0.0,0.0,0.0,0.0,0.0,0.0,57.17,0.0,0.0,0.0,108.77,0.0,0.0,0.0,0.0,0.0,0.0,0.0,0.0,0.0,0.0,0.0,0.0,52.21,0.0,46.45,66.21,0.0,0.0,0.0,0.0,0.0,0.0,0.0,0.0,T000873,P022,57.17,2024-06-17,17,6,2024,0,0,0,1,0,Medium,-0.2277482435009991,2024-06
U0108,Saanvi Singh,33.0,0,Vadodara,2024-05-03,0.5416666666666667,75.902,6,99,0.0,0.0,0.0,0.0,0.0,0.0,48.7,0.0,0.0,0.0,0.0,0.0,0.0,0.0,0.0,0.0,0.0,0.0,0.0,0.0,0.0,57.17,0.0,0.0,0.0,108.77,0.0,0.0,0.0,0.0,0.0,0.0,0.0,0.0,0.0,0.0,0.0,0.0,52.21,0.0,46.45,66.21,0.0,0.0,0.0,0.0,0.0,0.0,0.0,0.0,T000911,P007,48.7,2023-08-30,30,8,2023,0,0,0,0,0,Medium,-0.4607904239488663,2023-08
U0108,Saanvi Singh,33.0,0,Vadodara,2024-05-03,0.5416666666666667,75.902,6,99,0.0,0.0,0.0,0.0,0.0,0.0,48.7,0.0,0.0,0.0,0.0,0.0,0.0,0.0,0.0,0.0,0.0,0.0,0.0,0.0,0.0,57.17,0.0,0.0,0.0,108.77,0.0,0.0,0.0,0.0,0.0,0.0,0.0,0.0,0.0,0.0,0.0,0.0,52.21,0.0,46.45,66.21,0.0,0.0,0.0,0.0,0.0,0.0,0.0,0.0,T000931,P042,66.21,2023-08-20,20,8,2023,0,1,0,0,0,Medium,0.020976822762131732,2023-08
U0109,Aarav Singh,34.0,0,Chennai,2023-03-17,0.5833333333333333,49.00666666666667,3,95,30.28,0.0,0.0,0.0,0.0,0.0,0.0,0.0,0.0,0.0,0.0,79.23,0.0,0.0,0.0,0.0,0.0,0.0,0.0,0.0,0.0,0.0,0.0,0.0,37.51,0.0,0.0,0.0,0.0,0.0,0.0,0.0,0.0,0.0,0.0,0.0,0.0,0.0,0.0,0.0,0.0,0.0,0.0,0.0,0.0,0.0,0.0,0.0,0.0,0.0,T000580,P012,79.23,2023-12-21,21,12,2023,0,0,1,0,0,High,0.3792069513844734,2023-12
U0109,Aarav Singh,34.0,0,Chennai,2023-03-17,0.5833333333333333,49.00666666666667,3,95,30.28,0.0,0.0,0.0,0.0,0.0,0.0,0.0,0.0,0.0,0.0,79.23,0.0,0.0,0.0,0.0,0.0,0.0,0.0,0.0,0.0,0.0,0.0,0.0,37.51,0.0,0.0,0.0,0.0,0.0,0.0,0.0,0.0,0.0,0.0,0.0,0.0,0.0,0.0,0.0,0.0,0.0,0.0,0.0,0.0,0.0,0.0,0.0,0.0,0.0,T000851,P025,37.51,2025-07-29,29,7,2025,0,0,0,1,0,Low,-0.768670234953782,2025-07
U0109,Aarav Singh,34.0,0,Chennai,2023-03-17,0.5833333333333333,49.00666666666667,3,95,30.28,0.0,0.0,0.0,0.0,0.0,0.0,0.0,0.0,0.0,0.0,79.23,0.0,0.0,0.0,0.0,0.0,0.0,0.0,0.0,0.0,0.0,0.0,0.0,37.51,0.0,0.0,0.0,0.0,0.0,0.0,0.0,0.0,0.0,0.0,0.0,0.0,0.0,0.0,0.0,0.0,0.0,0.0,0.0,0.0,0.0,0.0,0.0,0.0,0.0,T000987,P001,30.28,2023-08-07,7,8,2023,0,0,0,0,0,Low,-0.9675952602947595,2023-08
U0110,Saanvi Kulkarni,31.0,2,Lucknow,2023-04-22,0.45833333333333326,59.848,5,52,0.0,0.0,0.0,0.0,0.0,61.87,0.0,0.0,0.0,0.0,0.0,0.0,0.0,64.09,0.0,0.0,0.0,33.82,0.0,0.0,0.0,0.0,0.0,0.0,0.0,0.0,0.0,0.0,0.0,0.0,0.0,0.0,41.45,0.0,0.0,98.01,0.0,0.0,0.0,0.0,0.0,0.0,0.0,0.0,0.0,0.0,0.0,0.0,0.0,0.0,T000135,P036,98.01,2023-02-23,23,2,2023,0,0,0,0,0,High,0.89591676824527,2023-02
U0110,Saanvi Kulkarni,31.0,2,Lucknow,2023-04-22,0.45833333333333326,59.848,5,52,0.0,0.0,0.0,0.0,0.0,61.87,0.0,0.0,0.0,0.0,0.0,0.0,0.0,64.09,0.0,0.0,0.0,33.82,0.0,0.0,0.0,0.0,0.0,0.0,0.0,0.0,0.0,0.0,0.0,0.0,0.0,0.0,41.45,0.0,0.0,98.01,0.0,0.0,0.0,0.0,0.0,0.0,0.0,0.0,0.0,0.0,0.0,0.0,0.0,0.0,T000387,P033,41.45,2023-06-27,27,6,2023,0,0,0,1,0,Low,-0.6602657259851163,2023-06
U0110,Saanvi Kulkarni,31.0,2,Lucknow,2023-04-22,0.45833333333333326,59.848,5,52,0.0,0.0,0.0,0.0,0.0,61.87,0.0,0.0,0.0,0.0,0.0,0.0,0.0,64.09,0.0,0.0,0.0,33.82,0.0,0.0,0.0,0.0,0.0,0.0,0.0,0.0,0.0,0.0,0.0,0.0,0.0,0.0,41.45,0.0,0.0,98.01,0.0,0.0,0.0,0.0,0.0,0.0,0.0,0.0,0.0,0.0,0.0,0.0,0.0,0.0,T000617,P014,64.09,2024-07-03,3,7,2024,0,0,1,0,0,Medium,-0.037352506936743864,2024-07
U0110,Saanvi Kulkarni,31.0,2,Lucknow,2023-04-22,0.45833333333333326,59.848,5,52,0.0,0.0,0.0,0.0,0.0,61.87,0.0,0.0,0.0,0.0,0.0,0.0,0.0,64.09,0.0,0.0,0.0,33.82,0.0,0.0,0.0,0.0,0.0,0.0,0.0,0.0,0.0,0.0,0.0,0.0,0.0,0.0,41.45,0.0,0.0,98.01,0.0,0.0,0.0,0.0,0.0,0.0,0.0,0.0,0.0,0.0,0.0,0.0,0.0,0.0,T000672,P018,33.82,2023-05-11,11,5,2023,0,0,0,0,0,Low,-0.8701962852315422,2023-05
U0110,Saanvi Kulkarni,31.0,2,Lucknow,2023-04-22,0.45833333333333326,59.848,5,52,0.0,0.0,0.0,0.0,0.0,61.87,0.0,0.0,0.0,0.0,0.0,0.0,0.0,64.09,0.0,0.0,0.0,33.82,0.0,0.0,0.0,0.0,0.0,0.0,0.0,0.0,0.0,0.0,0.0,0.0,0.0,0.0,41.45,0.0,0.0,98.01,0.0,0.0,0.0,0.0,0.0,0.0,0.0,0.0,0.0,0.0,0.0,0.0,0.0,0.0,T000791,P006,61.87,2025-09-10,10,9,2025,0,0,0,1,0,Medium,-0.09843322011198195,2025-09
U0111,Myra Roy,20.0,2,Chennai,2023-06-08,0.0,43.57,3,188,0.0,0.0,0.0,0.0,0.0,0.0,0.0,0.0,34.54,0.0,0.0,0.0,0.0,0.0,0.0,0.0,0.0,0.0,0.0,0.0,0.0,0.0,0.0,0.0,0.0,0.0,0.0,0.0,50.5,0.0,0.0,0.0,0.0,0.0,0.0,0.0,0.0,0.0,0.0,0.0,0.0,0.0,45.67,0.0,0.0,0.0,0.0,0.0,0.0,0.0,T000120,P029,50.5,2025-04-27,27,4,2025,0,1,0,0,0,Medium,-0.41126552137434913,2025-04
U0111,Myra Roy,20.0,2,Chennai,2023-06-08,0.0,43.57,3,188,0.0,0.0,0.0,0.0,0.0,0.0,0.0,0.0,34.54,0.0,0.0,0.0,0.0,0.0,0.0,0.0,0.0,0.0,0.0,0.0,0.0,0.0,0.0,0.0,0.0,0.0,0.0,0.0,50.5,0.0,0.0,0.0,0.0,0.0,0.0,0.0,0.0,0.0,0.0,0.0,0.0,0.0,45.67,0.0,0.0,0.0,0.0,0.0,0.0,0.0,T000325,P009,34.54,2025-01-19,19,1,2025,0,0,0,1,0,Low,-0.8503863242017353,2025-01
U0111,Myra Roy,20.0,2,Chennai,2023-06-08,0.0,43.57,3,188,0.0,0.0,0.0,0.0,0.0,0.0,0.0,0.0,34.54,0.0,0.0,0.0,0.0,0.0,0.0,0.0,0.0,0.0,0.0,0.0,0.0,0.0,0.0,0.0,0.0,0.0,0.0,0.0,50.5,0.0,0.0,0.0,0.0,0.0,0.0,0.0,0.0,0.0,0.0,0.0,0.0,0.0,45.67,0.0,0.0,0.0,0.0,0.0,0.0,0.0,T000941,P043,45.67,2024-05-24,24,5,2024,0,0,0,0,1,Medium,-0.544157343282637,2024-05
U0112,Meera Iyer,31.0,2,Bengaluru,2022-10-18,0.45833333333333326,59.4525,5,334,0.0,33.24,0.0,0.0,0.0,0.0,0.0,0.0,0.0,0.0,0.0,0.0,0.0,0.0,48.86,0.0,0.0,0.0,0.0,0.0,0.0,0.0,0.0,0.0,0.0,0.0,0.0,0.0,0.0,0.0,0.0,0.0,0.0,0.0,0.0,0.0,0.0,42.92,0.0,0.0,0.0,0.0,55.55,57.24,0.0,0.0,0.0,0.0,0.0,0.0,T000160,P002,33.24,2023-06-09,9,6,2023,0,0,1,0,0,Low,-0.8861543093944422,2023-06
U0112,Meera Iyer,31.0,2,Bengaluru,2022-10-18,0.45833333333333326,59.4525,5,334,0.0,33.24,0.0,0.0,0.0,0.0,0.0,0.0,0.0,0.0,0.0,0.0,0.0,0.0,48.86,0.0,0.0,0.0,0.0,0.0,0.0,0.0,0.0,0.0,0.0,0.0,0.0,0.0,0.0,0.0,0.0,0.0,0.0,0.0,0.0,0.0,0.0,42.92,0.0,0.0,0.0,0.0,55.55,57.24,0.0,0.0,0.0,0.0,0.0,0.0,T000166,P038,42.92,2023-06-11,11,6,2023,0,0,1,0,0,Medium,-0.6198203888825939,2023-06
U0112,Meera Iyer,31.0,2,Bengaluru,2022-10-18,0.45833333333333326,59.4525,5,334,0.0,33.24,0.0,0.0,0.0,0.0,0.0,0.0,0.0,0.0,0.0,0.0,0.0,0.0,48.86,0.0,0.0,0.0,0.0,0.0,0.0,0.0,0.0,0.0,0.0,0.0,0.0,0.0,0.0,0.0,0.0,0.0,0.0,0.0,0.0,0.0,0.0,42.92,0.0,0.0,0.0,0.0,55.55,57.24,0.0,0.0,0.0,0.0,0.0,0.0,T000500,P015,48.86,2024-11-28,28,11,2024,1,0,0,0,0,Medium,-0.4563882103866871,2024-11
U0112,Meera Iyer,31.0,2,Bengaluru,2022-10-18,0.45833333333333326,59.4525,5,334,0.0,33.24,0.0,0.0,0.0,0.0,0.0,0.0,0.0,0.0,0.0,0.0,0.0,0.0,48.86,0.0,0.0,0.0,0.0,0.0,0.0,0.0,0.0,0.0,0.0,0.0,0.0,0.0,0.0,0.0,0.0,0.0,0.0,0.0,0.0,0.0,0.0,42.92,0.0,0.0,0.0,0.0,55.55,57.24,0.0,0.0,0.0,0.0,0.0,0.0,T000703,P043,55.55,2024-04-29,29,4,2024,0,1,0,0,0,Medium,-0.27232065581806475,2024-04
U0112,Meera Iyer,31.0,2,Bengaluru,2022-10-18,0.45833333333333326,59.4525,5,334,0.0,33.24,0.0,0.0,0.0,0.0,0.0,0.0,0.0,0.0,0.0,0.0,0.0,0.0,48.86,0.0,0.0,0.0,0.0,0.0,0.0,0.0,0.0,0.0,0.0,0.0,0.0,0.0,0.0,0.0,0.0,0.0,0.0,0.0,0.0,0.0,0.0,42.92,0.0,0.0,0.0,0.0,55.55,57.24,0.0,0.0,0.0,0.0,0.0,0.0,T000897,P044,57.24,2024-12-02,2,12,2024,0,1,0,0,0,Medium,-0.22582227506754562,2024-12
U0113,Ira Kulkarni,32.0,0,Bengaluru,2024-04-18,0.5,69.23,3,572,0.0,0.0,0.0,0.0,0.0,0.0,0.0,0.0,0.0,0.0,0.0,0.0,0.0,0.0,105.27,0.0,0.0,0.0,63.66,0.0,0.0,0.0,0.0,0.0,0.0,0.0,0.0,0.0,0.0,38.76,0.0,0.0,0.0,0.0,0.0,0.0,0.0,0.0,0.0,0.0,0.0,0.0,0.0,0.0,0.0,0.0,0.0,0.0,0.0,0.0,T000430,P015,105.27,2024-03-20,20,3,2024,0,0,0,0,0,High,1.095667208629156,2024-03
U0113,Ira Kulkarni,32.0,0,Bengaluru,2024-04-18,0.5,69.23,3,572,0.0,0.0,0.0,0.0,0.0,0.0,0.0,0.0,0.0,0.0,0.0,0.0,0.0,0.0,105.27,0.0,0.0,0.0,63.66,0.0,0.0,0.0,0.0,0.0,0.0,0.0,0.0,0.0,0.0,38.76,0.0,0.0,0.0,0.0,0.0,0.0,0.0,0.0,0.0,0.0,0.0,0.0,0.0,0.0,0.0,0.0,0.0,0.0,0.0,0.0,T000537,P019,63.66,2023-05-22,22,5,2023,0,0,0,0,1,Medium,-0.049183455885100945,2023-05
U0113,Ira Kulkarni,32.0,0,Bengaluru,2024-04-18,0.5,69.23,3,572,0.0,0.0,0.0,0.0,0.0,0.0,0.0,0.0,0.0,0.0,0.0,0.0,0.0,0.0,105.27,0.0,0.0,0.0,63.66,0.0,0.0,0.0,0.0,0.0,0.0,0.0,0.0,0.0,0.0,38.76,0.0,0.0,0.0,0.0,0.0,0.0,0.0,0.0,0.0,0.0,0.0,0.0,0.0,0.0,0.0,0.0,0.0,0.0,0.0,0.0,T000799,P030,38.76,2024-04-08,8,4,2024,0,0,0,1,0,Low,-0.7342779414992561,2024-04
U0114,Sai Singh,44.0,1,Chennai,2022-05-31,1.0,72.976,7,43,0.0,0.0,0.0,0.0,0.0,0.0,0.0,0.0,0.0,0.0,41.06,0.0,0.0,29.56,0.0,90.9,0.0,0.0,0.0,0.0,0.0,0.0,35.71,61.97,0.0,0.0,0.0,0.0,0.0,0.0,0.0,0.0,0.0,0.0,0.0,0.0,0.0,0.0,0.0,83.68,0.0,0.0,0.0,0.0,0.0,0.0,0.0,0.0,22.0,0.0,T000047,P011,41.06,2024-09-05,5,9,2024,0,0,0,0,1,Low,-0.6709961215429284,2024-09
U0114,Sai Singh,44.0,1,Chennai,2022-05-31,1.0,72.976,7,43,0.0,0.0,0.0,0.0,0.0,0.0,0.0,0.0,0.0,0.0,41.06,0.0,0.0,29.56,0.0,90.9,0.0,0.0,0.0,0.0,0.0,0.0,35.71,61.97,0.0,0.0,0.0,0.0,0.0,0.0,0.0,0.0,0.0,0.0,0.0,0.0,0.0,0.0,0.0,83.68,0.0,0.0,0.0,0.0,0.0,0.0,0.0,0.0,22.0,0.0,T000058,P023,35.71,2024-09-04,4,9,2024,0,0,0,0,0,Low,-0.8181951375282991,2024-09
U0114,Sai Singh,44.0,1,Chennai,2022-05-31,1.0,72.976,7,43,0.0,0.0,0.0,0.0,0.0,0.0,0.0,0.0,0.0,0.0,41.06,0.0,0.0,29.56,0.0,90.9,0.0,0.0,0.0,0.0,0.0,0.0,35.71,61.97,0.0,0.0,0.0,0.0,0.0,0.0,0.0,0.0,0.0,0.0,0.0,0.0,0.0,0.0,0.0,83.68,0.0,0.0,0.0,0.0,0.0,0.0,0.0,0.0,22.0,0.0,T000094,P016,90.9,2023-07-23,23,7,2023,0,0,0,1,0,High,0.7002934030759269,2023-07
U0114,Sai Singh,44.0,1,Chennai,2022-05-31,1.0,72.976,7,43,0.0,0.0,0.0,0.0,0.0,0.0,0.0,0.0,0.0,0.0,41.06,0.0,0.0,29.56,0.0,90.9,0.0,0.0,0.0,0.0,0.0,0.0,35.71,61.97,0.0,0.0,0.0,0.0,0.0,0.0,0.0,0.0,0.0,0.0,0.0,0.0,0.0,0.0,0.0,83.68,0.0,0.0,0.0,0.0,0.0,0.0,0.0,0.0,22.0,0.0,T000211,P040,83.68,2025-07-08,8,7,2025,0,0,0,1,0,High,0.5016435160825855,2025-07
U0114,Sai Singh,44.0,1,Chennai,2022-05-31,1.0,72.976,7,43,0.0,0.0,0.0,0.0,0.0,0.0,0.0,0.0,0.0,0.0,41.06,0.0,0.0,29.56,0.0,90.9,0.0,0.0,0.0,0.0,0.0,0.0,35.71,61.97,0.0,0.0,0.0,0.0,0.0,0.0,0.0,0.0,0.0,0.0,0.0,0.0,0.0,0.0,0.0,83.68,0.0,0.0,0.0,0.0,0.0,0.0,0.0,0.0,22.0,0.0,T000273,P049,22.0,2023-10-09,9,10,2023,1,0,0,0,0,Low,-1.1954098121375387,2023-10
U0114,Sai Singh,44.0,1,Chennai,2022-05-31,1.0,72.976,7,43,0.0,0.0,0.0,0.0,0.0,0.0,0.0,0.0,0.0,0.0,41.06,0.0,0.0,29.56,0.0,90.9,0.0,0.0,0.0,0.0,0.0,0.0,35.71,61.97,0.0,0.0,0.0,0.0,0.0,0.0,0.0,0.0,0.0,0.0,0.0,0.0,0.0,0.0,0.0,83.68,0.0,0.0,0.0,0.0,0.0,0.0,0.0,0.0,22.0,0.0,T000511,P024,61.97,2023-07-29,29,7,2023,0,0,0,1,0,Medium,-0.09568183663561985,2023-07
U0114,Sai Singh,44.0,1,Chennai,2022-05-31,1.0,72.976,7,43,0.0,0.0,0.0,0.0,0.0,0.0,0.0,0.0,0.0,0.0,41.06,0.0,0.0,29.56,0.0,90.9,0.0,0.0,0.0,0.0,0.0,0.0,35.71,61.97,0.0,0.0,0.0,0.0,0.0,0.0,0.0,0.0,0.0,0.0,0.0,0.0,0.0,0.0,0.0,83.68,0.0,0.0,0.0,0.0,0.0,0.0,0.0,0.0,22.0,0.0,T000830,P014,29.56,2025-09-19,19,9,2025,0,0,1,0,0,Low,-0.9874052213245663,2025-09
U0115,Aarav Verma,30.0,1,Bhopal,2023-09-18,0.41666666666666674,44.77333333333333,6,17,36.28,0.0,0.0,0.0,0.0,0.0,0.0,0.0,0.0,0.0,0.0,0.0,0.0,0.0,0.0,0.0,0.0,0.0,0.0,0.0,30.12,0.0,0.0,23.48,0.0,0.0,0.0,0.0,0.0,0.0,0.0,0.0,0.0,0.0,0.0,39.37,0.0,0.0,0.0,82.4,0.0,0.0,0.0,0.0,0.0,0.0,0.0,0.0,56.99,0.0,T000228,P040,82.4,2023-06-12,12,6,2023,1,0,0,0,0,High,0.466425807585151,2023-06
U0115,Aarav Verma,30.0,1,Bhopal,2023-09-18,0.41666666666666674,44.77333333333333,6,17,36.28,0.0,0.0,0.0,0.0,0.0,0.0,0.0,0.0,0.0,0.0,0.0,0.0,0.0,0.0,0.0,0.0,0.0,0.0,0.0,30.12,0.0,0.0,23.48,0.0,0.0,0.0,0.0,0.0,0.0,0.0,0.0,0.0,0.0,0.0,39.37,0.0,0.0,0.0,82.4,0.0,0.0,0.0,0.0,0.0,0.0,0.0,0.0,56.99,0.0,T000391,P049,56.99,2024-11-06,6,11,2024,0,0,0,1,0,Medium,-0.2327007337584508,2024-11
U0115,Aarav Verma,30.0,1,Bhopal,2023-09-18,0.41666666666666674,44.77333333333333,6,17,36.28,0.0,0.0,0.0,0.0,0.0,0.0,0.0,0.0,0.0,0.0,0.0,0.0,0.0,0.0,0.0,0.0,0.0,0.0,0.0,30.12,0.0,0.0,23.48,0.0,0.0,0.0,0.0,0.0,0.0,0.0,0.0,0.0,0.0,0.0,39.37,0.0,0.0,0.0,82.4,0.0,0.0,0.0,0.0,0.0,0.0,0.0,0.0,56.99,0.0,T000513,P036,39.37,2025-04-15,15,4,2025,0,0,0,0,0,Low,-0.7174945022934475,2025-04
U0115,Aarav Verma,30.0,1,Bhopal,2023-09-18,0.41666666666666674,44.77333333333333,6,17,36.28,0.0,0.0,0.0,0.0,0.0,0.0,0.0,0.0,0.0,0.0,0.0,0.0,0.0,0.0,0.0,0.0,0.0,0.0,0.0,30.12,0.0,0.0,23.48,0.0,0.0,0.0,0.0,0.0,0.0,0.0,0.0,0.0,0.0,0.0,39.37,0.0,0.0,0.0,82.4,0.0,0.0,0.0,0.0,0.0,0.0,0.0,0.0,56.99,0.0,T000550,P024,23.48,2025-08-06,6,8,2025,0,0,1,0,0,Low,-1.15468933668738,2025-08
U0115,Aarav Verma,30.0,1,Bhopal,2023-09-18,0.41666666666666674,44.77333333333333,6,17,36.28,0.0,0.0,0.0,0.0,0.0,0.0,0.0,0.0,0.0,0.0,0.0,0.0,0.0,0.0,0.0,0.0,0.0,0.0,0.0,30.12,0.0,0.0,23.48,0.0,0.0,0.0,0.0,0.0,0.0,0.0,0.0,0.0,0.0,0.0,39.37,0.0,0.0,0.0,82.4,0.0,0.0,0.0,0.0,0.0,0.0,0.0,0.0,56.99,0.0,T000772,P001,36.28,2024-03-05,5,3,2024,0,0,0,1,0,Low,-0.8025122517130353,2024-03
U0115,Aarav Verma,30.0,1,Bhopal,2023-09-18,0.41666666666666674,44.77333333333333,6,17,36.28,0.0,0.0,0.0,0.0,0.0,0.0,0.0,0.0,0.0,0.0,0.0,0.0,0.0,0.0,0.0,0.0,0.0,0.0,0.0,30.12,0.0,0.0,23.48,0.0,0.0,0.0,0.0,0.0,0.0,0.0,0.0,0.0,0.0,0.0,39.37,0.0,0.0,0.0,82.4,0.0,0.0,0.0,0.0,0.0,0.0,0.0,0.0,56.99,0.0,T000951,P021,30.12,2025-10-15,15,10,2025,1,0,0,0,0,Low,-0.9719974738569387,2025-10
U0116,Aditya Roy,34.0,0,Patna,2022-07-19,0.5833333333333333,62.90555555555555,11,124,0.0,0.0,32.99,0.0,0.0,0.0,0.0,0.0,21.28,0.0,0.0,50.56,0.0,0.0,0.0,0.0,0.0,56.14,0.0,0.0,0.0,0.0,0.0,0.0,0.0,0.0,0.0,0.0,0.0,132.68,0.0,35.78,105.22,0.0,0.0,61.07,34.62,35.81,0.0,0.0,0.0,0.0,0.0,0.0,0.0,0.0,0.0,0.0,0.0,0.0,T000110,P033,48.36,2023-03-30,30,3,2023,0,1,0,0,0,Medium,-0.47014512776849743,2023-03
U0116,Aditya Roy,34.0,0,Patna,2022-07-19,0.5833333333333333,62.90555555555555,11,124,0.0,0.0,32.99,0.0,0.0,0.0,0.0,0.0,21.28,0.0,0.0,50.56,0.0,0.0,0.0,0.0,0.0,56.14,0.0,0.0,0.0,0.0,0.0,0.0,0.0,0.0,0.0,0.0,0.0,132.68,0.0,35.78,105.22,0.0,0.0,61.07,34.62,35.81,0.0,0.0,0.0,0.0,0.0,0.0,0.0,0.0,0.0,0.0,0.0,0.0,T000181,P003,32.99,2025-01-25,25,1,2025,1,0,0,0,0,Low,-0.8930327680853474,2025-01
U0116,Aditya Roy,34.0,0,Patna,2022-07-19,0.5833333333333333,62.90555555555555,11,124,0.0,0.0,32.99,0.0,0.0,0.0,0.0,0.0,21.28,0.0,0.0,50.56,0.0,0.0,0.0,0.0,0.0,56.14,0.0,0.0,0.0,0.0,0.0,0.0,0.0,0.0,0.0,0.0,0.0,132.68,0.0,35.78,105.22,0.0,0.0,61.07,34.62,35.81,0.0,0.0,0.0,0.0,0.0,0.0,0.0,0.0,0.0,0.0,0.0,0.0,T000185,P037,34.62,2024-01-21,21,1,2024,0,0,0,0,1,Low,-0.8481852174206458,2024-01
U0116,Aditya Roy,34.0,0,Patna,2022-07-19,0.5833333333333333,62.90555555555555,11,124,0.0,0.0,32.99,0.0,0.0,0.0,0.0,0.0,21.28,0.0,0.0,50.56,0.0,0.0,0.0,0.0,0.0,56.14,0.0,0.0,0.0,0.0,0.0,0.0,0.0,0.0,0.0,0.0,0.0,132.68,0.0,35.78,105.22,0.0,0.0,61.07,34.62,35.81,0.0,0.0,0.0,0.0,0.0,0.0,0.0,0.0,0.0,0.0,0.0,0.0,T000220,P033,56.86,2025-06-14,14,6,2025,0,1,0,0,0,Medium,-0.23627753227772155,2025-06
U0116,Aditya Roy,34.0,0,Patna,2022-07-19,0.5833333333333333,62.90555555555555,11,124,0.0,0.0,32.99,0.0,0.0,0.0,0.0,0.0,21.28,0.0,0.0,50.56,0.0,0.0,0.0,0.0,0.0,56.14,0.0,0.0,0.0,0.0,0.0,0.0,0.0,0.0,0.0,0.0,0.0,132.68,0.0,35.78,105.22,0.0,0.0,61.07,34.62,35.81,0.0,0.0,0.0,0.0,0.0,0.0,0.0,0.0,0.0,0.0,0.0,0.0,T000281,P012,50.56,2025-06-30,30,6,2025,0,0,0,0,1,Medium,-0.40961469128853184,2025-06
U0116,Aditya Roy,34.0,0,Patna,2022-07-19,0.5833333333333333,62.90555555555555,11,124,0.0,0.0,32.99,0.0,0.0,0.0,0.0,0.0,21.28,0.0,0.0,50.56,0.0,0.0,0.0,0.0,0.0,56.14,0.0,0.0,0.0,0.0,0.0,0.0,0.0,0.0,0.0,0.0,0.0,132.68,0.0,35.78,105.22,0.0,0.0,61.07,34.62,35.81,0.0,0.0,0.0,0.0,0.0,0.0,0.0,0.0,0.0,0.0,0.0,0.0,T000292,P030,132.68,2024-12-06,6,12,2024,0,0,0,0,1,High,1.8498214194999993,2024-12
U0116,Aditya Roy,34.0,0,Patna,2022-07-19,0.5833333333333333,62.90555555555555,11,124,0.0,0.0,32.99,0.0,0.0,0.0,0.0,0.0,21.28,0.0,0.0,50.56,0.0,0.0,0.0,0.0,0.0,56.14,0.0,0.0,0.0,0.0,0.0,0.0,0.0,0.0,0.0,0.0,0.0,132.68,0.0,35.78,105.22,0.0,0.0,61.07,34.62,35.81,0.0,0.0,0.0,0.0,0.0,0.0,0.0,0.0,0.0,0.0,0.0,0.0,T000503,P032,35.78,2024-12-29,29,12,2024,0,1,0,0,0,Low,-0.8162691690948457,2024-12
U0116,Aditya Roy,34.0,0,Patna,2022-07-19,0.5833333333333333,62.90555555555555,11,124,0.0,0.0,32.99,0.0,0.0,0.0,0.0,0.0,21.28,0.0,0.0,50.56,0.0,0.0,0.0,0.0,0.0,56.14,0.0,0.0,0.0,0.0,0.0,0.0,0.0,0.0,0.0,0.0,0.0,132.68,0.0,35.78,105.22,0.0,0.0,61.07,34.62,35.81,0.0,0.0,0.0,0.0,0.0,0.0,0.0,0.0,0.0,0.0,0.0,0.0,T000566,P038,35.81,2025-03-07,7,3,2025,0,0,1,0,0,Low,-0.815443754051937,2025-03
U0116,Aditya Roy,34.0,0,Patna,2022-07-19,0.5833333333333333,62.90555555555555,11,124,0.0,0.0,32.99,0.0,0.0,0.0,0.0,0.0,21.28,0.0,0.0,50.56,0.0,0.0,0.0,0.0,0.0,56.14,0.0,0.0,0.0,0.0,0.0,0.0,0.0,0.0,0.0,0.0,0.0,132.68,0.0,35.78,105.22,0.0,0.0,61.07,34.62,35.81,0.0,0.0,0.0,0.0,0.0,0.0,0.0,0.0,0.0,0.0,0.0,0.0,T000706,P018,56.14,2023-06-02,2,6,2023,0,1,0,0,0,Medium,-0.25608749330752845,2023-06
U0116,Aditya Roy,34.0,0,Patna,2022-07-19,0.5833333333333333,62.90555555555555,11,124,0.0,0.0,32.99,0.0,0.0,0.0,0.0,0.0,21.28,0.0,0.0,50.56,0.0,0.0,0.0,0.0,0.0,56.14,0.0,0.0,0.0,0.0,0.0,0.0,0.0,0.0,0.0,0.0,0.0,132.68,0.0,35.78,105.22,0.0,0.0,61.07,34.62,35.81,0.0,0.0,0.0,0.0,0.0,0.0,0.0,0.0,0.0,0.0,0.0,0.0,T000718,P036,61.07,2024-05-26,26,5,2024,0,0,0,0,1,Medium,-0.12044428792287844,2024-05
U0116,Aditya Roy,34.0,0,Patna,2022-07-19,0.5833333333333333,62.90555555555555,11,124,0.0,0.0,32.99,0.0,0.0,0.0,0.0,0.0,21.28,0.0,0.0,50.56,0.0,0.0,0.0,0.0,0.0,56.14,0.0,0.0,0.0,0.0,0.0,0.0,0.0,0.0,0.0,0.0,0.0,132.68,0.0,35.78,105.22,0.0,0.0,61.07,34.62,35.81,0.0,0.0,0.0,0.0,0.0,0.0,0.0,0.0,0.0,0.0,0.0,0.0,T000977,P009,21.28,2025-04-25,25,4,2025,0,1,0,0,0,Low,-1.2152197731673458,2025-04
U0117,Aadhya Joshi,31.0,0,Kolkata,2022-06-01,0.45833333333333326,104.85888888888888,13,56,127.18,0.0,0.0,0.0,0.0,154.71,0.0,0.0,21.28,0.0,0.0,0.0,0.0,0.0,0.0,0.0,0.0,66.5,0.0,86.9,35.23,36.13,0.0,43.33,0.0,0.0,0.0,0.0,0.0,0.0,0.0,130.08,45.32,0.0,0.0,21.28,133.97,0.0,0.0,0.0,0.0,0.0,0.0,0.0,0.0,0.0,0.0,41.82,0.0,0.0,T000010,P006,154.71,2024-05-31,31,5,2024,0,0,0,1,0,High,2.455951199342563,2024-05
U0117,Aadhya Joshi,31.0,0,Kolkata,2022-06-01,0.45833333333333326,104.85888888888888,13,56,127.18,0.0,0.0,0.0,0.0,154.71,0.0,0.0,21.28,0.0,0.0,0.0,0.0,0.0,0.0,0.0,0.0,66.5,0.0,86.9,35.23,36.13,0.0,43.33,0.0,0.0,0.0,0.0,0.0,0.0,0.0,130.08,45.32,0.0,0.0,21.28,133.97,0.0,0.0,0.0,0.0,0.0,0.0,0.0,0.0,0.0,0.0,41.82,0.0,0.0,T000024,P036,21.28,2025-02-24,24,2,2025,0,1,0,0,0,Low,-1.2152197731673458,2025-02
U0117,Aadhya Joshi,31.0,0,Kolkata,2022-06-01,0.45833333333333326,104.85888888888888,13,56,127.18,0.0,0.0,0.0,0.0,154.71,0.0,0.0,21.28,0.0,0.0,0.0,0.0,0.0,0.0,0.0,0.0,66.5,0.0,86.9,35.23,36.13,0.0,43.33,0.0,0.0,0.0,0.0,0.0,0.0,0.0,130.08,45.32,0.0,0.0,21.28,133.97,0.0,0.0,0.0,0.0,0.0,0.0,0.0,0.0,0.0,0.0,41.82,0.0,0.0,T000031,P021,35.23,2024-05-04,4,5,2024,0,1,0,0,0,Low,-0.8314017782148372,2024-05
U0117,Aadhya Joshi,31.0,0,Kolkata,2022-06-01,0.45833333333333326,104.85888888888888,13,56,127.18,0.0,0.0,0.0,0.0,154.71,0.0,0.0,21.28,0.0,0.0,0.0,0.0,0.0,0.0,0.0,0.0,66.5,0.0,86.9,35.23,36.13,0.0,43.33,0.0,0.0,0.0,0.0,0.0,0.0,0.0,130.08,45.32,0.0,0.0,21.28,133.97,0.0,0.0,0.0,0.0,0.0,0.0,0.0,0.0,0.0,0.0,41.82,0.0,0.0,T000060,P020,86.9,2025-02-26,26,2,2025,0,1,0,0,0,High,0.5902380640214442,2025-02
U0117,Aadhya Joshi,31.0,0,Kolkata,2022-06-01,0.45833333333333326,104.85888888888888,13,56,127.18,0.0,0.0,0.0,0.0,154.71,0.0,0.0,21.28,0.0,0.0,0.0,0.0,0.0,0.0,0.0,0.0,66.5,0.0,86.9,35.23,36.13,0.0,43.33,0.0,0.0,0.0,0.0,0.0,0.0,0.0,130.08,45.32,0.0,0.0,21.28,133.97,0.0,0.0,0.0,0.0,0.0,0.0,0.0,0.0,0.0,0.0,41.82,0.0,0.0,T000080,P024,43.33,2024-06-20,20,6,2024,0,0,0,0,1,Medium,-0.6085397166295096,2024-06
U0117,Aadhya Joshi,31.0,0,Kolkata,2022-06-01,0.45833333333333326,104.85888888888888,13,56,127.18,0.0,0.0,0.0,0.0,154.71,0.0,0.0,21.28,0.0,0.0,0.0,0.0,0.0,0.0,0.0,0.0,66.5,0.0,86.9,35.23,36.13,0.0,43.33,0.0,0.0,0.0,0.0,0.0,0.0,0.0,130.08,45.32,0.0,0.0,21.28,133.97,0.0,0.0,0.0,0.0,0.0,0.0,0.0,0.0,0.0,0.0,41.82,0.0,0.0,T000118,P033,45.32,2025-05-31,31,5,2025,0,0,0,0,0,Medium,-0.5537871854499044,2025-05
U0117,Aadhya Joshi,31.0,0,Kolkata,2022-06-01,0.45833333333333326,104.85888888888888,13,56,127.18,0.0,0.0,0.0,0.0,154.71,0.0,0.0,21.28,0.0,0.0,0.0,0.0,0.0,0.0,0.0,0.0,66.5,0.0,86.9,35.23,36.13,0.0,43.33,0.0,0.0,0.0,0.0,0.0,0.0,0.0,130.08,45.32,0.0,0.0,21.28,133.97,0.0,0.0,0.0,0.0,0.0,0.0,0.0,0.0,0.0,0.0,41.82,0.0,0.0,T000399,P048,41.82,2025-02-04,4,2,2025,0,0,0,0,0,Low,-0.6500856071225767,2025-02
U0117,Aadhya Joshi,31.0,0,Kolkata,2022-06-01,0.45833333333333326,104.85888888888888,13,56,127.18,0.0,0.0,0.0,0.0,154.71,0.0,0.0,21.28,0.0,0.0,0.0,0.0,0.0,0.0,0.0,0.0,66.5,0.0,86.9,35.23,36.13,0.0,43.33,0.0,0.0,0.0,0.0,0.0,0.0,0.0,130.08,45.32,0.0,0.0,21.28,133.97,0.0,0.0,0.0,0.0,0.0,0.0,0.0,0.0,0.0,0.0,41.82,0.0,0.0,T000409,P009,21.28,2025-04-30,30,4,2025,0,0,0,0,0,Low,-1.2152197731673458,2025-04
U0117,Aadhya Joshi,31.0,0,Kolkata,2022-06-01,0.45833333333333326,104.85888888888888,13,56,127.18,0.0,0.0,0.0,0.0,154.71,0.0,0.0,21.28,0.0,0.0,0.0,0.0,0.0,0.0,0.0,0.0,66.5,0.0,86.9,35.23,36.13,0.0,43.33,0.0,0.0,0.0,0.0,0.0,0.0,0.0,130.08,45.32,0.0,0.0,21.28,133.97,0.0,0.0,0.0,0.0,0.0,0.0,0.0,0.0,0.0,0.0,41.82,0.0,0.0,T000410,P037,133.97,2025-08-04,4,8,2025,1,0,0,0,0,High,1.88531426634507,2025-08
U0117,Aadhya Joshi,31.0,0,Kolkata,2022-06-01,0.45833333333333326,104.85888888888888,13,56,127.18,0.0,0.0,0.0,0.0,154.71,0.0,0.0,21.28,0.0,0.0,0.0,0.0,0.0,0.0,0.0,0.0,66.5,0.0,86.9,35.23,36.13,0.0,43.33,0.0,0.0,0.0,0.0,0.0,0.0,0.0,130.08,45.32,0.0,0.0,21.28,133.97,0.0,0.0,0.0,0.0,0.0,0.0,0.0,0.0,0.0,0.0,41.82,0.0,0.0,T000613,P032,130.08,2023-01-06,6,1,2023,0,0,0,1,0,High,1.7782854491145856,2023-01
U0117,Aadhya Joshi,31.0,0,Kolkata,2022-06-01,0.45833333333333326,104.85888888888888,13,56,127.18,0.0,0.0,0.0,0.0,154.71,0.0,0.0,21.28,0.0,0.0,0.0,0.0,0.0,0.0,0.0,0.0,66.5,0.0,86.9,35.23,36.13,0.0,43.33,0.0,0.0,0.0,0.0,0.0,0.0,0.0,130.08,45.32,0.0,0.0,21.28,133.97,0.0,0.0,0.0,0.0,0.0,0.0,0.0,0.0,0.0,0.0,41.82,0.0,0.0,T000622,P001,127.18,2024-02-19,19,2,2024,0,0,1,0,0,High,1.6984953283000856,2024-02
U0117,Aadhya Joshi,31.0,0,Kolkata,2022-06-01,0.45833333333333326,104.85888888888888,13,56,127.18,0.0,0.0,0.0,0.0,154.71,0.0,0.0,21.28,0.0,0.0,0.0,0.0,0.0,0.0,0.0,0.0,66.5,0.0,86.9,35.23,36.13,0.0,43.33,0.0,0.0,0.0,0.0,0.0,0.0,0.0,130.08,45.32,0.0,0.0,21.28,133.97,0.0,0.0,0.0,0.0,0.0,0.0,0.0,0.0,0.0,0.0,41.82,0.0,0.0,T000930,P018,66.5,2025-09-06,6,9,2025,0,0,1,0,0,Medium,0.028955834843581905,2025-09
U0117,Aadhya Joshi,31.0,0,Kolkata,2022-06-01,0.45833333333333326,104.85888888888888,13,56,127.18,0.0,0.0,0.0,0.0,154.71,0.0,0.0,21.28,0.0,0.0,0.0,0.0,0.0,0.0,0.0,0.0,66.5,0.0,86.9,35.23,36.13,0.0,43.33,0.0,0.0,0.0,0.0,0.0,0.0,0.0,130.08,45.32,0.0,0.0,21.28,133.97,0.0,0.0,0.0,0.0,0.0,0.0,0.0,0.0,0.0,0.0,41.82,0.0,0.0,T000957,P022,36.13,2025-08-26,26,8,2025,0,0,0,0,0,Low,-0.8066393269275783,2025-08
U0118,Aarav Patel,22.0,0,Kolkata,2022-06-30,0.08333333333333337,107.37750000000001,4,314,0.0,0.0,0.0,0.0,0.0,0.0,0.0,0.0,0.0,0.0,46.85,0.0,154.71,0.0,0.0,0.0,0.0,0.0,0.0,0.0,0.0,0.0,122.39,0.0,0.0,0.0,0.0,0.0,0.0,0.0,0.0,0.0,0.0,0.0,0.0,0.0,0.0,0.0,0.0,0.0,0.0,105.56,0.0,0.0,0.0,0.0,0.0,0.0,0.0,0.0,T000112,P042,105.56,2023-05-05,5,5,2023,1,0,0,0,0,High,1.1036462207106061,2023-05
U0118,Aarav Patel,22.0,0,Kolkata,2022-06-30,0.08333333333333337,107.37750000000001,4,314,0.0,0.0,0.0,0.0,0.0,0.0,0.0,0.0,0.0,0.0,46.85,0.0,154.71,0.0,0.0,0.0,0.0,0.0,0.0,0.0,0.0,0.0,122.39,0.0,0.0,0.0,0.0,0.0,0.0,0.0,0.0,0.0,0.0,0.0,0.0,0.0,0.0,0.0,0.0,0.0,0.0,105.56,0.0,0.0,0.0,0.0,0.0,0.0,0.0,0.0,T000424,P023,122.39,2024-07-18,18,7,2024,0,1,0,0,0,High,1.5667040597823423,2024-07
U0118,Aarav Patel,22.0,0,Kolkata,2022-06-30,0.08333333333333337,107.37750000000001,4,314,0.0,0.0,0.0,0.0,0.0,0.0,0.0,0.0,0.0,0.0,46.85,0.0,154.71,0.0,0.0,0.0,0.0,0.0,0.0,0.0,0.0,0.0,122.39,0.0,0.0,0.0,0.0,0.0,0.0,0.0,0.0,0.0,0.0,0.0,0.0,0.0,0.0,0.0,0.0,0.0,0.0,105.56,0.0,0.0,0.0,0.0,0.0,0.0,0.0,0.0,T000467,P011,46.85,2024-12-22,22,12,2024,0,0,0,0,1,Medium,-0.5116910182615646,2024-12
U0118,Aarav Patel,22.0,0,Kolkata,2022-06-30,0.08333333333333337,107.37750000000001,4,314,0.0,0.0,0.0,0.0,0.0,0.0,0.0,0.0,0.0,0.0,46.85,0.0,154.71,0.0,0.0,0.0,0.0,0.0,0.0,0.0,0.0,0.0,122.39,0.0,0.0,0.0,0.0,0.0,0.0,0.0,0.0,0.0,0.0,0.0,0.0,0.0,0.0,0.0,0.0,0.0,0.0,105.56,0.0,0.0,0.0,0.0,0.0,0.0,0.0,0.0,T000966,P013,154.71,2024-11-23,23,11,2024,0,0,0,0,1,High,2.455951199342563,2024-11
U0119,Ira Roy,41.0,1,Vadodara,2022-09-13,0.875,91.10833333333335,6,116,0.0,0.0,0.0,46.72,0.0,0.0,0.0,0.0,0.0,0.0,0.0,0.0,0.0,33.16,154.71,0.0,0.0,0.0,0.0,0.0,0.0,0.0,0.0,0.0,0.0,0.0,0.0,0.0,0.0,0.0,0.0,0.0,0.0,0.0,0.0,0.0,0.0,39.83,0.0,0.0,0.0,0.0,0.0,0.0,0.0,0.0,0.0,0.0,154.71,117.52,T000175,P049,154.71,2025-07-08,8,7,2025,0,0,0,0,0,High,2.455951199342563,2025-07
U0119,Ira Roy,41.0,1,Vadodara,2022-09-13,0.875,91.10833333333335,6,116,0.0,0.0,0.0,46.72,0.0,0.0,0.0,0.0,0.0,0.0,0.0,0.0,0.0,33.16,154.71,0.0,0.0,0.0,0.0,0.0,0.0,0.0,0.0,0.0,0.0,0.0,0.0,0.0,0.0,0.0,0.0,0.0,0.0,0.0,0.0,0.0,0.0,39.83,0.0,0.0,0.0,0.0,0.0,0.0,0.0,0.0,0.0,0.0,154.71,117.52,T000184,P038,39.83,2023-03-26,26,3,2023,0,0,0,0,0,Low,-0.7048381383021819,2023-03
U0119,Ira Roy,41.0,1,Vadodara,2022-09-13,0.875,91.10833333333335,6,116,0.0,0.0,0.0,46.72,0.0,0.0,0.0,0.0,0.0,0.0,0.0,0.0,0.0,33.16,154.71,0.0,0.0,0.0,0.0,0.0,0.0,0.0,0.0,0.0,0.0,0.0,0.0,0.0,0.0,0.0,0.0,0.0,0.0,0.0,0.0,0.0,0.0,39.83,0.0,0.0,0.0,0.0,0.0,0.0,0.0,0.0,0.0,0.0,154.71,117.52,T000214,P050,117.52,2025-02-21,21,2,2025,0,0,0,1,0,High,1.4327116844835095,2025-02
U0119,Ira Roy,41.0,1,Vadodara,2022-09-13,0.875,91.10833333333335,6,116,0.0,0.0,0.0,46.72,0.0,0.0,0.0,0.0,0.0,0.0,0.0,0.0,0.0,33.16,154.71,0.0,0.0,0.0,0.0,0.0,0.0,0.0,0.0,0.0,0.0,0.0,0.0,0.0,0.0,0.0,0.0,0.0,0.0,0.0,0.0,0.0,0.0,39.83,0.0,0.0,0.0,0.0,0.0,0.0,0.0,0.0,0.0,0.0,154.71,117.52,T000310,P014,33.16,2023-10-22,22,10,2023,0,0,0,1,0,Low,-0.888355416175532,2023-10
U0119,Ira Roy,41.0,1,Vadodara,2022-09-13,0.875,91.10833333333335,6,116,0.0,0.0,0.0,46.72,0.0,0.0,0.0,0.0,0.0,0.0,0.0,0.0,0.0,33.16,154.71,0.0,0.0,0.0,0.0,0.0,0.0,0.0,0.0,0.0,0.0,0.0,0.0,0.0,0.0,0.0,0.0,0.0,0.0,0.0,0.0,0.0,0.0,39.83,0.0,0.0,0.0,0.0,0.0,0.0,0.0,0.0,0.0,0.0,154.71,117.52,T000443,P004,46.72,2025-04-25,25,4,2025,0,0,0,0,0,Medium,-0.5152678167808353,2025-04
U0119,Ira Roy,41.0,1,Vadodara,2022-09-13,0.875,91.10833333333335,6,116,0.0,0.0,0.0,46.72,0.0,0.0,0.0,0.0,0.0,0.0,0.0,0.0,0.0,33.16,154.71,0.0,0.0,0.0,0.0,0.0,0.0,0.0,0.0,0.0,0.0,0.0,0.0,0.0,0.0,0.0,0.0,0.0,0.0,0.0,0.0,0.0,0.0,39.83,0.0,0.0,0.0,0.0,0.0,0.0,0.0,0.0,0.0,0.0,154.71,117.52,T000563,P015,154.71,2024-01-13,13,1,2024,0,0,1,0,0,High,2.455951199342563,2024-01
U0120,Vihaan Roy,38.0,1,Thane,2023-11-15,0.75,60.0675,4,74,0.0,0.0,0.0,0.0,0.0,0.0,53.81,0.0,0.0,0.0,0.0,0.0,0.0,0.0,0.0,0.0,0.0,0.0,77.51,0.0,80.42,0.0,0.0,0.0,0.0,0.0,0.0,0.0,0.0,0.0,0.0,0.0,0.0,0.0,0.0,28.53,0.0,0.0,0.0,0.0,0.0,0.0,0.0,0.0,0.0,0.0,0.0,0.0,0.0,0.0,T000288,P036,28.53,2023-06-26,26,6,2023,0,1,0,0,0,Low,-1.0157444711310957,2023-06
U0120,Vihaan Roy,38.0,1,Thane,2023-11-15,0.75,60.0675,4,74,0.0,0.0,0.0,0.0,0.0,0.0,53.81,0.0,0.0,0.0,0.0,0.0,0.0,0.0,0.0,0.0,0.0,0.0,77.51,0.0,80.42,0.0,0.0,0.0,0.0,0.0,0.0,0.0,0.0,0.0,0.0,0.0,0.0,0.0,0.0,28.53,0.0,0.0,0.0,0.0,0.0,0.0,0.0,0.0,0.0,0.0,0.0,0.0,0.0,0.0,T000458,P007,53.81,2025-08-19,19,8,2025,0,0,0,0,1,Medium,-0.3201947283067646,2025-08
U0120,Vihaan Roy,38.0,1,Thane,2023-11-15,0.75,60.0675,4,74,0.0,0.0,0.0,0.0,0.0,0.0,53.81,0.0,0.0,0.0,0.0,0.0,0.0,0.0,0.0,0.0,0.0,0.0,77.51,0.0,80.42,0.0,0.0,0.0,0.0,0.0,0.0,0.0,0.0,0.0,0.0,0.0,0.0,0.0,0.0,28.53,0.0,0.0,0.0,0.0,0.0,0.0,0.0,0.0,0.0,0.0,0.0,0.0,0.0,0.0,T000687,P019,77.51,2024-11-01,1,11,2024,0,0,0,1,0,High,0.33188315559104586,2024-11
U0120,Vihaan Roy,38.0,1,Thane,2023-11-15,0.75,60.0675,4,74,0.0,0.0,0.0,0.0,0.0,0.0,53.81,0.0,0.0,0.0,0.0,0.0,0.0,0.0,0.0,0.0,0.0,0.0,77.51,0.0,80.42,0.0,0.0,0.0,0.0,0.0,0.0,0.0,0.0,0.0,0.0,0.0,0.0,0.0,0.0,28.53,0.0,0.0,0.0,0.0,0.0,0.0,0.0,0.0,0.0,0.0,0.0,0.0,0.0,0.0,T000709,P021,80.42,2023-09-05,5,9,2023,0,0,1,0,0,High,0.41194841475318195,2023-09
U0121,Ira Kapoor,38.0,2,Lucknow,2024-08-30,0.75,54.67714285714286,7,75,0.0,0.0,0.0,99.26,0.0,0.0,0.0,0.0,0.0,0.0,0.0,0.0,62.35,0.0,0.0,0.0,0.0,0.0,0.0,0.0,0.0,0.0,0.0,111.39,0.0,0.0,0.0,0.0,0.0,0.0,0.0,79.14,0.0,0.0,0.0,0.0,0.0,0.0,0.0,0.0,0.0,0.0,0.0,0.0,30.6,0.0,0.0,0.0,0.0,0.0,T000213,P013,21.75,2025-06-21,21,6,2025,0,0,0,1,0,Low,-1.202288270828444,2025-06
U0121,Ira Kapoor,38.0,2,Lucknow,2024-08-30,0.75,54.67714285714286,7,75,0.0,0.0,0.0,99.26,0.0,0.0,0.0,0.0,0.0,0.0,0.0,0.0,62.35,0.0,0.0,0.0,0.0,0.0,0.0,0.0,0.0,0.0,0.0,111.39,0.0,0.0,0.0,0.0,0.0,0.0,0.0,79.14,0.0,0.0,0.0,0.0,0.0,0.0,0.0,0.0,0.0,0.0,0.0,0.0,30.6,0.0,0.0,0.0,0.0,0.0,T000227,P045,30.6,2025-08-18,18,8,2025,0,1,0,0,0,Low,-0.9587908331704008,2025-08
U0121,Ira Kapoor,38.0,2,Lucknow,2024-08-30,0.75,54.67714285714286,7,75,0.0,0.0,0.0,99.26,0.0,0.0,0.0,0.0,0.0,0.0,0.0,0.0,62.35,0.0,0.0,0.0,0.0,0.0,0.0,0.0,0.0,0.0,0.0,111.39,0.0,0.0,0.0,0.0,0.0,0.0,0.0,79.14,0.0,0.0,0.0,0.0,0.0,0.0,0.0,0.0,0.0,0.0,0.0,0.0,30.6,0.0,0.0,0.0,0.0,0.0,T000680,P024,111.39,2023-11-04,4,11,2023,0,0,1,0,0,High,1.2640518773825147,2023-11
U0121,Ira Kapoor,38.0,2,Lucknow,2024-08-30,0.75,54.67714285714286,7,75,0.0,0.0,0.0,99.26,0.0,0.0,0.0,0.0,0.0,0.0,0.0,0.0,62.35,0.0,0.0,0.0,0.0,0.0,0.0,0.0,0.0,0.0,0.0,111.39,0.0,0.0,0.0,0.0,0.0,0.0,0.0,79.14,0.0,0.0,0.0,0.0,0.0,0.0,0.0,0.0,0.0,0.0,0.0,0.0,30.6,0.0,0.0,0.0,0.0,0.0,T000795,P032,29.93,2024-06-26,26,6,2024,0,0,0,0,1,Low,-0.9772251024620268,2024-06
U0121,Ira Kapoor,38.0,2,Lucknow,2024-08-30,0.75,54.67714285714286,7,75,0.0,0.0,0.0,99.26,0.0,0.0,0.0,0.0,0.0,0.0,0.0,0.0,62.35,0.0,0.0,0.0,0.0,0.0,0.0,0.0,0.0,0.0,0.0,111.39,0.0,0.0,0.0,0.0,0.0,0.0,0.0,79.14,0.0,0.0,0.0,0.0,0.0,0.0,0.0,0.0,0.0,0.0,0.0,0.0,30.6,0.0,0.0,0.0,0.0,0.0,T000875,P004,99.26,2023-05-26,26,5,2023,0,0,0,0,1,High,0.9303090616997959,2023-05
U0121,Ira Kapoor,38.0,2,Lucknow,2024-08-30,0.75,54.67714285714286,7,75,0.0,0.0,0.0,99.26,0.0,0.0,0.0,0.0,0.0,0.0,0.0,0.0,62.35,0.0,0.0,0.0,0.0,0.0,0.0,0.0,0.0,0.0,0.0,111.39,0.0,0.0,0.0,0.0,0.0,0.0,0.0,79.14,0.0,0.0,0.0,0.0,0.0,0.0,0.0,0.0,0.0,0.0,0.0,0.0,30.6,0.0,0.0,0.0,0.0,0.0,T000876,P013,40.6,2023-09-03,3,9,2023,0,0,0,0,0,Low,-0.6836524855341939,2023-09
U0121,Ira Kapoor,38.0,2,Lucknow,2024-08-30,0.75,54.67714285714286,7,75,0.0,0.0,0.0,99.26,0.0,0.0,0.0,0.0,0.0,0.0,0.0,0.0,62.35,0.0,0.0,0.0,0.0,0.0,0.0,0.0,0.0,0.0,0.0,111.39,0.0,0.0,0.0,0.0,0.0,0.0,0.0,79.14,0.0,0.0,0.0,0.0,0.0,0.0,0.0,0.0,0.0,0.0,0.0,0.0,30.6,0.0,0.0,0.0,0.0,0.0,T000945,P032,49.21,2023-06-03,3,6,2023,0,1,0,0,0,Medium,-0.4467583682194198,2023-06
U0122,Myra Kulkarni,24.0,2,Visakhapatnam,2023-03-13,0.16666666666666674,44.449999999999996,3,221,0.0,0.0,0.0,0.0,0.0,0.0,0.0,36.26,21.28,0.0,0.0,0.0,0.0,0.0,0.0,0.0,0.0,0.0,0.0,0.0,0.0,0.0,0.0,0.0,0.0,0.0,0.0,0.0,75.81,0.0,0.0,0.0,0.0,0.0,0.0,0.0,0.0,0.0,0.0,0.0,0.0,0.0,0.0,0.0,0.0,0.0,0.0,0.0,0.0,0.0,T000109,P029,75.81,2023-08-12,12,8,2023,0,0,0,1,0,High,0.2851096364928906,2023-08
U0122,Myra Kulkarni,24.0,2,Visakhapatnam,2023-03-13,0.16666666666666674,44.449999999999996,3,221,0.0,0.0,0.0,0.0,0.0,0.0,0.0,36.26,21.28,0.0,0.0,0.0,0.0,0.0,0.0,0.0,0.0,0.0,0.0,0.0,0.0,0.0,0.0,0.0,0.0,0.0,0.0,0.0,75.81,0.0,0.0,0.0,0.0,0.0,0.0,0.0,0.0,0.0,0.0,0.0,0.0,0.0,0.0,0.0,0.0,0.0,0.0,0.0,0.0,0.0,T000794,P008,36.26,2025-03-25,25,3,2025,0,0,0,1,0,Low,-0.8030625284083078,2025-03
U0122,Myra Kulkarni,24.0,2,Visakhapatnam,2023-03-13,0.16666666666666674,44.449999999999996,3,221,0.0,0.0,0.0,0.0,0.0,0.0,0.0,36.26,21.28,0.0,0.0,0.0,0.0,0.0,0.0,0.0,0.0,0.0,0.0,0.0,0.0,0.0,0.0,0.0,0.0,0.0,0.0,0.0,75.81,0.0,0.0,0.0,0.0,0.0,0.0,0.0,0.0,0.0,0.0,0.0,0.0,0.0,0.0,0.0,0.0,0.0,0.0,0.0,0.0,0.0,T000848,P009,21.28,2023-12-21,21,12,2023,0,0,0,0,1,Low,-1.2152197731673458,2023-12
U0123,Aarohi Roy,43.0,1,Bhopal,2023-04-06,0.9583333333333333,52.39142857142857,7,220,0.0,0.0,0.0,0.0,29.89,0.0,0.0,0.0,0.0,0.0,0.0,0.0,0.0,82.91,0.0,0.0,0.0,0.0,0.0,0.0,34.23,0.0,42.41,0.0,0.0,89.59,0.0,0.0,0.0,0.0,0.0,0.0,0.0,0.0,0.0,0.0,21.28,0.0,0.0,0.0,0.0,66.43,0.0,0.0,0.0,0.0,0.0,0.0,0.0,0.0,T000113,P026,89.59,2023-08-10,10,8,2023,0,0,1,0,0,High,0.6642502795355837,2023-08
U0123,Aarohi Roy,43.0,1,Bhopal,2023-04-06,0.9583333333333333,52.39142857142857,7,220,0.0,0.0,0.0,0.0,29.89,0.0,0.0,0.0,0.0,0.0,0.0,0.0,0.0,82.91,0.0,0.0,0.0,0.0,0.0,0.0,34.23,0.0,42.41,0.0,0.0,89.59,0.0,0.0,0.0,0.0,0.0,0.0,0.0,0.0,0.0,0.0,21.28,0.0,0.0,0.0,0.0,66.43,0.0,0.0,0.0,0.0,0.0,0.0,0.0,0.0,T000360,P023,42.41,2024-07-14,14,7,2024,0,0,0,0,0,Low,-0.6338524446120406,2024-07
U0123,Aarohi Roy,43.0,1,Bhopal,2023-04-06,0.9583333333333333,52.39142857142857,7,220,0.0,0.0,0.0,0.0,29.89,0.0,0.0,0.0,0.0,0.0,0.0,0.0,0.0,82.91,0.0,0.0,0.0,0.0,0.0,0.0,34.23,0.0,42.41,0.0,0.0,89.59,0.0,0.0,0.0,0.0,0.0,0.0,0.0,0.0,0.0,0.0,21.28,0.0,0.0,0.0,0.0,66.43,0.0,0.0,0.0,0.0,0.0,0.0,0.0,0.0,T000373,P042,66.43,2024-08-11,11,8,2024,0,1,0,0,0,Medium,0.027029866410128646,2024-08
U0123,Aarohi Roy,43.0,1,Bhopal,2023-04-06,0.9583333333333333,52.39142857142857,7,220,0.0,0.0,0.0,0.0,29.89,0.0,0.0,0.0,0.0,0.0,0.0,0.0,0.0,82.91,0.0,0.0,0.0,0.0,0.0,0.0,34.23,0.0,42.41,0.0,0.0,89.59,0.0,0.0,0.0,0.0,0.0,0.0,0.0,0.0,0.0,0.0,21.28,0.0,0.0,0.0,0.0,66.43,0.0,0.0,0.0,0.0,0.0,0.0,0.0,0.0,T000450,P014,82.91,2024-09-12,12,9,2024,0,0,0,1,0,High,0.48045786331459733,2024-09
U0123,Aarohi Roy,43.0,1,Bhopal,2023-04-06,0.9583333333333333,52.39142857142857,7,220,0.0,0.0,0.0,0.0,29.89,0.0,0.0,0.0,0.0,0.0,0.0,0.0,0.0,82.91,0.0,0.0,0.0,0.0,0.0,0.0,34.23,0.0,42.41,0.0,0.0,89.59,0.0,0.0,0.0,0.0,0.0,0.0,0.0,0.0,0.0,0.0,21.28,0.0,0.0,0.0,0.0,66.43,0.0,0.0,0.0,0.0,0.0,0.0,0.0,0.0,T000530,P021,34.23,2025-03-26,26,3,2025,0,1,0,0,0,Low,-0.8589156129784579,2025-03
U0123,Aarohi Roy,43.0,1,Bhopal,2023-04-06,0.9583333333333333,52.39142857142857,7,220,0.0,0.0,0.0,0.0,29.89,0.0,0.0,0.0,0.0,0.0,0.0,0.0,0.0,82.91,0.0,0.0,0.0,0.0,0.0,0.0,34.23,0.0,42.41,0.0,0.0,89.59,0.0,0.0,0.0,0.0,0.0,0.0,0.0,0.0,0.0,0.0,21.28,0.0,0.0,0.0,0.0,66.43,0.0,0.0,0.0,0.0,0.0,0.0,0.0,0.0,T000633,P005,29.89,2025-02-23,23,2,2025,0,1,0,0,0,Low,-0.9783256558525716,2025-02
U0123,Aarohi Roy,43.0,1,Bhopal,2023-04-06,0.9583333333333333,52.39142857142857,7,220,0.0,0.0,0.0,0.0,29.89,0.0,0.0,0.0,0.0,0.0,0.0,0.0,0.0,82.91,0.0,0.0,0.0,0.0,0.0,0.0,34.23,0.0,42.41,0.0,0.0,89.59,0.0,0.0,0.0,0.0,0.0,0.0,0.0,0.0,0.0,0.0,21.28,0.0,0.0,0.0,0.0,66.43,0.0,0.0,0.0,0.0,0.0,0.0,0.0,0.0,T000778,P037,21.28,2024-04-06,6,4,2024,0,0,0,0,1,Low,-1.2152197731673458,2024-04
U0124,Ishaan Ghosh,20.0,2,Jaipur,2024-02-24,0.0,97.11,3,204,0.0,0.0,0.0,0.0,0.0,0.0,31.31,0.0,0.0,0.0,0.0,0.0,0.0,0.0,0.0,38.27,0.0,0.0,0.0,0.0,0.0,0.0,124.64,0.0,0.0,0.0,0.0,0.0,0.0,0.0,0.0,0.0,0.0,0.0,0.0,0.0,0.0,0.0,0.0,0.0,0.0,0.0,0.0,0.0,0.0,0.0,0.0,0.0,0.0,0.0,T000061,P007,31.31,2025-02-20,20,2,2025,0,1,0,0,0,Low,-0.9392560104882302,2025-02
U0124,Ishaan Ghosh,20.0,2,Jaipur,2024-02-24,0.0,97.11,3,204,0.0,0.0,0.0,0.0,0.0,0.0,31.31,0.0,0.0,0.0,0.0,0.0,0.0,0.0,0.0,38.27,0.0,0.0,0.0,0.0,0.0,0.0,124.64,0.0,0.0,0.0,0.0,0.0,0.0,0.0,0.0,0.0,0.0,0.0,0.0,0.0,0.0,0.0,0.0,0.0,0.0,0.0,0.0,0.0,0.0,0.0,0.0,0.0,0.0,0.0,T000307,P016,38.27,2025-04-11,11,4,2025,0,0,0,0,1,Low,-0.7477597205334301,2025-04
U0124,Ishaan Ghosh,20.0,2,Jaipur,2024-02-24,0.0,97.11,3,204,0.0,0.0,0.0,0.0,0.0,0.0,31.31,0.0,0.0,0.0,0.0,0.0,0.0,0.0,0.0,38.27,0.0,0.0,0.0,0.0,0.0,0.0,124.64,0.0,0.0,0.0,0.0,0.0,0.0,0.0,0.0,0.0,0.0,0.0,0.0,0.0,0.0,0.0,0.0,0.0,0.0,0.0,0.0,0.0,0.0,0.0,0.0,0.0,0.0,0.0,T000942,P023,124.64,2025-02-27,27,2,2025,0,0,0,0,1,High,1.6286101880004888,2025-02
U0125,Ira Joshi,36.0,2,Kolkata,2022-10-09,0.6666666666666667,95.11,2,133,0.0,0.0,0.0,0.0,0.0,0.0,0.0,111.46,78.76,0.0,0.0,0.0,0.0,0.0,0.0,0.0,0.0,0.0,0.0,0.0,0.0,0.0,0.0,0.0,0.0,0.0,0.0,0.0,0.0,0.0,0.0,0.0,0.0,0.0,0.0,0.0,0.0,0.0,0.0,0.0,0.0,0.0,0.0,0.0,0.0,0.0,0.0,0.0,0.0,0.0,T000584,P009,78.76,2025-02-25,25,2,2025,0,1,0,0,0,High,0.3662754490455717,2025-02
U0125,Ira Joshi,36.0,2,Kolkata,2022-10-09,0.6666666666666667,95.11,2,133,0.0,0.0,0.0,0.0,0.0,0.0,0.0,111.46,78.76,0.0,0.0,0.0,0.0,0.0,0.0,0.0,0.0,0.0,0.0,0.0,0.0,0.0,0.0,0.0,0.0,0.0,0.0,0.0,0.0,0.0,0.0,0.0,0.0,0.0,0.0,0.0,0.0,0.0,0.0,0.0,0.0,0.0,0.0,0.0,0.0,0.0,0.0,0.0,0.0,0.0,T000937,P008,111.46,2025-06-21,21,6,2025,0,0,1,0,0,High,1.265977845815968,2025-06
U0126,Myra Gupta,44.0,2,Surat,2022-08-29,1.0,80.346,6,462,0.0,0.0,47.24,59.62,0.0,0.0,0.0,0.0,0.0,115.98,0.0,0.0,0.0,0.0,0.0,0.0,0.0,0.0,0.0,0.0,0.0,0.0,21.28,0.0,0.0,0.0,0.0,0.0,0.0,0.0,0.0,0.0,0.0,0.0,0.0,0.0,0.0,0.0,0.0,0.0,0.0,0.0,0.0,0.0,0.0,88.95,0.0,0.0,68.66,0.0,T000114,P046,88.95,2023-05-31,31,5,2023,0,0,1,0,0,High,0.6466414252868665,2023-05
U0126,Myra Gupta,44.0,2,Surat,2022-08-29,1.0,80.346,6,462,0.0,0.0,47.24,59.62,0.0,0.0,0.0,0.0,0.0,115.98,0.0,0.0,0.0,0.0,0.0,0.0,0.0,0.0,0.0,0.0,0.0,0.0,21.28,0.0,0.0,0.0,0.0,0.0,0.0,0.0,0.0,0.0,0.0,0.0,0.0,0.0,0.0,0.0,0.0,0.0,0.0,0.0,0.0,0.0,0.0,88.95,0.0,0.0,68.66,0.0,T000609,P010,115.98,2024-07-04,4,7,2024,0,0,0,0,0,High,1.3903403789475337,2024-07
U0126,Myra Gupta,44.0,2,Surat,2022-08-29,1.0,80.346,6,462,0.0,0.0,47.24,59.62,0.0,0.0,0.0,0.0,0.0,115.98,0.0,0.0,0.0,0.0,0.0,0.0,0.0,0.0,0.0,0.0,0.0,0.0,21.28,0.0,0.0,0.0,0.0,0.0,0.0,0.0,0.0,0.0,0.0,0.0,0.0,0.0,0.0,0.0,0.0,0.0,0.0,0.0,0.0,0.0,0.0,88.95,0.0,0.0,68.66,0.0,T000698,P004,59.62,2024-07-27,27,7,2024,0,1,0,0,0,Medium,-0.1603393483301285,2024-07
U0126,Myra Gupta,44.0,2,Surat,2022-08-29,1.0,80.346,6,462,0.0,0.0,47.24,59.62,0.0,0.0,0.0,0.0,0.0,115.98,0.0,0.0,0.0,0.0,0.0,0.0,0.0,0.0,0.0,0.0,0.0,0.0,21.28,0.0,0.0,0.0,0.0,0.0,0.0,0.0,0.0,0.0,0.0,0.0,0.0,0.0,0.0,0.0,0.0,0.0,0.0,0.0,0.0,0.0,0.0,88.95,0.0,0.0,68.66,0.0,T000751,P003,47.24,2023-04-26,26,4,2023,1,0,0,0,0,Medium,-0.5009606227037525,2023-04
U0126,Myra Gupta,44.0,2,Surat,2022-08-29,1.0,80.346,6,462,0.0,0.0,47.24,59.62,0.0,0.0,0.0,0.0,0.0,115.98,0.0,0.0,0.0,0.0,0.0,0.0,0.0,0.0,0.0,0.0,0.0,0.0,21.28,0.0,0.0,0.0,0.0,0.0,0.0,0.0,0.0,0.0,0.0,0.0,0.0,0.0,0.0,0.0,0.0,0.0,0.0,0.0,0.0,0.0,0.0,88.95,0.0,0.0,68.66,0.0,T000885,P049,68.66,2023-09-23,23,9,2023,1,0,0,0,0,Medium,0.0883857179330025,2023-09
U0126,Myra Gupta,44.0,2,Surat,2022-08-29,1.0,80.346,6,462,0.0,0.0,47.24,59.62,0.0,0.0,0.0,0.0,0.0,115.98,0.0,0.0,0.0,0.0,0.0,0.0,0.0,0.0,0.0,0.0,0.0,0.0,21.28,0.0,0.0,0.0,0.0,0.0,0.0,0.0,0.0,0.0,0.0,0.0,0.0,0.0,0.0,0.0,0.0,0.0,0.0,0.0,0.0,0.0,0.0,88.95,0.0,0.0,68.66,0.0,T000898,P023,21.28,2023-12-04,4,12,2023,0,1,0,0,0,Low,-1.2152197731673458,2023-12
U0127,Ishaan Nair,24.0,0,Vadodara,2022-03-24,0.16666666666666674,108.94500000000001,2,7,0.0,0.0,154.71,0.0,0.0,0.0,0.0,0.0,0.0,0.0,0.0,0.0,0.0,0.0,0.0,0.0,0.0,0.0,0.0,0.0,0.0,0.0,0.0,0.0,0.0,0.0,0.0,0.0,0.0,0.0,0.0,0.0,0.0,0.0,63.18,0.0,0.0,0.0,0.0,0.0,0.0,0.0,0.0,0.0,0.0,0.0,0.0,0.0,0.0,0.0,T000035,P003,154.71,2025-10-25,25,10,2025,0,1,0,0,0,High,2.455951199342563,2025-10
U0127,Ishaan Nair,24.0,0,Vadodara,2022-03-24,0.16666666666666674,108.94500000000001,2,7,0.0,0.0,154.71,0.0,0.0,0.0,0.0,0.0,0.0,0.0,0.0,0.0,0.0,0.0,0.0,0.0,0.0,0.0,0.0,0.0,0.0,0.0,0.0,0.0,0.0,0.0,0.0,0.0,0.0,0.0,0.0,0.0,0.0,0.0,63.18,0.0,0.0,0.0,0.0,0.0,0.0,0.0,0.0,0.0,0.0,0.0,0.0,0.0,0.0,0.0,T000750,P035,63.18,2023-12-26,26,12,2023,0,0,0,1,0,Medium,-0.06239009657163879,2023-12
U0128,Arjun Reddy,27.0,1,Nagpur,2023-12-12,0.29166666666666674,56.245000000000005,4,162,0.0,154.17000000000002,0.0,0.0,0.0,0.0,0.0,0.0,0.0,0.0,0.0,0.0,0.0,0.0,0.0,0.0,0.0,0.0,0.0,0.0,0.0,0.0,0.0,0.0,0.0,0.0,0.0,0.0,0.0,35.21,0.0,0.0,0.0,0.0,0.0,35.6,0.0,0.0,0.0,0.0,0.0,0.0,0.0,0.0,0.0,0.0,0.0,0.0,0.0,0.0,T000320,P002,85.7,2025-03-16,16,3,2025,1,0,0,0,0,High,0.5572214623050993,2025-03
U0128,Arjun Reddy,27.0,1,Nagpur,2023-12-12,0.29166666666666674,56.245000000000005,4,162,0.0,154.17000000000002,0.0,0.0,0.0,0.0,0.0,0.0,0.0,0.0,0.0,0.0,0.0,0.0,0.0,0.0,0.0,0.0,0.0,0.0,0.0,0.0,0.0,0.0,0.0,0.0,0.0,0.0,0.0,35.21,0.0,0.0,0.0,0.0,0.0,35.6,0.0,0.0,0.0,0.0,0.0,0.0,0.0,0.0,0.0,0.0,0.0,0.0,0.0,0.0,T000465,P036,35.6,2024-11-22,22,11,2024,0,0,0,0,1,Low,-0.8212216593522974,2024-11
U0128,Arjun Reddy,27.0,1,Nagpur,2023-12-12,0.29166666666666674,56.245000000000005,4,162,0.0,154.17000000000002,0.0,0.0,0.0,0.0,0.0,0.0,0.0,0.0,0.0,0.0,0.0,0.0,0.0,0.0,0.0,0.0,0.0,0.0,0.0,0.0,0.0,0.0,0.0,0.0,0.0,0.0,0.0,35.21,0.0,0.0,0.0,0.0,0.0,35.6,0.0,0.0,0.0,0.0,0.0,0.0,0.0,0.0,0.0,0.0,0.0,0.0,0.0,0.0,T000674,P030,35.21,2025-01-07,7,1,2025,0,0,0,0,0,Low,-0.8319520549101095,2025-01
U0128,Arjun Reddy,27.0,1,Nagpur,2023-12-12,0.29166666666666674,56.245000000000005,4,162,0.0,154.17000000000002,0.0,0.0,0.0,0.0,0.0,0.0,0.0,0.0,0.0,0.0,0.0,0.0,0.0,0.0,0.0,0.0,0.0,0.0,0.0,0.0,0.0,0.0,0.0,0.0,0.0,0.0,0.0,35.21,0.0,0.0,0.0,0.0,0.0,35.6,0.0,0.0,0.0,0.0,0.0,0.0,0.0,0.0,0.0,0.0,0.0,0.0,0.0,0.0,T000728,P002,68.47,2025-05-23,23,5,2025,0,0,1,0,0,Medium,0.08315808932791463,2025-05
U0129,Arjun Das,32.0,1,Indore,2023-02-22,0.5,73.32000000000001,7,245,0.0,0.0,26.4,0.0,0.0,0.0,0.0,0.0,0.0,0.0,0.0,0.0,0.0,0.0,0.0,0.0,0.0,0.0,136.69,0.0,0.0,0.0,0.0,47.02,0.0,0.0,0.0,0.0,0.0,0.0,0.0,0.0,0.0,66.65,0.0,45.92,93.42,0.0,0.0,0.0,0.0,23.82,0.0,0.0,0.0,0.0,0.0,0.0,0.0,0.0,T000158,P036,45.92,2024-12-26,26,12,2024,0,0,0,0,1,Medium,-0.5372788845917319,2024-12
U0129,Arjun Das,32.0,1,Indore,2023-02-22,0.5,73.32000000000001,7,245,0.0,0.0,26.4,0.0,0.0,0.0,0.0,0.0,0.0,0.0,0.0,0.0,0.0,0.0,0.0,0.0,0.0,0.0,136.69,0.0,0.0,0.0,0.0,47.02,0.0,0.0,0.0,0.0,0.0,0.0,0.0,0.0,0.0,66.65,0.0,45.92,93.42,0.0,0.0,0.0,0.0,23.82,0.0,0.0,0.0,0.0,0.0,0.0,0.0,0.0,T000215,P034,66.65,2023-11-28,28,11,2023,0,0,1,0,0,Medium,0.033082910058125164,2023-11
U0129,Arjun Das,32.0,1,Indore,2023-02-22,0.5,73.32000000000001,7,245,0.0,0.0,26.4,0.0,0.0,0.0,0.0,0.0,0.0,0.0,0.0,0.0,0.0,0.0,0.0,0.0,0.0,0.0,136.69,0.0,0.0,0.0,0.0,47.02,0.0,0.0,0.0,0.0,0.0,0.0,0.0,0.0,0.0,66.65,0.0,45.92,93.42,0.0,0.0,0.0,0.0,23.82,0.0,0.0,0.0,0.0,0.0,0.0,0.0,0.0,T000223,P024,47.02,2025-03-01,1,3,2025,0,1,0,0,0,Medium,-0.507013666351749,2025-03
U0129,Arjun Das,32.0,1,Indore,2023-02-22,0.5,73.32000000000001,7,245,0.0,0.0,26.4,0.0,0.0,0.0,0.0,0.0,0.0,0.0,0.0,0.0,0.0,0.0,0.0,0.0,0.0,0.0,136.69,0.0,0.0,0.0,0.0,47.02,0.0,0.0,0.0,0.0,0.0,0.0,0.0,0.0,0.0,66.65,0.0,45.92,93.42,0.0,0.0,0.0,0.0,23.82,0.0,0.0,0.0,0.0,0.0,0.0,0.0,0.0,T000300,P042,23.82,2023-11-12,12,11,2023,0,1,0,0,0,Low,-1.1453346328677492,2023-11
U0129,Arjun Das,32.0,1,Indore,2023-02-22,0.5,73.32000000000001,7,245,0.0,0.0,26.4,0.0,0.0,0.0,0.0,0.0,0.0,0.0,0.0,0.0,0.0,0.0,0.0,0.0,0.0,0.0,136.69,0.0,0.0,0.0,0.0,47.02,0.0,0.0,0.0,0.0,0.0,0.0,0.0,0.0,0.0,66.65,0.0,45.92,93.42,0.0,0.0,0.0,0.0,23.82,0.0,0.0,0.0,0.0,0.0,0.0,0.0,0.0,T000334,P003,26.4,2023-03-21,21,3,2023,1,0,0,0,0,Low,-1.0743489391776078,2023-03
U0129,Arjun Das,32.0,1,Indore,2023-02-22,0.5,73.32000000000001,7,245,0.0,0.0,26.4,0.0,0.0,0.0,0.0,0.0,0.0,0.0,0.0,0.0,0.0,0.0,0.0,0.0,0.0,0.0,136.69,0.0,0.0,0.0,0.0,47.02,0.0,0.0,0.0,0.0,0.0,0.0,0.0,0.0,0.0,66.65,0.0,45.92,93.42,0.0,0.0,0.0,0.0,23.82,0.0,0.0,0.0,0.0,0.0,0.0,0.0,0.0,T000432,P019,136.69,2024-10-15,15,10,2024,0,1,0,0,0,High,1.960151896902118,2024-10
U0129,Arjun Das,32.0,1,Indore,2023-02-22,0.5,73.32000000000001,7,245,0.0,0.0,26.4,0.0,0.0,0.0,0.0,0.0,0.0,0.0,0.0,0.0,0.0,0.0,0.0,0.0,0.0,0.0,136.69,0.0,0.0,0.0,0.0,47.02,0.0,0.0,0.0,0.0,0.0,0.0,0.0,0.0,0.0,66.65,0.0,45.92,93.42,0.0,0.0,0.0,0.0,23.82,0.0,0.0,0.0,0.0,0.0,0.0,0.0,0.0,T000807,P037,93.42,2023-10-29,29,10,2023,0,0,0,0,0,High,0.769628266680251,2023-10
U0130,Anaya Kapoor,27.0,0,Indore,2022-03-05,0.29166666666666674,35.902,5,9,0.0,0.0,0.0,0.0,33.62,0.0,0.0,0.0,0.0,0.0,0.0,0.0,0.0,0.0,0.0,0.0,0.0,56.75,33.13,0.0,0.0,0.0,0.0,0.0,34.73,0.0,0.0,0.0,0.0,21.28,0.0,0.0,0.0,0.0,0.0,0.0,0.0,0.0,0.0,0.0,0.0,0.0,0.0,0.0,0.0,0.0,0.0,0.0,0.0,0.0,T000027,P018,56.75,2024-08-02,2,8,2024,1,0,0,0,0,Medium,-0.23930405410171982,2024-08
U0130,Anaya Kapoor,27.0,0,Indore,2022-03-05,0.29166666666666674,35.902,5,9,0.0,0.0,0.0,0.0,33.62,0.0,0.0,0.0,0.0,0.0,0.0,0.0,0.0,0.0,0.0,0.0,0.0,56.75,33.13,0.0,0.0,0.0,0.0,0.0,34.73,0.0,0.0,0.0,0.0,21.28,0.0,0.0,0.0,0.0,0.0,0.0,0.0,0.0,0.0,0.0,0.0,0.0,0.0,0.0,0.0,0.0,0.0,0.0,0.0,0.0,T000180,P005,33.62,2025-08-03,3,8,2025,0,0,0,1,0,Low,-0.8756990521842665,2025-08
U0130,Anaya Kapoor,27.0,0,Indore,2022-03-05,0.29166666666666674,35.902,5,9,0.0,0.0,0.0,0.0,33.62,0.0,0.0,0.0,0.0,0.0,0.0,0.0,0.0,0.0,0.0,0.0,0.0,56.75,33.13,0.0,0.0,0.0,0.0,0.0,34.73,0.0,0.0,0.0,0.0,21.28,0.0,0.0,0.0,0.0,0.0,0.0,0.0,0.0,0.0,0.0,0.0,0.0,0.0,0.0,0.0,0.0,0.0,0.0,0.0,0.0,T000321,P030,21.28,2024-03-16,16,3,2024,0,1,0,0,0,Low,-1.2152197731673458,2024-03
U0130,Anaya Kapoor,27.0,0,Indore,2022-03-05,0.29166666666666674,35.902,5,9,0.0,0.0,0.0,0.0,33.62,0.0,0.0,0.0,0.0,0.0,0.0,0.0,0.0,0.0,0.0,0.0,0.0,56.75,33.13,0.0,0.0,0.0,0.0,0.0,34.73,0.0,0.0,0.0,0.0,21.28,0.0,0.0,0.0,0.0,0.0,0.0,0.0,0.0,0.0,0.0,0.0,0.0,0.0,0.0,0.0,0.0,0.0,0.0,0.0,0.0,T000657,P019,33.13,2025-10-23,23,10,2025,0,0,0,0,1,Low,-0.8891808312184405,2025-10
U0130,Anaya Kapoor,27.0,0,Indore,2022-03-05,0.29166666666666674,35.902,5,9,0.0,0.0,0.0,0.0,33.62,0.0,0.0,0.0,0.0,0.0,0.0,0.0,0.0,0.0,0.0,0.0,0.0,56.75,33.13,0.0,0.0,0.0,0.0,0.0,34.73,0.0,0.0,0.0,0.0,21.28,0.0,0.0,0.0,0.0,0.0,0.0,0.0,0.0,0.0,0.0,0.0,0.0,0.0,0.0,0.0,0.0,0.0,0.0,0.0,0.0,T000975,P025,34.73,2024-05-23,23,5,2024,0,0,1,0,0,Low,-0.8451586955966475,2024-05
U0131,Muhammad Mukherjee,20.0,0,Patna,2024-08-26,0.0,73.65,5,101,0.0,0.0,0.0,0.0,0.0,0.0,0.0,0.0,0.0,0.0,0.0,0.0,0.0,61.67,0.0,0.0,0.0,0.0,0.0,0.0,0.0,0.0,0.0,0.0,0.0,0.0,0.0,0.0,0.0,0.0,0.0,0.0,0.0,0.0,0.0,146.23,0.0,0.0,0.0,0.0,57.89,0.0,0.0,0.0,0.0,0.0,0.0,37.83,0.0,64.63,T000169,P041,57.89,2024-02-02,2,2,2024,1,0,0,0,0,Medium,-0.20793828247119223,2024-02
U0131,Muhammad Mukherjee,20.0,0,Patna,2024-08-26,0.0,73.65,5,101,0.0,0.0,0.0,0.0,0.0,0.0,0.0,0.0,0.0,0.0,0.0,0.0,0.0,61.67,0.0,0.0,0.0,0.0,0.0,0.0,0.0,0.0,0.0,0.0,0.0,0.0,0.0,0.0,0.0,0.0,0.0,0.0,0.0,0.0,0.0,146.23,0.0,0.0,0.0,0.0,57.89,0.0,0.0,0.0,0.0,0.0,0.0,37.83,0.0,64.63,T000549,P048,37.83,2024-03-28,28,3,2024,0,0,0,0,0,Low,-0.7598658078294234,2024-03
U0131,Muhammad Mukherjee,20.0,0,Patna,2024-08-26,0.0,73.65,5,101,0.0,0.0,0.0,0.0,0.0,0.0,0.0,0.0,0.0,0.0,0.0,0.0,0.0,61.67,0.0,0.0,0.0,0.0,0.0,0.0,0.0,0.0,0.0,0.0,0.0,0.0,0.0,0.0,0.0,0.0,0.0,0.0,0.0,0.0,0.0,146.23,0.0,0.0,0.0,0.0,57.89,0.0,0.0,0.0,0.0,0.0,0.0,37.83,0.0,64.63,T000661,P014,61.67,2024-10-31,31,10,2024,0,1,0,0,0,Medium,-0.10393598706470598,2024-10
U0131,Muhammad Mukherjee,20.0,0,Patna,2024-08-26,0.0,73.65,5,101,0.0,0.0,0.0,0.0,0.0,0.0,0.0,0.0,0.0,0.0,0.0,0.0,0.0,61.67,0.0,0.0,0.0,0.0,0.0,0.0,0.0,0.0,0.0,0.0,0.0,0.0,0.0,0.0,0.0,0.0,0.0,0.0,0.0,0.0,0.0,146.23,0.0,0.0,0.0,0.0,57.89,0.0,0.0,0.0,0.0,0.0,0.0,37.83,0.0,64.63,T000955,P036,146.23,2025-07-23,23,7,2025,0,1,0,0,0,High,2.2226338805470593,2025-07
U0131,Muhammad Mukherjee,20.0,0,Patna,2024-08-26,0.0,73.65,5,101,0.0,0.0,0.0,0.0,0.0,0.0,0.0,0.0,0.0,0.0,0.0,0.0,0.0,61.67,0.0,0.0,0.0,0.0,0.0,0.0,0.0,0.0,0.0,0.0,0.0,0.0,0.0,0.0,0.0,0.0,0.0,0.0,0.0,0.0,0.0,146.23,0.0,0.0,0.0,0.0,57.89,0.0,0.0,0.0,0.0,0.0,0.0,37.83,0.0,64.63,T000972,P050,64.63,2023-12-22,22,12,2023,0,1,0,0,0,Medium,-0.022495036164388908,2023-12
U0132,Aarav Chopra,32.0,0,Bhopal,2022-01-07,0.5,79.3075,6,66,0.0,0.0,0.0,64.55,0.0,0.0,0.0,0.0,0.0,0.0,21.28,0.0,0.0,0.0,0.0,0.0,0.0,0.0,0.0,0.0,0.0,0.0,0.0,0.0,0.0,52.58,0.0,0.0,0.0,57.95,0.0,0.0,0.0,0.0,0.0,0.0,0.0,0.0,0.0,0.0,0.0,0.0,0.0,0.0,0.0,0.0,0.0,120.87,0.0,0.0,T000251,P026,52.58,2025-08-27,27,8,2025,0,0,0,0,0,Medium,-0.3540367450660181,2025-08
U0132,Aarav Chopra,32.0,0,Bhopal,2022-01-07,0.5,79.3075,6,66,0.0,0.0,0.0,64.55,0.0,0.0,0.0,0.0,0.0,0.0,21.28,0.0,0.0,0.0,0.0,0.0,0.0,0.0,0.0,0.0,0.0,0.0,0.0,0.0,0.0,52.58,0.0,0.0,0.0,57.95,0.0,0.0,0.0,0.0,0.0,0.0,0.0,0.0,0.0,0.0,0.0,0.0,0.0,0.0,0.0,0.0,0.0,120.87,0.0,0.0,T000267,P048,78.93,2023-11-24,24,11,2023,0,0,0,0,1,High,0.3709528009553873,2023-11
U0132,Aarav Chopra,32.0,0,Bhopal,2022-01-07,0.5,79.3075,6,66,0.0,0.0,0.0,64.55,0.0,0.0,0.0,0.0,0.0,0.0,21.28,0.0,0.0,0.0,0.0,0.0,0.0,0.0,0.0,0.0,0.0,0.0,0.0,0.0,0.0,52.58,0.0,0.0,0.0,57.95,0.0,0.0,0.0,0.0,0.0,0.0,0.0,0.0,0.0,0.0,0.0,0.0,0.0,0.0,0.0,0.0,0.0,120.87,0.0,0.0,T000319,P030,57.95,2024-09-23,23,9,2024,0,0,1,0,0,Medium,-0.2062874523853749,2024-09
U0132,Aarav Chopra,32.0,0,Bhopal,2022-01-07,0.5,79.3075,6,66,0.0,0.0,0.0,64.55,0.0,0.0,0.0,0.0,0.0,0.0,21.28,0.0,0.0,0.0,0.0,0.0,0.0,0.0,0.0,0.0,0.0,0.0,0.0,0.0,0.0,52.58,0.0,0.0,0.0,57.95,0.0,0.0,0.0,0.0,0.0,0.0,0.0,0.0,0.0,0.0,0.0,0.0,0.0,0.0,0.0,0.0,0.0,120.87,0.0,0.0,T000612,P048,41.94,2025-01-25,25,1,2025,0,0,0,1,0,Low,-0.6467839469509423,2025-01
U0132,Aarav Chopra,32.0,0,Bhopal,2022-01-07,0.5,79.3075,6,66,0.0,0.0,0.0,64.55,0.0,0.0,0.0,0.0,0.0,0.0,21.28,0.0,0.0,0.0,0.0,0.0,0.0,0.0,0.0,0.0,0.0,0.0,0.0,0.0,0.0,52.58,0.0,0.0,0.0,57.95,0.0,0.0,0.0,0.0,0.0,0.0,0.0,0.0,0.0,0.0,0.0,0.0,0.0,0.0,0.0,0.0,0.0,120.87,0.0,0.0,T000716,P004,64.55,2024-09-04,4,9,2024,0,0,0,0,1,Medium,-0.02469614294547852,2024-09
U0132,Aarav Chopra,32.0,0,Bhopal,2022-01-07,0.5,79.3075,6,66,0.0,0.0,0.0,64.55,0.0,0.0,0.0,0.0,0.0,0.0,21.28,0.0,0.0,0.0,0.0,0.0,0.0,0.0,0.0,0.0,0.0,0.0,0.0,0.0,0.0,52.58,0.0,0.0,0.0,57.95,0.0,0.0,0.0,0.0,0.0,0.0,0.0,0.0,0.0,0.0,0.0,0.0,0.0,0.0,0.0,0.0,0.0,120.87,0.0,0.0,T000832,P011,21.28,2024-09-29,29,9,2024,1,0,0,0,0,Low,-1.2152197731673458,2024-09
U0133,Diya Singh,23.0,0,Indore,2023-07-06,0.125,88.104,5,370,0.0,0.0,154.71,0.0,0.0,0.0,0.0,0.0,0.0,0.0,0.0,0.0,0.0,49.73,0.0,0.0,0.0,0.0,0.0,0.0,0.0,0.0,0.0,0.0,77.16,0.0,0.0,0.0,0.0,56.17,0.0,0.0,0.0,0.0,0.0,0.0,0.0,0.0,0.0,0.0,0.0,102.75,0.0,0.0,0.0,0.0,0.0,0.0,0.0,0.0,T000004,P042,102.75,2024-07-23,23,7,2024,0,0,1,0,0,High,1.0263323450248318,2024-07
U0133,Diya Singh,23.0,0,Indore,2023-07-06,0.125,88.104,5,370,0.0,0.0,154.71,0.0,0.0,0.0,0.0,0.0,0.0,0.0,0.0,0.0,0.0,49.73,0.0,0.0,0.0,0.0,0.0,0.0,0.0,0.0,0.0,0.0,77.16,0.0,0.0,0.0,0.0,56.17,0.0,0.0,0.0,0.0,0.0,0.0,0.0,0.0,0.0,0.0,0.0,102.75,0.0,0.0,0.0,0.0,0.0,0.0,0.0,0.0,T000277,P025,77.16,2023-08-30,30,8,2023,0,0,0,0,0,High,0.3222533134237784,2023-08
U0133,Diya Singh,23.0,0,Indore,2023-07-06,0.125,88.104,5,370,0.0,0.0,154.71,0.0,0.0,0.0,0.0,0.0,0.0,0.0,0.0,0.0,0.0,49.73,0.0,0.0,0.0,0.0,0.0,0.0,0.0,0.0,0.0,0.0,77.16,0.0,0.0,0.0,0.0,56.17,0.0,0.0,0.0,0.0,0.0,0.0,0.0,0.0,0.0,0.0,0.0,102.75,0.0,0.0,0.0,0.0,0.0,0.0,0.0,0.0,T000336,P030,56.17,2023-10-14,14,10,2023,0,1,0,0,0,Medium,-0.2552620782646198,2023-10
U0133,Diya Singh,23.0,0,Indore,2023-07-06,0.125,88.104,5,370,0.0,0.0,154.71,0.0,0.0,0.0,0.0,0.0,0.0,0.0,0.0,0.0,0.0,49.73,0.0,0.0,0.0,0.0,0.0,0.0,0.0,0.0,0.0,0.0,77.16,0.0,0.0,0.0,0.0,56.17,0.0,0.0,0.0,0.0,0.0,0.0,0.0,0.0,0.0,0.0,0.0,102.75,0.0,0.0,0.0,0.0,0.0,0.0,0.0,0.0,T000352,P014,49.73,2024-10-27,27,10,2024,0,0,0,0,0,Medium,-0.43245117414233714,2024-10
U0133,Diya Singh,23.0,0,Indore,2023-07-06,0.125,88.104,5,370,0.0,0.0,154.71,0.0,0.0,0.0,0.0,0.0,0.0,0.0,0.0,0.0,0.0,49.73,0.0,0.0,0.0,0.0,0.0,0.0,0.0,0.0,0.0,0.0,77.16,0.0,0.0,0.0,0.0,56.17,0.0,0.0,0.0,0.0,0.0,0.0,0.0,0.0,0.0,0.0,0.0,102.75,0.0,0.0,0.0,0.0,0.0,0.0,0.0,0.0,T000686,P003,154.71,2023-05-22,22,5,2023,0,0,1,0,0,High,2.455951199342563,2023-05
U0134,Aarohi Kulkarni,35.0,1,Bhopal,2022-08-13,0.625,114.11000000000001,2,60,0.0,0.0,0.0,0.0,0.0,0.0,0.0,0.0,0.0,0.0,0.0,0.0,73.51,0.0,0.0,0.0,0.0,0.0,0.0,0.0,0.0,0.0,0.0,0.0,0.0,0.0,0.0,0.0,0.0,0.0,154.71,0.0,0.0,0.0,0.0,0.0,0.0,0.0,0.0,0.0,0.0,0.0,0.0,0.0,0.0,0.0,0.0,0.0,0.0,0.0,T000556,P031,154.71,2025-09-02,2,9,2025,0,0,0,1,0,High,2.455951199342563,2025-09
U0134,Aarohi Kulkarni,35.0,1,Bhopal,2022-08-13,0.625,114.11000000000001,2,60,0.0,0.0,0.0,0.0,0.0,0.0,0.0,0.0,0.0,0.0,0.0,0.0,73.51,0.0,0.0,0.0,0.0,0.0,0.0,0.0,0.0,0.0,0.0,0.0,0.0,0.0,0.0,0.0,0.0,0.0,154.71,0.0,0.0,0.0,0.0,0.0,0.0,0.0,0.0,0.0,0.0,0.0,0.0,0.0,0.0,0.0,0.0,0.0,0.0,0.0,T000914,P013,73.51,2025-04-19,19,4,2025,0,0,0,1,0,High,0.22182781653656308,2025-04
U0135,Ishaan Mukherjee,24.0,0,Mumbai,2023-02-03,0.16666666666666674,66.58142857142857,8,183,0.0,0.0,105.1,0.0,0.0,0.0,0.0,38.28,0.0,0.0,0.0,0.0,0.0,0.0,0.0,0.0,0.0,0.0,0.0,0.0,25.18,0.0,0.0,21.28,0.0,0.0,92.66,0.0,92.0,0.0,25.77,0.0,0.0,0.0,0.0,0.0,0.0,0.0,0.0,0.0,0.0,0.0,65.8,0.0,0.0,0.0,0.0,0.0,0.0,0.0,T000108,P008,38.28,2023-05-11,11,5,2023,0,0,0,0,1,Low,-0.7474845821857939,2023-05
U0135,Ishaan Mukherjee,24.0,0,Mumbai,2023-02-03,0.16666666666666674,66.58142857142857,8,183,0.0,0.0,105.1,0.0,0.0,0.0,0.0,38.28,0.0,0.0,0.0,0.0,0.0,0.0,0.0,0.0,0.0,0.0,0.0,0.0,25.18,0.0,0.0,21.28,0.0,0.0,92.66,0.0,92.0,0.0,25.77,0.0,0.0,0.0,0.0,0.0,0.0,0.0,0.0,0.0,0.0,0.0,65.8,0.0,0.0,0.0,0.0,0.0,0.0,0.0,T000151,P043,65.8,2023-04-04,4,4,2023,0,0,0,1,0,Medium,0.009696150509047345,2023-04
U0135,Ishaan Mukherjee,24.0,0,Mumbai,2023-02-03,0.16666666666666674,66.58142857142857,8,183,0.0,0.0,105.1,0.0,0.0,0.0,0.0,38.28,0.0,0.0,0.0,0.0,0.0,0.0,0.0,0.0,0.0,0.0,0.0,0.0,25.18,0.0,0.0,21.28,0.0,0.0,92.66,0.0,92.0,0.0,25.77,0.0,0.0,0.0,0.0,0.0,0.0,0.0,0.0,0.0,0.0,0.0,65.8,0.0,0.0,0.0,0.0,0.0,0.0,0.0,T000239,P024,21.28,2023-02-11,11,2,2023,1,0,0,0,0,Low,-1.2152197731673458,2023-02
U0135,Ishaan Mukherjee,24.0,0,Mumbai,2023-02-03,0.16666666666666674,66.58142857142857,8,183,0.0,0.0,105.1,0.0,0.0,0.0,0.0,38.28,0.0,0.0,0.0,0.0,0.0,0.0,0.0,0.0,0.0,0.0,0.0,0.0,25.18,0.0,0.0,21.28,0.0,0.0,92.66,0.0,92.0,0.0,25.77,0.0,0.0,0.0,0.0,0.0,0.0,0.0,0.0,0.0,0.0,0.0,65.8,0.0,0.0,0.0,0.0,0.0,0.0,0.0,T000290,P027,92.66,2023-06-01,1,6,2023,0,0,1,0,0,High,0.7487177522598991,2023-06
U0135,Ishaan Mukherjee,24.0,0,Mumbai,2023-02-03,0.16666666666666674,66.58142857142857,8,183,0.0,0.0,105.1,0.0,0.0,0.0,0.0,38.28,0.0,0.0,0.0,0.0,0.0,0.0,0.0,0.0,0.0,0.0,0.0,0.0,25.18,0.0,0.0,21.28,0.0,0.0,92.66,0.0,92.0,0.0,25.77,0.0,0.0,0.0,0.0,0.0,0.0,0.0,0.0,0.0,0.0,0.0,65.8,0.0,0.0,0.0,0.0,0.0,0.0,0.0,T000403,P029,92.0,2025-01-10,10,1,2025,0,0,0,0,0,High,0.7305586213159095,2025-01
U0135,Ishaan Mukherjee,24.0,0,Mumbai,2023-02-03,0.16666666666666674,66.58142857142857,8,183,0.0,0.0,105.1,0.0,0.0,0.0,0.0,38.28,0.0,0.0,0.0,0.0,0.0,0.0,0.0,0.0,0.0,0.0,0.0,0.0,25.18,0.0,0.0,21.28,0.0,0.0,92.66,0.0,92.0,0.0,25.77,0.0,0.0,0.0,0.0,0.0,0.0,0.0,0.0,0.0,0.0,0.0,65.8,0.0,0.0,0.0,0.0,0.0,0.0,0.0,T000439,P021,25.18,2025-05-02,2,5,2025,0,0,0,0,1,Low,-1.107915817589225,2025-05
U0135,Ishaan Mukherjee,24.0,0,Mumbai,2023-02-03,0.16666666666666674,66.58142857142857,8,183,0.0,0.0,105.1,0.0,0.0,0.0,0.0,38.28,0.0,0.0,0.0,0.0,0.0,0.0,0.0,0.0,0.0,0.0,0.0,0.0,25.18,0.0,0.0,21.28,0.0,0.0,92.66,0.0,92.0,0.0,25.77,0.0,0.0,0.0,0.0,0.0,0.0,0.0,0.0,0.0,0.0,0.0,65.8,0.0,0.0,0.0,0.0,0.0,0.0,0.0,T000470,P003,105.1,2023-04-10,10,4,2023,1,0,0,0,0,High,1.0909898567193403,2023-04
U0135,Ishaan Mukherjee,24.0,0,Mumbai,2023-02-03,0.16666666666666674,66.58142857142857,8,183,0.0,0.0,105.1,0.0,0.0,0.0,0.0,38.28,0.0,0.0,0.0,0.0,0.0,0.0,0.0,0.0,0.0,0.0,0.0,0.0,25.18,0.0,0.0,21.28,0.0,0.0,92.66,0.0,92.0,0.0,25.77,0.0,0.0,0.0,0.0,0.0,0.0,0.0,0.0,0.0,0.0,0.0,65.8,0.0,0.0,0.0,0.0,0.0,0.0,0.0,T000753,P031,25.77,2024-11-10,10,11,2024,1,0,0,0,0,Low,-1.091682655078689,2024-11
U0136,Anaya Bose,44.0,2,Pune,2024-05-10,1.0,86.9,5,240,37.57,0.0,0.0,0.0,0.0,0.0,0.0,0.0,0.0,0.0,0.0,0.0,0.0,0.0,0.0,0.0,0.0,0.0,0.0,0.0,0.0,0.0,92.16,123.98,0.0,0.0,0.0,0.0,0.0,0.0,0.0,0.0,54.93,0.0,0.0,0.0,0.0,0.0,0.0,0.0,38.96,0.0,0.0,0.0,0.0,0.0,0.0,0.0,0.0,0.0,T000074,P033,54.93,2023-12-03,3,12,2023,0,0,0,1,0,Medium,-0.2893792333715095,2023-12
U0136,Anaya Bose,44.0,2,Pune,2024-05-10,1.0,86.9,5,240,37.57,0.0,0.0,0.0,0.0,0.0,0.0,0.0,0.0,0.0,0.0,0.0,0.0,0.0,0.0,0.0,0.0,0.0,0.0,0.0,0.0,0.0,92.16,123.98,0.0,0.0,0.0,0.0,0.0,0.0,0.0,0.0,54.93,0.0,0.0,0.0,0.0,0.0,0.0,0.0,38.96,0.0,0.0,0.0,0.0,0.0,0.0,0.0,0.0,0.0,T000274,P024,123.98,2024-10-05,5,10,2024,0,0,1,0,0,High,1.6104510570564994,2024-10
U0136,Anaya Bose,44.0,2,Pune,2024-05-10,1.0,86.9,5,240,37.57,0.0,0.0,0.0,0.0,0.0,0.0,0.0,0.0,0.0,0.0,0.0,0.0,0.0,0.0,0.0,0.0,0.0,0.0,0.0,0.0,0.0,92.16,123.98,0.0,0.0,0.0,0.0,0.0,0.0,0.0,0.0,54.93,0.0,0.0,0.0,0.0,0.0,0.0,0.0,38.96,0.0,0.0,0.0,0.0,0.0,0.0,0.0,0.0,0.0,T000572,P041,38.96,2025-03-06,6,3,2025,0,0,0,1,0,Low,-0.7287751745465318,2025-03
U0136,Anaya Bose,44.0,2,Pune,2024-05-10,1.0,86.9,5,240,37.57,0.0,0.0,0.0,0.0,0.0,0.0,0.0,0.0,0.0,0.0,0.0,0.0,0.0,0.0,0.0,0.0,0.0,0.0,0.0,0.0,0.0,92.16,123.98,0.0,0.0,0.0,0.0,0.0,0.0,0.0,0.0,54.93,0.0,0.0,0.0,0.0,0.0,0.0,0.0,38.96,0.0,0.0,0.0,0.0,0.0,0.0,0.0,0.0,0.0,T000651,P001,37.57,2024-10-10,10,10,2024,0,0,0,1,0,Low,-0.7670194048679646,2024-10
U0136,Anaya Bose,44.0,2,Pune,2024-05-10,1.0,86.9,5,240,37.57,0.0,0.0,0.0,0.0,0.0,0.0,0.0,0.0,0.0,0.0,0.0,0.0,0.0,0.0,0.0,0.0,0.0,0.0,0.0,0.0,0.0,92.16,123.98,0.0,0.0,0.0,0.0,0.0,0.0,0.0,0.0,54.93,0.0,0.0,0.0,0.0,0.0,0.0,0.0,38.96,0.0,0.0,0.0,0.0,0.0,0.0,0.0,0.0,0.0,T000742,P023,92.16,2024-04-21,21,4,2024,0,0,0,0,0,High,0.7349608348780887,2024-04
U0137,Myra Reddy,25.0,2,Vadodara,2022-01-28,0.20833333333333326,61.372,5,404,0.0,0.0,0.0,0.0,0.0,0.0,0.0,0.0,0.0,0.0,0.0,0.0,0.0,0.0,0.0,0.0,0.0,40.06,0.0,0.0,0.0,0.0,0.0,0.0,154.71,0.0,0.0,0.0,0.0,0.0,0.0,0.0,0.0,0.0,0.0,34.24,0.0,0.0,0.0,0.0,0.0,56.57,0.0,0.0,0.0,0.0,0.0,21.28,0.0,0.0,T000376,P048,21.28,2023-03-18,18,3,2023,0,0,0,0,1,Low,-1.2152197731673458,2023-03
U0137,Myra Reddy,25.0,2,Vadodara,2022-01-28,0.20833333333333326,61.372,5,404,0.0,0.0,0.0,0.0,0.0,0.0,0.0,0.0,0.0,0.0,0.0,0.0,0.0,0.0,0.0,0.0,0.0,40.06,0.0,0.0,0.0,0.0,0.0,0.0,154.71,0.0,0.0,0.0,0.0,0.0,0.0,0.0,0.0,0.0,0.0,34.24,0.0,0.0,0.0,0.0,0.0,56.57,0.0,0.0,0.0,0.0,0.0,21.28,0.0,0.0,T000423,P025,154.71,2024-05-21,21,5,2024,0,1,0,0,0,High,2.455951199342563,2024-05
U0137,Myra Reddy,25.0,2,Vadodara,2022-01-28,0.20833333333333326,61.372,5,404,0.0,0.0,0.0,0.0,0.0,0.0,0.0,0.0,0.0,0.0,0.0,0.0,0.0,0.0,0.0,0.0,0.0,40.06,0.0,0.0,0.0,0.0,0.0,0.0,154.71,0.0,0.0,0.0,0.0,0.0,0.0,0.0,0.0,0.0,0.0,34.24,0.0,0.0,0.0,0.0,0.0,56.57,0.0,0.0,0.0,0.0,0.0,21.28,0.0,0.0,T000456,P042,56.57,2024-09-23,23,9,2024,0,0,0,1,0,Medium,-0.24425654435917155,2024-09
U0137,Myra Reddy,25.0,2,Vadodara,2022-01-28,0.20833333333333326,61.372,5,404,0.0,0.0,0.0,0.0,0.0,0.0,0.0,0.0,0.0,0.0,0.0,0.0,0.0,0.0,0.0,0.0,0.0,40.06,0.0,0.0,0.0,0.0,0.0,0.0,154.71,0.0,0.0,0.0,0.0,0.0,0.0,0.0,0.0,0.0,0.0,34.24,0.0,0.0,0.0,0.0,0.0,56.57,0.0,0.0,0.0,0.0,0.0,21.28,0.0,0.0,T000476,P036,34.24,2023-01-25,25,1,2023,0,0,1,0,0,Low,-0.8586404746308215,2023-01
U0137,Myra Reddy,25.0,2,Vadodara,2022-01-28,0.20833333333333326,61.372,5,404,0.0,0.0,0.0,0.0,0.0,0.0,0.0,0.0,0.0,0.0,0.0,0.0,0.0,0.0,0.0,0.0,0.0,40.06,0.0,0.0,0.0,0.0,0.0,0.0,154.71,0.0,0.0,0.0,0.0,0.0,0.0,0.0,0.0,0.0,0.0,34.24,0.0,0.0,0.0,0.0,0.0,56.57,0.0,0.0,0.0,0.0,0.0,21.28,0.0,0.0,T000602,P018,40.06,2023-12-11,11,12,2023,0,0,0,0,0,Low,-0.6985099563065491,2023-12
U0138,Aadhya Chopra,29.0,2,Mumbai,2022-03-27,0.375,96.18800000000002,6,7,0.0,0.0,0.0,0.0,0.0,0.0,0.0,0.0,0.0,0.0,0.0,0.0,0.0,0.0,0.0,0.0,0.0,42.74,175.99,0.0,0.0,0.0,199.76,0.0,0.0,62.45,0.0,0.0,0.0,0.0,0.0,0.0,0.0,0.0,0.0,0.0,0.0,0.0,0.0,0.0,0.0,0.0,0.0,0.0,0.0,0.0,0.0,0.0,0.0,0.0,T000366,P018,42.74,2024-07-10,10,7,2024,0,0,0,0,0,Medium,-0.6247728791400456,2024-07
U0138,Aadhya Chopra,29.0,2,Mumbai,2022-03-27,0.375,96.18800000000002,6,7,0.0,0.0,0.0,0.0,0.0,0.0,0.0,0.0,0.0,0.0,0.0,0.0,0.0,0.0,0.0,0.0,0.0,42.74,175.99,0.0,0.0,0.0,199.76,0.0,0.0,62.45,0.0,0.0,0.0,0.0,0.0,0.0,0.0,0.0,0.0,0.0,0.0,0.0,0.0,0.0,0.0,0.0,0.0,0.0,0.0,0.0,0.0,0.0,0.0,0.0,T000420,P026,62.45,2023-09-18,18,9,2023,0,0,0,0,0,Medium,-0.08247519594908181,2023-09
U0138,Aadhya Chopra,29.0,2,Mumbai,2022-03-27,0.375,96.18800000000002,6,7,0.0,0.0,0.0,0.0,0.0,0.0,0.0,0.0,0.0,0.0,0.0,0.0,0.0,0.0,0.0,0.0,0.0,42.74,175.99,0.0,0.0,0.0,199.76,0.0,0.0,62.45,0.0,0.0,0.0,0.0,0.0,0.0,0.0,0.0,0.0,0.0,0.0,0.0,0.0,0.0,0.0,0.0,0.0,0.0,0.0,0.0,0.0,0.0,0.0,0.0,T000478,P019,154.71,2025-10-25,25,10,2025,1,0,0,0,0,High,2.455951199342563,2025-10
U0138,Aadhya Chopra,29.0,2,Mumbai,2022-03-27,0.375,96.18800000000002,6,7,0.0,0.0,0.0,0.0,0.0,0.0,0.0,0.0,0.0,0.0,0.0,0.0,0.0,0.0,0.0,0.0,0.0,42.74,175.99,0.0,0.0,0.0,199.76,0.0,0.0,62.45,0.0,0.0,0.0,0.0,0.0,0.0,0.0,0.0,0.0,0.0,0.0,0.0,0.0,0.0,0.0,0.0,0.0,0.0,0.0,0.0,0.0,0.0,0.0,0.0,T000590,P019,21.28,2025-07-25,25,7,2025,0,1,0,0,0,Low,-1.2152197731673458,2025-07
U0138,Aadhya Chopra,29.0,2,Mumbai,2022-03-27,0.375,96.18800000000002,6,7,0.0,0.0,0.0,0.0,0.0,0.0,0.0,0.0,0.0,0.0,0.0,0.0,0.0,0.0,0.0,0.0,0.0,42.74,175.99,0.0,0.0,0.0,199.76,0.0,0.0,62.45,0.0,0.0,0.0,0.0,0.0,0.0,0.0,0.0,0.0,0.0,0.0,0.0,0.0,0.0,0.0,0.0,0.0,0.0,0.0,0.0,0.0,0.0,0.0,0.0,T000710,P023,154.71,2025-07-14,14,7,2025,0,1,0,0,0,High,2.455951199342563,2025-07
U0138,Aadhya Chopra,29.0,2,Mumbai,2022-03-27,0.375,96.18800000000002,6,7,0.0,0.0,0.0,0.0,0.0,0.0,0.0,0.0,0.0,0.0,0.0,0.0,0.0,0.0,0.0,0.0,0.0,42.74,175.99,0.0,0.0,0.0,199.76,0.0,0.0,62.45,0.0,0.0,0.0,0.0,0.0,0.0,0.0,0.0,0.0,0.0,0.0,0.0,0.0,0.0,0.0,0.0,0.0,0.0,0.0,0.0,0.0,0.0,0.0,0.0,T000819,P023,45.05,2024-06-24,24,6,2024,0,0,1,0,0,Medium,-0.561215920836082,2024-06
U0139,Kiara Reddy,38.0,0,Pune,2022-02-21,0.75,85.75750000000001,4,132,0.0,0.0,73.92,0.0,0.0,0.0,0.0,0.0,0.0,0.0,0.0,0.0,0.0,0.0,0.0,0.0,0.0,0.0,0.0,0.0,0.0,0.0,110.12,0.0,0.0,0.0,0.0,0.0,0.0,0.0,0.0,0.0,0.0,0.0,0.0,0.0,0.0,0.0,0.0,0.0,0.0,0.0,0.0,0.0,94.73,0.0,0.0,0.0,64.26,0.0,T000043,P003,73.92,2023-05-21,21,5,2023,0,0,0,0,0,High,0.23310848878964746,2023-05
U0139,Kiara Reddy,38.0,0,Pune,2022-02-21,0.75,85.75750000000001,4,132,0.0,0.0,73.92,0.0,0.0,0.0,0.0,0.0,0.0,0.0,0.0,0.0,0.0,0.0,0.0,0.0,0.0,0.0,0.0,0.0,0.0,0.0,110.12,0.0,0.0,0.0,0.0,0.0,0.0,0.0,0.0,0.0,0.0,0.0,0.0,0.0,0.0,0.0,0.0,0.0,0.0,0.0,0.0,0.0,94.73,0.0,0.0,0.0,64.26,0.0,T000593,P049,64.26,2025-06-22,22,6,2025,1,0,0,0,0,Medium,-0.0326751550269283,2025-06
U0139,Kiara Reddy,38.0,0,Pune,2022-02-21,0.75,85.75750000000001,4,132,0.0,0.0,73.92,0.0,0.0,0.0,0.0,0.0,0.0,0.0,0.0,0.0,0.0,0.0,0.0,0.0,0.0,0.0,0.0,0.0,0.0,0.0,110.12,0.0,0.0,0.0,0.0,0.0,0.0,0.0,0.0,0.0,0.0,0.0,0.0,0.0,0.0,0.0,0.0,0.0,0.0,0.0,0.0,0.0,94.73,0.0,0.0,0.0,64.26,0.0,T000694,P023,110.12,2023-01-20,20,1,2023,0,0,0,0,1,High,1.2291093072327166,2023-01
U0139,Kiara Reddy,38.0,0,Pune,2022-02-21,0.75,85.75750000000001,4,132,0.0,0.0,73.92,0.0,0.0,0.0,0.0,0.0,0.0,0.0,0.0,0.0,0.0,0.0,0.0,0.0,0.0,0.0,0.0,0.0,0.0,0.0,110.12,0.0,0.0,0.0,0.0,0.0,0.0,0.0,0.0,0.0,0.0,0.0,0.0,0.0,0.0,0.0,0.0,0.0,0.0,0.0,0.0,0.0,94.73,0.0,0.0,0.0,64.26,0.0,T000983,P045,94.73,2024-10-22,22,10,2024,0,0,0,0,1,High,0.8056713902205941,2024-10
U0140,Ishaan Bose,22.0,0,Chennai,2023-04-11,0.08333333333333337,59.8075,4,494,0.0,0.0,37.53,0.0,0.0,0.0,0.0,0.0,0.0,0.0,0.0,0.0,0.0,25.38,0.0,0.0,0.0,0.0,0.0,0.0,0.0,0.0,66.86,0.0,0.0,0.0,0.0,0.0,0.0,0.0,0.0,0.0,0.0,0.0,0.0,0.0,109.46,0.0,0.0,0.0,0.0,0.0,0.0,0.0,0.0,0.0,0.0,0.0,0.0,0.0,T000355,P023,66.86,2024-06-25,25,6,2024,0,0,0,0,1,Medium,0.03886081535848534,2024-06
U0140,Ishaan Bose,22.0,0,Chennai,2023-04-11,0.08333333333333337,59.8075,4,494,0.0,0.0,37.53,0.0,0.0,0.0,0.0,0.0,0.0,0.0,0.0,0.0,0.0,25.38,0.0,0.0,0.0,0.0,0.0,0.0,0.0,0.0,66.86,0.0,0.0,0.0,0.0,0.0,0.0,0.0,0.0,0.0,0.0,0.0,0.0,0.0,109.46,0.0,0.0,0.0,0.0,0.0,0.0,0.0,0.0,0.0,0.0,0.0,0.0,0.0,T000492,P037,109.46,2023-03-09,9,3,2023,0,0,0,0,1,High,1.2109501762887265,2023-03
U0140,Ishaan Bose,22.0,0,Chennai,2023-04-11,0.08333333333333337,59.8075,4,494,0.0,0.0,37.53,0.0,0.0,0.0,0.0,0.0,0.0,0.0,0.0,0.0,0.0,25.38,0.0,0.0,0.0,0.0,0.0,0.0,0.0,0.0,66.86,0.0,0.0,0.0,0.0,0.0,0.0,0.0,0.0,0.0,0.0,0.0,0.0,0.0,109.46,0.0,0.0,0.0,0.0,0.0,0.0,0.0,0.0,0.0,0.0,0.0,0.0,0.0,T000543,P003,37.53,2023-06-24,24,6,2023,0,0,0,1,0,Low,-0.7681199582585094,2023-06
U0140,Ishaan Bose,22.0,0,Chennai,2023-04-11,0.08333333333333337,59.8075,4,494,0.0,0.0,37.53,0.0,0.0,0.0,0.0,0.0,0.0,0.0,0.0,0.0,0.0,25.38,0.0,0.0,0.0,0.0,0.0,0.0,0.0,0.0,66.86,0.0,0.0,0.0,0.0,0.0,0.0,0.0,0.0,0.0,0.0,0.0,0.0,0.0,109.46,0.0,0.0,0.0,0.0,0.0,0.0,0.0,0.0,0.0,0.0,0.0,0.0,0.0,T000594,P014,25.38,2023-07-29,29,7,2023,0,0,1,0,0,Low,-1.102413050636501,2023-07
U0141,Anaya Nair,33.0,0,Jaipur,2024-02-10,0.5416666666666667,71.89142857142858,9,47,0.0,0.0,0.0,0.0,0.0,30.56,0.0,0.0,86.09,0.0,149.29,0.0,0.0,0.0,0.0,0.0,78.86,0.0,0.0,0.0,0.0,0.0,0.0,0.0,0.0,0.0,0.0,0.0,0.0,0.0,22.9,0.0,69.97,21.28,0.0,0.0,0.0,0.0,0.0,0.0,0.0,23.01,0.0,0.0,0.0,0.0,21.28,0.0,0.0,0.0,T000016,P009,86.09,2025-06-16,16,6,2025,0,0,0,1,0,High,0.5679518578629114,2025-06
U0141,Anaya Nair,33.0,0,Jaipur,2024-02-10,0.5416666666666667,71.89142857142858,9,47,0.0,0.0,0.0,0.0,0.0,30.56,0.0,0.0,86.09,0.0,149.29,0.0,0.0,0.0,0.0,0.0,78.86,0.0,0.0,0.0,0.0,0.0,0.0,0.0,0.0,0.0,0.0,0.0,0.0,0.0,22.9,0.0,69.97,21.28,0.0,0.0,0.0,0.0,0.0,0.0,0.0,23.01,0.0,0.0,0.0,0.0,21.28,0.0,0.0,0.0,T000230,P047,21.28,2025-05-16,16,5,2025,0,0,0,0,0,Low,-1.2152197731673458,2025-05
U0141,Anaya Nair,33.0,0,Jaipur,2024-02-10,0.5416666666666667,71.89142857142858,9,47,0.0,0.0,0.0,0.0,0.0,30.56,0.0,0.0,86.09,0.0,149.29,0.0,0.0,0.0,0.0,0.0,78.86,0.0,0.0,0.0,0.0,0.0,0.0,0.0,0.0,0.0,0.0,0.0,0.0,0.0,22.9,0.0,69.97,21.28,0.0,0.0,0.0,0.0,0.0,0.0,0.0,23.01,0.0,0.0,0.0,0.0,21.28,0.0,0.0,0.0,T000372,P011,149.29,2025-09-01,1,9,2025,0,0,1,0,0,High,2.3068262149237384,2025-09
U0141,Anaya Nair,33.0,0,Jaipur,2024-02-10,0.5416666666666667,71.89142857142858,9,47,0.0,0.0,0.0,0.0,0.0,30.56,0.0,0.0,86.09,0.0,149.29,0.0,0.0,0.0,0.0,0.0,78.86,0.0,0.0,0.0,0.0,0.0,0.0,0.0,0.0,0.0,0.0,0.0,0.0,0.0,22.9,0.0,69.97,21.28,0.0,0.0,0.0,0.0,0.0,0.0,0.0,23.01,0.0,0.0,0.0,0.0,21.28,0.0,0.0,0.0,T000405,P033,69.97,2023-11-03,3,11,2023,0,1,0,0,0,Medium,0.12442884147334567,2023-11
U0141,Anaya Nair,33.0,0,Jaipur,2024-02-10,0.5416666666666667,71.89142857142858,9,47,0.0,0.0,0.0,0.0,0.0,30.56,0.0,0.0,86.09,0.0,149.29,0.0,0.0,0.0,0.0,0.0,78.86,0.0,0.0,0.0,0.0,0.0,0.0,0.0,0.0,0.0,0.0,0.0,0.0,0.0,22.9,0.0,69.97,21.28,0.0,0.0,0.0,0.0,0.0,0.0,0.0,23.01,0.0,0.0,0.0,0.0,21.28,0.0,0.0,0.0,T000733,P031,22.9,2023-06-29,29,6,2023,1,0,0,0,0,Low,-1.1706473608502803,2023-06
U0141,Anaya Nair,33.0,0,Jaipur,2024-02-10,0.5416666666666667,71.89142857142858,9,47,0.0,0.0,0.0,0.0,0.0,30.56,0.0,0.0,86.09,0.0,149.29,0.0,0.0,0.0,0.0,0.0,78.86,0.0,0.0,0.0,0.0,0.0,0.0,0.0,0.0,0.0,0.0,0.0,0.0,0.0,22.9,0.0,69.97,21.28,0.0,0.0,0.0,0.0,0.0,0.0,0.0,23.01,0.0,0.0,0.0,0.0,21.28,0.0,0.0,0.0,T000783,P006,30.56,2025-09-15,15,9,2025,0,0,0,1,0,Low,-0.9598913865609456,2025-09
U0141,Anaya Nair,33.0,0,Jaipur,2024-02-10,0.5416666666666667,71.89142857142858,9,47,0.0,0.0,0.0,0.0,0.0,30.56,0.0,0.0,86.09,0.0,149.29,0.0,0.0,0.0,0.0,0.0,78.86,0.0,0.0,0.0,0.0,0.0,0.0,0.0,0.0,0.0,0.0,0.0,0.0,0.0,22.9,0.0,69.97,21.28,0.0,0.0,0.0,0.0,0.0,0.0,0.0,23.01,0.0,0.0,0.0,0.0,21.28,0.0,0.0,0.0,T000907,P017,78.86,2023-11-10,10,11,2023,0,0,1,0,0,High,0.36902683252193363,2023-11
U0141,Anaya Nair,33.0,0,Jaipur,2024-02-10,0.5416666666666667,71.89142857142858,9,47,0.0,0.0,0.0,0.0,0.0,30.56,0.0,0.0,86.09,0.0,149.29,0.0,0.0,0.0,0.0,0.0,78.86,0.0,0.0,0.0,0.0,0.0,0.0,0.0,0.0,0.0,0.0,0.0,0.0,0.0,22.9,0.0,69.97,21.28,0.0,0.0,0.0,0.0,0.0,0.0,0.0,23.01,0.0,0.0,0.0,0.0,21.28,0.0,0.0,0.0,T000948,P042,23.01,2025-04-05,5,4,2025,0,0,1,0,0,Low,-1.1676208390262817,2025-04
U0141,Anaya Nair,33.0,0,Jaipur,2024-02-10,0.5416666666666667,71.89142857142858,9,47,0.0,0.0,0.0,0.0,0.0,30.56,0.0,0.0,86.09,0.0,149.29,0.0,0.0,0.0,0.0,0.0,78.86,0.0,0.0,0.0,0.0,0.0,0.0,0.0,0.0,0.0,0.0,0.0,0.0,0.0,22.9,0.0,69.97,21.28,0.0,0.0,0.0,0.0,0.0,0.0,0.0,23.01,0.0,0.0,0.0,0.0,21.28,0.0,0.0,0.0,T000961,P034,21.28,2023-08-06,6,8,2023,0,0,0,1,0,Low,-1.2152197731673458,2023-08
U0142,Kiara Khan,42.0,1,Bhopal,2022-01-20,0.9166666666666667,65.92833333333333,7,46,0.0,0.0,0.0,76.06,0.0,53.38,58.52,0.0,0.0,0.0,58.74,0.0,0.0,0.0,0.0,0.0,0.0,0.0,0.0,0.0,0.0,0.0,0.0,0.0,23.45,0.0,0.0,86.09,0.0,0.0,0.0,0.0,0.0,0.0,0.0,0.0,0.0,39.33,0.0,0.0,0.0,0.0,0.0,0.0,0.0,0.0,0.0,0.0,0.0,0.0,T000218,P007,58.52,2023-09-13,13,9,2023,0,0,0,0,1,Medium,-0.19060456657011113,2023-09
U0142,Kiara Khan,42.0,1,Bhopal,2022-01-20,0.9166666666666667,65.92833333333333,7,46,0.0,0.0,0.0,76.06,0.0,53.38,58.52,0.0,0.0,0.0,58.74,0.0,0.0,0.0,0.0,0.0,0.0,0.0,0.0,0.0,0.0,0.0,0.0,0.0,23.45,0.0,0.0,86.09,0.0,0.0,0.0,0.0,0.0,0.0,0.0,0.0,0.0,39.33,0.0,0.0,0.0,0.0,0.0,0.0,0.0,0.0,0.0,0.0,0.0,0.0,T000462,P038,39.33,2025-05-05,5,5,2025,0,0,0,0,0,Low,-0.7185950556839923,2025-05
U0142,Kiara Khan,42.0,1,Bhopal,2022-01-20,0.9166666666666667,65.92833333333333,7,46,0.0,0.0,0.0,76.06,0.0,53.38,58.52,0.0,0.0,0.0,58.74,0.0,0.0,0.0,0.0,0.0,0.0,0.0,0.0,0.0,0.0,0.0,0.0,0.0,23.45,0.0,0.0,86.09,0.0,0.0,0.0,0.0,0.0,0.0,0.0,0.0,0.0,39.33,0.0,0.0,0.0,0.0,0.0,0.0,0.0,0.0,0.0,0.0,0.0,0.0,T000504,P025,23.45,2024-01-16,16,1,2024,0,0,1,0,0,Low,-1.1555147517302886,2024-01
U0142,Kiara Khan,42.0,1,Bhopal,2022-01-20,0.9166666666666667,65.92833333333333,7,46,0.0,0.0,0.0,76.06,0.0,53.38,58.52,0.0,0.0,0.0,58.74,0.0,0.0,0.0,0.0,0.0,0.0,0.0,0.0,0.0,0.0,0.0,0.0,0.0,23.45,0.0,0.0,86.09,0.0,0.0,0.0,0.0,0.0,0.0,0.0,0.0,0.0,39.33,0.0,0.0,0.0,0.0,0.0,0.0,0.0,0.0,0.0,0.0,0.0,0.0,T000515,P006,53.38,2024-10-26,26,10,2024,0,0,0,0,0,Medium,-0.3320256772551215,2024-10
U0142,Kiara Khan,42.0,1,Bhopal,2022-01-20,0.9166666666666667,65.92833333333333,7,46,0.0,0.0,0.0,76.06,0.0,53.38,58.52,0.0,0.0,0.0,58.74,0.0,0.0,0.0,0.0,0.0,0.0,0.0,0.0,0.0,0.0,0.0,0.0,0.0,23.45,0.0,0.0,86.09,0.0,0.0,0.0,0.0,0.0,0.0,0.0,0.0,0.0,39.33,0.0,0.0,0.0,0.0,0.0,0.0,0.0,0.0,0.0,0.0,0.0,0.0,T000562,P011,58.74,2025-05-23,23,5,2025,0,0,0,1,0,Medium,-0.1845515229221146,2025-05
U0142,Kiara Khan,42.0,1,Bhopal,2022-01-20,0.9166666666666667,65.92833333333333,7,46,0.0,0.0,0.0,76.06,0.0,53.38,58.52,0.0,0.0,0.0,58.74,0.0,0.0,0.0,0.0,0.0,0.0,0.0,0.0,0.0,0.0,0.0,0.0,0.0,23.45,0.0,0.0,86.09,0.0,0.0,0.0,0.0,0.0,0.0,0.0,0.0,0.0,39.33,0.0,0.0,0.0,0.0,0.0,0.0,0.0,0.0,0.0,0.0,0.0,0.0,T000971,P028,86.09,2025-09-16,16,9,2025,0,0,0,0,0,High,0.5679518578629114,2025-09
U0142,Kiara Khan,42.0,1,Bhopal,2022-01-20,0.9166666666666667,65.92833333333333,7,46,0.0,0.0,0.0,76.06,0.0,53.38,58.52,0.0,0.0,0.0,58.74,0.0,0.0,0.0,0.0,0.0,0.0,0.0,0.0,0.0,0.0,0.0,0.0,0.0,23.45,0.0,0.0,86.09,0.0,0.0,0.0,0.0,0.0,0.0,0.0,0.0,0.0,39.33,0.0,0.0,0.0,0.0,0.0,0.0,0.0,0.0,0.0,0.0,0.0,0.0,T000998,P004,76.06,2024-05-29,29,5,2024,1,0,0,0,0,High,0.29198809518379576,2024-05
U0143,Aarohi Verma,20.0,0,Kolkata,2023-10-28,0.0,40.03666666666667,3,227,0.0,0.0,0.0,0.0,0.0,0.0,0.0,0.0,0.0,0.0,60.74,0.0,0.0,0.0,0.0,0.0,0.0,0.0,0.0,0.0,0.0,0.0,0.0,38.09,0.0,0.0,0.0,0.0,0.0,0.0,0.0,0.0,0.0,0.0,0.0,0.0,0.0,21.28,0.0,0.0,0.0,0.0,0.0,0.0,0.0,0.0,0.0,0.0,0.0,0.0,T000078,P024,38.09,2025-03-19,19,3,2025,1,0,0,0,0,Low,-0.7527122107908818,2025-03
U0143,Aarohi Verma,20.0,0,Kolkata,2023-10-28,0.0,40.03666666666667,3,227,0.0,0.0,0.0,0.0,0.0,0.0,0.0,0.0,0.0,0.0,60.74,0.0,0.0,0.0,0.0,0.0,0.0,0.0,0.0,0.0,0.0,0.0,0.0,38.09,0.0,0.0,0.0,0.0,0.0,0.0,0.0,0.0,0.0,0.0,0.0,0.0,0.0,21.28,0.0,0.0,0.0,0.0,0.0,0.0,0.0,0.0,0.0,0.0,0.0,0.0,T000436,P038,21.28,2023-12-25,25,12,2023,0,0,0,0,1,Low,-1.2152197731673458,2023-12
U0143,Aarohi Verma,20.0,0,Kolkata,2023-10-28,0.0,40.03666666666667,3,227,0.0,0.0,0.0,0.0,0.0,0.0,0.0,0.0,0.0,0.0,60.74,0.0,0.0,0.0,0.0,0.0,0.0,0.0,0.0,0.0,0.0,0.0,0.0,38.09,0.0,0.0,0.0,0.0,0.0,0.0,0.0,0.0,0.0,0.0,0.0,0.0,0.0,21.28,0.0,0.0,0.0,0.0,0.0,0.0,0.0,0.0,0.0,0.0,0.0,0.0,T000581,P011,60.74,2024-08-14,14,8,2024,0,0,1,0,0,Medium,-0.1295238533948732,2024-08
U0144,Aditya Verma,33.0,1,Kolkata,2022-07-24,0.5416666666666667,57.815,2,22,0.0,0.0,0.0,0.0,0.0,0.0,0.0,0.0,0.0,0.0,0.0,0.0,0.0,0.0,0.0,0.0,0.0,0.0,0.0,0.0,0.0,0.0,0.0,0.0,0.0,0.0,0.0,0.0,0.0,0.0,0.0,0.0,76.39,0.0,0.0,0.0,0.0,0.0,0.0,0.0,0.0,39.24,0.0,0.0,0.0,0.0,0.0,0.0,0.0,0.0,T000585,P033,76.39,2025-10-10,10,10,2025,0,0,0,0,1,High,0.30106766065579055,2025-10
U0144,Aditya Verma,33.0,1,Kolkata,2022-07-24,0.5416666666666667,57.815,2,22,0.0,0.0,0.0,0.0,0.0,0.0,0.0,0.0,0.0,0.0,0.0,0.0,0.0,0.0,0.0,0.0,0.0,0.0,0.0,0.0,0.0,0.0,0.0,0.0,0.0,0.0,0.0,0.0,0.0,0.0,0.0,0.0,76.39,0.0,0.0,0.0,0.0,0.0,0.0,0.0,0.0,39.24,0.0,0.0,0.0,0.0,0.0,0.0,0.0,0.0,T000855,P042,39.24,2024-08-01,1,8,2024,0,0,0,0,0,Low,-0.7210713008127181,2024-08
U0145,Aarav Kulkarni,34.0,1,Kolkata,2022-05-10,0.5833333333333333,66.03,8,217,0.0,0.0,154.71,0.0,0.0,0.0,83.64,0.0,0.0,0.0,0.0,0.0,21.28,79.66,0.0,0.0,0.0,0.0,0.0,0.0,0.0,0.0,0.0,0.0,0.0,0.0,0.0,0.0,0.0,0.0,0.0,57.36,0.0,0.0,0.0,0.0,0.0,0.0,0.0,0.0,0.0,35.32,0.0,25.62,0.0,0.0,0.0,70.65,0.0,0.0,T000051,P044,25.62,2023-12-15,15,12,2023,0,1,0,0,0,Low,-1.0958097302932317,2023-12
U0145,Aarav Kulkarni,34.0,1,Kolkata,2022-05-10,0.5833333333333333,66.03,8,217,0.0,0.0,154.71,0.0,0.0,0.0,83.64,0.0,0.0,0.0,0.0,0.0,21.28,79.66,0.0,0.0,0.0,0.0,0.0,0.0,0.0,0.0,0.0,0.0,0.0,0.0,0.0,0.0,0.0,0.0,0.0,57.36,0.0,0.0,0.0,0.0,0.0,0.0,0.0,0.0,0.0,35.32,0.0,25.62,0.0,0.0,0.0,70.65,0.0,0.0,T000100,P014,79.66,2024-02-29,29,2,2024,1,0,0,0,0,High,0.3910379003328301,2024-02
U0145,Aarav Kulkarni,34.0,1,Kolkata,2022-05-10,0.5833333333333333,66.03,8,217,0.0,0.0,154.71,0.0,0.0,0.0,83.64,0.0,0.0,0.0,0.0,0.0,21.28,79.66,0.0,0.0,0.0,0.0,0.0,0.0,0.0,0.0,0.0,0.0,0.0,0.0,0.0,0.0,0.0,0.0,0.0,57.36,0.0,0.0,0.0,0.0,0.0,0.0,0.0,0.0,0.0,35.32,0.0,25.62,0.0,0.0,0.0,70.65,0.0,0.0,T000302,P003,154.71,2023-06-16,16,6,2023,1,0,0,0,0,High,2.455951199342563,2023-06
U0145,Aarav Kulkarni,34.0,1,Kolkata,2022-05-10,0.5833333333333333,66.03,8,217,0.0,0.0,154.71,0.0,0.0,0.0,83.64,0.0,0.0,0.0,0.0,0.0,21.28,79.66,0.0,0.0,0.0,0.0,0.0,0.0,0.0,0.0,0.0,0.0,0.0,0.0,0.0,0.0,0.0,0.0,0.0,57.36,0.0,0.0,0.0,0.0,0.0,0.0,0.0,0.0,0.0,35.32,0.0,25.62,0.0,0.0,0.0,70.65,0.0,0.0,T000489,P007,83.64,2023-03-29,29,3,2023,0,0,0,0,0,High,0.5005429626920406,2023-03
U0145,Aarav Kulkarni,34.0,1,Kolkata,2022-05-10,0.5833333333333333,66.03,8,217,0.0,0.0,154.71,0.0,0.0,0.0,83.64,0.0,0.0,0.0,0.0,0.0,21.28,79.66,0.0,0.0,0.0,0.0,0.0,0.0,0.0,0.0,0.0,0.0,0.0,0.0,0.0,0.0,0.0,0.0,0.0,57.36,0.0,0.0,0.0,0.0,0.0,0.0,0.0,0.0,0.0,35.32,0.0,25.62,0.0,0.0,0.0,70.65,0.0,0.0,T000534,P013,21.28,2024-01-04,4,1,2024,0,0,0,0,0,Low,-1.2152197731673458,2024-01
U0145,Aarav Kulkarni,34.0,1,Kolkata,2022-05-10,0.5833333333333333,66.03,8,217,0.0,0.0,154.71,0.0,0.0,0.0,83.64,0.0,0.0,0.0,0.0,0.0,21.28,79.66,0.0,0.0,0.0,0.0,0.0,0.0,0.0,0.0,0.0,0.0,0.0,0.0,0.0,0.0,0.0,0.0,0.0,57.36,0.0,0.0,0.0,0.0,0.0,0.0,0.0,0.0,0.0,35.32,0.0,25.62,0.0,0.0,0.0,70.65,0.0,0.0,T000546,P042,35.32,2025-03-29,29,3,2025,0,0,0,0,1,Low,-0.8289255330861112,2025-03
U0145,Aarav Kulkarni,34.0,1,Kolkata,2022-05-10,0.5833333333333333,66.03,8,217,0.0,0.0,154.71,0.0,0.0,0.0,83.64,0.0,0.0,0.0,0.0,0.0,21.28,79.66,0.0,0.0,0.0,0.0,0.0,0.0,0.0,0.0,0.0,0.0,0.0,0.0,0.0,0.0,0.0,0.0,0.0,57.36,0.0,0.0,0.0,0.0,0.0,0.0,0.0,0.0,0.0,35.32,0.0,25.62,0.0,0.0,0.0,70.65,0.0,0.0,T000591,P048,70.65,2023-08-20,20,8,2023,0,0,1,0,0,Medium,0.14313824911260792,2023-08
U0145,Aarav Kulkarni,34.0,1,Kolkata,2022-05-10,0.5833333333333333,66.03,8,217,0.0,0.0,154.71,0.0,0.0,0.0,83.64,0.0,0.0,0.0,0.0,0.0,21.28,79.66,0.0,0.0,0.0,0.0,0.0,0.0,0.0,0.0,0.0,0.0,0.0,0.0,0.0,0.0,0.0,0.0,0.0,57.36,0.0,0.0,0.0,0.0,0.0,0.0,0.0,0.0,0.0,35.32,0.0,25.62,0.0,0.0,0.0,70.65,0.0,0.0,T000619,P032,57.36,2023-04-10,10,4,2023,0,0,0,1,0,Medium,-0.2225206148959112,2023-04
U0146,Meera Patel,38.0,2,Chennai,2023-04-22,0.75,69.02333333333334,4,356,0.0,0.0,0.0,0.0,0.0,0.0,0.0,0.0,0.0,0.0,0.0,0.0,0.0,0.0,0.0,0.0,0.0,0.0,0.0,0.0,0.0,0.0,0.0,0.0,45.34,0.0,0.0,0.0,0.0,0.0,0.0,0.0,0.0,0.0,0.0,0.0,53.13,36.93,0.0,0.0,0.0,0.0,0.0,71.67,0.0,0.0,0.0,0.0,0.0,0.0,T000496,P025,45.34,2024-11-10,10,11,2024,0,0,0,0,1,Medium,-0.5532369087546318,2024-11
U0146,Meera Patel,38.0,2,Chennai,2023-04-22,0.75,69.02333333333334,4,356,0.0,0.0,0.0,0.0,0.0,0.0,0.0,0.0,0.0,0.0,0.0,0.0,0.0,0.0,0.0,0.0,0.0,0.0,0.0,0.0,0.0,0.0,0.0,0.0,45.34,0.0,0.0,0.0,0.0,0.0,0.0,0.0,0.0,0.0,0.0,0.0,53.13,36.93,0.0,0.0,0.0,0.0,0.0,71.67,0.0,0.0,0.0,0.0,0.0,0.0,T000749,P037,53.13,2024-01-21,21,1,2024,0,1,0,0,0,Medium,-0.33890413594602664,2024-01
U0146,Meera Patel,38.0,2,Chennai,2023-04-22,0.75,69.02333333333334,4,356,0.0,0.0,0.0,0.0,0.0,0.0,0.0,0.0,0.0,0.0,0.0,0.0,0.0,0.0,0.0,0.0,0.0,0.0,0.0,0.0,0.0,0.0,0.0,0.0,45.34,0.0,0.0,0.0,0.0,0.0,0.0,0.0,0.0,0.0,0.0,0.0,53.13,36.93,0.0,0.0,0.0,0.0,0.0,71.67,0.0,0.0,0.0,0.0,0.0,0.0,T000817,P038,36.93,2023-07-25,25,7,2023,0,0,0,0,0,Low,-0.7846282591166819,2023-07
U0146,Meera Patel,38.0,2,Chennai,2023-04-22,0.75,69.02333333333334,4,356,0.0,0.0,0.0,0.0,0.0,0.0,0.0,0.0,0.0,0.0,0.0,0.0,0.0,0.0,0.0,0.0,0.0,0.0,0.0,0.0,0.0,0.0,0.0,0.0,45.34,0.0,0.0,0.0,0.0,0.0,0.0,0.0,0.0,0.0,0.0,0.0,53.13,36.93,0.0,0.0,0.0,0.0,0.0,71.67,0.0,0.0,0.0,0.0,0.0,0.0,T000934,P044,71.67,2024-01-07,7,1,2024,0,0,1,0,0,Medium,0.17120236057150093,2024-01
U0147,Ishaan Mehta,22.0,1,Ghaziabad,2023-09-14,0.08333333333333337,61.44818181818182,12,7,0.0,0.0,0.0,0.0,0.0,0.0,0.0,61.84,0.0,0.0,0.0,0.0,0.0,0.0,0.0,83.01,0.0,41.37,0.0,0.0,0.0,0.0,52.68,102.16,62.17,0.0,23.85,39.04,32.85,0.0,0.0,0.0,0.0,59.75,0.0,0.0,0.0,0.0,0.0,0.0,0.0,0.0,0.0,40.02,77.19,0.0,0.0,0.0,0.0,0.0,T000032,P025,62.17,2025-04-21,21,4,2025,0,1,0,0,0,Medium,-0.09017906968289563,2025-04
U0147,Ishaan Mehta,22.0,1,Ghaziabad,2023-09-14,0.08333333333333337,61.44818181818182,12,7,0.0,0.0,0.0,0.0,0.0,0.0,0.0,61.84,0.0,0.0,0.0,0.0,0.0,0.0,0.0,83.01,0.0,41.37,0.0,0.0,0.0,0.0,52.68,102.16,62.17,0.0,23.85,39.04,32.85,0.0,0.0,0.0,0.0,59.75,0.0,0.0,0.0,0.0,0.0,0.0,0.0,0.0,0.0,40.02,77.19,0.0,0.0,0.0,0.0,0.0,T000062,P023,52.68,2024-08-28,28,8,2024,0,0,0,0,0,Medium,-0.35128536158965606,2024-08
U0147,Ishaan Mehta,22.0,1,Ghaziabad,2023-09-14,0.08333333333333337,61.44818181818182,12,7,0.0,0.0,0.0,0.0,0.0,0.0,0.0,61.84,0.0,0.0,0.0,0.0,0.0,0.0,0.0,83.01,0.0,41.37,0.0,0.0,0.0,0.0,52.68,102.16,62.17,0.0,23.85,39.04,32.85,0.0,0.0,0.0,0.0,59.75,0.0,0.0,0.0,0.0,0.0,0.0,0.0,0.0,0.0,40.02,77.19,0.0,0.0,0.0,0.0,0.0,T000238,P027,23.85,2023-06-25,25,6,2023,0,1,0,0,0,Low,-1.1445092178248404,2023-06
U0147,Ishaan Mehta,22.0,1,Ghaziabad,2023-09-14,0.08333333333333337,61.44818181818182,12,7,0.0,0.0,0.0,0.0,0.0,0.0,0.0,61.84,0.0,0.0,0.0,0.0,0.0,0.0,0.0,83.01,0.0,41.37,0.0,0.0,0.0,0.0,52.68,102.16,62.17,0.0,23.85,39.04,32.85,0.0,0.0,0.0,0.0,59.75,0.0,0.0,0.0,0.0,0.0,0.0,0.0,0.0,0.0,40.02,77.19,0.0,0.0,0.0,0.0,0.0,T000347,P045,77.19,2024-01-26,26,1,2024,1,0,0,0,0,High,0.323078728466687,2024-01
U0147,Ishaan Mehta,22.0,1,Ghaziabad,2023-09-14,0.08333333333333337,61.44818181818182,12,7,0.0,0.0,0.0,0.0,0.0,0.0,0.0,61.84,0.0,0.0,0.0,0.0,0.0,0.0,0.0,83.01,0.0,41.37,0.0,0.0,0.0,0.0,52.68,102.16,62.17,0.0,23.85,39.04,32.85,0.0,0.0,0.0,0.0,59.75,0.0,0.0,0.0,0.0,0.0,0.0,0.0,0.0,0.0,40.02,77.19,0.0,0.0,0.0,0.0,0.0,T000518,P034,59.75,2025-02-18,18,2,2025,0,1,0,0,0,Medium,-0.15676254981085774,2025-02
U0147,Ishaan Mehta,22.0,1,Ghaziabad,2023-09-14,0.08333333333333337,61.44818181818182,12,7,0.0,0.0,0.0,0.0,0.0,0.0,0.0,61.84,0.0,0.0,0.0,0.0,0.0,0.0,0.0,83.01,0.0,41.37,0.0,0.0,0.0,0.0,52.68,102.16,62.17,0.0,23.85,39.04,32.85,0.0,0.0,0.0,0.0,59.75,0.0,0.0,0.0,0.0,0.0,0.0,0.0,0.0,0.0,40.02,77.19,0.0,0.0,0.0,0.0,0.0,T000592,P008,61.84,2025-01-21,21,1,2025,0,0,0,1,0,Medium,-0.09925863515489042,2025-01
U0147,Ishaan Mehta,22.0,1,Ghaziabad,2023-09-14,0.08333333333333337,61.44818181818182,12,7,0.0,0.0,0.0,0.0,0.0,0.0,0.0,61.84,0.0,0.0,0.0,0.0,0.0,0.0,0.0,83.01,0.0,41.37,0.0,0.0,0.0,0.0,52.68,102.16,62.17,0.0,23.85,39.04,32.85,0.0,0.0,0.0,0.0,59.75,0.0,0.0,0.0,0.0,0.0,0.0,0.0,0.0,0.0,40.02,77.19,0.0,0.0,0.0,0.0,0.0,T000604,P018,41.37,2023-07-15,15,7,2023,0,0,0,0,0,Low,-0.6624668327662061,2023-07
U0147,Ishaan Mehta,22.0,1,Ghaziabad,2023-09-14,0.08333333333333337,61.44818181818182,12,7,0.0,0.0,0.0,0.0,0.0,0.0,0.0,61.84,0.0,0.0,0.0,0.0,0.0,0.0,0.0,83.01,0.0,41.37,0.0,0.0,0.0,0.0,52.68,102.16,62.17,0.0,23.85,39.04,32.85,0.0,0.0,0.0,0.0,59.75,0.0,0.0,0.0,0.0,0.0,0.0,0.0,0.0,0.0,40.02,77.19,0.0,0.0,0.0,0.0,0.0,T000677,P044,40.02,2023-08-25,25,8,2023,0,0,0,0,1,Low,-0.6996105096970939,2023-08
U0147,Ishaan Mehta,22.0,1,Ghaziabad,2023-09-14,0.08333333333333337,61.44818181818182,12,7,0.0,0.0,0.0,0.0,0.0,0.0,0.0,61.84,0.0,0.0,0.0,0.0,0.0,0.0,0.0,83.01,0.0,41.37,0.0,0.0,0.0,0.0,52.68,102.16,62.17,0.0,23.85,39.04,32.85,0.0,0.0,0.0,0.0,59.75,0.0,0.0,0.0,0.0,0.0,0.0,0.0,0.0,0.0,40.02,77.19,0.0,0.0,0.0,0.0,0.0,T000684,P024,102.16,2025-10-25,25,10,2025,1,0,0,0,0,High,1.0100991825142955,2025-10
U0147,Ishaan Mehta,22.0,1,Ghaziabad,2023-09-14,0.08333333333333337,61.44818181818182,12,7,0.0,0.0,0.0,0.0,0.0,0.0,0.0,61.84,0.0,0.0,0.0,0.0,0.0,0.0,0.0,83.01,0.0,41.37,0.0,0.0,0.0,0.0,52.68,102.16,62.17,0.0,23.85,39.04,32.85,0.0,0.0,0.0,0.0,59.75,0.0,0.0,0.0,0.0,0.0,0.0,0.0,0.0,0.0,40.02,77.19,0.0,0.0,0.0,0.0,0.0,T000727,P028,39.04,2025-03-19,19,3,2025,0,0,0,0,1,Low,-0.7265740677654423,2025-03
U0147,Ishaan Mehta,22.0,1,Ghaziabad,2023-09-14,0.08333333333333337,61.44818181818182,12,7,0.0,0.0,0.0,0.0,0.0,0.0,0.0,61.84,0.0,0.0,0.0,0.0,0.0,0.0,0.0,83.01,0.0,41.37,0.0,0.0,0.0,0.0,52.68,102.16,62.17,0.0,23.85,39.04,32.85,0.0,0.0,0.0,0.0,59.75,0.0,0.0,0.0,0.0,0.0,0.0,0.0,0.0,0.0,40.02,77.19,0.0,0.0,0.0,0.0,0.0,T000805,P016,83.01,2024-09-04,4,9,2024,0,0,1,0,0,High,0.4832092467909596,2024-09
U0147,Ishaan Mehta,22.0,1,Ghaziabad,2023-09-14,0.08333333333333337,61.44818181818182,12,7,0.0,0.0,0.0,0.0,0.0,0.0,0.0,61.84,0.0,0.0,0.0,0.0,0.0,0.0,0.0,83.01,0.0,41.37,0.0,0.0,0.0,0.0,52.68,102.16,62.17,0.0,23.85,39.04,32.85,0.0,0.0,0.0,0.0,59.75,0.0,0.0,0.0,0.0,0.0,0.0,0.0,0.0,0.0,40.02,77.19,0.0,0.0,0.0,0.0,0.0,T000950,P029,32.85,2025-10-17,17,10,2025,1,0,0,0,0,Low,-0.8968847049522543,2025-10
U0148,Vihaan Iyer,21.0,0,Hyderabad,2023-08-16,0.04166666666666674,39.166666666666664,3,265,0.0,0.0,0.0,0.0,0.0,0.0,37.48,0.0,0.0,0.0,0.0,0.0,0.0,0.0,0.0,30.36,0.0,0.0,0.0,0.0,0.0,0.0,0.0,0.0,0.0,0.0,0.0,0.0,0.0,0.0,0.0,0.0,0.0,0.0,0.0,0.0,0.0,0.0,49.66,0.0,0.0,0.0,0.0,0.0,0.0,0.0,0.0,0.0,0.0,0.0,T000433,P039,49.66,2024-10-18,18,10,2024,0,0,0,0,1,Medium,-0.43437714257579063,2024-10
U0148,Vihaan Iyer,21.0,0,Hyderabad,2023-08-16,0.04166666666666674,39.166666666666664,3,265,0.0,0.0,0.0,0.0,0.0,0.0,37.48,0.0,0.0,0.0,0.0,0.0,0.0,0.0,0.0,30.36,0.0,0.0,0.0,0.0,0.0,0.0,0.0,0.0,0.0,0.0,0.0,0.0,0.0,0.0,0.0,0.0,0.0,0.0,0.0,0.0,0.0,0.0,49.66,0.0,0.0,0.0,0.0,0.0,0.0,0.0,0.0,0.0,0.0,0.0,T000532,P016,30.36,2025-02-09,9,2,2025,0,0,0,1,0,Low,-0.9653941535136699,2025-02
U0148,Vihaan Iyer,21.0,0,Hyderabad,2023-08-16,0.04166666666666674,39.166666666666664,3,265,0.0,0.0,0.0,0.0,0.0,0.0,37.48,0.0,0.0,0.0,0.0,0.0,0.0,0.0,0.0,30.36,0.0,0.0,0.0,0.0,0.0,0.0,0.0,0.0,0.0,0.0,0.0,0.0,0.0,0.0,0.0,0.0,0.0,0.0,0.0,0.0,0.0,0.0,49.66,0.0,0.0,0.0,0.0,0.0,0.0,0.0,0.0,0.0,0.0,0.0,T000569,P007,37.48,2024-01-18,18,1,2024,0,0,0,0,0,Low,-0.7694956499966906,2024-01
U0149,Aarav Singh,36.0,2,Nagpur,2023-02-11,0.6666666666666667,66.35,2,168,0.0,0.0,0.0,0.0,64.58,0.0,68.12,0.0,0.0,0.0,0.0,0.0,0.0,0.0,0.0,0.0,0.0,0.0,0.0,0.0,0.0,0.0,0.0,0.0,0.0,0.0,0.0,0.0,0.0,0.0,0.0,0.0,0.0,0.0,0.0,0.0,0.0,0.0,0.0,0.0,0.0,0.0,0.0,0.0,0.0,0.0,0.0,0.0,0.0,0.0,T000413,P005,64.58,2025-05-17,17,5,2025,1,0,0,0,0,Medium,-0.023870727902569867,2025-05
U0149,Aarav Singh,36.0,2,Nagpur,2023-02-11,0.6666666666666667,66.35,2,168,0.0,0.0,0.0,0.0,64.58,0.0,68.12,0.0,0.0,0.0,0.0,0.0,0.0,0.0,0.0,0.0,0.0,0.0,0.0,0.0,0.0,0.0,0.0,0.0,0.0,0.0,0.0,0.0,0.0,0.0,0.0,0.0,0.0,0.0,0.0,0.0,0.0,0.0,0.0,0.0,0.0,0.0,0.0,0.0,0.0,0.0,0.0,0.0,0.0,0.0,T000701,P007,68.12,2023-10-01,1,10,2023,0,0,0,0,0,Medium,0.07352824716064754,2023-10
U0150,Muhammad Gupta,34.0,2,Kolkata,2022-04-15,0.5833333333333333,57.56875,9,91,0.0,0.0,0.0,0.0,0.0,0.0,63.84,0.0,0.0,101.44,0.0,0.0,0.0,0.0,0.0,0.0,0.0,0.0,25.28,0.0,0.0,0.0,75.64,0.0,58.45,25.34,0.0,0.0,0.0,0.0,0.0,0.0,0.0,0.0,0.0,0.0,30.15,59.13,0.0,0.0,0.0,0.0,0.0,0.0,0.0,21.28,0.0,0.0,0.0,0.0,T000054,P010,101.44,2025-08-02,2,8,2025,0,1,0,0,0,High,0.9902892214844887,2025-08
U0150,Muhammad Gupta,34.0,2,Kolkata,2022-04-15,0.5833333333333333,57.56875,9,91,0.0,0.0,0.0,0.0,0.0,0.0,63.84,0.0,0.0,101.44,0.0,0.0,0.0,0.0,0.0,0.0,0.0,0.0,25.28,0.0,0.0,0.0,75.64,0.0,58.45,25.34,0.0,0.0,0.0,0.0,0.0,0.0,0.0,0.0,0.0,0.0,30.15,59.13,0.0,0.0,0.0,0.0,0.0,0.0,0.0,21.28,0.0,0.0,0.0,0.0,T000081,P025,58.45,2025-01-30,30,1,2025,0,0,0,0,1,Medium,-0.19253053500356457,2025-01
U0150,Muhammad Gupta,34.0,2,Kolkata,2022-04-15,0.5833333333333333,57.56875,9,91,0.0,0.0,0.0,0.0,0.0,0.0,63.84,0.0,0.0,101.44,0.0,0.0,0.0,0.0,0.0,0.0,0.0,0.0,25.28,0.0,0.0,0.0,75.64,0.0,58.45,25.34,0.0,0.0,0.0,0.0,0.0,0.0,0.0,0.0,0.0,0.0,30.15,59.13,0.0,0.0,0.0,0.0,0.0,0.0,0.0,21.28,0.0,0.0,0.0,0.0,T000322,P023,75.64,2023-04-14,14,4,2023,1,0,0,0,0,High,0.280432284583075,2023-04
U0150,Muhammad Gupta,34.0,2,Kolkata,2022-04-15,0.5833333333333333,57.56875,9,91,0.0,0.0,0.0,0.0,0.0,0.0,63.84,0.0,0.0,101.44,0.0,0.0,0.0,0.0,0.0,0.0,0.0,0.0,25.28,0.0,0.0,0.0,75.64,0.0,58.45,25.34,0.0,0.0,0.0,0.0,0.0,0.0,0.0,0.0,0.0,0.0,30.15,59.13,0.0,0.0,0.0,0.0,0.0,0.0,0.0,21.28,0.0,0.0,0.0,0.0,T000542,P026,25.34,2025-05-06,6,5,2025,0,0,0,0,0,Low,-1.1035136040270457,2025-05
U0150,Muhammad Gupta,34.0,2,Kolkata,2022-04-15,0.5833333333333333,57.56875,9,91,0.0,0.0,0.0,0.0,0.0,0.0,63.84,0.0,0.0,101.44,0.0,0.0,0.0,0.0,0.0,0.0,0.0,0.0,25.28,0.0,0.0,0.0,75.64,0.0,58.45,25.34,0.0,0.0,0.0,0.0,0.0,0.0,0.0,0.0,0.0,0.0,30.15,59.13,0.0,0.0,0.0,0.0,0.0,0.0,0.0,21.28,0.0,0.0,0.0,0.0,T000723,P038,59.13,2023-06-03,3,6,2023,0,0,0,1,0,Medium,-0.1738211273643025,2023-06
U0150,Muhammad Gupta,34.0,2,Kolkata,2022-04-15,0.5833333333333333,57.56875,9,91,0.0,0.0,0.0,0.0,0.0,0.0,63.84,0.0,0.0,101.44,0.0,0.0,0.0,0.0,0.0,0.0,0.0,0.0,25.28,0.0,0.0,0.0,75.64,0.0,58.45,25.34,0.0,0.0,0.0,0.0,0.0,0.0,0.0,0.0,0.0,0.0,30.15,59.13,0.0,0.0,0.0,0.0,0.0,0.0,0.0,21.28,0.0,0.0,0.0,0.0,T000854,P007,63.84,2025-02-05,5,2,2025,1,0,0,0,0,Medium,-0.044230965627649034,2025-02
U0150,Muhammad Gupta,34.0,2,Kolkata,2022-04-15,0.5833333333333333,57.56875,9,91,0.0,0.0,0.0,0.0,0.0,0.0,63.84,0.0,0.0,101.44,0.0,0.0,0.0,0.0,0.0,0.0,0.0,0.0,25.28,0.0,0.0,0.0,75.64,0.0,58.45,25.34,0.0,0.0,0.0,0.0,0.0,0.0,0.0,0.0,0.0,0.0,30.15,59.13,0.0,0.0,0.0,0.0,0.0,0.0,0.0,21.28,0.0,0.0,0.0,0.0,T000864,P046,21.28,2024-01-24,24,1,2024,0,0,0,0,0,Low,-1.2152197731673458,2024-01
U0150,Muhammad Gupta,34.0,2,Kolkata,2022-04-15,0.5833333333333333,57.56875,9,91,0.0,0.0,0.0,0.0,0.0,0.0,63.84,0.0,0.0,101.44,0.0,0.0,0.0,0.0,0.0,0.0,0.0,0.0,25.28,0.0,0.0,0.0,75.64,0.0,58.45,25.34,0.0,0.0,0.0,0.0,0.0,0.0,0.0,0.0,0.0,0.0,30.15,59.13,0.0,0.0,0.0,0.0,0.0,0.0,0.0,21.28,0.0,0.0,0.0,0.0,T000874,P019,25.28,2023-08-30,30,8,2023,0,0,1,0,0,Low,-1.1051644341128628,2023-08
U0150,Muhammad Gupta,34.0,2,Kolkata,2022-04-15,0.5833333333333333,57.56875,9,91,0.0,0.0,0.0,0.0,0.0,0.0,63.84,0.0,0.0,101.44,0.0,0.0,0.0,0.0,0.0,0.0,0.0,0.0,25.28,0.0,0.0,0.0,75.64,0.0,58.45,25.34,0.0,0.0,0.0,0.0,0.0,0.0,0.0,0.0,0.0,0.0,30.15,59.13,0.0,0.0,0.0,0.0,0.0,0.0,0.0,21.28,0.0,0.0,0.0,0.0,T000985,P037,30.15,2025-05-04,4,5,2025,0,0,0,0,1,Low,-0.9711720588140302,2025-05
U0151,Kabir Kulkarni,34.0,1,Patna,2024-03-12,0.5833333333333333,71.11875,8,220,0.0,0.0,0.0,0.0,128.03,0.0,76.85,0.0,0.0,79.01,0.0,0.0,0.0,33.2,0.0,0.0,0.0,0.0,0.0,56.33,58.58,0.0,0.0,0.0,0.0,0.0,0.0,0.0,0.0,0.0,0.0,0.0,99.37,0.0,0.0,0.0,0.0,0.0,0.0,0.0,0.0,0.0,0.0,0.0,0.0,0.0,0.0,37.58,0.0,0.0,T000090,P048,37.58,2023-11-13,13,11,2023,0,0,0,0,1,Low,-0.7667442665203285,2023-11
U0151,Kabir Kulkarni,34.0,1,Patna,2024-03-12,0.5833333333333333,71.11875,8,220,0.0,0.0,0.0,0.0,128.03,0.0,76.85,0.0,0.0,79.01,0.0,0.0,0.0,33.2,0.0,0.0,0.0,0.0,0.0,56.33,58.58,0.0,0.0,0.0,0.0,0.0,0.0,0.0,0.0,0.0,0.0,0.0,99.37,0.0,0.0,0.0,0.0,0.0,0.0,0.0,0.0,0.0,0.0,0.0,0.0,0.0,0.0,37.58,0.0,0.0,T000101,P014,33.2,2024-11-03,3,11,2024,0,1,0,0,0,Low,-0.887254862784987,2024-11
U0151,Kabir Kulkarni,34.0,1,Patna,2024-03-12,0.5833333333333333,71.11875,8,220,0.0,0.0,0.0,0.0,128.03,0.0,76.85,0.0,0.0,79.01,0.0,0.0,0.0,33.2,0.0,0.0,0.0,0.0,0.0,56.33,58.58,0.0,0.0,0.0,0.0,0.0,0.0,0.0,0.0,0.0,0.0,0.0,99.37,0.0,0.0,0.0,0.0,0.0,0.0,0.0,0.0,0.0,0.0,0.0,0.0,0.0,0.0,37.58,0.0,0.0,T000106,P021,58.58,2023-12-23,23,12,2023,1,0,0,0,0,Medium,-0.188953736484294,2023-12
U0151,Kabir Kulkarni,34.0,1,Patna,2024-03-12,0.5833333333333333,71.11875,8,220,0.0,0.0,0.0,0.0,128.03,0.0,76.85,0.0,0.0,79.01,0.0,0.0,0.0,33.2,0.0,0.0,0.0,0.0,0.0,56.33,58.58,0.0,0.0,0.0,0.0,0.0,0.0,0.0,0.0,0.0,0.0,0.0,99.37,0.0,0.0,0.0,0.0,0.0,0.0,0.0,0.0,0.0,0.0,0.0,0.0,0.0,0.0,37.58,0.0,0.0,T000494,P010,79.01,2025-03-26,26,3,2025,0,0,0,0,1,High,0.3731539077364769,2025-03
U0151,Kabir Kulkarni,34.0,1,Patna,2024-03-12,0.5833333333333333,71.11875,8,220,0.0,0.0,0.0,0.0,128.03,0.0,76.85,0.0,0.0,79.01,0.0,0.0,0.0,33.2,0.0,0.0,0.0,0.0,0.0,56.33,58.58,0.0,0.0,0.0,0.0,0.0,0.0,0.0,0.0,0.0,0.0,0.0,99.37,0.0,0.0,0.0,0.0,0.0,0.0,0.0,0.0,0.0,0.0,0.0,0.0,0.0,0.0,37.58,0.0,0.0,T000655,P005,128.03,2024-06-20,20,6,2024,1,0,0,0,0,High,1.721882087849163,2024-06
U0151,Kabir Kulkarni,34.0,1,Patna,2024-03-12,0.5833333333333333,71.11875,8,220,0.0,0.0,0.0,0.0,128.03,0.0,76.85,0.0,0.0,79.01,0.0,0.0,0.0,33.2,0.0,0.0,0.0,0.0,0.0,56.33,58.58,0.0,0.0,0.0,0.0,0.0,0.0,0.0,0.0,0.0,0.0,0.0,99.37,0.0,0.0,0.0,0.0,0.0,0.0,0.0,0.0,0.0,0.0,0.0,0.0,0.0,0.0,37.58,0.0,0.0,T000759,P007,76.85,2024-09-10,10,9,2024,0,0,0,1,0,High,0.3137240246470559,2024-09
U0151,Kabir Kulkarni,34.0,1,Patna,2024-03-12,0.5833333333333333,71.11875,8,220,0.0,0.0,0.0,0.0,128.03,0.0,76.85,0.0,0.0,79.01,0.0,0.0,0.0,33.2,0.0,0.0,0.0,0.0,0.0,56.33,58.58,0.0,0.0,0.0,0.0,0.0,0.0,0.0,0.0,0.0,0.0,0.0,99.37,0.0,0.0,0.0,0.0,0.0,0.0,0.0,0.0,0.0,0.0,0.0,0.0,0.0,0.0,37.58,0.0,0.0,T000894,P020,56.33,2023-05-14,14,5,2023,0,1,0,0,0,Medium,-0.25085986470244054,2023-05
U0151,Kabir Kulkarni,34.0,1,Patna,2024-03-12,0.5833333333333333,71.11875,8,220,0.0,0.0,0.0,0.0,128.03,0.0,76.85,0.0,0.0,79.01,0.0,0.0,0.0,33.2,0.0,0.0,0.0,0.0,0.0,56.33,58.58,0.0,0.0,0.0,0.0,0.0,0.0,0.0,0.0,0.0,0.0,0.0,99.37,0.0,0.0,0.0,0.0,0.0,0.0,0.0,0.0,0.0,0.0,0.0,0.0,0.0,0.0,37.58,0.0,0.0,T000901,P033,99.37,2023-09-10,10,9,2023,0,1,0,0,0,High,0.9333355835237941,2023-09
U0152,Vivaan Mehta,34.0,2,Indore,2023-11-09,0.5833333333333333,59.41,4,32,0.0,36.05,0.0,0.0,0.0,0.0,0.0,0.0,0.0,0.0,0.0,0.0,0.0,0.0,0.0,0.0,0.0,0.0,0.0,0.0,21.86,179.73000000000002,0.0,0.0,0.0,0.0,0.0,0.0,0.0,0.0,0.0,0.0,0.0,0.0,0.0,0.0,0.0,0.0,0.0,0.0,0.0,0.0,0.0,0.0,0.0,0.0,0.0,0.0,0.0,0.0,T000036,P022,79.87,2025-06-20,20,6,2025,1,0,0,0,0,High,0.39681580563319063,2025-06
U0152,Vivaan Mehta,34.0,2,Indore,2023-11-09,0.5833333333333333,59.41,4,32,0.0,36.05,0.0,0.0,0.0,0.0,0.0,0.0,0.0,0.0,0.0,0.0,0.0,0.0,0.0,0.0,0.0,0.0,0.0,0.0,21.86,179.73000000000002,0.0,0.0,0.0,0.0,0.0,0.0,0.0,0.0,0.0,0.0,0.0,0.0,0.0,0.0,0.0,0.0,0.0,0.0,0.0,0.0,0.0,0.0,0.0,0.0,0.0,0.0,0.0,0.0,T000339,P022,99.86,2025-09-30,30,9,2025,0,0,0,0,0,High,0.9468173625579681,2025-09
U0152,Vivaan Mehta,34.0,2,Indore,2023-11-09,0.5833333333333333,59.41,4,32,0.0,36.05,0.0,0.0,0.0,0.0,0.0,0.0,0.0,0.0,0.0,0.0,0.0,0.0,0.0,0.0,0.0,0.0,0.0,0.0,21.86,179.73000000000002,0.0,0.0,0.0,0.0,0.0,0.0,0.0,0.0,0.0,0.0,0.0,0.0,0.0,0.0,0.0,0.0,0.0,0.0,0.0,0.0,0.0,0.0,0.0,0.0,0.0,0.0,0.0,0.0,T000747,P021,21.86,2025-01-04,4,1,2025,0,0,0,0,1,Low,-1.1992617490044457,2025-01
U0152,Vivaan Mehta,34.0,2,Indore,2023-11-09,0.5833333333333333,59.41,4,32,0.0,36.05,0.0,0.0,0.0,0.0,0.0,0.0,0.0,0.0,0.0,0.0,0.0,0.0,0.0,0.0,0.0,0.0,0.0,0.0,21.86,179.73000000000002,0.0,0.0,0.0,0.0,0.0,0.0,0.0,0.0,0.0,0.0,0.0,0.0,0.0,0.0,0.0,0.0,0.0,0.0,0.0,0.0,0.0,0.0,0.0,0.0,0.0,0.0,0.0,0.0,T000748,P002,36.05,2024-12-21,21,12,2024,0,0,0,0,1,Low,-0.8088404337086682,2024-12
U0153,Diya Gupta,26.0,2,Lucknow,2022-01-13,0.25,57.984,5,98,0.0,0.0,50.63,50.21,0.0,0.0,0.0,0.0,0.0,0.0,0.0,0.0,0.0,0.0,0.0,0.0,0.0,0.0,0.0,0.0,0.0,0.0,0.0,0.0,28.77,0.0,0.0,0.0,0.0,0.0,75.03,0.0,0.0,0.0,0.0,0.0,0.0,0.0,0.0,85.28,0.0,0.0,0.0,0.0,0.0,0.0,0.0,0.0,0.0,0.0,T000207,P025,28.77,2023-11-29,29,11,2023,0,1,0,0,0,Low,-1.0091411507878267,2023-11
U0153,Diya Gupta,26.0,2,Lucknow,2022-01-13,0.25,57.984,5,98,0.0,0.0,50.63,50.21,0.0,0.0,0.0,0.0,0.0,0.0,0.0,0.0,0.0,0.0,0.0,0.0,0.0,0.0,0.0,0.0,0.0,0.0,0.0,0.0,28.77,0.0,0.0,0.0,0.0,0.0,75.03,0.0,0.0,0.0,0.0,0.0,0.0,0.0,0.0,85.28,0.0,0.0,0.0,0.0,0.0,0.0,0.0,0.0,0.0,0.0,T000343,P031,75.03,2024-04-11,11,4,2024,0,0,0,1,0,High,0.2636488453772664,2024-04
U0153,Diya Gupta,26.0,2,Lucknow,2022-01-13,0.25,57.984,5,98,0.0,0.0,50.63,50.21,0.0,0.0,0.0,0.0,0.0,0.0,0.0,0.0,0.0,0.0,0.0,0.0,0.0,0.0,0.0,0.0,0.0,0.0,0.0,0.0,28.77,0.0,0.0,0.0,0.0,0.0,75.03,0.0,0.0,0.0,0.0,0.0,0.0,0.0,0.0,85.28,0.0,0.0,0.0,0.0,0.0,0.0,0.0,0.0,0.0,0.0,T000428,P003,50.63,2023-04-10,10,4,2023,0,0,1,0,0,Medium,-0.4076887228550784,2023-04
U0153,Diya Gupta,26.0,2,Lucknow,2022-01-13,0.25,57.984,5,98,0.0,0.0,50.63,50.21,0.0,0.0,0.0,0.0,0.0,0.0,0.0,0.0,0.0,0.0,0.0,0.0,0.0,0.0,0.0,0.0,0.0,0.0,0.0,0.0,28.77,0.0,0.0,0.0,0.0,0.0,75.03,0.0,0.0,0.0,0.0,0.0,0.0,0.0,0.0,85.28,0.0,0.0,0.0,0.0,0.0,0.0,0.0,0.0,0.0,0.0,T000524,P040,85.28,2025-07-26,26,7,2025,0,1,0,0,0,High,0.5456656517043785,2025-07
U0153,Diya Gupta,26.0,2,Lucknow,2022-01-13,0.25,57.984,5,98,0.0,0.0,50.63,50.21,0.0,0.0,0.0,0.0,0.0,0.0,0.0,0.0,0.0,0.0,0.0,0.0,0.0,0.0,0.0,0.0,0.0,0.0,0.0,0.0,28.77,0.0,0.0,0.0,0.0,0.0,75.03,0.0,0.0,0.0,0.0,0.0,0.0,0.0,0.0,85.28,0.0,0.0,0.0,0.0,0.0,0.0,0.0,0.0,0.0,0.0,T000904,P004,50.21,2023-08-10,10,8,2023,0,0,0,0,1,Medium,-0.4192445334557991,2023-08
U0154,Kiara Joshi,33.0,1,Indore,2024-09-10,0.5416666666666667,132.41,1,519,132.41,0.0,0.0,0.0,0.0,0.0,0.0,0.0,0.0,0.0,0.0,0.0,0.0,0.0,0.0,0.0,0.0,0.0,0.0,0.0,0.0,0.0,0.0,0.0,0.0,0.0,0.0,0.0,0.0,0.0,0.0,0.0,0.0,0.0,0.0,0.0,0.0,0.0,0.0,0.0,0.0,0.0,0.0,0.0,0.0,0.0,0.0,0.0,0.0,0.0,T000849,P001,132.41,2024-05-31,31,5,2024,0,1,0,0,0,High,1.8423926841138214,2024-05
U0155,Diya Roy,34.0,2,Ahmedabad,2023-03-22,0.5833333333333333,53.04,5,223,0.0,0.0,0.0,0.0,0.0,0.0,0.0,0.0,0.0,0.0,0.0,39.17,0.0,0.0,0.0,0.0,0.0,0.0,0.0,0.0,0.0,0.0,0.0,0.0,0.0,0.0,0.0,0.0,0.0,0.0,0.0,0.0,0.0,0.0,0.0,0.0,0.0,0.0,0.0,0.0,0.0,78.89,0.0,0.0,51.47,55.77,0.0,0.0,0.0,39.9,T000259,P012,39.17,2024-08-24,24,8,2024,0,0,0,0,0,Low,-0.7229972692461715,2024-08
U0155,Diya Roy,34.0,2,Ahmedabad,2023-03-22,0.5833333333333333,53.04,5,223,0.0,0.0,0.0,0.0,0.0,0.0,0.0,0.0,0.0,0.0,0.0,39.17,0.0,0.0,0.0,0.0,0.0,0.0,0.0,0.0,0.0,0.0,0.0,0.0,0.0,0.0,0.0,0.0,0.0,0.0,0.0,0.0,0.0,0.0,0.0,0.0,0.0,0.0,0.0,0.0,0.0,78.89,0.0,0.0,51.47,55.77,0.0,0.0,0.0,39.9,T000262,P046,55.77,2023-12-08,8,12,2023,0,0,1,0,0,Medium,-0.266267612170068,2023-12
U0155,Diya Roy,34.0,2,Ahmedabad,2023-03-22,0.5833333333333333,53.04,5,223,0.0,0.0,0.0,0.0,0.0,0.0,0.0,0.0,0.0,0.0,0.0,39.17,0.0,0.0,0.0,0.0,0.0,0.0,0.0,0.0,0.0,0.0,0.0,0.0,0.0,0.0,0.0,0.0,0.0,0.0,0.0,0.0,0.0,0.0,0.0,0.0,0.0,0.0,0.0,0.0,0.0,78.89,0.0,0.0,51.47,55.77,0.0,0.0,0.0,39.9,T000501,P050,39.9,2025-03-23,23,3,2025,0,0,0,0,0,Low,-0.7029121698687285,2025-03
U0155,Diya Roy,34.0,2,Ahmedabad,2023-03-22,0.5833333333333333,53.04,5,223,0.0,0.0,0.0,0.0,0.0,0.0,0.0,0.0,0.0,0.0,0.0,39.17,0.0,0.0,0.0,0.0,0.0,0.0,0.0,0.0,0.0,0.0,0.0,0.0,0.0,0.0,0.0,0.0,0.0,0.0,0.0,0.0,0.0,0.0,0.0,0.0,0.0,0.0,0.0,0.0,0.0,78.89,0.0,0.0,51.47,55.77,0.0,0.0,0.0,39.9,T000829,P042,78.89,2024-01-20,20,1,2024,1,0,0,0,0,High,0.36985224756484225,2024-01
U0155,Diya Roy,34.0,2,Ahmedabad,2023-03-22,0.5833333333333333,53.04,5,223,0.0,0.0,0.0,0.0,0.0,0.0,0.0,0.0,0.0,0.0,0.0,39.17,0.0,0.0,0.0,0.0,0.0,0.0,0.0,0.0,0.0,0.0,0.0,0.0,0.0,0.0,0.0,0.0,0.0,0.0,0.0,0.0,0.0,0.0,0.0,0.0,0.0,0.0,0.0,0.0,0.0,78.89,0.0,0.0,51.47,55.77,0.0,0.0,0.0,39.9,T000978,P045,51.47,2024-09-04,4,9,2024,0,0,0,0,1,Medium,-0.3845771016536371,2024-09
U0156,Reyansh Amin,26.0,2,Jaipur,2023-09-23,0.25,92.12,4,449,0.0,0.0,0.0,0.0,0.0,0.0,0.0,0.0,0.0,0.0,0.0,0.0,0.0,0.0,0.0,0.0,0.0,0.0,0.0,124.97,0.0,0.0,0.0,0.0,0.0,0.0,0.0,54.48,0.0,0.0,0.0,0.0,0.0,0.0,0.0,0.0,0.0,0.0,0.0,0.0,0.0,0.0,49.99,0.0,0.0,0.0,0.0,46.92,0.0,0.0,T000065,P048,46.92,2024-08-09,9,8,2024,0,0,1,0,0,Medium,-0.5097650498281111,2024-08
U0156,Reyansh Amin,26.0,2,Jaipur,2023-09-23,0.25,92.12,4,449,0.0,0.0,0.0,0.0,0.0,0.0,0.0,0.0,0.0,0.0,0.0,0.0,0.0,0.0,0.0,0.0,0.0,0.0,0.0,124.97,0.0,0.0,0.0,0.0,0.0,0.0,0.0,54.48,0.0,0.0,0.0,0.0,0.0,0.0,0.0,0.0,0.0,0.0,0.0,0.0,0.0,0.0,49.99,0.0,0.0,0.0,0.0,46.92,0.0,0.0,T000136,P043,49.99,2024-07-01,1,7,2024,0,0,0,0,1,Medium,-0.4252975771037956,2024-07
U0156,Reyansh Amin,26.0,2,Jaipur,2023-09-23,0.25,92.12,4,449,0.0,0.0,0.0,0.0,0.0,0.0,0.0,0.0,0.0,0.0,0.0,0.0,0.0,0.0,0.0,0.0,0.0,0.0,0.0,124.97,0.0,0.0,0.0,0.0,0.0,0.0,0.0,54.48,0.0,0.0,0.0,0.0,0.0,0.0,0.0,0.0,0.0,0.0,0.0,0.0,0.0,0.0,49.99,0.0,0.0,0.0,0.0,46.92,0.0,0.0,T000785,P028,54.48,2023-04-20,20,4,2023,0,1,0,0,0,Medium,-0.30176045901513887,2023-04
U0156,Reyansh Amin,26.0,2,Jaipur,2023-09-23,0.25,92.12,4,449,0.0,0.0,0.0,0.0,0.0,0.0,0.0,0.0,0.0,0.0,0.0,0.0,0.0,0.0,0.0,0.0,0.0,0.0,0.0,124.97,0.0,0.0,0.0,0.0,0.0,0.0,0.0,54.48,0.0,0.0,0.0,0.0,0.0,0.0,0.0,0.0,0.0,0.0,0.0,0.0,0.0,0.0,49.99,0.0,0.0,0.0,0.0,46.92,0.0,0.0,T000850,P020,124.97,2024-07-17,17,7,2024,0,0,0,0,1,High,1.6376897534724837,2024-07
U0157,Aarohi Joshi,44.0,0,Indore,2024-04-25,1.0,45.112,5,134,0.0,0.0,0.0,0.0,0.0,0.0,0.0,0.0,0.0,0.0,0.0,0.0,0.0,0.0,25.98,0.0,0.0,0.0,0.0,0.0,0.0,0.0,0.0,0.0,47.16,79.79,0.0,0.0,0.0,0.0,42.64,0.0,0.0,0.0,0.0,0.0,0.0,0.0,0.0,0.0,0.0,29.99,0.0,0.0,0.0,0.0,0.0,0.0,0.0,0.0,T000084,P015,25.98,2023-05-10,10,5,2023,0,0,0,0,1,Low,-1.0859047497783283,2023-05
U0157,Aarohi Joshi,44.0,0,Indore,2024-04-25,1.0,45.112,5,134,0.0,0.0,0.0,0.0,0.0,0.0,0.0,0.0,0.0,0.0,0.0,0.0,0.0,0.0,25.98,0.0,0.0,0.0,0.0,0.0,0.0,0.0,0.0,0.0,47.16,79.79,0.0,0.0,0.0,0.0,42.64,0.0,0.0,0.0,0.0,0.0,0.0,0.0,0.0,0.0,0.0,29.99,0.0,0.0,0.0,0.0,0.0,0.0,0.0,0.0,T000356,P031,42.64,2024-05-19,19,5,2024,0,1,0,0,0,Medium,-0.6275242626164077,2024-05
U0157,Aarohi Joshi,44.0,0,Indore,2024-04-25,1.0,45.112,5,134,0.0,0.0,0.0,0.0,0.0,0.0,0.0,0.0,0.0,0.0,0.0,0.0,0.0,0.0,25.98,0.0,0.0,0.0,0.0,0.0,0.0,0.0,0.0,0.0,47.16,79.79,0.0,0.0,0.0,0.0,42.64,0.0,0.0,0.0,0.0,0.0,0.0,0.0,0.0,0.0,0.0,29.99,0.0,0.0,0.0,0.0,0.0,0.0,0.0,0.0,T000573,P026,79.79,2023-08-22,22,8,2023,0,0,0,0,0,High,0.39461469885210104,2023-08
U0157,Aarohi Joshi,44.0,0,Indore,2024-04-25,1.0,45.112,5,134,0.0,0.0,0.0,0.0,0.0,0.0,0.0,0.0,0.0,0.0,0.0,0.0,0.0,0.0,25.98,0.0,0.0,0.0,0.0,0.0,0.0,0.0,0.0,0.0,47.16,79.79,0.0,0.0,0.0,0.0,42.64,0.0,0.0,0.0,0.0,0.0,0.0,0.0,0.0,0.0,0.0,29.99,0.0,0.0,0.0,0.0,0.0,0.0,0.0,0.0,T000638,P042,29.99,2025-06-20,20,6,2025,0,1,0,0,0,Low,-0.9755742723762096,2025-06
U0157,Aarohi Joshi,44.0,0,Indore,2024-04-25,1.0,45.112,5,134,0.0,0.0,0.0,0.0,0.0,0.0,0.0,0.0,0.0,0.0,0.0,0.0,0.0,0.0,25.98,0.0,0.0,0.0,0.0,0.0,0.0,0.0,0.0,0.0,47.16,79.79,0.0,0.0,0.0,0.0,42.64,0.0,0.0,0.0,0.0,0.0,0.0,0.0,0.0,0.0,0.0,29.99,0.0,0.0,0.0,0.0,0.0,0.0,0.0,0.0,T000935,P025,47.16,2023-03-01,1,3,2023,0,0,0,1,0,Medium,-0.5031617294848423,2023-03
U0158,Saanvi Khan,35.0,0,Kolkata,2024-04-30,0.625,69.66,5,156,0.0,0.0,0.0,0.0,0.0,0.0,0.0,0.0,0.0,0.0,0.0,0.0,129.83,0.0,0.0,0.0,0.0,0.0,0.0,0.0,0.0,0.0,0.0,0.0,0.0,0.0,126.52000000000001,70.67,0.0,0.0,0.0,0.0,0.0,0.0,0.0,0.0,0.0,0.0,21.28,0.0,0.0,0.0,0.0,0.0,0.0,0.0,0.0,0.0,0.0,0.0,T000092,P027,40.62,2023-03-09,9,3,2023,0,0,0,1,0,Low,-0.6831022088389216,2023-03
U0158,Saanvi Khan,35.0,0,Kolkata,2024-04-30,0.625,69.66,5,156,0.0,0.0,0.0,0.0,0.0,0.0,0.0,0.0,0.0,0.0,0.0,0.0,129.83,0.0,0.0,0.0,0.0,0.0,0.0,0.0,0.0,0.0,0.0,0.0,0.0,0.0,126.52000000000001,70.67,0.0,0.0,0.0,0.0,0.0,0.0,0.0,0.0,0.0,0.0,21.28,0.0,0.0,0.0,0.0,0.0,0.0,0.0,0.0,0.0,0.0,0.0,T000183,P039,21.28,2025-02-26,26,2,2025,0,0,0,0,0,Low,-1.2152197731673458,2025-02
U0158,Saanvi Khan,35.0,0,Kolkata,2024-04-30,0.625,69.66,5,156,0.0,0.0,0.0,0.0,0.0,0.0,0.0,0.0,0.0,0.0,0.0,0.0,129.83,0.0,0.0,0.0,0.0,0.0,0.0,0.0,0.0,0.0,0.0,0.0,0.0,0.0,126.52000000000001,70.67,0.0,0.0,0.0,0.0,0.0,0.0,0.0,0.0,0.0,0.0,21.28,0.0,0.0,0.0,0.0,0.0,0.0,0.0,0.0,0.0,0.0,0.0,T000316,P027,85.9,2023-11-24,24,11,2023,0,1,0,0,0,High,0.5627242292578234,2023-11
U0158,Saanvi Khan,35.0,0,Kolkata,2024-04-30,0.625,69.66,5,156,0.0,0.0,0.0,0.0,0.0,0.0,0.0,0.0,0.0,0.0,0.0,0.0,129.83,0.0,0.0,0.0,0.0,0.0,0.0,0.0,0.0,0.0,0.0,0.0,0.0,0.0,126.52000000000001,70.67,0.0,0.0,0.0,0.0,0.0,0.0,0.0,0.0,0.0,0.0,21.28,0.0,0.0,0.0,0.0,0.0,0.0,0.0,0.0,0.0,0.0,0.0,T000754,P013,129.83,2024-11-28,28,11,2024,0,1,0,0,0,High,1.7714069904236804,2024-11
U0158,Saanvi Khan,35.0,0,Kolkata,2024-04-30,0.625,69.66,5,156,0.0,0.0,0.0,0.0,0.0,0.0,0.0,0.0,0.0,0.0,0.0,0.0,129.83,0.0,0.0,0.0,0.0,0.0,0.0,0.0,0.0,0.0,0.0,0.0,0.0,0.0,126.52000000000001,70.67,0.0,0.0,0.0,0.0,0.0,0.0,0.0,0.0,0.0,0.0,21.28,0.0,0.0,0.0,0.0,0.0,0.0,0.0,0.0,0.0,0.0,0.0,T000886,P028,70.67,2025-05-29,29,5,2025,0,0,0,0,1,Medium,0.14368852580788022,2025-05
U0159,Aditya Khan,22.0,0,Kolkata,2024-02-08,0.08333333333333337,130.125,3,16,0.0,0.0,0.0,68.59,0.0,0.0,0.0,0.0,0.0,0.0,0.0,0.0,0.0,0.0,0.0,0.0,0.0,0.0,0.0,0.0,0.0,0.0,0.0,0.0,0.0,0.0,0.0,0.0,0.0,0.0,0.0,0.0,0.0,0.0,0.0,0.0,0.0,0.0,0.0,0.0,36.95,0.0,0.0,154.71,0.0,0.0,0.0,0.0,0.0,0.0,T000053,P044,154.71,2025-10-16,16,10,2025,0,1,0,0,0,High,2.455951199342563,2025-10
U0159,Aditya Khan,22.0,0,Kolkata,2024-02-08,0.08333333333333337,130.125,3,16,0.0,0.0,0.0,68.59,0.0,0.0,0.0,0.0,0.0,0.0,0.0,0.0,0.0,0.0,0.0,0.0,0.0,0.0,0.0,0.0,0.0,0.0,0.0,0.0,0.0,0.0,0.0,0.0,0.0,0.0,0.0,0.0,0.0,0.0,0.0,0.0,0.0,0.0,0.0,0.0,36.95,0.0,0.0,154.71,0.0,0.0,0.0,0.0,0.0,0.0,T000305,P041,36.95,2025-10-16,16,10,2025,1,0,0,0,0,Low,-0.7840779824214094,2025-10
U0159,Aditya Khan,22.0,0,Kolkata,2024-02-08,0.08333333333333337,130.125,3,16,0.0,0.0,0.0,68.59,0.0,0.0,0.0,0.0,0.0,0.0,0.0,0.0,0.0,0.0,0.0,0.0,0.0,0.0,0.0,0.0,0.0,0.0,0.0,0.0,0.0,0.0,0.0,0.0,0.0,0.0,0.0,0.0,0.0,0.0,0.0,0.0,0.0,0.0,0.0,0.0,36.95,0.0,0.0,154.71,0.0,0.0,0.0,0.0,0.0,0.0,T000583,P004,68.59,2023-01-20,20,1,2023,0,0,0,1,0,Medium,0.08645974949954924,2023-01
U0160,Myra Chopra,37.0,2,Nagpur,2022-12-11,0.7083333333333333,67.83,3,130,0.0,0.0,0.0,0.0,0.0,0.0,0.0,0.0,0.0,0.0,0.0,0.0,0.0,0.0,0.0,0.0,0.0,0.0,0.0,0.0,0.0,0.0,0.0,0.0,0.0,0.0,0.0,0.0,0.0,0.0,0.0,0.0,0.0,0.0,0.0,0.0,0.0,0.0,0.0,0.0,0.0,0.0,0.0,31.73,91.05,0.0,0.0,0.0,80.71,0.0,T000014,P049,80.71,2025-06-24,24,6,2025,0,0,1,0,0,High,0.41992742683463175,2025-06
U0160,Myra Chopra,37.0,2,Nagpur,2022-12-11,0.7083333333333333,67.83,3,130,0.0,0.0,0.0,0.0,0.0,0.0,0.0,0.0,0.0,0.0,0.0,0.0,0.0,0.0,0.0,0.0,0.0,0.0,0.0,0.0,0.0,0.0,0.0,0.0,0.0,0.0,0.0,0.0,0.0,0.0,0.0,0.0,0.0,0.0,0.0,0.0,0.0,0.0,0.0,0.0,0.0,0.0,0.0,31.73,91.05,0.0,0.0,0.0,80.71,0.0,T000040,P045,91.05,2023-06-14,14,6,2023,0,0,1,0,0,High,0.7044204782904697,2023-06
U0160,Myra Chopra,37.0,2,Nagpur,2022-12-11,0.7083333333333333,67.83,3,130,0.0,0.0,0.0,0.0,0.0,0.0,0.0,0.0,0.0,0.0,0.0,0.0,0.0,0.0,0.0,0.0,0.0,0.0,0.0,0.0,0.0,0.0,0.0,0.0,0.0,0.0,0.0,0.0,0.0,0.0,0.0,0.0,0.0,0.0,0.0,0.0,0.0,0.0,0.0,0.0,0.0,0.0,0.0,31.73,91.05,0.0,0.0,0.0,80.71,0.0,T000330,P044,31.73,2023-09-01,1,9,2023,0,0,0,0,0,Low,-0.9277001998875094,2023-09
U0161,Aarav Joshi,24.0,0,Pune,2023-05-15,0.16666666666666674,59.246,5,20,0.0,0.0,0.0,0.0,0.0,0.0,41.93,0.0,0.0,0.0,0.0,0.0,0.0,0.0,0.0,0.0,0.0,0.0,0.0,0.0,92.15,0.0,0.0,0.0,0.0,0.0,31.92,0.0,0.0,0.0,0.0,0.0,0.0,0.0,40.76,0.0,0.0,0.0,0.0,0.0,0.0,0.0,0.0,89.47,0.0,0.0,0.0,0.0,0.0,0.0,T000069,P007,41.93,2023-03-22,22,3,2023,0,0,0,0,1,Low,-0.6470590852985785,2023-03
U0161,Aarav Joshi,24.0,0,Pune,2023-05-15,0.16666666666666674,59.246,5,20,0.0,0.0,0.0,0.0,0.0,0.0,41.93,0.0,0.0,0.0,0.0,0.0,0.0,0.0,0.0,0.0,0.0,0.0,0.0,0.0,92.15,0.0,0.0,0.0,0.0,0.0,31.92,0.0,0.0,0.0,0.0,0.0,0.0,0.0,40.76,0.0,0.0,0.0,0.0,0.0,0.0,0.0,0.0,89.47,0.0,0.0,0.0,0.0,0.0,0.0,T000177,P021,92.15,2025-06-19,19,6,2025,0,1,0,0,0,High,0.7346856965304528,2025-06
U0161,Aarav Joshi,24.0,0,Pune,2023-05-15,0.16666666666666674,59.246,5,20,0.0,0.0,0.0,0.0,0.0,0.0,41.93,0.0,0.0,0.0,0.0,0.0,0.0,0.0,0.0,0.0,0.0,0.0,0.0,0.0,92.15,0.0,0.0,0.0,0.0,0.0,31.92,0.0,0.0,0.0,0.0,0.0,0.0,0.0,40.76,0.0,0.0,0.0,0.0,0.0,0.0,0.0,0.0,89.47,0.0,0.0,0.0,0.0,0.0,0.0,T000306,P035,40.76,2024-09-10,10,9,2024,0,0,0,1,0,Low,-0.6792502719720147,2024-09
U0161,Aarav Joshi,24.0,0,Pune,2023-05-15,0.16666666666666674,59.246,5,20,0.0,0.0,0.0,0.0,0.0,0.0,41.93,0.0,0.0,0.0,0.0,0.0,0.0,0.0,0.0,0.0,0.0,0.0,0.0,0.0,92.15,0.0,0.0,0.0,0.0,0.0,31.92,0.0,0.0,0.0,0.0,0.0,0.0,0.0,40.76,0.0,0.0,0.0,0.0,0.0,0.0,0.0,0.0,89.47,0.0,0.0,0.0,0.0,0.0,0.0,T000437,P044,89.47,2025-10-12,12,10,2025,0,0,1,0,0,High,0.6609486193639491,2025-10
U0161,Aarav Joshi,24.0,0,Pune,2023-05-15,0.16666666666666674,59.246,5,20,0.0,0.0,0.0,0.0,0.0,0.0,41.93,0.0,0.0,0.0,0.0,0.0,0.0,0.0,0.0,0.0,0.0,0.0,0.0,0.0,92.15,0.0,0.0,0.0,0.0,0.0,31.92,0.0,0.0,0.0,0.0,0.0,0.0,0.0,40.76,0.0,0.0,0.0,0.0,0.0,0.0,0.0,0.0,89.47,0.0,0.0,0.0,0.0,0.0,0.0,T000610,P027,31.92,2025-07-14,14,7,2025,0,0,1,0,0,Low,-0.9224725712824215,2025-07
U0162,Muhammad Mehta,38.0,0,Lucknow,2022-10-14,0.75,62.507999999999996,6,252,0.0,0.0,0.0,0.0,0.0,0.0,0.0,0.0,0.0,0.0,0.0,44.28,0.0,0.0,21.28,0.0,0.0,0.0,0.0,0.0,0.0,0.0,0.0,0.0,0.0,0.0,0.0,0.0,0.0,0.0,0.0,0.0,134.48,0.0,40.4,0.0,0.0,0.0,47.37,0.0,0.0,24.73,0.0,0.0,0.0,0.0,0.0,0.0,0.0,0.0,T000018,P039,47.37,2023-11-21,21,11,2023,0,1,0,0,0,Medium,-0.49738382418448196,2023-11
U0162,Muhammad Mehta,38.0,0,Lucknow,2022-10-14,0.75,62.507999999999996,6,252,0.0,0.0,0.0,0.0,0.0,0.0,0.0,0.0,0.0,0.0,0.0,44.28,0.0,0.0,21.28,0.0,0.0,0.0,0.0,0.0,0.0,0.0,0.0,0.0,0.0,0.0,0.0,0.0,0.0,0.0,0.0,0.0,134.48,0.0,40.4,0.0,0.0,0.0,47.37,0.0,0.0,24.73,0.0,0.0,0.0,0.0,0.0,0.0,0.0,0.0,T000193,P042,24.73,2023-05-15,15,5,2023,0,0,0,1,0,Low,-1.1202970432328543,2023-05
U0162,Muhammad Mehta,38.0,0,Lucknow,2022-10-14,0.75,62.507999999999996,6,252,0.0,0.0,0.0,0.0,0.0,0.0,0.0,0.0,0.0,0.0,0.0,44.28,0.0,0.0,21.28,0.0,0.0,0.0,0.0,0.0,0.0,0.0,0.0,0.0,0.0,0.0,0.0,0.0,0.0,0.0,0.0,0.0,134.48,0.0,40.4,0.0,0.0,0.0,47.37,0.0,0.0,24.73,0.0,0.0,0.0,0.0,0.0,0.0,0.0,0.0,T000235,P033,134.48,2024-05-10,10,5,2024,0,0,0,0,0,High,1.8993463220745161,2024-05
U0162,Muhammad Mehta,38.0,0,Lucknow,2022-10-14,0.75,62.507999999999996,6,252,0.0,0.0,0.0,0.0,0.0,0.0,0.0,0.0,0.0,0.0,0.0,44.28,0.0,0.0,21.28,0.0,0.0,0.0,0.0,0.0,0.0,0.0,0.0,0.0,0.0,0.0,0.0,0.0,0.0,0.0,0.0,0.0,134.48,0.0,40.4,0.0,0.0,0.0,47.37,0.0,0.0,24.73,0.0,0.0,0.0,0.0,0.0,0.0,0.0,0.0,T000472,P015,21.28,2023-11-06,6,11,2023,1,0,0,0,0,Low,-1.2152197731673458,2023-11
U0162,Muhammad Mehta,38.0,0,Lucknow,2022-10-14,0.75,62.507999999999996,6,252,0.0,0.0,0.0,0.0,0.0,0.0,0.0,0.0,0.0,0.0,0.0,44.28,0.0,0.0,21.28,0.0,0.0,0.0,0.0,0.0,0.0,0.0,0.0,0.0,0.0,0.0,0.0,0.0,0.0,0.0,0.0,0.0,134.48,0.0,40.4,0.0,0.0,0.0,47.37,0.0,0.0,24.73,0.0,0.0,0.0,0.0,0.0,0.0,0.0,0.0,T000736,P035,40.4,2025-02-22,22,2,2025,1,0,0,0,0,Low,-0.6891552524869181,2025-02
U0162,Muhammad Mehta,38.0,0,Lucknow,2022-10-14,0.75,62.507999999999996,6,252,0.0,0.0,0.0,0.0,0.0,0.0,0.0,0.0,0.0,0.0,0.0,44.28,0.0,0.0,21.28,0.0,0.0,0.0,0.0,0.0,0.0,0.0,0.0,0.0,0.0,0.0,0.0,0.0,0.0,0.0,0.0,0.0,134.48,0.0,40.4,0.0,0.0,0.0,47.37,0.0,0.0,24.73,0.0,0.0,0.0,0.0,0.0,0.0,0.0,0.0,T000882,P012,44.28,2023-04-29,29,4,2023,0,0,0,1,0,Medium,-0.5824015736040697,2023-04
U0163,Sara Khan,41.0,2,Mumbai,2023-06-14,0.875,121.03500000000001,7,282,0.0,0.0,0.0,0.0,0.0,58.96,0.0,62.47,0.0,0.0,0.0,0.0,0.0,0.0,0.0,0.0,0.0,0.0,0.0,148.31,0.0,0.0,0.0,0.0,0.0,0.0,0.0,0.0,0.0,154.71,0.0,0.0,0.0,0.0,0.0,0.0,0.0,0.0,0.0,0.0,0.0,0.0,101.4,76.58,0.0,123.78,0.0,0.0,0.0,0.0,T000085,P030,154.71,2024-09-10,10,9,2024,0,0,0,0,1,High,2.455951199342563,2024-09
U0163,Sara Khan,41.0,2,Mumbai,2023-06-14,0.875,121.03500000000001,7,282,0.0,0.0,0.0,0.0,0.0,58.96,0.0,62.47,0.0,0.0,0.0,0.0,0.0,0.0,0.0,0.0,0.0,0.0,0.0,148.31,0.0,0.0,0.0,0.0,0.0,0.0,0.0,0.0,0.0,154.71,0.0,0.0,0.0,0.0,0.0,0.0,0.0,0.0,0.0,0.0,0.0,0.0,101.4,76.58,0.0,123.78,0.0,0.0,0.0,0.0,T000539,P020,148.31,2024-06-01,1,6,2024,0,1,0,0,0,High,2.2798626568553906,2024-06
U0163,Sara Khan,41.0,2,Mumbai,2023-06-14,0.875,121.03500000000001,7,282,0.0,0.0,0.0,0.0,0.0,58.96,0.0,62.47,0.0,0.0,0.0,0.0,0.0,0.0,0.0,0.0,0.0,0.0,0.0,148.31,0.0,0.0,0.0,0.0,0.0,0.0,0.0,0.0,0.0,154.71,0.0,0.0,0.0,0.0,0.0,0.0,0.0,0.0,0.0,0.0,0.0,0.0,101.4,76.58,0.0,123.78,0.0,0.0,0.0,0.0,T000615,P043,101.4,2025-01-03,3,1,2025,0,0,0,0,1,High,0.9891886680939441,2025-01
U0163,Sara Khan,41.0,2,Mumbai,2023-06-14,0.875,121.03500000000001,7,282,0.0,0.0,0.0,0.0,0.0,58.96,0.0,62.47,0.0,0.0,0.0,0.0,0.0,0.0,0.0,0.0,0.0,0.0,0.0,148.31,0.0,0.0,0.0,0.0,0.0,0.0,0.0,0.0,0.0,154.71,0.0,0.0,0.0,0.0,0.0,0.0,0.0,0.0,0.0,0.0,0.0,0.0,101.4,76.58,0.0,123.78,0.0,0.0,0.0,0.0,T000771,P006,58.96,2024-11-18,18,11,2024,0,0,0,0,1,Medium,-0.17849847927411808,2024-11
U0163,Sara Khan,41.0,2,Mumbai,2023-06-14,0.875,121.03500000000001,7,282,0.0,0.0,0.0,0.0,0.0,58.96,0.0,62.47,0.0,0.0,0.0,0.0,0.0,0.0,0.0,0.0,0.0,0.0,0.0,148.31,0.0,0.0,0.0,0.0,0.0,0.0,0.0,0.0,0.0,154.71,0.0,0.0,0.0,0.0,0.0,0.0,0.0,0.0,0.0,0.0,0.0,0.0,101.4,76.58,0.0,123.78,0.0,0.0,0.0,0.0,T000839,P008,62.47,2023-03-04,4,3,2023,0,0,0,0,1,Medium,-0.0819249192538095,2023-03
U0163,Sara Khan,41.0,2,Mumbai,2023-06-14,0.875,121.03500000000001,7,282,0.0,0.0,0.0,0.0,0.0,58.96,0.0,62.47,0.0,0.0,0.0,0.0,0.0,0.0,0.0,0.0,0.0,0.0,0.0,148.31,0.0,0.0,0.0,0.0,0.0,0.0,0.0,0.0,0.0,154.71,0.0,0.0,0.0,0.0,0.0,0.0,0.0,0.0,0.0,0.0,0.0,0.0,101.4,76.58,0.0,123.78,0.0,0.0,0.0,0.0,T000968,P044,76.58,2023-09-10,10,9,2023,0,0,0,0,0,High,0.3062952892608784,2023-09
U0163,Sara Khan,41.0,2,Mumbai,2023-06-14,0.875,121.03500000000001,7,282,0.0,0.0,0.0,0.0,0.0,58.96,0.0,62.47,0.0,0.0,0.0,0.0,0.0,0.0,0.0,0.0,0.0,0.0,0.0,148.31,0.0,0.0,0.0,0.0,0.0,0.0,0.0,0.0,0.0,154.71,0.0,0.0,0.0,0.0,0.0,0.0,0.0,0.0,0.0,0.0,0.0,0.0,101.4,76.58,0.0,123.78,0.0,0.0,0.0,0.0,T001000,P046,123.78,2025-01-23,23,1,2025,0,0,0,0,1,High,1.604948290103775,2025-01
U0164,Muhammad Gupta,25.0,1,Indore,2023-05-16,0.20833333333333326,62.720000000000006,7,19,0.0,0.0,0.0,0.0,0.0,0.0,0.0,0.0,0.0,0.0,0.0,0.0,0.0,0.0,21.28,0.0,21.94,0.0,46.44,0.0,0.0,0.0,0.0,0.0,0.0,43.12,0.0,71.26,0.0,0.0,0.0,80.29,0.0,0.0,0.0,0.0,154.71,0.0,0.0,0.0,0.0,0.0,0.0,0.0,0.0,0.0,0.0,0.0,0.0,0.0,T000055,P017,21.94,2024-06-06,6,6,2024,0,0,1,0,0,Low,-1.197060642223356,2024-06
U0164,Muhammad Gupta,25.0,1,Indore,2023-05-16,0.20833333333333326,62.720000000000006,7,19,0.0,0.0,0.0,0.0,0.0,0.0,0.0,0.0,0.0,0.0,0.0,0.0,0.0,0.0,21.28,0.0,21.94,0.0,46.44,0.0,0.0,0.0,0.0,0.0,0.0,43.12,0.0,71.26,0.0,0.0,0.0,80.29,0.0,0.0,0.0,0.0,154.71,0.0,0.0,0.0,0.0,0.0,0.0,0.0,0.0,0.0,0.0,0.0,0.0,0.0,T000059,P028,71.26,2024-05-27,27,5,2024,0,0,0,0,1,Medium,0.15992168831841652,2024-05
U0164,Muhammad Gupta,25.0,1,Indore,2023-05-16,0.20833333333333326,62.720000000000006,7,19,0.0,0.0,0.0,0.0,0.0,0.0,0.0,0.0,0.0,0.0,0.0,0.0,0.0,0.0,21.28,0.0,21.94,0.0,46.44,0.0,0.0,0.0,0.0,0.0,0.0,43.12,0.0,71.26,0.0,0.0,0.0,80.29,0.0,0.0,0.0,0.0,154.71,0.0,0.0,0.0,0.0,0.0,0.0,0.0,0.0,0.0,0.0,0.0,0.0,0.0,T000369,P015,21.28,2023-07-25,25,7,2023,1,0,0,0,0,Low,-1.2152197731673458,2023-07
U0164,Muhammad Gupta,25.0,1,Indore,2023-05-16,0.20833333333333326,62.720000000000006,7,19,0.0,0.0,0.0,0.0,0.0,0.0,0.0,0.0,0.0,0.0,0.0,0.0,0.0,0.0,21.28,0.0,21.94,0.0,46.44,0.0,0.0,0.0,0.0,0.0,0.0,43.12,0.0,71.26,0.0,0.0,0.0,80.29,0.0,0.0,0.0,0.0,154.71,0.0,0.0,0.0,0.0,0.0,0.0,0.0,0.0,0.0,0.0,0.0,0.0,0.0,T000397,P019,46.44,2024-03-28,28,3,2024,0,0,0,1,0,Medium,-0.5229716905146492,2024-03
U0164,Muhammad Gupta,25.0,1,Indore,2023-05-16,0.20833333333333326,62.720000000000006,7,19,0.0,0.0,0.0,0.0,0.0,0.0,0.0,0.0,0.0,0.0,0.0,0.0,0.0,0.0,21.28,0.0,21.94,0.0,46.44,0.0,0.0,0.0,0.0,0.0,0.0,43.12,0.0,71.26,0.0,0.0,0.0,80.29,0.0,0.0,0.0,0.0,154.71,0.0,0.0,0.0,0.0,0.0,0.0,0.0,0.0,0.0,0.0,0.0,0.0,0.0,T000702,P026,43.12,2023-05-08,8,5,2023,1,0,0,0,0,Medium,-0.6143176219298699,2023-05
U0164,Muhammad Gupta,25.0,1,Indore,2023-05-16,0.20833333333333326,62.720000000000006,7,19,0.0,0.0,0.0,0.0,0.0,0.0,0.0,0.0,0.0,0.0,0.0,0.0,0.0,0.0,21.28,0.0,21.94,0.0,46.44,0.0,0.0,0.0,0.0,0.0,0.0,43.12,0.0,71.26,0.0,0.0,0.0,80.29,0.0,0.0,0.0,0.0,154.71,0.0,0.0,0.0,0.0,0.0,0.0,0.0,0.0,0.0,0.0,0.0,0.0,0.0,T000761,P032,80.29,2024-10-11,11,10,2024,0,0,0,0,1,High,0.4083716162339114,2024-10
U0164,Muhammad Gupta,25.0,1,Indore,2023-05-16,0.20833333333333326,62.720000000000006,7,19,0.0,0.0,0.0,0.0,0.0,0.0,0.0,0.0,0.0,0.0,0.0,0.0,0.0,0.0,21.28,0.0,21.94,0.0,46.44,0.0,0.0,0.0,0.0,0.0,0.0,43.12,0.0,71.26,0.0,0.0,0.0,80.29,0.0,0.0,0.0,0.0,154.71,0.0,0.0,0.0,0.0,0.0,0.0,0.0,0.0,0.0,0.0,0.0,0.0,0.0,T000768,P037,154.71,2025-10-13,13,10,2025,1,0,0,0,0,High,2.455951199342563,2025-10
U0165,Aarohi Ghosh,39.0,2,Bhopal,2023-10-24,0.7916666666666667,84.41333333333334,3,84,0.0,0.0,0.0,0.0,0.0,0.0,0.0,0.0,0.0,0.0,0.0,81.6,0.0,0.0,105.99,0.0,0.0,0.0,0.0,0.0,0.0,0.0,0.0,0.0,0.0,0.0,0.0,0.0,0.0,0.0,0.0,0.0,0.0,0.0,0.0,0.0,0.0,0.0,0.0,0.0,65.65,0.0,0.0,0.0,0.0,0.0,0.0,0.0,0.0,0.0,T000098,P041,65.65,2023-02-13,13,2,2023,0,0,0,0,0,Medium,0.005569075294504475,2023-02
U0165,Aarohi Ghosh,39.0,2,Bhopal,2023-10-24,0.7916666666666667,84.41333333333334,3,84,0.0,0.0,0.0,0.0,0.0,0.0,0.0,0.0,0.0,0.0,0.0,81.6,0.0,0.0,105.99,0.0,0.0,0.0,0.0,0.0,0.0,0.0,0.0,0.0,0.0,0.0,0.0,0.0,0.0,0.0,0.0,0.0,0.0,0.0,0.0,0.0,0.0,0.0,0.0,0.0,65.65,0.0,0.0,0.0,0.0,0.0,0.0,0.0,0.0,0.0,T000246,P012,81.6,2025-08-09,9,8,2025,0,0,0,0,1,High,0.44441473977425416,2025-08
U0165,Aarohi Ghosh,39.0,2,Bhopal,2023-10-24,0.7916666666666667,84.41333333333334,3,84,0.0,0.0,0.0,0.0,0.0,0.0,0.0,0.0,0.0,0.0,0.0,81.6,0.0,0.0,105.99,0.0,0.0,0.0,0.0,0.0,0.0,0.0,0.0,0.0,0.0,0.0,0.0,0.0,0.0,0.0,0.0,0.0,0.0,0.0,0.0,0.0,0.0,0.0,0.0,0.0,65.65,0.0,0.0,0.0,0.0,0.0,0.0,0.0,0.0,0.0,T000921,P015,105.99,2024-08-29,29,8,2024,0,0,1,0,0,High,1.1154771696589627,2024-08
U0166,Meera Roy,35.0,1,Bengaluru,2022-10-29,0.625,80.97999999999999,5,192,0.0,0.0,0.0,0.0,0.0,0.0,83.11,0.0,0.0,0.0,0.0,96.57,0.0,0.0,49.23,0.0,0.0,0.0,154.71,0.0,0.0,0.0,0.0,0.0,0.0,0.0,0.0,0.0,0.0,0.0,0.0,0.0,0.0,0.0,0.0,0.0,0.0,0.0,0.0,0.0,0.0,0.0,21.28,0.0,0.0,0.0,0.0,0.0,0.0,0.0,T000189,P012,96.57,2024-05-22,22,5,2024,1,0,0,0,0,High,0.8562968461856558,2024-05
U0166,Meera Roy,35.0,1,Bengaluru,2022-10-29,0.625,80.97999999999999,5,192,0.0,0.0,0.0,0.0,0.0,0.0,83.11,0.0,0.0,0.0,0.0,96.57,0.0,0.0,49.23,0.0,0.0,0.0,154.71,0.0,0.0,0.0,0.0,0.0,0.0,0.0,0.0,0.0,0.0,0.0,0.0,0.0,0.0,0.0,0.0,0.0,0.0,0.0,0.0,0.0,0.0,0.0,21.28,0.0,0.0,0.0,0.0,0.0,0.0,0.0,T000201,P043,21.28,2025-01-11,11,1,2025,0,0,1,0,0,Low,-1.2152197731673458,2025-01
U0166,Meera Roy,35.0,1,Bengaluru,2022-10-29,0.625,80.97999999999999,5,192,0.0,0.0,0.0,0.0,0.0,0.0,83.11,0.0,0.0,0.0,0.0,96.57,0.0,0.0,49.23,0.0,0.0,0.0,154.71,0.0,0.0,0.0,0.0,0.0,0.0,0.0,0.0,0.0,0.0,0.0,0.0,0.0,0.0,0.0,0.0,0.0,0.0,0.0,0.0,0.0,0.0,0.0,21.28,0.0,0.0,0.0,0.0,0.0,0.0,0.0,T000560,P007,83.11,2023-12-03,3,12,2023,0,0,0,0,1,High,0.48596063026732156,2023-12
U0166,Meera Roy,35.0,1,Bengaluru,2022-10-29,0.625,80.97999999999999,5,192,0.0,0.0,0.0,0.0,0.0,0.0,83.11,0.0,0.0,0.0,0.0,96.57,0.0,0.0,49.23,0.0,0.0,0.0,154.71,0.0,0.0,0.0,0.0,0.0,0.0,0.0,0.0,0.0,0.0,0.0,0.0,0.0,0.0,0.0,0.0,0.0,0.0,0.0,0.0,0.0,0.0,0.0,21.28,0.0,0.0,0.0,0.0,0.0,0.0,0.0,T000732,P019,154.71,2025-04-23,23,4,2025,0,0,1,0,0,High,2.455951199342563,2025-04
U0166,Meera Roy,35.0,1,Bengaluru,2022-10-29,0.625,80.97999999999999,5,192,0.0,0.0,0.0,0.0,0.0,0.0,83.11,0.0,0.0,0.0,0.0,96.57,0.0,0.0,49.23,0.0,0.0,0.0,154.71,0.0,0.0,0.0,0.0,0.0,0.0,0.0,0.0,0.0,0.0,0.0,0.0,0.0,0.0,0.0,0.0,0.0,0.0,0.0,0.0,0.0,0.0,0.0,21.28,0.0,0.0,0.0,0.0,0.0,0.0,0.0,T000845,P015,49.23,2024-02-28,28,2,2024,0,0,0,0,1,Medium,-0.4462080915241475,2024-02
U0167,Sai Bose,38.0,2,Kolkata,2022-11-10,0.75,77.89250000000001,4,182,0.0,0.0,0.0,0.0,0.0,0.0,0.0,0.0,0.0,0.0,0.0,0.0,0.0,76.54,0.0,0.0,0.0,146.49,0.0,0.0,0.0,0.0,0.0,0.0,0.0,0.0,21.28,0.0,0.0,0.0,0.0,0.0,0.0,0.0,0.0,0.0,0.0,0.0,67.26,0.0,0.0,0.0,0.0,0.0,0.0,0.0,0.0,0.0,0.0,0.0,T000086,P027,21.28,2023-10-14,14,10,2023,1,0,0,0,0,Low,-1.2152197731673458,2023-10
U0167,Sai Bose,38.0,2,Kolkata,2022-11-10,0.75,77.89250000000001,4,182,0.0,0.0,0.0,0.0,0.0,0.0,0.0,0.0,0.0,0.0,0.0,0.0,0.0,76.54,0.0,0.0,0.0,146.49,0.0,0.0,0.0,0.0,0.0,0.0,0.0,0.0,21.28,0.0,0.0,0.0,0.0,0.0,0.0,0.0,0.0,0.0,0.0,0.0,67.26,0.0,0.0,0.0,0.0,0.0,0.0,0.0,0.0,0.0,0.0,0.0,T000275,P018,146.49,2023-08-21,21,8,2023,0,1,0,0,0,High,2.2297874775856013,2023-08
U0167,Sai Bose,38.0,2,Kolkata,2022-11-10,0.75,77.89250000000001,4,182,0.0,0.0,0.0,0.0,0.0,0.0,0.0,0.0,0.0,0.0,0.0,0.0,0.0,76.54,0.0,0.0,0.0,146.49,0.0,0.0,0.0,0.0,0.0,0.0,0.0,0.0,21.28,0.0,0.0,0.0,0.0,0.0,0.0,0.0,0.0,0.0,0.0,0.0,67.26,0.0,0.0,0.0,0.0,0.0,0.0,0.0,0.0,0.0,0.0,0.0,T000304,P014,76.54,2025-05-03,3,5,2025,0,0,0,0,0,High,0.3051947358703338,2025-05
U0167,Sai Bose,38.0,2,Kolkata,2022-11-10,0.75,77.89250000000001,4,182,0.0,0.0,0.0,0.0,0.0,0.0,0.0,0.0,0.0,0.0,0.0,0.0,0.0,76.54,0.0,0.0,0.0,146.49,0.0,0.0,0.0,0.0,0.0,0.0,0.0,0.0,21.28,0.0,0.0,0.0,0.0,0.0,0.0,0.0,0.0,0.0,0.0,0.0,67.26,0.0,0.0,0.0,0.0,0.0,0.0,0.0,0.0,0.0,0.0,0.0,T000528,P039,67.26,2024-09-07,7,9,2024,0,1,0,0,0,Medium,0.04986634926393377,2024-09
U0168,Saanvi Mehta,44.0,0,Vadodara,2023-06-28,1.0,66.6075,5,504,0.0,106.16,0.0,0.0,0.0,39.9,0.0,0.0,0.0,0.0,0.0,0.0,0.0,0.0,0.0,0.0,0.0,0.0,0.0,0.0,0.0,0.0,72.86,0.0,0.0,0.0,0.0,0.0,0.0,0.0,0.0,21.28,0.0,0.0,0.0,0.0,0.0,0.0,0.0,0.0,0.0,26.23,0.0,0.0,0.0,0.0,0.0,0.0,0.0,0.0,T000419,P023,72.86,2024-01-01,1,1,2024,1,0,0,0,0,Medium,0.2039438239402095,2024-01
U0168,Saanvi Mehta,44.0,0,Vadodara,2023-06-28,1.0,66.6075,5,504,0.0,106.16,0.0,0.0,0.0,39.9,0.0,0.0,0.0,0.0,0.0,0.0,0.0,0.0,0.0,0.0,0.0,0.0,0.0,0.0,0.0,0.0,72.86,0.0,0.0,0.0,0.0,0.0,0.0,0.0,0.0,21.28,0.0,0.0,0.0,0.0,0.0,0.0,0.0,0.0,0.0,26.23,0.0,0.0,0.0,0.0,0.0,0.0,0.0,0.0,T000485,P042,26.23,2023-07-11,11,7,2023,1,0,0,0,0,Low,-1.079026291087423,2023-07
U0168,Saanvi Mehta,44.0,0,Vadodara,2023-06-28,1.0,66.6075,5,504,0.0,106.16,0.0,0.0,0.0,39.9,0.0,0.0,0.0,0.0,0.0,0.0,0.0,0.0,0.0,0.0,0.0,0.0,0.0,0.0,0.0,0.0,72.86,0.0,0.0,0.0,0.0,0.0,0.0,0.0,0.0,21.28,0.0,0.0,0.0,0.0,0.0,0.0,0.0,0.0,0.0,26.23,0.0,0.0,0.0,0.0,0.0,0.0,0.0,0.0,T000628,P006,39.9,2023-07-14,14,7,2023,0,0,0,0,1,Low,-0.7029121698687285,2023-07
U0168,Saanvi Mehta,44.0,0,Vadodara,2023-06-28,1.0,66.6075,5,504,0.0,106.16,0.0,0.0,0.0,39.9,0.0,0.0,0.0,0.0,0.0,0.0,0.0,0.0,0.0,0.0,0.0,0.0,0.0,0.0,0.0,0.0,72.86,0.0,0.0,0.0,0.0,0.0,0.0,0.0,0.0,21.28,0.0,0.0,0.0,0.0,0.0,0.0,0.0,0.0,0.0,26.23,0.0,0.0,0.0,0.0,0.0,0.0,0.0,0.0,T000862,P032,21.28,2024-06-15,15,6,2024,0,0,0,1,0,Low,-1.2152197731673458,2024-06
U0168,Saanvi Mehta,44.0,0,Vadodara,2023-06-28,1.0,66.6075,5,504,0.0,106.16,0.0,0.0,0.0,39.9,0.0,0.0,0.0,0.0,0.0,0.0,0.0,0.0,0.0,0.0,0.0,0.0,0.0,0.0,0.0,0.0,72.86,0.0,0.0,0.0,0.0,0.0,0.0,0.0,0.0,21.28,0.0,0.0,0.0,0.0,0.0,0.0,0.0,0.0,0.0,26.23,0.0,0.0,0.0,0.0,0.0,0.0,0.0,0.0,T000905,P002,106.16,2023-08-26,26,8,2023,1,0,0,0,0,High,1.1201545215687785,2023-08
U0169,Diya Mukherjee,30.0,2,Vadodara,2022-12-05,0.41666666666666674,71.0775,4,169,0.0,0.0,0.0,0.0,0.0,0.0,0.0,0.0,0.0,100.35,0.0,0.0,0.0,0.0,0.0,0.0,0.0,0.0,0.0,0.0,0.0,0.0,0.0,0.0,0.0,0.0,0.0,0.0,0.0,0.0,0.0,23.46,0.0,0.0,107.91,0.0,0.0,0.0,52.59,0.0,0.0,0.0,0.0,0.0,0.0,0.0,0.0,0.0,0.0,0.0,T000012,P035,107.91,2025-04-26,26,4,2025,0,0,1,0,0,High,1.1683037324051146,2025-04
U0169,Diya Mukherjee,30.0,2,Vadodara,2022-12-05,0.41666666666666674,71.0775,4,169,0.0,0.0,0.0,0.0,0.0,0.0,0.0,0.0,0.0,100.35,0.0,0.0,0.0,0.0,0.0,0.0,0.0,0.0,0.0,0.0,0.0,0.0,0.0,0.0,0.0,0.0,0.0,0.0,0.0,0.0,0.0,23.46,0.0,0.0,107.91,0.0,0.0,0.0,52.59,0.0,0.0,0.0,0.0,0.0,0.0,0.0,0.0,0.0,0.0,0.0,T000475,P032,23.46,2023-01-14,14,1,2023,1,0,0,0,0,Low,-1.1552396133826526,2023-01
U0169,Diya Mukherjee,30.0,2,Vadodara,2022-12-05,0.41666666666666674,71.0775,4,169,0.0,0.0,0.0,0.0,0.0,0.0,0.0,0.0,0.0,100.35,0.0,0.0,0.0,0.0,0.0,0.0,0.0,0.0,0.0,0.0,0.0,0.0,0.0,0.0,0.0,0.0,0.0,0.0,0.0,0.0,0.0,23.46,0.0,0.0,107.91,0.0,0.0,0.0,52.59,0.0,0.0,0.0,0.0,0.0,0.0,0.0,0.0,0.0,0.0,0.0,T000540,P010,100.35,2025-05-16,16,5,2025,0,0,0,0,1,High,0.9602991415921421,2025-05
U0169,Diya Mukherjee,30.0,2,Vadodara,2022-12-05,0.41666666666666674,71.0775,4,169,0.0,0.0,0.0,0.0,0.0,0.0,0.0,0.0,0.0,100.35,0.0,0.0,0.0,0.0,0.0,0.0,0.0,0.0,0.0,0.0,0.0,0.0,0.0,0.0,0.0,0.0,0.0,0.0,0.0,0.0,0.0,23.46,0.0,0.0,107.91,0.0,0.0,0.0,52.59,0.0,0.0,0.0,0.0,0.0,0.0,0.0,0.0,0.0,0.0,0.0,T000974,P039,52.59,2024-10-21,21,10,2024,0,0,0,0,0,Medium,-0.3537616067183818,2024-10
U0170,Diya Roy,25.0,0,Surat,2022-09-15,0.20833333333333326,93.47,7,122,0.0,0.0,0.0,0.0,0.0,0.0,0.0,0.0,0.0,0.0,0.0,0.0,0.0,0.0,0.0,0.0,0.0,0.0,247.14000000000001,0.0,0.0,79.34,0.0,0.0,0.0,0.0,40.18,22.9,0.0,0.0,110.02,0.0,0.0,154.71,0.0,0.0,0.0,0.0,0.0,0.0,0.0,0.0,0.0,0.0,0.0,0.0,0.0,0.0,0.0,0.0,T000147,P028,22.9,2025-06-24,24,6,2025,0,0,1,0,0,Low,-1.1706473608502803,2025-06
U0170,Diya Roy,25.0,0,Surat,2022-09-15,0.20833333333333326,93.47,7,122,0.0,0.0,0.0,0.0,0.0,0.0,0.0,0.0,0.0,0.0,0.0,0.0,0.0,0.0,0.0,0.0,0.0,0.0,247.14000000000001,0.0,0.0,79.34,0.0,0.0,0.0,0.0,40.18,22.9,0.0,0.0,110.02,0.0,0.0,154.71,0.0,0.0,0.0,0.0,0.0,0.0,0.0,0.0,0.0,0.0,0.0,0.0,0.0,0.0,0.0,0.0,T000206,P022,79.34,2023-09-26,26,9,2023,0,0,0,0,0,High,0.3822334732084717,2023-09
U0170,Diya Roy,25.0,0,Surat,2022-09-15,0.20833333333333326,93.47,7,122,0.0,0.0,0.0,0.0,0.0,0.0,0.0,0.0,0.0,0.0,0.0,0.0,0.0,0.0,0.0,0.0,0.0,0.0,247.14000000000001,0.0,0.0,79.34,0.0,0.0,0.0,0.0,40.18,22.9,0.0,0.0,110.02,0.0,0.0,154.71,0.0,0.0,0.0,0.0,0.0,0.0,0.0,0.0,0.0,0.0,0.0,0.0,0.0,0.0,0.0,0.0,T000261,P019,154.71,2025-07-02,2,7,2025,0,0,0,1,0,High,2.455951199342563,2025-07
U0170,Diya Roy,25.0,0,Surat,2022-09-15,0.20833333333333326,93.47,7,122,0.0,0.0,0.0,0.0,0.0,0.0,0.0,0.0,0.0,0.0,0.0,0.0,0.0,0.0,0.0,0.0,0.0,0.0,247.14000000000001,0.0,0.0,79.34,0.0,0.0,0.0,0.0,40.18,22.9,0.0,0.0,110.02,0.0,0.0,154.71,0.0,0.0,0.0,0.0,0.0,0.0,0.0,0.0,0.0,0.0,0.0,0.0,0.0,0.0,0.0,0.0,T000353,P031,110.02,2025-02-10,10,2,2025,0,0,0,0,0,High,1.2263579237563542,2025-02
U0170,Diya Roy,25.0,0,Surat,2022-09-15,0.20833333333333326,93.47,7,122,0.0,0.0,0.0,0.0,0.0,0.0,0.0,0.0,0.0,0.0,0.0,0.0,0.0,0.0,0.0,0.0,0.0,0.0,247.14000000000001,0.0,0.0,79.34,0.0,0.0,0.0,0.0,40.18,22.9,0.0,0.0,110.02,0.0,0.0,154.71,0.0,0.0,0.0,0.0,0.0,0.0,0.0,0.0,0.0,0.0,0.0,0.0,0.0,0.0,0.0,0.0,T000426,P027,40.18,2023-02-02,2,2,2023,0,0,0,0,0,Low,-0.6952082961349146,2023-02
U0170,Diya Roy,25.0,0,Surat,2022-09-15,0.20833333333333326,93.47,7,122,0.0,0.0,0.0,0.0,0.0,0.0,0.0,0.0,0.0,0.0,0.0,0.0,0.0,0.0,0.0,0.0,0.0,0.0,247.14000000000001,0.0,0.0,79.34,0.0,0.0,0.0,0.0,40.18,22.9,0.0,0.0,110.02,0.0,0.0,154.71,0.0,0.0,0.0,0.0,0.0,0.0,0.0,0.0,0.0,0.0,0.0,0.0,0.0,0.0,0.0,0.0,T000788,P019,92.43,2024-05-01,1,5,2024,0,0,0,1,0,High,0.7423895702642666,2024-05
U0170,Diya Roy,25.0,0,Surat,2022-09-15,0.20833333333333326,93.47,7,122,0.0,0.0,0.0,0.0,0.0,0.0,0.0,0.0,0.0,0.0,0.0,0.0,0.0,0.0,0.0,0.0,0.0,0.0,247.14000000000001,0.0,0.0,79.34,0.0,0.0,0.0,0.0,40.18,22.9,0.0,0.0,110.02,0.0,0.0,154.71,0.0,0.0,0.0,0.0,0.0,0.0,0.0,0.0,0.0,0.0,0.0,0.0,0.0,0.0,0.0,0.0,T000910,P034,154.71,2023-10-08,8,10,2023,0,0,0,1,0,High,2.455951199342563,2023-10
U0171,Sai Patel,24.0,2,Chennai,2022-11-20,0.16666666666666674,60.115,2,446,40.83,0.0,0.0,0.0,0.0,0.0,0.0,0.0,0.0,0.0,0.0,0.0,0.0,0.0,0.0,0.0,0.0,0.0,0.0,0.0,0.0,0.0,0.0,0.0,0.0,0.0,0.0,0.0,0.0,0.0,0.0,0.0,0.0,0.0,0.0,0.0,0.0,0.0,0.0,0.0,0.0,0.0,0.0,0.0,0.0,0.0,0.0,0.0,79.4,0.0,T000056,P001,40.83,2024-08-12,12,8,2024,0,0,1,0,0,Low,-0.6773243035385612,2024-08
U0171,Sai Patel,24.0,2,Chennai,2022-11-20,0.16666666666666674,60.115,2,446,40.83,0.0,0.0,0.0,0.0,0.0,0.0,0.0,0.0,0.0,0.0,0.0,0.0,0.0,0.0,0.0,0.0,0.0,0.0,0.0,0.0,0.0,0.0,0.0,0.0,0.0,0.0,0.0,0.0,0.0,0.0,0.0,0.0,0.0,0.0,0.0,0.0,0.0,0.0,0.0,0.0,0.0,0.0,0.0,0.0,0.0,0.0,0.0,79.4,0.0,T000129,P049,79.4,2023-04-16,16,4,2023,0,0,1,0,0,High,0.38388430329428896,2023-04
U0172,Vihaan Kapoor,25.0,2,Pune,2022-07-16,0.20833333333333326,63.964,5,291,0.0,0.0,0.0,75.95,0.0,0.0,0.0,87.79,0.0,0.0,0.0,0.0,0.0,0.0,0.0,0.0,0.0,0.0,0.0,0.0,0.0,83.15,25.11,0.0,0.0,0.0,0.0,0.0,0.0,0.0,0.0,0.0,0.0,0.0,0.0,0.0,0.0,0.0,0.0,0.0,47.82,0.0,0.0,0.0,0.0,0.0,0.0,0.0,0.0,0.0,T000128,P008,87.79,2024-12-25,25,12,2024,0,0,1,0,0,High,0.6147253769610665,2024-12
U0172,Vihaan Kapoor,25.0,2,Pune,2022-07-16,0.20833333333333326,63.964,5,291,0.0,0.0,0.0,75.95,0.0,0.0,0.0,87.79,0.0,0.0,0.0,0.0,0.0,0.0,0.0,0.0,0.0,0.0,0.0,0.0,0.0,83.15,25.11,0.0,0.0,0.0,0.0,0.0,0.0,0.0,0.0,0.0,0.0,0.0,0.0,0.0,0.0,0.0,0.0,0.0,47.82,0.0,0.0,0.0,0.0,0.0,0.0,0.0,0.0,0.0,T000266,P041,47.82,2025-01-14,14,1,2025,0,0,1,0,0,Medium,-0.4850025985408526,2025-01
U0172,Vihaan Kapoor,25.0,2,Pune,2022-07-16,0.20833333333333326,63.964,5,291,0.0,0.0,0.0,75.95,0.0,0.0,0.0,87.79,0.0,0.0,0.0,0.0,0.0,0.0,0.0,0.0,0.0,0.0,0.0,0.0,0.0,83.15,25.11,0.0,0.0,0.0,0.0,0.0,0.0,0.0,0.0,0.0,0.0,0.0,0.0,0.0,0.0,0.0,0.0,0.0,47.82,0.0,0.0,0.0,0.0,0.0,0.0,0.0,0.0,0.0,T000867,P023,25.11,2024-09-06,6,9,2024,0,0,0,0,0,Low,-1.1098417860226786,2024-09
U0172,Vihaan Kapoor,25.0,2,Pune,2022-07-16,0.20833333333333326,63.964,5,291,0.0,0.0,0.0,75.95,0.0,0.0,0.0,87.79,0.0,0.0,0.0,0.0,0.0,0.0,0.0,0.0,0.0,0.0,0.0,0.0,0.0,83.15,25.11,0.0,0.0,0.0,0.0,0.0,0.0,0.0,0.0,0.0,0.0,0.0,0.0,0.0,0.0,0.0,0.0,0.0,47.82,0.0,0.0,0.0,0.0,0.0,0.0,0.0,0.0,0.0,T000940,P022,83.15,2023-07-15,15,7,2023,0,0,0,0,0,High,0.48706118365786655,2023-07
U0172,Vihaan Kapoor,25.0,2,Pune,2022-07-16,0.20833333333333326,63.964,5,291,0.0,0.0,0.0,75.95,0.0,0.0,0.0,87.79,0.0,0.0,0.0,0.0,0.0,0.0,0.0,0.0,0.0,0.0,0.0,0.0,0.0,83.15,25.11,0.0,0.0,0.0,0.0,0.0,0.0,0.0,0.0,0.0,0.0,0.0,0.0,0.0,0.0,0.0,0.0,0.0,47.82,0.0,0.0,0.0,0.0,0.0,0.0,0.0,0.0,0.0,T000989,P004,75.95,2024-06-30,30,6,2024,0,1,0,0,0,High,0.2889615733597975,2024-06
U0173,Muhammad Joshi,31.0,0,Patna,2024-09-27,0.45833333333333326,70.39666666666666,6,128,0.0,0.0,0.0,82.2,0.0,62.75,0.0,0.0,21.28,0.0,0.0,0.0,0.0,0.0,0.0,0.0,0.0,0.0,0.0,80.85,0.0,0.0,0.0,0.0,0.0,0.0,0.0,0.0,0.0,0.0,0.0,0.0,0.0,0.0,0.0,0.0,0.0,0.0,0.0,0.0,0.0,0.0,0.0,0.0,0.0,79.29,0.0,96.01,0.0,0.0,T000146,P006,62.75,2025-06-26,26,6,2025,0,0,0,1,0,Medium,-0.07422104551999568,2025-06
U0173,Muhammad Joshi,31.0,0,Patna,2024-09-27,0.45833333333333326,70.39666666666666,6,128,0.0,0.0,0.0,82.2,0.0,62.75,0.0,0.0,21.28,0.0,0.0,0.0,0.0,0.0,0.0,0.0,0.0,0.0,0.0,80.85,0.0,0.0,0.0,0.0,0.0,0.0,0.0,0.0,0.0,0.0,0.0,0.0,0.0,0.0,0.0,0.0,0.0,0.0,0.0,0.0,0.0,0.0,0.0,0.0,0.0,79.29,0.0,96.01,0.0,0.0,T000411,P020,80.85,2023-02-14,14,2,2023,0,0,0,0,1,High,0.4237793637015386,2023-02
U0173,Muhammad Joshi,31.0,0,Patna,2024-09-27,0.45833333333333326,70.39666666666666,6,128,0.0,0.0,0.0,82.2,0.0,62.75,0.0,0.0,21.28,0.0,0.0,0.0,0.0,0.0,0.0,0.0,0.0,0.0,0.0,80.85,0.0,0.0,0.0,0.0,0.0,0.0,0.0,0.0,0.0,0.0,0.0,0.0,0.0,0.0,0.0,0.0,0.0,0.0,0.0,0.0,0.0,0.0,0.0,0.0,0.0,79.29,0.0,96.01,0.0,0.0,T000575,P046,79.29,2023-06-23,23,6,2023,0,0,0,1,0,High,0.3808577814702907,2023-06
U0173,Muhammad Joshi,31.0,0,Patna,2024-09-27,0.45833333333333326,70.39666666666666,6,128,0.0,0.0,0.0,82.2,0.0,62.75,0.0,0.0,21.28,0.0,0.0,0.0,0.0,0.0,0.0,0.0,0.0,0.0,0.0,80.85,0.0,0.0,0.0,0.0,0.0,0.0,0.0,0.0,0.0,0.0,0.0,0.0,0.0,0.0,0.0,0.0,0.0,0.0,0.0,0.0,0.0,0.0,0.0,0.0,0.0,79.29,0.0,96.01,0.0,0.0,T000576,P009,21.28,2023-08-30,30,8,2023,0,0,0,1,0,Low,-1.2152197731673458,2023-08
U0173,Muhammad Joshi,31.0,0,Patna,2024-09-27,0.45833333333333326,70.39666666666666,6,128,0.0,0.0,0.0,82.2,0.0,62.75,0.0,0.0,21.28,0.0,0.0,0.0,0.0,0.0,0.0,0.0,0.0,0.0,0.0,80.85,0.0,0.0,0.0,0.0,0.0,0.0,0.0,0.0,0.0,0.0,0.0,0.0,0.0,0.0,0.0,0.0,0.0,0.0,0.0,0.0,0.0,0.0,0.0,0.0,0.0,79.29,0.0,96.01,0.0,0.0,T000685,P004,82.2,2024-04-02,2,4,2024,0,1,0,0,0,High,0.46092304063242684,2024-04
U0173,Muhammad Joshi,31.0,0,Patna,2024-09-27,0.45833333333333326,70.39666666666666,6,128,0.0,0.0,0.0,82.2,0.0,62.75,0.0,0.0,21.28,0.0,0.0,0.0,0.0,0.0,0.0,0.0,0.0,0.0,0.0,80.85,0.0,0.0,0.0,0.0,0.0,0.0,0.0,0.0,0.0,0.0,0.0,0.0,0.0,0.0,0.0,0.0,0.0,0.0,0.0,0.0,0.0,0.0,0.0,0.0,0.0,79.29,0.0,96.01,0.0,0.0,T000986,P048,96.01,2024-08-08,8,8,2024,0,0,0,0,0,High,0.8408890987180286,2024-08
U0174,Ira Kulkarni,34.0,0,Hyderabad,2024-05-02,0.5833333333333333,51.78142857142858,7,39,52.3,0.0,0.0,0.0,0.0,0.0,0.0,0.0,0.0,0.0,0.0,0.0,0.0,0.0,0.0,0.0,0.0,0.0,0.0,0.0,27.5,0.0,0.0,0.0,0.0,0.0,0.0,0.0,21.28,0.0,0.0,0.0,0.0,73.44,116.76,0.0,0.0,0.0,0.0,0.0,0.0,0.0,0.0,48.04,0.0,0.0,0.0,0.0,23.15,0.0,T000057,P035,116.76,2023-06-01,1,6,2023,0,1,0,0,0,High,1.4118011700631579,2023-06
U0174,Ira Kulkarni,34.0,0,Hyderabad,2024-05-02,0.5833333333333333,51.78142857142858,7,39,52.3,0.0,0.0,0.0,0.0,0.0,0.0,0.0,0.0,0.0,0.0,0.0,0.0,0.0,0.0,0.0,0.0,0.0,0.0,0.0,27.5,0.0,0.0,0.0,0.0,0.0,0.0,0.0,21.28,0.0,0.0,0.0,0.0,73.44,116.76,0.0,0.0,0.0,0.0,0.0,0.0,0.0,0.0,48.04,0.0,0.0,0.0,0.0,23.15,0.0,T000068,P049,23.15,2023-10-08,8,10,2023,0,0,0,0,1,Low,-1.1637689021593751,2023-10
U0174,Ira Kulkarni,34.0,0,Hyderabad,2024-05-02,0.5833333333333333,51.78142857142858,7,39,52.3,0.0,0.0,0.0,0.0,0.0,0.0,0.0,0.0,0.0,0.0,0.0,0.0,0.0,0.0,0.0,0.0,0.0,0.0,0.0,27.5,0.0,0.0,0.0,0.0,0.0,0.0,0.0,21.28,0.0,0.0,0.0,0.0,73.44,116.76,0.0,0.0,0.0,0.0,0.0,0.0,0.0,0.0,48.04,0.0,0.0,0.0,0.0,23.15,0.0,T000150,P044,48.04,2025-09-23,23,9,2025,0,0,0,0,0,Medium,-0.47894955489285607,2025-09
U0174,Ira Kulkarni,34.0,0,Hyderabad,2024-05-02,0.5833333333333333,51.78142857142858,7,39,52.3,0.0,0.0,0.0,0.0,0.0,0.0,0.0,0.0,0.0,0.0,0.0,0.0,0.0,0.0,0.0,0.0,0.0,0.0,0.0,27.5,0.0,0.0,0.0,0.0,0.0,0.0,0.0,21.28,0.0,0.0,0.0,0.0,73.44,116.76,0.0,0.0,0.0,0.0,0.0,0.0,0.0,0.0,48.04,0.0,0.0,0.0,0.0,23.15,0.0,T000272,P029,21.28,2025-01-31,31,1,2025,0,0,0,1,0,Low,-1.2152197731673458,2025-01
U0174,Ira Kulkarni,34.0,0,Hyderabad,2024-05-02,0.5833333333333333,51.78142857142858,7,39,52.3,0.0,0.0,0.0,0.0,0.0,0.0,0.0,0.0,0.0,0.0,0.0,0.0,0.0,0.0,0.0,0.0,0.0,0.0,0.0,27.5,0.0,0.0,0.0,0.0,0.0,0.0,0.0,21.28,0.0,0.0,0.0,0.0,73.44,116.76,0.0,0.0,0.0,0.0,0.0,0.0,0.0,0.0,48.04,0.0,0.0,0.0,0.0,23.15,0.0,T000853,P034,73.44,2025-03-24,24,3,2025,0,0,0,0,0,High,0.21990184810310942,2025-03
U0174,Ira Kulkarni,34.0,0,Hyderabad,2024-05-02,0.5833333333333333,51.78142857142858,7,39,52.3,0.0,0.0,0.0,0.0,0.0,0.0,0.0,0.0,0.0,0.0,0.0,0.0,0.0,0.0,0.0,0.0,0.0,0.0,0.0,27.5,0.0,0.0,0.0,0.0,0.0,0.0,0.0,21.28,0.0,0.0,0.0,0.0,73.44,116.76,0.0,0.0,0.0,0.0,0.0,0.0,0.0,0.0,48.04,0.0,0.0,0.0,0.0,23.15,0.0,T000891,P001,52.3,2024-05-24,24,5,2024,0,0,0,0,1,Medium,-0.361740618799832,2024-05
U0174,Ira Kulkarni,34.0,0,Hyderabad,2024-05-02,0.5833333333333333,51.78142857142858,7,39,52.3,0.0,0.0,0.0,0.0,0.0,0.0,0.0,0.0,0.0,0.0,0.0,0.0,0.0,0.0,0.0,0.0,0.0,0.0,0.0,27.5,0.0,0.0,0.0,0.0,0.0,0.0,0.0,21.28,0.0,0.0,0.0,0.0,73.44,116.76,0.0,0.0,0.0,0.0,0.0,0.0,0.0,0.0,48.04,0.0,0.0,0.0,0.0,23.15,0.0,T000924,P021,27.5,2023-08-26,26,8,2023,0,0,1,0,0,Low,-1.044083720937625,2023-08
U0175,Muhammad Singh,34.0,1,Kanpur,2022-07-03,0.5833333333333333,63.688,6,257,0.0,0.0,0.0,0.0,0.0,0.0,0.0,0.0,86.75,0.0,0.0,0.0,0.0,0.0,0.0,0.0,0.0,0.0,0.0,0.0,0.0,53.08,0.0,0.0,21.46,0.0,0.0,0.0,0.0,0.0,0.0,0.0,0.0,0.0,0.0,0.0,34.45,21.46,0.0,0.0,0.0,0.0,0.0,0.0,0.0,0.0,0.0,0.0,0.0,101.24,T000176,P037,34.45,2024-10-23,23,10,2024,0,0,0,0,1,Low,-0.8528625693304611,2024-10
U0175,Muhammad Singh,34.0,1,Kanpur,2022-07-03,0.5833333333333333,63.688,6,257,0.0,0.0,0.0,0.0,0.0,0.0,0.0,0.0,86.75,0.0,0.0,0.0,0.0,0.0,0.0,0.0,0.0,0.0,0.0,0.0,0.0,53.08,0.0,0.0,21.46,0.0,0.0,0.0,0.0,0.0,0.0,0.0,0.0,0.0,0.0,0.0,34.45,21.46,0.0,0.0,0.0,0.0,0.0,0.0,0.0,0.0,0.0,0.0,0.0,101.24,T000505,P038,21.46,2025-02-17,17,2,2025,0,0,0,0,1,Low,-1.210267282909894,2025-02
U0175,Muhammad Singh,34.0,1,Kanpur,2022-07-03,0.5833333333333333,63.688,6,257,0.0,0.0,0.0,0.0,0.0,0.0,0.0,0.0,86.75,0.0,0.0,0.0,0.0,0.0,0.0,0.0,0.0,0.0,0.0,0.0,0.0,53.08,0.0,0.0,21.46,0.0,0.0,0.0,0.0,0.0,0.0,0.0,0.0,0.0,0.0,0.0,34.45,21.46,0.0,0.0,0.0,0.0,0.0,0.0,0.0,0.0,0.0,0.0,0.0,101.24,T000535,P050,101.24,2023-02-25,25,2,2023,0,0,0,0,0,High,0.9847864545317645,2023-02
U0175,Muhammad Singh,34.0,1,Kanpur,2022-07-03,0.5833333333333333,63.688,6,257,0.0,0.0,0.0,0.0,0.0,0.0,0.0,0.0,86.75,0.0,0.0,0.0,0.0,0.0,0.0,0.0,0.0,0.0,0.0,0.0,0.0,53.08,0.0,0.0,21.46,0.0,0.0,0.0,0.0,0.0,0.0,0.0,0.0,0.0,0.0,0.0,34.45,21.46,0.0,0.0,0.0,0.0,0.0,0.0,0.0,0.0,0.0,0.0,0.0,101.24,T000861,P009,86.75,2023-02-22,22,2,2023,0,0,0,0,1,High,0.5861109888069008,2023-02
U0175,Muhammad Singh,34.0,1,Kanpur,2022-07-03,0.5833333333333333,63.688,6,257,0.0,0.0,0.0,0.0,0.0,0.0,0.0,0.0,86.75,0.0,0.0,0.0,0.0,0.0,0.0,0.0,0.0,0.0,0.0,0.0,0.0,53.08,0.0,0.0,21.46,0.0,0.0,0.0,0.0,0.0,0.0,0.0,0.0,0.0,0.0,0.0,34.45,21.46,0.0,0.0,0.0,0.0,0.0,0.0,0.0,0.0,0.0,0.0,0.0,101.24,T000871,P022,53.08,2023-07-02,2,7,2023,0,0,0,0,1,Medium,-0.3402798276842078,2023-07
U0175,Muhammad Singh,34.0,1,Kanpur,2022-07-03,0.5833333333333333,63.688,6,257,0.0,0.0,0.0,0.0,0.0,0.0,0.0,0.0,86.75,0.0,0.0,0.0,0.0,0.0,0.0,0.0,0.0,0.0,0.0,0.0,0.0,53.08,0.0,0.0,21.46,0.0,0.0,0.0,0.0,0.0,0.0,0.0,0.0,0.0,0.0,0.0,34.45,21.46,0.0,0.0,0.0,0.0,0.0,0.0,0.0,0.0,0.0,0.0,0.0,101.24,T000877,P025,21.46,2024-09-03,3,9,2024,0,0,0,0,0,Low,-1.210267282909894,2024-09
U0176,Kabir Sharma,38.0,2,Vadodara,2022-05-10,0.75,70.8,5,46,0.0,0.0,0.0,0.0,0.0,0.0,0.0,0.0,0.0,0.0,0.0,0.0,0.0,0.0,0.0,0.0,0.0,0.0,0.0,0.0,0.0,0.0,60.82,67.64,0.0,0.0,0.0,0.0,0.0,0.0,0.0,0.0,0.0,0.0,27.89,0.0,0.0,0.0,0.0,0.0,29.49,0.0,0.0,0.0,0.0,0.0,97.36,0.0,0.0,0.0,T000095,P024,67.64,2025-01-04,4,1,2025,0,0,0,0,0,Medium,0.06032160647410951,2025-01
U0176,Kabir Sharma,38.0,2,Vadodara,2022-05-10,0.75,70.8,5,46,0.0,0.0,0.0,0.0,0.0,0.0,0.0,0.0,0.0,0.0,0.0,0.0,0.0,0.0,0.0,0.0,0.0,0.0,0.0,0.0,0.0,0.0,60.82,67.64,0.0,0.0,0.0,0.0,0.0,0.0,0.0,0.0,0.0,0.0,27.89,0.0,0.0,0.0,0.0,0.0,29.49,0.0,0.0,0.0,0.0,0.0,97.36,0.0,0.0,0.0,T000722,P041,29.49,2023-06-22,22,6,2023,0,0,0,0,1,Low,-0.9893311897580199,2023-06
U0176,Kabir Sharma,38.0,2,Vadodara,2022-05-10,0.75,70.8,5,46,0.0,0.0,0.0,0.0,0.0,0.0,0.0,0.0,0.0,0.0,0.0,0.0,0.0,0.0,0.0,0.0,0.0,0.0,0.0,0.0,0.0,0.0,60.82,67.64,0.0,0.0,0.0,0.0,0.0,0.0,0.0,0.0,0.0,0.0,27.89,0.0,0.0,0.0,0.0,0.0,29.49,0.0,0.0,0.0,0.0,0.0,97.36,0.0,0.0,0.0,T000866,P035,27.89,2025-09-01,1,9,2025,0,0,0,0,1,Low,-1.0333533253798128,2025-09
U0176,Kabir Sharma,38.0,2,Vadodara,2022-05-10,0.75,70.8,5,46,0.0,0.0,0.0,0.0,0.0,0.0,0.0,0.0,0.0,0.0,0.0,0.0,0.0,0.0,0.0,0.0,0.0,0.0,0.0,0.0,0.0,0.0,60.82,67.64,0.0,0.0,0.0,0.0,0.0,0.0,0.0,0.0,0.0,0.0,27.89,0.0,0.0,0.0,0.0,0.0,29.49,0.0,0.0,0.0,0.0,0.0,97.36,0.0,0.0,0.0,T000936,P047,97.36,2025-09-16,16,9,2025,0,1,0,0,0,High,0.8780327756489164,2025-09
U0176,Kabir Sharma,38.0,2,Vadodara,2022-05-10,0.75,70.8,5,46,0.0,0.0,0.0,0.0,0.0,0.0,0.0,0.0,0.0,0.0,0.0,0.0,0.0,0.0,0.0,0.0,0.0,0.0,0.0,0.0,0.0,0.0,60.82,67.64,0.0,0.0,0.0,0.0,0.0,0.0,0.0,0.0,0.0,0.0,27.89,0.0,0.0,0.0,0.0,0.0,29.49,0.0,0.0,0.0,0.0,0.0,97.36,0.0,0.0,0.0,T000981,P023,60.82,2023-09-29,29,9,2023,0,0,0,0,1,Medium,-0.1273227466137836,2023-09
U0177,Ishaan Verma,32.0,1,Vadodara,2022-10-27,0.5,64.776,5,10,0.0,0.0,0.0,0.0,0.0,0.0,0.0,0.0,154.71,0.0,0.0,0.0,0.0,0.0,0.0,0.0,0.0,0.0,0.0,0.0,0.0,0.0,0.0,38.34,0.0,0.0,0.0,0.0,35.88,0.0,0.0,0.0,0.0,0.0,0.0,0.0,0.0,0.0,0.0,0.0,0.0,0.0,0.0,0.0,0.0,69.18,25.77,0.0,0.0,0.0,T000093,P024,38.34,2025-06-27,27,6,2025,0,1,0,0,0,Low,-0.7458337520999766,2025-06
U0177,Ishaan Verma,32.0,1,Vadodara,2022-10-27,0.5,64.776,5,10,0.0,0.0,0.0,0.0,0.0,0.0,0.0,0.0,154.71,0.0,0.0,0.0,0.0,0.0,0.0,0.0,0.0,0.0,0.0,0.0,0.0,0.0,0.0,38.34,0.0,0.0,0.0,0.0,35.88,0.0,0.0,0.0,0.0,0.0,0.0,0.0,0.0,0.0,0.0,0.0,0.0,0.0,0.0,0.0,0.0,69.18,25.77,0.0,0.0,0.0,T000263,P029,35.88,2025-07-04,4,7,2025,0,0,0,1,0,Low,-0.8135177856184835,2025-07
U0177,Ishaan Verma,32.0,1,Vadodara,2022-10-27,0.5,64.776,5,10,0.0,0.0,0.0,0.0,0.0,0.0,0.0,0.0,154.71,0.0,0.0,0.0,0.0,0.0,0.0,0.0,0.0,0.0,0.0,0.0,0.0,0.0,0.0,38.34,0.0,0.0,0.0,0.0,35.88,0.0,0.0,0.0,0.0,0.0,0.0,0.0,0.0,0.0,0.0,0.0,0.0,0.0,0.0,0.0,0.0,69.18,25.77,0.0,0.0,0.0,T000359,P046,69.18,2024-10-11,11,10,2024,0,0,1,0,0,Medium,0.10269291201008554,2024-10
U0177,Ishaan Verma,32.0,1,Vadodara,2022-10-27,0.5,64.776,5,10,0.0,0.0,0.0,0.0,0.0,0.0,0.0,0.0,154.71,0.0,0.0,0.0,0.0,0.0,0.0,0.0,0.0,0.0,0.0,0.0,0.0,0.0,0.0,38.34,0.0,0.0,0.0,0.0,35.88,0.0,0.0,0.0,0.0,0.0,0.0,0.0,0.0,0.0,0.0,0.0,0.0,0.0,0.0,0.0,0.0,69.18,25.77,0.0,0.0,0.0,T000498,P047,25.77,2025-10-22,22,10,2025,1,0,0,0,0,Low,-1.091682655078689,2025-10
U0177,Ishaan Verma,32.0,1,Vadodara,2022-10-27,0.5,64.776,5,10,0.0,0.0,0.0,0.0,0.0,0.0,0.0,0.0,154.71,0.0,0.0,0.0,0.0,0.0,0.0,0.0,0.0,0.0,0.0,0.0,0.0,0.0,0.0,38.34,0.0,0.0,0.0,0.0,35.88,0.0,0.0,0.0,0.0,0.0,0.0,0.0,0.0,0.0,0.0,0.0,0.0,0.0,0.0,0.0,0.0,69.18,25.77,0.0,0.0,0.0,T000623,P009,154.71,2024-09-10,10,9,2024,0,0,0,0,1,High,2.455951199342563,2024-09
U0178,Arjun Joshi,43.0,1,Mumbai,2023-08-11,0.9583333333333333,71.11,1,254,0.0,0.0,0.0,0.0,0.0,0.0,0.0,0.0,0.0,0.0,0.0,0.0,0.0,0.0,0.0,0.0,0.0,0.0,0.0,0.0,0.0,0.0,0.0,0.0,0.0,0.0,0.0,0.0,0.0,0.0,0.0,0.0,0.0,0.0,0.0,0.0,0.0,0.0,0.0,0.0,0.0,0.0,71.11,0.0,0.0,0.0,0.0,0.0,0.0,0.0,T000996,P043,71.11,2025-02-20,20,2,2025,1,0,0,0,0,Medium,0.15579461310387327,2025-02
U0179,Kabir Joshi,29.0,0,Thane,2022-12-15,0.375,79.445,5,617,0.0,0.0,0.0,0.0,0.0,0.0,0.0,0.0,0.0,0.0,0.0,0.0,0.0,0.0,73.23,0.0,0.0,0.0,0.0,0.0,0.0,0.0,0.0,0.0,0.0,0.0,0.0,0.0,0.0,0.0,68.03,34.34,0.0,0.0,0.0,0.0,0.0,0.0,46.46,0.0,0.0,0.0,0.0,95.72,0.0,0.0,0.0,0.0,0.0,0.0,T000017,P032,34.34,2023-03-01,1,3,2023,1,0,0,0,0,Low,-0.8558890911544594,2023-03
U0179,Kabir Joshi,29.0,0,Thane,2022-12-15,0.375,79.445,5,617,0.0,0.0,0.0,0.0,0.0,0.0,0.0,0.0,0.0,0.0,0.0,0.0,0.0,0.0,73.23,0.0,0.0,0.0,0.0,0.0,0.0,0.0,0.0,0.0,0.0,0.0,0.0,0.0,0.0,0.0,68.03,34.34,0.0,0.0,0.0,0.0,0.0,0.0,46.46,0.0,0.0,0.0,0.0,95.72,0.0,0.0,0.0,0.0,0.0,0.0,T000247,P031,68.03,2024-01-09,9,1,2024,0,0,0,0,1,Medium,0.0710520020319216,2024-01
U0179,Kabir Joshi,29.0,0,Thane,2022-12-15,0.375,79.445,5,617,0.0,0.0,0.0,0.0,0.0,0.0,0.0,0.0,0.0,0.0,0.0,0.0,0.0,0.0,73.23,0.0,0.0,0.0,0.0,0.0,0.0,0.0,0.0,0.0,0.0,0.0,0.0,0.0,0.0,0.0,68.03,34.34,0.0,0.0,0.0,0.0,0.0,0.0,46.46,0.0,0.0,0.0,0.0,95.72,0.0,0.0,0.0,0.0,0.0,0.0,T000453,P039,46.46,2024-02-23,23,2,2024,0,0,0,0,1,Medium,-0.5224214138193767,2024-02
U0179,Kabir Joshi,29.0,0,Thane,2022-12-15,0.375,79.445,5,617,0.0,0.0,0.0,0.0,0.0,0.0,0.0,0.0,0.0,0.0,0.0,0.0,0.0,0.0,73.23,0.0,0.0,0.0,0.0,0.0,0.0,0.0,0.0,0.0,0.0,0.0,0.0,0.0,0.0,0.0,68.03,34.34,0.0,0.0,0.0,0.0,0.0,0.0,46.46,0.0,0.0,0.0,0.0,95.72,0.0,0.0,0.0,0.0,0.0,0.0,T000479,P044,95.72,2024-01-03,3,1,2024,0,0,1,0,0,High,0.8329100866365784,2024-01
U0179,Kabir Joshi,29.0,0,Thane,2022-12-15,0.375,79.445,5,617,0.0,0.0,0.0,0.0,0.0,0.0,0.0,0.0,0.0,0.0,0.0,0.0,0.0,0.0,73.23,0.0,0.0,0.0,0.0,0.0,0.0,0.0,0.0,0.0,0.0,0.0,0.0,0.0,0.0,0.0,68.03,34.34,0.0,0.0,0.0,0.0,0.0,0.0,46.46,0.0,0.0,0.0,0.0,95.72,0.0,0.0,0.0,0.0,0.0,0.0,T000484,P015,73.23,2023-06-15,15,6,2023,0,0,0,1,0,Medium,0.21412394280274927,2023-06
U0180,Reyansh Verma,44.0,0,Bhopal,2022-04-27,1.0,71.01571428571428,7,19,66.73,0.0,0.0,0.0,0.0,0.0,0.0,0.0,0.0,0.0,0.0,0.0,0.0,0.0,0.0,0.0,0.0,0.0,21.28,0.0,0.0,0.0,0.0,33.44,0.0,0.0,0.0,0.0,0.0,0.0,0.0,0.0,0.0,0.0,0.0,30.17,129.55,0.0,0.0,154.71,0.0,0.0,0.0,0.0,0.0,0.0,0.0,61.23,0.0,0.0,T000063,P019,21.28,2025-03-21,21,3,2025,1,0,0,0,0,Low,-1.2152197731673458,2025-03
U0180,Reyansh Verma,44.0,0,Bhopal,2022-04-27,1.0,71.01571428571428,7,19,66.73,0.0,0.0,0.0,0.0,0.0,0.0,0.0,0.0,0.0,0.0,0.0,0.0,0.0,0.0,0.0,0.0,0.0,21.28,0.0,0.0,0.0,0.0,33.44,0.0,0.0,0.0,0.0,0.0,0.0,0.0,0.0,0.0,0.0,0.0,30.17,129.55,0.0,0.0,154.71,0.0,0.0,0.0,0.0,0.0,0.0,0.0,61.23,0.0,0.0,T000668,P001,66.73,2025-10-13,13,10,2025,0,1,0,0,0,Medium,0.035284016839214775,2025-10
U0180,Reyansh Verma,44.0,0,Bhopal,2022-04-27,1.0,71.01571428571428,7,19,66.73,0.0,0.0,0.0,0.0,0.0,0.0,0.0,0.0,0.0,0.0,0.0,0.0,0.0,0.0,0.0,0.0,0.0,21.28,0.0,0.0,0.0,0.0,33.44,0.0,0.0,0.0,0.0,0.0,0.0,0.0,0.0,0.0,0.0,0.0,30.17,129.55,0.0,0.0,154.71,0.0,0.0,0.0,0.0,0.0,0.0,0.0,61.23,0.0,0.0,T000700,P024,33.44,2023-06-23,23,6,2023,0,0,1,0,0,Low,-0.8806515424417182,2023-06
U0180,Reyansh Verma,44.0,0,Bhopal,2022-04-27,1.0,71.01571428571428,7,19,66.73,0.0,0.0,0.0,0.0,0.0,0.0,0.0,0.0,0.0,0.0,0.0,0.0,0.0,0.0,0.0,0.0,0.0,21.28,0.0,0.0,0.0,0.0,33.44,0.0,0.0,0.0,0.0,0.0,0.0,0.0,0.0,0.0,0.0,0.0,30.17,129.55,0.0,0.0,154.71,0.0,0.0,0.0,0.0,0.0,0.0,0.0,61.23,0.0,0.0,T000705,P048,61.23,2024-10-13,13,10,2024,0,0,0,1,0,Medium,-0.11604207436069922,2024-10
U0180,Reyansh Verma,44.0,0,Bhopal,2022-04-27,1.0,71.01571428571428,7,19,66.73,0.0,0.0,0.0,0.0,0.0,0.0,0.0,0.0,0.0,0.0,0.0,0.0,0.0,0.0,0.0,0.0,0.0,21.28,0.0,0.0,0.0,0.0,33.44,0.0,0.0,0.0,0.0,0.0,0.0,0.0,0.0,0.0,0.0,0.0,30.17,129.55,0.0,0.0,154.71,0.0,0.0,0.0,0.0,0.0,0.0,0.0,61.23,0.0,0.0,T000766,P037,129.55,2023-03-08,8,3,2023,0,0,1,0,0,High,1.7637031166898667,2023-03
U0180,Reyansh Verma,44.0,0,Bhopal,2022-04-27,1.0,71.01571428571428,7,19,66.73,0.0,0.0,0.0,0.0,0.0,0.0,0.0,0.0,0.0,0.0,0.0,0.0,0.0,0.0,0.0,0.0,0.0,21.28,0.0,0.0,0.0,0.0,33.44,0.0,0.0,0.0,0.0,0.0,0.0,0.0,0.0,0.0,0.0,0.0,30.17,129.55,0.0,0.0,154.71,0.0,0.0,0.0,0.0,0.0,0.0,0.0,61.23,0.0,0.0,T000815,P040,154.71,2025-05-09,9,5,2025,0,0,0,0,0,High,2.455951199342563,2025-05
U0180,Reyansh Verma,44.0,0,Bhopal,2022-04-27,1.0,71.01571428571428,7,19,66.73,0.0,0.0,0.0,0.0,0.0,0.0,0.0,0.0,0.0,0.0,0.0,0.0,0.0,0.0,0.0,0.0,0.0,21.28,0.0,0.0,0.0,0.0,33.44,0.0,0.0,0.0,0.0,0.0,0.0,0.0,0.0,0.0,0.0,0.0,30.17,129.55,0.0,0.0,154.71,0.0,0.0,0.0,0.0,0.0,0.0,0.0,61.23,0.0,0.0,T000979,P036,30.17,2024-03-21,21,3,2024,0,0,0,1,0,Low,-0.9706217821187577,2024-03
U0181,Aditya Bose,37.0,0,Bengaluru,2023-08-14,0.7083333333333333,48.4,4,698,0.0,53.06,0.0,0.0,0.0,0.0,0.0,0.0,0.0,0.0,0.0,0.0,0.0,0.0,0.0,0.0,0.0,0.0,0.0,0.0,0.0,0.0,0.0,0.0,36.93,0.0,0.0,0.0,0.0,0.0,0.0,0.0,0.0,0.0,0.0,0.0,0.0,0.0,0.0,0.0,0.0,0.0,0.0,0.0,63.41,0.0,0.0,0.0,0.0,40.2,T000034,P025,36.93,2023-11-08,8,11,2023,0,0,1,0,0,Low,-0.7846282591166819,2023-11
U0181,Aditya Bose,37.0,0,Bengaluru,2023-08-14,0.7083333333333333,48.4,4,698,0.0,53.06,0.0,0.0,0.0,0.0,0.0,0.0,0.0,0.0,0.0,0.0,0.0,0.0,0.0,0.0,0.0,0.0,0.0,0.0,0.0,0.0,0.0,0.0,36.93,0.0,0.0,0.0,0.0,0.0,0.0,0.0,0.0,0.0,0.0,0.0,0.0,0.0,0.0,0.0,0.0,0.0,0.0,0.0,63.41,0.0,0.0,0.0,0.0,40.2,T000396,P050,40.2,2023-08-29,29,8,2023,0,0,0,1,0,Low,-0.6946580194396421,2023-08
U0181,Aditya Bose,37.0,0,Bengaluru,2023-08-14,0.7083333333333333,48.4,4,698,0.0,53.06,0.0,0.0,0.0,0.0,0.0,0.0,0.0,0.0,0.0,0.0,0.0,0.0,0.0,0.0,0.0,0.0,0.0,0.0,0.0,0.0,0.0,0.0,36.93,0.0,0.0,0.0,0.0,0.0,0.0,0.0,0.0,0.0,0.0,0.0,0.0,0.0,0.0,0.0,0.0,0.0,0.0,0.0,63.41,0.0,0.0,0.0,0.0,40.2,T000713,P045,63.41,2023-03-24,24,3,2023,0,0,0,0,0,Medium,-0.05606191457600612,2023-03
U0181,Aditya Bose,37.0,0,Bengaluru,2023-08-14,0.7083333333333333,48.4,4,698,0.0,53.06,0.0,0.0,0.0,0.0,0.0,0.0,0.0,0.0,0.0,0.0,0.0,0.0,0.0,0.0,0.0,0.0,0.0,0.0,0.0,0.0,0.0,0.0,36.93,0.0,0.0,0.0,0.0,0.0,0.0,0.0,0.0,0.0,0.0,0.0,0.0,0.0,0.0,0.0,0.0,0.0,0.0,0.0,63.41,0.0,0.0,0.0,0.0,40.2,T000784,P002,53.06,2023-12-04,4,12,2023,0,0,1,0,0,Medium,-0.3408301043794801,2023-12
U0182,Vivaan Reddy,25.0,1,Patna,2024-08-29,0.20833333333333326,73.27666666666667,11,4,0.0,0.0,0.0,0.0,21.28,0.0,0.0,53.9,0.0,0.0,0.0,0.0,0.0,0.0,29.3,0.0,0.0,0.0,0.0,0.0,0.0,0.0,0.0,0.0,0.0,0.0,0.0,0.0,128.67,0.0,0.0,0.0,69.38,0.0,0.0,0.0,38.62,0.0,0.0,55.53,136.95,125.86,0.0,0.0,0.0,0.0,0.0,0.0,0.0,0.0,T000162,P041,136.95,2024-08-15,15,8,2024,0,0,1,0,0,High,1.9673054939406591,2024-08
U0182,Vivaan Reddy,25.0,1,Patna,2024-08-29,0.20833333333333326,73.27666666666667,11,4,0.0,0.0,0.0,0.0,21.28,0.0,0.0,53.9,0.0,0.0,0.0,0.0,0.0,0.0,29.3,0.0,0.0,0.0,0.0,0.0,0.0,0.0,0.0,0.0,0.0,0.0,0.0,0.0,128.67,0.0,0.0,0.0,69.38,0.0,0.0,0.0,38.62,0.0,0.0,55.53,136.95,125.86,0.0,0.0,0.0,0.0,0.0,0.0,0.0,0.0,T000190,P029,38.62,2023-11-22,22,11,2023,0,0,1,0,0,Low,-0.738129878366163,2023-11
U0182,Vivaan Reddy,25.0,1,Patna,2024-08-29,0.20833333333333326,73.27666666666667,11,4,0.0,0.0,0.0,0.0,21.28,0.0,0.0,53.9,0.0,0.0,0.0,0.0,0.0,0.0,29.3,0.0,0.0,0.0,0.0,0.0,0.0,0.0,0.0,0.0,0.0,0.0,0.0,0.0,128.67,0.0,0.0,0.0,69.38,0.0,0.0,0.0,38.62,0.0,0.0,55.53,136.95,125.86,0.0,0.0,0.0,0.0,0.0,0.0,0.0,0.0,T000283,P005,21.28,2024-08-17,17,8,2024,0,0,0,0,0,Low,-1.2152197731673458,2024-08
U0182,Vivaan Reddy,25.0,1,Patna,2024-08-29,0.20833333333333326,73.27666666666667,11,4,0.0,0.0,0.0,0.0,21.28,0.0,0.0,53.9,0.0,0.0,0.0,0.0,0.0,0.0,29.3,0.0,0.0,0.0,0.0,0.0,0.0,0.0,0.0,0.0,0.0,0.0,0.0,0.0,128.67,0.0,0.0,0.0,69.38,0.0,0.0,0.0,38.62,0.0,0.0,55.53,136.95,125.86,0.0,0.0,0.0,0.0,0.0,0.0,0.0,0.0,T000297,P015,29.3,2024-08-04,4,8,2024,0,0,0,1,0,Low,-0.9945588183631079,2024-08
U0182,Vivaan Reddy,25.0,1,Patna,2024-08-29,0.20833333333333326,73.27666666666667,11,4,0.0,0.0,0.0,0.0,21.28,0.0,0.0,53.9,0.0,0.0,0.0,0.0,0.0,0.0,29.3,0.0,0.0,0.0,0.0,0.0,0.0,0.0,0.0,0.0,0.0,0.0,0.0,0.0,128.67,0.0,0.0,0.0,69.38,0.0,0.0,0.0,38.62,0.0,0.0,55.53,136.95,125.86,0.0,0.0,0.0,0.0,0.0,0.0,0.0,0.0,T000340,P037,38.62,2025-08-30,30,8,2025,0,0,0,1,0,Low,-0.738129878366163,2025-08
U0182,Vivaan Reddy,25.0,1,Patna,2024-08-29,0.20833333333333326,73.27666666666667,11,4,0.0,0.0,0.0,0.0,21.28,0.0,0.0,53.9,0.0,0.0,0.0,0.0,0.0,0.0,29.3,0.0,0.0,0.0,0.0,0.0,0.0,0.0,0.0,0.0,0.0,0.0,0.0,0.0,128.67,0.0,0.0,0.0,69.38,0.0,0.0,0.0,38.62,0.0,0.0,55.53,136.95,125.86,0.0,0.0,0.0,0.0,0.0,0.0,0.0,0.0,T000559,P008,32.62,2024-12-03,3,12,2024,1,0,0,0,0,Low,-0.9032128869478872,2024-12
U0182,Vivaan Reddy,25.0,1,Patna,2024-08-29,0.20833333333333326,73.27666666666667,11,4,0.0,0.0,0.0,0.0,21.28,0.0,0.0,53.9,0.0,0.0,0.0,0.0,0.0,0.0,29.3,0.0,0.0,0.0,0.0,0.0,0.0,0.0,0.0,0.0,0.0,0.0,0.0,0.0,128.67,0.0,0.0,0.0,69.38,0.0,0.0,0.0,38.62,0.0,0.0,55.53,136.95,125.86,0.0,0.0,0.0,0.0,0.0,0.0,0.0,0.0,T000587,P029,90.05,2023-12-09,9,12,2023,0,0,1,0,0,High,0.676906643526849,2023-12
U0182,Vivaan Reddy,25.0,1,Patna,2024-08-29,0.20833333333333326,73.27666666666667,11,4,0.0,0.0,0.0,0.0,21.28,0.0,0.0,53.9,0.0,0.0,0.0,0.0,0.0,0.0,29.3,0.0,0.0,0.0,0.0,0.0,0.0,0.0,0.0,0.0,0.0,0.0,0.0,0.0,128.67,0.0,0.0,0.0,69.38,0.0,0.0,0.0,38.62,0.0,0.0,55.53,136.95,125.86,0.0,0.0,0.0,0.0,0.0,0.0,0.0,0.0,T000599,P040,55.53,2025-05-26,26,5,2025,0,0,0,0,1,Medium,-0.27287093251333705,2025-05
U0182,Vivaan Reddy,25.0,1,Patna,2024-08-29,0.20833333333333326,73.27666666666667,11,4,0.0,0.0,0.0,0.0,21.28,0.0,0.0,53.9,0.0,0.0,0.0,0.0,0.0,0.0,29.3,0.0,0.0,0.0,0.0,0.0,0.0,0.0,0.0,0.0,0.0,0.0,0.0,0.0,128.67,0.0,0.0,0.0,69.38,0.0,0.0,0.0,38.62,0.0,0.0,55.53,136.95,125.86,0.0,0.0,0.0,0.0,0.0,0.0,0.0,0.0,T000833,P033,69.38,2023-10-05,5,10,2023,0,0,1,0,0,Medium,0.10819567896280936,2023-10
U0182,Vivaan Reddy,25.0,1,Patna,2024-08-29,0.20833333333333326,73.27666666666667,11,4,0.0,0.0,0.0,0.0,21.28,0.0,0.0,53.9,0.0,0.0,0.0,0.0,0.0,0.0,29.3,0.0,0.0,0.0,0.0,0.0,0.0,0.0,0.0,0.0,0.0,0.0,0.0,0.0,128.67,0.0,0.0,0.0,69.38,0.0,0.0,0.0,38.62,0.0,0.0,55.53,136.95,125.86,0.0,0.0,0.0,0.0,0.0,0.0,0.0,0.0,T000982,P042,125.86,2025-10-28,28,10,2025,0,1,0,0,0,High,1.662177066412106,2025-10
U0182,Vivaan Reddy,25.0,1,Patna,2024-08-29,0.20833333333333326,73.27666666666667,11,4,0.0,0.0,0.0,0.0,21.28,0.0,0.0,53.9,0.0,0.0,0.0,0.0,0.0,0.0,29.3,0.0,0.0,0.0,0.0,0.0,0.0,0.0,0.0,0.0,0.0,0.0,0.0,0.0,128.67,0.0,0.0,0.0,69.38,0.0,0.0,0.0,38.62,0.0,0.0,55.53,136.95,125.86,0.0,0.0,0.0,0.0,0.0,0.0,0.0,0.0,T000984,P008,21.28,2025-09-10,10,9,2025,0,0,0,1,0,Low,-1.2152197731673458,2025-09
U0183,Kabir Gupta,23.0,1,Hyderabad,2023-07-26,0.125,40.57,2,43,0.0,0.0,0.0,0.0,0.0,0.0,0.0,0.0,0.0,0.0,0.0,0.0,0.0,0.0,0.0,51.56,0.0,0.0,0.0,0.0,0.0,0.0,29.58,0.0,0.0,0.0,0.0,0.0,0.0,0.0,0.0,0.0,0.0,0.0,0.0,0.0,0.0,0.0,0.0,0.0,0.0,0.0,0.0,0.0,0.0,0.0,0.0,0.0,0.0,0.0,T000715,P016,51.56,2025-03-22,22,3,2025,0,0,0,1,0,Medium,-0.38210085652491116,2025-03
U0183,Kabir Gupta,23.0,1,Hyderabad,2023-07-26,0.125,40.57,2,43,0.0,0.0,0.0,0.0,0.0,0.0,0.0,0.0,0.0,0.0,0.0,0.0,0.0,0.0,0.0,51.56,0.0,0.0,0.0,0.0,0.0,0.0,29.58,0.0,0.0,0.0,0.0,0.0,0.0,0.0,0.0,0.0,0.0,0.0,0.0,0.0,0.0,0.0,0.0,0.0,0.0,0.0,0.0,0.0,0.0,0.0,0.0,0.0,0.0,0.0,T000737,P023,29.58,2025-09-19,19,9,2025,0,0,1,0,0,Low,-0.986854944629294,2025-09
U0184,Kiara Kulkarni,35.0,2,Ghaziabad,2022-08-20,0.625,77.245,6,109,0.0,0.0,0.0,0.0,0.0,0.0,0.0,0.0,0.0,57.08,0.0,206.68,0.0,0.0,0.0,0.0,0.0,0.0,21.28,0.0,0.0,0.0,0.0,0.0,0.0,0.0,0.0,0.0,0.0,0.0,0.0,0.0,0.0,0.0,0.0,0.0,0.0,0.0,0.0,0.0,0.0,0.0,154.71,0.0,0.0,0.0,0.0,23.72,0.0,0.0,T000022,P019,21.28,2024-07-13,13,7,2024,0,0,0,0,0,Low,-1.2152197731673458,2024-07
U0184,Kiara Kulkarni,35.0,2,Ghaziabad,2022-08-20,0.625,77.245,6,109,0.0,0.0,0.0,0.0,0.0,0.0,0.0,0.0,0.0,57.08,0.0,206.68,0.0,0.0,0.0,0.0,0.0,0.0,21.28,0.0,0.0,0.0,0.0,0.0,0.0,0.0,0.0,0.0,0.0,0.0,0.0,0.0,0.0,0.0,0.0,0.0,0.0,0.0,0.0,0.0,0.0,0.0,154.71,0.0,0.0,0.0,0.0,23.72,0.0,0.0,T000236,P010,57.08,2025-05-29,29,5,2025,0,0,0,1,0,Medium,-0.23022448862972503,2025-05
U0184,Kiara Kulkarni,35.0,2,Ghaziabad,2022-08-20,0.625,77.245,6,109,0.0,0.0,0.0,0.0,0.0,0.0,0.0,0.0,0.0,57.08,0.0,206.68,0.0,0.0,0.0,0.0,0.0,0.0,21.28,0.0,0.0,0.0,0.0,0.0,0.0,0.0,0.0,0.0,0.0,0.0,0.0,0.0,0.0,0.0,0.0,0.0,0.0,0.0,0.0,0.0,0.0,0.0,154.71,0.0,0.0,0.0,0.0,23.72,0.0,0.0,T000384,P012,154.71,2024-11-21,21,11,2024,1,0,0,0,0,High,2.455951199342563,2024-11
U0184,Kiara Kulkarni,35.0,2,Ghaziabad,2022-08-20,0.625,77.245,6,109,0.0,0.0,0.0,0.0,0.0,0.0,0.0,0.0,0.0,57.08,0.0,206.68,0.0,0.0,0.0,0.0,0.0,0.0,21.28,0.0,0.0,0.0,0.0,0.0,0.0,0.0,0.0,0.0,0.0,0.0,0.0,0.0,0.0,0.0,0.0,0.0,0.0,0.0,0.0,0.0,0.0,0.0,154.71,0.0,0.0,0.0,0.0,23.72,0.0,0.0,T000755,P012,51.97,2023-05-02,2,5,2023,0,0,0,1,0,Medium,-0.3708201842718267,2023-05
U0184,Kiara Kulkarni,35.0,2,Ghaziabad,2022-08-20,0.625,77.245,6,109,0.0,0.0,0.0,0.0,0.0,0.0,0.0,0.0,0.0,57.08,0.0,206.68,0.0,0.0,0.0,0.0,0.0,0.0,21.28,0.0,0.0,0.0,0.0,0.0,0.0,0.0,0.0,0.0,0.0,0.0,0.0,0.0,0.0,0.0,0.0,0.0,0.0,0.0,0.0,0.0,0.0,0.0,154.71,0.0,0.0,0.0,0.0,23.72,0.0,0.0,T000958,P043,154.71,2025-07-15,15,7,2025,0,0,0,1,0,High,2.455951199342563,2025-07
U0184,Kiara Kulkarni,35.0,2,Ghaziabad,2022-08-20,0.625,77.245,6,109,0.0,0.0,0.0,0.0,0.0,0.0,0.0,0.0,0.0,57.08,0.0,206.68,0.0,0.0,0.0,0.0,0.0,0.0,21.28,0.0,0.0,0.0,0.0,0.0,0.0,0.0,0.0,0.0,0.0,0.0,0.0,0.0,0.0,0.0,0.0,0.0,0.0,0.0,0.0,0.0,0.0,0.0,154.71,0.0,0.0,0.0,0.0,23.72,0.0,0.0,T000963,P048,23.72,2025-04-18,18,4,2025,0,0,0,0,1,Low,-1.1480860163441113,2025-04
U0185,Ira Bose,30.0,0,Thane,2022-11-01,0.41666666666666674,72.525,4,52,0.0,0.0,0.0,129.66,0.0,0.0,0.0,0.0,0.0,61.06,0.0,0.0,0.0,0.0,0.0,0.0,0.0,0.0,0.0,0.0,40.7,0.0,0.0,0.0,0.0,0.0,0.0,0.0,58.68,0.0,0.0,0.0,0.0,0.0,0.0,0.0,0.0,0.0,0.0,0.0,0.0,0.0,0.0,0.0,0.0,0.0,0.0,0.0,0.0,0.0,T000038,P010,61.06,2023-11-13,13,11,2023,0,0,1,0,0,Medium,-0.12071942627051459,2023-11
U0185,Ira Bose,30.0,0,Thane,2022-11-01,0.41666666666666674,72.525,4,52,0.0,0.0,0.0,129.66,0.0,0.0,0.0,0.0,0.0,61.06,0.0,0.0,0.0,0.0,0.0,0.0,0.0,0.0,0.0,0.0,40.7,0.0,0.0,0.0,0.0,0.0,0.0,0.0,58.68,0.0,0.0,0.0,0.0,0.0,0.0,0.0,0.0,0.0,0.0,0.0,0.0,0.0,0.0,0.0,0.0,0.0,0.0,0.0,0.0,0.0,T000209,P029,58.68,2025-04-21,21,4,2025,1,0,0,0,0,Medium,-0.1862023530079319,2025-04
U0185,Ira Bose,30.0,0,Thane,2022-11-01,0.41666666666666674,72.525,4,52,0.0,0.0,0.0,129.66,0.0,0.0,0.0,0.0,0.0,61.06,0.0,0.0,0.0,0.0,0.0,0.0,0.0,0.0,0.0,0.0,40.7,0.0,0.0,0.0,0.0,0.0,0.0,0.0,58.68,0.0,0.0,0.0,0.0,0.0,0.0,0.0,0.0,0.0,0.0,0.0,0.0,0.0,0.0,0.0,0.0,0.0,0.0,0.0,0.0,0.0,T000344,P004,129.66,2025-09-10,10,9,2025,0,0,0,0,0,High,1.7667296385138647,2025-09
U0185,Ira Bose,30.0,0,Thane,2022-11-01,0.41666666666666674,72.525,4,52,0.0,0.0,0.0,129.66,0.0,0.0,0.0,0.0,0.0,61.06,0.0,0.0,0.0,0.0,0.0,0.0,0.0,0.0,0.0,0.0,40.7,0.0,0.0,0.0,0.0,0.0,0.0,0.0,58.68,0.0,0.0,0.0,0.0,0.0,0.0,0.0,0.0,0.0,0.0,0.0,0.0,0.0,0.0,0.0,0.0,0.0,0.0,0.0,0.0,0.0,T000683,P021,40.7,2023-06-09,9,6,2023,0,0,0,1,0,Low,-0.6809011020578318,2023-06
U0186,Saanvi Mukherjee,37.0,0,Patna,2023-09-28,0.7083333333333333,90.67000000000002,3,33,0.0,0.0,0.0,0.0,0.0,0.0,0.0,0.0,0.0,0.0,0.0,0.0,0.0,0.0,0.0,0.0,0.0,0.0,0.0,28.6,0.0,0.0,0.0,0.0,0.0,0.0,0.0,0.0,0.0,0.0,0.0,0.0,0.0,0.0,0.0,0.0,0.0,0.0,0.0,0.0,0.0,0.0,0.0,0.0,140.86,0.0,102.55,0.0,0.0,0.0,T000028,P020,28.6,2025-09-29,29,9,2025,0,0,0,0,0,Low,-1.0138185026976423,2025-09
U0186,Saanvi Mukherjee,37.0,0,Patna,2023-09-28,0.7083333333333333,90.67000000000002,3,33,0.0,0.0,0.0,0.0,0.0,0.0,0.0,0.0,0.0,0.0,0.0,0.0,0.0,0.0,0.0,0.0,0.0,0.0,0.0,28.6,0.0,0.0,0.0,0.0,0.0,0.0,0.0,0.0,0.0,0.0,0.0,0.0,0.0,0.0,0.0,0.0,0.0,0.0,0.0,0.0,0.0,0.0,0.0,0.0,140.86,0.0,102.55,0.0,0.0,0.0,T000627,P045,140.86,2025-05-29,29,5,2025,0,1,0,0,0,High,2.074884587866417,2025-05
U0186,Saanvi Mukherjee,37.0,0,Patna,2023-09-28,0.7083333333333333,90.67000000000002,3,33,0.0,0.0,0.0,0.0,0.0,0.0,0.0,0.0,0.0,0.0,0.0,0.0,0.0,0.0,0.0,0.0,0.0,0.0,0.0,28.6,0.0,0.0,0.0,0.0,0.0,0.0,0.0,0.0,0.0,0.0,0.0,0.0,0.0,0.0,0.0,0.0,0.0,0.0,0.0,0.0,0.0,0.0,0.0,0.0,140.86,0.0,102.55,0.0,0.0,0.0,T000920,P047,102.55,2024-06-08,8,6,2024,1,0,0,0,0,High,1.0208295780721077,2024-06
U0187,Vivaan Kulkarni,35.0,2,Hyderabad,2024-08-28,0.625,76.19800000000001,7,154,0.0,0.0,0.0,0.0,0.0,0.0,78.03,0.0,67.21,0.0,0.0,0.0,0.0,0.0,33.98,0.0,0.0,0.0,0.0,0.0,0.0,0.0,0.0,0.0,0.0,0.0,0.0,29.34,0.0,72.5,0.0,0.0,0.0,52.02,0.0,0.0,0.0,0.0,0.0,0.0,0.0,0.0,47.91,0.0,0.0,0.0,0.0,0.0,0.0,0.0,T000111,P043,47.91,2024-09-09,9,9,2024,0,0,0,0,0,Medium,-0.4825263534121268,2024-09
U0187,Vivaan Kulkarni,35.0,2,Hyderabad,2024-08-28,0.625,76.19800000000001,7,154,0.0,0.0,0.0,0.0,0.0,0.0,78.03,0.0,67.21,0.0,0.0,0.0,0.0,0.0,33.98,0.0,0.0,0.0,0.0,0.0,0.0,0.0,0.0,0.0,0.0,0.0,0.0,29.34,0.0,72.5,0.0,0.0,0.0,52.02,0.0,0.0,0.0,0.0,0.0,0.0,0.0,0.0,47.91,0.0,0.0,0.0,0.0,0.0,0.0,0.0,T000122,P007,78.03,2025-05-24,24,5,2025,0,0,0,1,0,High,0.3461903496681285,2025-05
U0187,Vivaan Kulkarni,35.0,2,Hyderabad,2024-08-28,0.625,76.19800000000001,7,154,0.0,0.0,0.0,0.0,0.0,0.0,78.03,0.0,67.21,0.0,0.0,0.0,0.0,0.0,33.98,0.0,0.0,0.0,0.0,0.0,0.0,0.0,0.0,0.0,0.0,0.0,0.0,29.34,0.0,72.5,0.0,0.0,0.0,52.02,0.0,0.0,0.0,0.0,0.0,0.0,0.0,0.0,47.91,0.0,0.0,0.0,0.0,0.0,0.0,0.0,T000258,P028,29.34,2025-05-31,31,5,2025,1,0,0,0,0,Low,-0.9934582649725628,2025-05
U0187,Vivaan Kulkarni,35.0,2,Hyderabad,2024-08-28,0.625,76.19800000000001,7,154,0.0,0.0,0.0,0.0,0.0,0.0,78.03,0.0,67.21,0.0,0.0,0.0,0.0,0.0,33.98,0.0,0.0,0.0,0.0,0.0,0.0,0.0,0.0,0.0,0.0,0.0,0.0,29.34,0.0,72.5,0.0,0.0,0.0,52.02,0.0,0.0,0.0,0.0,0.0,0.0,0.0,0.0,47.91,0.0,0.0,0.0,0.0,0.0,0.0,0.0,T000421,P015,33.98,2023-02-16,16,2,2023,1,0,0,0,0,Low,-0.8657940716693631,2023-02
U0187,Vivaan Kulkarni,35.0,2,Hyderabad,2024-08-28,0.625,76.19800000000001,7,154,0.0,0.0,0.0,0.0,0.0,0.0,78.03,0.0,67.21,0.0,0.0,0.0,0.0,0.0,33.98,0.0,0.0,0.0,0.0,0.0,0.0,0.0,0.0,0.0,0.0,0.0,0.0,29.34,0.0,72.5,0.0,0.0,0.0,52.02,0.0,0.0,0.0,0.0,0.0,0.0,0.0,0.0,47.91,0.0,0.0,0.0,0.0,0.0,0.0,0.0,T000536,P030,72.5,2024-03-05,5,3,2024,0,0,0,0,1,Medium,0.19403884342530606,2024-03
U0187,Vivaan Kulkarni,35.0,2,Hyderabad,2024-08-28,0.625,76.19800000000001,7,154,0.0,0.0,0.0,0.0,0.0,0.0,78.03,0.0,67.21,0.0,0.0,0.0,0.0,0.0,33.98,0.0,0.0,0.0,0.0,0.0,0.0,0.0,0.0,0.0,0.0,0.0,0.0,29.34,0.0,72.5,0.0,0.0,0.0,52.02,0.0,0.0,0.0,0.0,0.0,0.0,0.0,0.0,47.91,0.0,0.0,0.0,0.0,0.0,0.0,0.0,T000896,P034,52.02,2024-11-22,22,11,2024,0,0,0,0,0,Medium,-0.3694444925336456,2024-11
U0187,Vivaan Kulkarni,35.0,2,Hyderabad,2024-08-28,0.625,76.19800000000001,7,154,0.0,0.0,0.0,0.0,0.0,0.0,78.03,0.0,67.21,0.0,0.0,0.0,0.0,0.0,33.98,0.0,0.0,0.0,0.0,0.0,0.0,0.0,0.0,0.0,0.0,0.0,0.0,29.34,0.0,72.5,0.0,0.0,0.0,52.02,0.0,0.0,0.0,0.0,0.0,0.0,0.0,0.0,47.91,0.0,0.0,0.0,0.0,0.0,0.0,0.0,T000900,P009,67.21,2023-02-14,14,2,2023,0,1,0,0,0,Medium,0.04849065752575242,2023-02
U0188,Muhammad Das,31.0,0,Bengaluru,2022-06-10,0.45833333333333326,61.67875,8,242,0.0,0.0,0.0,0.0,0.0,34.72,0.0,49.1,187.76,0.0,0.0,0.0,0.0,0.0,0.0,0.0,0.0,0.0,0.0,0.0,0.0,0.0,0.0,46.74,0.0,0.0,0.0,0.0,0.0,79.81,0.0,0.0,0.0,0.0,74.02,0.0,0.0,0.0,0.0,0.0,0.0,0.0,21.28,0.0,0.0,0.0,0.0,0.0,0.0,0.0,T000071,P009,129.64,2024-08-27,27,8,2024,1,0,0,0,0,High,1.766179361818592,2024-08
U0188,Muhammad Das,31.0,0,Bengaluru,2022-06-10,0.45833333333333326,61.67875,8,242,0.0,0.0,0.0,0.0,0.0,34.72,0.0,49.1,187.76,0.0,0.0,0.0,0.0,0.0,0.0,0.0,0.0,0.0,0.0,0.0,0.0,0.0,0.0,46.74,0.0,0.0,0.0,0.0,0.0,79.81,0.0,0.0,0.0,0.0,74.02,0.0,0.0,0.0,0.0,0.0,0.0,0.0,21.28,0.0,0.0,0.0,0.0,0.0,0.0,0.0,T000243,P043,21.28,2023-08-01,1,8,2023,0,0,0,0,1,Low,-1.2152197731673458,2023-08
U0188,Muhammad Das,31.0,0,Bengaluru,2022-06-10,0.45833333333333326,61.67875,8,242,0.0,0.0,0.0,0.0,0.0,34.72,0.0,49.1,187.76,0.0,0.0,0.0,0.0,0.0,0.0,0.0,0.0,0.0,0.0,0.0,0.0,0.0,0.0,46.74,0.0,0.0,0.0,0.0,0.0,79.81,0.0,0.0,0.0,0.0,74.02,0.0,0.0,0.0,0.0,0.0,0.0,0.0,21.28,0.0,0.0,0.0,0.0,0.0,0.0,0.0,T000383,P030,79.81,2024-06-10,10,6,2024,0,0,0,0,1,High,0.39516497554737334,2024-06
U0188,Muhammad Das,31.0,0,Bengaluru,2022-06-10,0.45833333333333326,61.67875,8,242,0.0,0.0,0.0,0.0,0.0,34.72,0.0,49.1,187.76,0.0,0.0,0.0,0.0,0.0,0.0,0.0,0.0,0.0,0.0,0.0,0.0,0.0,0.0,46.74,0.0,0.0,0.0,0.0,0.0,79.81,0.0,0.0,0.0,0.0,74.02,0.0,0.0,0.0,0.0,0.0,0.0,0.0,21.28,0.0,0.0,0.0,0.0,0.0,0.0,0.0,T000671,P008,49.1,2024-11-17,17,11,2024,1,0,0,0,0,Medium,-0.44978489004341804,2024-11
U0188,Muhammad Das,31.0,0,Bengaluru,2022-06-10,0.45833333333333326,61.67875,8,242,0.0,0.0,0.0,0.0,0.0,34.72,0.0,49.1,187.76,0.0,0.0,0.0,0.0,0.0,0.0,0.0,0.0,0.0,0.0,0.0,0.0,0.0,0.0,46.74,0.0,0.0,0.0,0.0,0.0,79.81,0.0,0.0,0.0,0.0,74.02,0.0,0.0,0.0,0.0,0.0,0.0,0.0,21.28,0.0,0.0,0.0,0.0,0.0,0.0,0.0,T000692,P035,74.02,2023-11-05,5,11,2023,0,1,0,0,0,High,0.23585987226600938,2023-11
U0188,Muhammad Das,31.0,0,Bengaluru,2022-06-10,0.45833333333333326,61.67875,8,242,0.0,0.0,0.0,0.0,0.0,34.72,0.0,49.1,187.76,0.0,0.0,0.0,0.0,0.0,0.0,0.0,0.0,0.0,0.0,0.0,0.0,0.0,0.0,46.74,0.0,0.0,0.0,0.0,0.0,79.81,0.0,0.0,0.0,0.0,74.02,0.0,0.0,0.0,0.0,0.0,0.0,0.0,21.28,0.0,0.0,0.0,0.0,0.0,0.0,0.0,T000889,P024,46.74,2024-10-21,21,10,2024,1,0,0,0,0,Medium,-0.5147175400855629,2024-10
U0188,Muhammad Das,31.0,0,Bengaluru,2022-06-10,0.45833333333333326,61.67875,8,242,0.0,0.0,0.0,0.0,0.0,34.72,0.0,49.1,187.76,0.0,0.0,0.0,0.0,0.0,0.0,0.0,0.0,0.0,0.0,0.0,0.0,0.0,0.0,46.74,0.0,0.0,0.0,0.0,0.0,79.81,0.0,0.0,0.0,0.0,74.02,0.0,0.0,0.0,0.0,0.0,0.0,0.0,21.28,0.0,0.0,0.0,0.0,0.0,0.0,0.0,T000928,P006,34.72,2024-12-02,2,12,2024,0,0,0,1,0,Low,-0.8454338339442836,2024-12
U0188,Muhammad Das,31.0,0,Bengaluru,2022-06-10,0.45833333333333326,61.67875,8,242,0.0,0.0,0.0,0.0,0.0,34.72,0.0,49.1,187.76,0.0,0.0,0.0,0.0,0.0,0.0,0.0,0.0,0.0,0.0,0.0,0.0,0.0,0.0,46.74,0.0,0.0,0.0,0.0,0.0,79.81,0.0,0.0,0.0,0.0,74.02,0.0,0.0,0.0,0.0,0.0,0.0,0.0,21.28,0.0,0.0,0.0,0.0,0.0,0.0,0.0,T000973,P009,58.12,2025-03-04,4,3,2025,1,0,0,0,0,Medium,-0.20161010047555955,2025-03
U0189,Sai Iyer,25.0,2,Bengaluru,2022-06-10,0.20833333333333326,55.54333333333333,3,426,0.0,0.0,0.0,0.0,0.0,0.0,0.0,0.0,0.0,0.0,0.0,0.0,0.0,0.0,0.0,0.0,0.0,0.0,0.0,0.0,0.0,0.0,0.0,0.0,0.0,0.0,0.0,0.0,0.0,0.0,0.0,0.0,0.0,0.0,0.0,0.0,0.0,0.0,0.0,0.0,0.0,28.54,0.0,0.0,0.0,0.0,138.09,0.0,0.0,0.0,T000351,P047,57.51,2023-10-10,10,10,2023,1,0,0,0,0,Medium,-0.21839353968136815,2023-10
U0189,Sai Iyer,25.0,2,Bengaluru,2022-06-10,0.20833333333333326,55.54333333333333,3,426,0.0,0.0,0.0,0.0,0.0,0.0,0.0,0.0,0.0,0.0,0.0,0.0,0.0,0.0,0.0,0.0,0.0,0.0,0.0,0.0,0.0,0.0,0.0,0.0,0.0,0.0,0.0,0.0,0.0,0.0,0.0,0.0,0.0,0.0,0.0,0.0,0.0,0.0,0.0,0.0,0.0,28.54,0.0,0.0,0.0,0.0,138.09,0.0,0.0,0.0,T000595,P042,28.54,2024-09-01,1,9,2024,0,1,0,0,0,Low,-1.0154693327834594,2024-09
U0189,Sai Iyer,25.0,2,Bengaluru,2022-06-10,0.20833333333333326,55.54333333333333,3,426,0.0,0.0,0.0,0.0,0.0,0.0,0.0,0.0,0.0,0.0,0.0,0.0,0.0,0.0,0.0,0.0,0.0,0.0,0.0,0.0,0.0,0.0,0.0,0.0,0.0,0.0,0.0,0.0,0.0,0.0,0.0,0.0,0.0,0.0,0.0,0.0,0.0,0.0,0.0,0.0,0.0,28.54,0.0,0.0,0.0,0.0,138.09,0.0,0.0,0.0,T000696,P047,80.58,2023-08-01,1,8,2023,0,0,0,1,0,High,0.4163506283153612,2023-08
U0190,Aarav Mukherjee,20.0,0,Ghaziabad,2023-04-27,0.0,54.408,5,85,0.0,0.0,0.0,0.0,0.0,0.0,0.0,0.0,0.0,38.7,0.0,0.0,0.0,0.0,0.0,38.65,67.22,0.0,0.0,0.0,0.0,0.0,0.0,0.0,21.28,0.0,0.0,0.0,0.0,0.0,0.0,0.0,0.0,0.0,0.0,0.0,0.0,0.0,0.0,106.19,0.0,0.0,0.0,0.0,0.0,0.0,0.0,0.0,0.0,0.0,T000461,P010,38.7,2024-06-18,18,6,2024,1,0,0,0,0,Low,-0.7359287715850732,2024-06
U0190,Aarav Mukherjee,20.0,0,Ghaziabad,2023-04-27,0.0,54.408,5,85,0.0,0.0,0.0,0.0,0.0,0.0,0.0,0.0,0.0,38.7,0.0,0.0,0.0,0.0,0.0,38.65,67.22,0.0,0.0,0.0,0.0,0.0,0.0,0.0,21.28,0.0,0.0,0.0,0.0,0.0,0.0,0.0,0.0,0.0,0.0,0.0,0.0,0.0,0.0,106.19,0.0,0.0,0.0,0.0,0.0,0.0,0.0,0.0,0.0,0.0,T000509,P025,21.28,2025-01-08,8,1,2025,0,0,0,1,0,Low,-1.2152197731673458,2025-01
U0190,Aarav Mukherjee,20.0,0,Ghaziabad,2023-04-27,0.0,54.408,5,85,0.0,0.0,0.0,0.0,0.0,0.0,0.0,0.0,0.0,38.7,0.0,0.0,0.0,0.0,0.0,38.65,67.22,0.0,0.0,0.0,0.0,0.0,0.0,0.0,21.28,0.0,0.0,0.0,0.0,0.0,0.0,0.0,0.0,0.0,0.0,0.0,0.0,0.0,0.0,106.19,0.0,0.0,0.0,0.0,0.0,0.0,0.0,0.0,0.0,0.0,T000561,P016,38.65,2023-12-24,24,12,2023,0,0,0,0,0,Low,-0.7373044633232544,2023-12
U0190,Aarav Mukherjee,20.0,0,Ghaziabad,2023-04-27,0.0,54.408,5,85,0.0,0.0,0.0,0.0,0.0,0.0,0.0,0.0,0.0,38.7,0.0,0.0,0.0,0.0,0.0,38.65,67.22,0.0,0.0,0.0,0.0,0.0,0.0,0.0,21.28,0.0,0.0,0.0,0.0,0.0,0.0,0.0,0.0,0.0,0.0,0.0,0.0,0.0,0.0,106.19,0.0,0.0,0.0,0.0,0.0,0.0,0.0,0.0,0.0,0.0,T000690,P040,106.19,2025-08-08,8,8,2025,0,1,0,0,0,High,1.120979936611687,2025-08
U0190,Aarav Mukherjee,20.0,0,Ghaziabad,2023-04-27,0.0,54.408,5,85,0.0,0.0,0.0,0.0,0.0,0.0,0.0,0.0,0.0,38.7,0.0,0.0,0.0,0.0,0.0,38.65,67.22,0.0,0.0,0.0,0.0,0.0,0.0,0.0,21.28,0.0,0.0,0.0,0.0,0.0,0.0,0.0,0.0,0.0,0.0,0.0,0.0,0.0,0.0,106.19,0.0,0.0,0.0,0.0,0.0,0.0,0.0,0.0,0.0,0.0,T000870,P017,67.22,2024-01-10,10,1,2024,0,0,0,0,1,Medium,0.04876579587338877,2024-01
U0191,Kabir Verma,28.0,1,Surat,2023-12-25,0.33333333333333326,91.24000000000001,3,239,0.0,0.0,0.0,0.0,0.0,0.0,0.0,0.0,0.0,0.0,0.0,0.0,0.0,0.0,0.0,0.0,0.0,0.0,0.0,0.0,0.0,0.0,95.05,0.0,0.0,0.0,0.0,0.0,0.0,0.0,0.0,0.0,0.0,0.0,0.0,0.0,0.0,0.0,0.0,0.0,0.0,87.43,0.0,0.0,0.0,0.0,0.0,0.0,0.0,0.0,T000499,P023,95.05,2023-07-20,20,7,2023,1,0,0,0,0,High,0.8144758173449526,2023-07
U0191,Kabir Verma,28.0,1,Surat,2023-12-25,0.33333333333333326,91.24000000000001,3,239,0.0,0.0,0.0,0.0,0.0,0.0,0.0,0.0,0.0,0.0,0.0,0.0,0.0,0.0,0.0,0.0,0.0,0.0,0.0,0.0,0.0,0.0,95.05,0.0,0.0,0.0,0.0,0.0,0.0,0.0,0.0,0.0,0.0,0.0,0.0,0.0,0.0,0.0,0.0,0.0,0.0,87.43,0.0,0.0,0.0,0.0,0.0,0.0,0.0,0.0,T000952,P042,21.28,2023-07-30,30,7,2023,1,0,0,0,0,Low,-1.2152197731673458,2023-07
U0191,Kabir Verma,28.0,1,Surat,2023-12-25,0.33333333333333326,91.24000000000001,3,239,0.0,0.0,0.0,0.0,0.0,0.0,0.0,0.0,0.0,0.0,0.0,0.0,0.0,0.0,0.0,0.0,0.0,0.0,0.0,0.0,0.0,0.0,95.05,0.0,0.0,0.0,0.0,0.0,0.0,0.0,0.0,0.0,0.0,0.0,0.0,0.0,0.0,0.0,0.0,0.0,0.0,87.43,0.0,0.0,0.0,0.0,0.0,0.0,0.0,0.0,T000994,P042,66.15,2025-03-07,7,3,2025,0,0,0,0,0,Medium,0.01932599267631482,2025-03
U0192,Kabir Roy,38.0,1,Kolkata,2024-08-04,0.75,101.05250000000001,4,539,0.0,0.0,0.0,0.0,0.0,0.0,0.0,0.0,0.0,0.0,0.0,0.0,0.0,0.0,0.0,0.0,0.0,0.0,0.0,0.0,0.0,0.0,0.0,0.0,0.0,154.71,0.0,29.92,0.0,0.0,112.25,0.0,0.0,0.0,0.0,0.0,0.0,0.0,0.0,0.0,0.0,0.0,0.0,0.0,0.0,0.0,0.0,0.0,107.33,0.0,T000156,P028,29.92,2023-09-22,22,9,2023,0,1,0,0,0,Low,-0.9775002408096629,2023-09
U0192,Kabir Roy,38.0,1,Kolkata,2024-08-04,0.75,101.05250000000001,4,539,0.0,0.0,0.0,0.0,0.0,0.0,0.0,0.0,0.0,0.0,0.0,0.0,0.0,0.0,0.0,0.0,0.0,0.0,0.0,0.0,0.0,0.0,0.0,0.0,0.0,154.71,0.0,29.92,0.0,0.0,112.25,0.0,0.0,0.0,0.0,0.0,0.0,0.0,0.0,0.0,0.0,0.0,0.0,0.0,0.0,0.0,0.0,0.0,107.33,0.0,T000365,P031,112.25,2024-02-18,18,2,2024,0,1,0,0,0,High,1.2877137752792285,2024-02
U0192,Kabir Roy,38.0,1,Kolkata,2024-08-04,0.75,101.05250000000001,4,539,0.0,0.0,0.0,0.0,0.0,0.0,0.0,0.0,0.0,0.0,0.0,0.0,0.0,0.0,0.0,0.0,0.0,0.0,0.0,0.0,0.0,0.0,0.0,0.0,0.0,154.71,0.0,29.92,0.0,0.0,112.25,0.0,0.0,0.0,0.0,0.0,0.0,0.0,0.0,0.0,0.0,0.0,0.0,0.0,0.0,0.0,0.0,0.0,107.33,0.0,T000452,P049,107.33,2024-05-11,11,5,2024,0,0,1,0,0,High,1.1523457082422146,2024-05
U0192,Kabir Roy,38.0,1,Kolkata,2024-08-04,0.75,101.05250000000001,4,539,0.0,0.0,0.0,0.0,0.0,0.0,0.0,0.0,0.0,0.0,0.0,0.0,0.0,0.0,0.0,0.0,0.0,0.0,0.0,0.0,0.0,0.0,0.0,0.0,0.0,154.71,0.0,29.92,0.0,0.0,112.25,0.0,0.0,0.0,0.0,0.0,0.0,0.0,0.0,0.0,0.0,0.0,0.0,0.0,0.0,0.0,0.0,0.0,107.33,0.0,T000648,P026,154.71,2023-04-22,22,4,2023,0,0,0,1,0,High,2.455951199342563,2023-04
U0193,Ishaan Chopra,33.0,2,Chennai,2023-03-12,0.5416666666666667,88.7475,5,249,0.0,0.0,0.0,0.0,0.0,0.0,0.0,81.85,0.0,0.0,30.54,0.0,0.0,0.0,0.0,0.0,0.0,0.0,0.0,0.0,0.0,61.07,0.0,0.0,0.0,0.0,0.0,0.0,0.0,0.0,0.0,55.11,0.0,0.0,0.0,0.0,0.0,0.0,0.0,0.0,0.0,0.0,0.0,0.0,126.42,0.0,0.0,0.0,0.0,0.0,T000547,P022,61.07,2023-08-05,5,8,2023,0,0,1,0,0,Medium,-0.12044428792287844,2023-08
U0193,Ishaan Chopra,33.0,2,Chennai,2023-03-12,0.5416666666666667,88.7475,5,249,0.0,0.0,0.0,0.0,0.0,0.0,0.0,81.85,0.0,0.0,30.54,0.0,0.0,0.0,0.0,0.0,0.0,0.0,0.0,0.0,0.0,61.07,0.0,0.0,0.0,0.0,0.0,0.0,0.0,0.0,0.0,55.11,0.0,0.0,0.0,0.0,0.0,0.0,0.0,0.0,0.0,0.0,0.0,0.0,126.42,0.0,0.0,0.0,0.0,0.0,T000642,P008,81.85,2025-02-25,25,2,2025,0,0,0,0,0,High,0.45129319846515936,2025-02
U0193,Ishaan Chopra,33.0,2,Chennai,2023-03-12,0.5416666666666667,88.7475,5,249,0.0,0.0,0.0,0.0,0.0,0.0,0.0,81.85,0.0,0.0,30.54,0.0,0.0,0.0,0.0,0.0,0.0,0.0,0.0,0.0,0.0,61.07,0.0,0.0,0.0,0.0,0.0,0.0,0.0,0.0,0.0,55.11,0.0,0.0,0.0,0.0,0.0,0.0,0.0,0.0,0.0,0.0,0.0,0.0,126.42,0.0,0.0,0.0,0.0,0.0,T000801,P045,126.42,2023-07-18,18,7,2023,0,0,0,0,1,High,1.6775848138797338,2023-07
U0193,Ishaan Chopra,33.0,2,Chennai,2023-03-12,0.5416666666666667,88.7475,5,249,0.0,0.0,0.0,0.0,0.0,0.0,0.0,81.85,0.0,0.0,30.54,0.0,0.0,0.0,0.0,0.0,0.0,0.0,0.0,0.0,0.0,61.07,0.0,0.0,0.0,0.0,0.0,0.0,0.0,0.0,0.0,55.11,0.0,0.0,0.0,0.0,0.0,0.0,0.0,0.0,0.0,0.0,0.0,0.0,126.42,0.0,0.0,0.0,0.0,0.0,T000946,P032,55.11,2024-05-08,8,5,2024,0,0,0,1,0,Medium,-0.28442674311405775,2024-05
U0193,Ishaan Chopra,33.0,2,Chennai,2023-03-12,0.5416666666666667,88.7475,5,249,0.0,0.0,0.0,0.0,0.0,0.0,0.0,81.85,0.0,0.0,30.54,0.0,0.0,0.0,0.0,0.0,0.0,0.0,0.0,0.0,0.0,61.07,0.0,0.0,0.0,0.0,0.0,0.0,0.0,0.0,0.0,55.11,0.0,0.0,0.0,0.0,0.0,0.0,0.0,0.0,0.0,0.0,0.0,0.0,126.42,0.0,0.0,0.0,0.0,0.0,T000990,P011,30.54,2024-05-28,28,5,2024,0,0,0,1,0,Low,-0.9604416632562182,2024-05
U0194,Vihaan Kapoor,22.0,1,Ahmedabad,2024-07-19,0.08333333333333337,54.782000000000004,5,222,0.0,0.0,0.0,0.0,0.0,0.0,0.0,0.0,0.0,0.0,0.0,0.0,0.0,0.0,61.52,0.0,0.0,0.0,0.0,0.0,0.0,0.0,0.0,0.0,0.0,0.0,0.0,0.0,0.0,0.0,0.0,0.0,0.0,48.53,85.99,0.0,0.0,56.59,0.0,0.0,0.0,0.0,0.0,0.0,0.0,0.0,0.0,0.0,0.0,21.28,T000077,P015,61.52,2025-03-24,24,3,2025,0,0,0,0,1,Medium,-0.10806306227924904,2025-03
U0194,Vihaan Kapoor,22.0,1,Ahmedabad,2024-07-19,0.08333333333333337,54.782000000000004,5,222,0.0,0.0,0.0,0.0,0.0,0.0,0.0,0.0,0.0,0.0,0.0,0.0,0.0,0.0,61.52,0.0,0.0,0.0,0.0,0.0,0.0,0.0,0.0,0.0,0.0,0.0,0.0,0.0,0.0,0.0,0.0,0.0,0.0,48.53,85.99,0.0,0.0,56.59,0.0,0.0,0.0,0.0,0.0,0.0,0.0,0.0,0.0,0.0,0.0,21.28,T000401,P035,85.99,2024-03-23,23,3,2024,0,0,0,0,1,High,0.565200474386549,2024-03
U0194,Vihaan Kapoor,22.0,1,Ahmedabad,2024-07-19,0.08333333333333337,54.782000000000004,5,222,0.0,0.0,0.0,0.0,0.0,0.0,0.0,0.0,0.0,0.0,0.0,0.0,0.0,0.0,61.52,0.0,0.0,0.0,0.0,0.0,0.0,0.0,0.0,0.0,0.0,0.0,0.0,0.0,0.0,0.0,0.0,0.0,0.0,48.53,85.99,0.0,0.0,56.59,0.0,0.0,0.0,0.0,0.0,0.0,0.0,0.0,0.0,0.0,0.0,21.28,T000431,P050,21.28,2023-10-14,14,10,2023,1,0,0,0,0,Low,-1.2152197731673458,2023-10
U0194,Vihaan Kapoor,22.0,1,Ahmedabad,2024-07-19,0.08333333333333337,54.782000000000004,5,222,0.0,0.0,0.0,0.0,0.0,0.0,0.0,0.0,0.0,0.0,0.0,0.0,0.0,0.0,61.52,0.0,0.0,0.0,0.0,0.0,0.0,0.0,0.0,0.0,0.0,0.0,0.0,0.0,0.0,0.0,0.0,0.0,0.0,48.53,85.99,0.0,0.0,56.59,0.0,0.0,0.0,0.0,0.0,0.0,0.0,0.0,0.0,0.0,0.0,21.28,T000803,P038,56.59,2023-05-05,5,5,2023,0,1,0,0,0,Medium,-0.24370626766389905,2023-05
U0194,Vihaan Kapoor,22.0,1,Ahmedabad,2024-07-19,0.08333333333333337,54.782000000000004,5,222,0.0,0.0,0.0,0.0,0.0,0.0,0.0,0.0,0.0,0.0,0.0,0.0,0.0,0.0,61.52,0.0,0.0,0.0,0.0,0.0,0.0,0.0,0.0,0.0,0.0,0.0,0.0,0.0,0.0,0.0,0.0,0.0,0.0,48.53,85.99,0.0,0.0,56.59,0.0,0.0,0.0,0.0,0.0,0.0,0.0,0.0,0.0,0.0,0.0,21.28,T000890,P034,48.53,2023-02-06,6,2,2023,0,1,0,0,0,Medium,-0.4654677758586819,2023-02
U0195,Ishaan Reddy,33.0,1,Delhi,2022-06-19,0.5416666666666667,87.71799999999999,5,276,0.0,0.0,0.0,45.19,0.0,0.0,0.0,0.0,0.0,0.0,0.0,0.0,0.0,0.0,0.0,0.0,0.0,0.0,0.0,0.0,61.49,0.0,0.0,0.0,0.0,0.0,0.0,0.0,0.0,0.0,0.0,0.0,0.0,46.79,0.0,0.0,0.0,0.0,0.0,0.0,0.0,0.0,0.0,0.0,0.0,0.0,0.0,0.0,130.41,154.71,T000015,P004,45.19,2024-06-30,30,6,2024,0,1,0,0,0,Medium,-0.5573639839691751,2024-06
U0195,Ishaan Reddy,33.0,1,Delhi,2022-06-19,0.5416666666666667,87.71799999999999,5,276,0.0,0.0,0.0,45.19,0.0,0.0,0.0,0.0,0.0,0.0,0.0,0.0,0.0,0.0,0.0,0.0,0.0,0.0,0.0,0.0,61.49,0.0,0.0,0.0,0.0,0.0,0.0,0.0,0.0,0.0,0.0,0.0,0.0,46.79,0.0,0.0,0.0,0.0,0.0,0.0,0.0,0.0,0.0,0.0,0.0,0.0,0.0,0.0,130.41,154.71,T000173,P049,130.41,2023-06-04,4,6,2023,0,0,0,0,1,High,1.78736501458658,2023-06
U0195,Ishaan Reddy,33.0,1,Delhi,2022-06-19,0.5416666666666667,87.71799999999999,5,276,0.0,0.0,0.0,45.19,0.0,0.0,0.0,0.0,0.0,0.0,0.0,0.0,0.0,0.0,0.0,0.0,0.0,0.0,0.0,0.0,61.49,0.0,0.0,0.0,0.0,0.0,0.0,0.0,0.0,0.0,0.0,0.0,0.0,46.79,0.0,0.0,0.0,0.0,0.0,0.0,0.0,0.0,0.0,0.0,0.0,0.0,0.0,0.0,130.41,154.71,T000459,P021,61.49,2025-01-29,29,1,2025,0,1,0,0,0,Medium,-0.1088884773221577,2025-01
U0195,Ishaan Reddy,33.0,1,Delhi,2022-06-19,0.5416666666666667,87.71799999999999,5,276,0.0,0.0,0.0,45.19,0.0,0.0,0.0,0.0,0.0,0.0,0.0,0.0,0.0,0.0,0.0,0.0,0.0,0.0,0.0,0.0,61.49,0.0,0.0,0.0,0.0,0.0,0.0,0.0,0.0,0.0,0.0,0.0,0.0,46.79,0.0,0.0,0.0,0.0,0.0,0.0,0.0,0.0,0.0,0.0,0.0,0.0,0.0,0.0,130.41,154.71,T000831,P034,46.79,2023-04-26,26,4,2023,0,0,0,1,0,Medium,-0.513341848347382,2023-04
U0195,Ishaan Reddy,33.0,1,Delhi,2022-06-19,0.5416666666666667,87.71799999999999,5,276,0.0,0.0,0.0,45.19,0.0,0.0,0.0,0.0,0.0,0.0,0.0,0.0,0.0,0.0,0.0,0.0,0.0,0.0,0.0,0.0,61.49,0.0,0.0,0.0,0.0,0.0,0.0,0.0,0.0,0.0,0.0,0.0,0.0,46.79,0.0,0.0,0.0,0.0,0.0,0.0,0.0,0.0,0.0,0.0,0.0,0.0,0.0,0.0,130.41,154.71,T000884,P050,154.71,2023-11-21,21,11,2023,0,1,0,0,0,High,2.455951199342563,2023-11
U0196,Kabir Kulkarni,35.0,2,Patna,2024-08-01,0.625,87.87714285714286,7,72,115.31,0.0,0.0,0.0,0.0,0.0,0.0,0.0,0.0,0.0,0.0,0.0,0.0,0.0,154.71,31.4,0.0,0.0,0.0,0.0,0.0,0.0,0.0,0.0,0.0,21.28,0.0,0.0,0.0,0.0,111.43,0.0,0.0,0.0,0.0,0.0,0.0,0.0,0.0,0.0,0.0,0.0,0.0,76.44,0.0,0.0,0.0,0.0,104.57,0.0,T000002,P044,76.44,2023-03-24,24,3,2023,0,0,0,1,0,High,0.3024433523939715,2023-03
U0196,Kabir Kulkarni,35.0,2,Patna,2024-08-01,0.625,87.87714285714286,7,72,115.31,0.0,0.0,0.0,0.0,0.0,0.0,0.0,0.0,0.0,0.0,0.0,0.0,0.0,154.71,31.4,0.0,0.0,0.0,0.0,0.0,0.0,0.0,0.0,0.0,21.28,0.0,0.0,0.0,0.0,111.43,0.0,0.0,0.0,0.0,0.0,0.0,0.0,0.0,0.0,0.0,0.0,0.0,76.44,0.0,0.0,0.0,0.0,104.57,0.0,T000003,P049,104.57,2025-08-21,21,8,2025,0,1,0,0,0,High,1.0764075242946214,2025-08
U0196,Kabir Kulkarni,35.0,2,Patna,2024-08-01,0.625,87.87714285714286,7,72,115.31,0.0,0.0,0.0,0.0,0.0,0.0,0.0,0.0,0.0,0.0,0.0,0.0,0.0,154.71,31.4,0.0,0.0,0.0,0.0,0.0,0.0,0.0,0.0,0.0,21.28,0.0,0.0,0.0,0.0,111.43,0.0,0.0,0.0,0.0,0.0,0.0,0.0,0.0,0.0,0.0,0.0,0.0,76.44,0.0,0.0,0.0,0.0,104.57,0.0,T000326,P026,21.28,2023-04-03,3,4,2023,0,0,0,1,0,Low,-1.2152197731673458,2023-04
U0196,Kabir Kulkarni,35.0,2,Patna,2024-08-01,0.625,87.87714285714286,7,72,115.31,0.0,0.0,0.0,0.0,0.0,0.0,0.0,0.0,0.0,0.0,0.0,0.0,0.0,154.71,31.4,0.0,0.0,0.0,0.0,0.0,0.0,0.0,0.0,0.0,21.28,0.0,0.0,0.0,0.0,111.43,0.0,0.0,0.0,0.0,0.0,0.0,0.0,0.0,0.0,0.0,0.0,0.0,76.44,0.0,0.0,0.0,0.0,104.57,0.0,T000402,P016,31.4,2023-06-17,17,6,2023,0,0,0,0,1,Low,-0.9367797653595044,2023-06
U0196,Kabir Kulkarni,35.0,2,Patna,2024-08-01,0.625,87.87714285714286,7,72,115.31,0.0,0.0,0.0,0.0,0.0,0.0,0.0,0.0,0.0,0.0,0.0,0.0,0.0,154.71,31.4,0.0,0.0,0.0,0.0,0.0,0.0,0.0,0.0,0.0,21.28,0.0,0.0,0.0,0.0,111.43,0.0,0.0,0.0,0.0,0.0,0.0,0.0,0.0,0.0,0.0,0.0,0.0,76.44,0.0,0.0,0.0,0.0,104.57,0.0,T000471,P001,115.31,2023-10-09,9,10,2023,0,0,1,0,0,High,1.3719061096559078,2023-10
U0196,Kabir Kulkarni,35.0,2,Patna,2024-08-01,0.625,87.87714285714286,7,72,115.31,0.0,0.0,0.0,0.0,0.0,0.0,0.0,0.0,0.0,0.0,0.0,0.0,0.0,154.71,31.4,0.0,0.0,0.0,0.0,0.0,0.0,0.0,0.0,0.0,21.28,0.0,0.0,0.0,0.0,111.43,0.0,0.0,0.0,0.0,0.0,0.0,0.0,0.0,0.0,0.0,0.0,0.0,76.44,0.0,0.0,0.0,0.0,104.57,0.0,T000654,P031,111.43,2023-02-04,4,2,2023,1,0,0,0,0,High,1.2651524307730597,2023-02
U0196,Kabir Kulkarni,35.0,2,Patna,2024-08-01,0.625,87.87714285714286,7,72,115.31,0.0,0.0,0.0,0.0,0.0,0.0,0.0,0.0,0.0,0.0,0.0,0.0,0.0,154.71,31.4,0.0,0.0,0.0,0.0,0.0,0.0,0.0,0.0,0.0,21.28,0.0,0.0,0.0,0.0,111.43,0.0,0.0,0.0,0.0,0.0,0.0,0.0,0.0,0.0,0.0,0.0,0.0,76.44,0.0,0.0,0.0,0.0,104.57,0.0,T000745,P015,154.71,2025-03-06,6,3,2025,0,0,0,0,0,High,2.455951199342563,2025-03
U0197,Kabir Roy,24.0,1,Thane,2023-12-07,0.16666666666666674,61.105000000000004,4,6,0.0,0.0,0.0,0.0,0.0,89.81,0.0,0.0,82.16,0.0,0.0,0.0,0.0,0.0,0.0,0.0,0.0,0.0,0.0,0.0,0.0,0.0,0.0,0.0,0.0,0.0,72.45,0.0,0.0,0.0,0.0,0.0,0.0,0.0,0.0,0.0,0.0,0.0,0.0,0.0,0.0,0.0,0.0,0.0,0.0,0.0,0.0,0.0,0.0,0.0,T000154,P009,49.6,2024-08-15,15,8,2024,0,0,0,1,0,Medium,-0.4360279726616077,2024-08
U0197,Kabir Roy,24.0,1,Thane,2023-12-07,0.16666666666666674,61.105000000000004,4,6,0.0,0.0,0.0,0.0,0.0,89.81,0.0,0.0,82.16,0.0,0.0,0.0,0.0,0.0,0.0,0.0,0.0,0.0,0.0,0.0,0.0,0.0,0.0,0.0,0.0,0.0,72.45,0.0,0.0,0.0,0.0,0.0,0.0,0.0,0.0,0.0,0.0,0.0,0.0,0.0,0.0,0.0,0.0,0.0,0.0,0.0,0.0,0.0,0.0,0.0,T000294,P009,32.56,2025-10-26,26,10,2025,0,0,1,0,0,Low,-0.9048637170337043,2025-10
U0197,Kabir Roy,24.0,1,Thane,2023-12-07,0.16666666666666674,61.105000000000004,4,6,0.0,0.0,0.0,0.0,0.0,89.81,0.0,0.0,82.16,0.0,0.0,0.0,0.0,0.0,0.0,0.0,0.0,0.0,0.0,0.0,0.0,0.0,0.0,0.0,0.0,0.0,72.45,0.0,0.0,0.0,0.0,0.0,0.0,0.0,0.0,0.0,0.0,0.0,0.0,0.0,0.0,0.0,0.0,0.0,0.0,0.0,0.0,0.0,0.0,0.0,T000375,P006,89.81,2024-04-20,20,4,2024,0,0,0,0,1,High,0.6703033231835802,2024-04
U0197,Kabir Roy,24.0,1,Thane,2023-12-07,0.16666666666666674,61.105000000000004,4,6,0.0,0.0,0.0,0.0,0.0,89.81,0.0,0.0,82.16,0.0,0.0,0.0,0.0,0.0,0.0,0.0,0.0,0.0,0.0,0.0,0.0,0.0,0.0,0.0,0.0,0.0,72.45,0.0,0.0,0.0,0.0,0.0,0.0,0.0,0.0,0.0,0.0,0.0,0.0,0.0,0.0,0.0,0.0,0.0,0.0,0.0,0.0,0.0,0.0,0.0,T000658,P027,72.45,2025-04-03,3,4,2025,0,0,1,0,0,Medium,0.19266315168712508,2025-04
U0198,Kabir Bose,33.0,0,Visakhapatnam,2023-07-07,0.5416666666666667,80.575,3,3,0.0,0.0,0.0,0.0,0.0,0.0,0.0,0.0,0.0,0.0,0.0,0.0,0.0,0.0,0.0,0.0,0.0,0.0,0.0,0.0,0.0,0.0,0.0,0.0,0.0,0.0,0.0,0.0,78.01,0.0,0.0,0.0,0.0,0.0,0.0,0.0,0.0,51.76,0.0,0.0,0.0,0.0,0.0,31.38,0.0,0.0,0.0,0.0,0.0,0.0,T000244,P038,51.76,2024-11-11,11,11,2024,0,0,0,0,1,Medium,-0.3765980895721871,2024-11
U0198,Kabir Bose,33.0,0,Visakhapatnam,2023-07-07,0.5416666666666667,80.575,3,3,0.0,0.0,0.0,0.0,0.0,0.0,0.0,0.0,0.0,0.0,0.0,0.0,0.0,0.0,0.0,0.0,0.0,0.0,0.0,0.0,0.0,0.0,0.0,0.0,0.0,0.0,0.0,0.0,78.01,0.0,0.0,0.0,0.0,0.0,0.0,0.0,0.0,51.76,0.0,0.0,0.0,0.0,0.0,31.38,0.0,0.0,0.0,0.0,0.0,0.0,T000551,P044,31.38,2025-10-21,21,10,2025,0,0,0,0,0,Low,-0.9373300420547769,2025-10
U0198,Kabir Bose,33.0,0,Visakhapatnam,2023-07-07,0.5416666666666667,80.575,3,3,0.0,0.0,0.0,0.0,0.0,0.0,0.0,0.0,0.0,0.0,0.0,0.0,0.0,0.0,0.0,0.0,0.0,0.0,0.0,0.0,0.0,0.0,0.0,0.0,0.0,0.0,0.0,0.0,78.01,0.0,0.0,0.0,0.0,0.0,0.0,0.0,0.0,51.76,0.0,0.0,0.0,0.0,0.0,31.38,0.0,0.0,0.0,0.0,0.0,0.0,T000969,P029,78.01,2025-10-29,29,10,2025,0,0,1,0,0,High,0.3456400729728562,2025-10
U0199,Meera Roy,32.0,1,Ghaziabad,2022-02-10,0.5,64.86444444444444,9,81,0.0,0.0,0.0,0.0,0.0,0.0,0.0,67.06,0.0,39.01,0.0,0.0,0.0,0.0,25.82,0.0,0.0,0.0,154.71,0.0,161.13,0.0,34.34,0.0,0.0,0.0,0.0,0.0,0.0,0.0,0.0,0.0,0.0,0.0,0.0,0.0,40.28,0.0,0.0,0.0,0.0,0.0,0.0,0.0,0.0,0.0,61.43,0.0,0.0,0.0,T000066,P015,25.82,2024-12-22,22,12,2024,0,0,0,0,0,Low,-1.0903069633405078,2024-12
U0199,Meera Roy,32.0,1,Ghaziabad,2022-02-10,0.5,64.86444444444444,9,81,0.0,0.0,0.0,0.0,0.0,0.0,0.0,67.06,0.0,39.01,0.0,0.0,0.0,0.0,25.82,0.0,0.0,0.0,154.71,0.0,161.13,0.0,34.34,0.0,0.0,0.0,0.0,0.0,0.0,0.0,0.0,0.0,0.0,0.0,0.0,0.0,40.28,0.0,0.0,0.0,0.0,0.0,0.0,0.0,0.0,0.0,61.43,0.0,0.0,0.0,T000102,P010,39.01,2023-01-06,6,1,2023,0,0,0,0,0,Low,-0.7273994828083509,2023-01
U0199,Meera Roy,32.0,1,Ghaziabad,2022-02-10,0.5,64.86444444444444,9,81,0.0,0.0,0.0,0.0,0.0,0.0,0.0,67.06,0.0,39.01,0.0,0.0,0.0,0.0,25.82,0.0,0.0,0.0,154.71,0.0,161.13,0.0,34.34,0.0,0.0,0.0,0.0,0.0,0.0,0.0,0.0,0.0,0.0,0.0,0.0,0.0,40.28,0.0,0.0,0.0,0.0,0.0,0.0,0.0,0.0,0.0,61.43,0.0,0.0,0.0,T000144,P037,40.28,2023-06-23,23,6,2023,0,0,0,0,0,Low,-0.6924569126585526,2023-06
U0199,Meera Roy,32.0,1,Ghaziabad,2022-02-10,0.5,64.86444444444444,9,81,0.0,0.0,0.0,0.0,0.0,0.0,0.0,67.06,0.0,39.01,0.0,0.0,0.0,0.0,25.82,0.0,0.0,0.0,154.71,0.0,161.13,0.0,34.34,0.0,0.0,0.0,0.0,0.0,0.0,0.0,0.0,0.0,0.0,0.0,0.0,0.0,40.28,0.0,0.0,0.0,0.0,0.0,0.0,0.0,0.0,0.0,61.43,0.0,0.0,0.0,T000170,P023,34.34,2023-10-30,30,10,2023,0,0,0,1,0,Low,-0.8558890911544594,2023-10
U0199,Meera Roy,32.0,1,Ghaziabad,2022-02-10,0.5,64.86444444444444,9,81,0.0,0.0,0.0,0.0,0.0,0.0,0.0,67.06,0.0,39.01,0.0,0.0,0.0,0.0,25.82,0.0,0.0,0.0,154.71,0.0,161.13,0.0,34.34,0.0,0.0,0.0,0.0,0.0,0.0,0.0,0.0,0.0,0.0,0.0,0.0,0.0,40.28,0.0,0.0,0.0,0.0,0.0,0.0,0.0,0.0,0.0,61.43,0.0,0.0,0.0,T000455,P019,154.71,2025-08-12,12,8,2025,0,0,1,0,0,High,2.455951199342563,2025-08
U0199,Meera Roy,32.0,1,Ghaziabad,2022-02-10,0.5,64.86444444444444,9,81,0.0,0.0,0.0,0.0,0.0,0.0,0.0,67.06,0.0,39.01,0.0,0.0,0.0,0.0,25.82,0.0,0.0,0.0,154.71,0.0,161.13,0.0,34.34,0.0,0.0,0.0,0.0,0.0,0.0,0.0,0.0,0.0,0.0,0.0,0.0,0.0,40.28,0.0,0.0,0.0,0.0,0.0,0.0,0.0,0.0,0.0,61.43,0.0,0.0,0.0,T000502,P021,102.45,2024-07-13,13,7,2024,1,0,0,0,0,High,1.0180781945957458,2024-07
U0199,Meera Roy,32.0,1,Ghaziabad,2022-02-10,0.5,64.86444444444444,9,81,0.0,0.0,0.0,0.0,0.0,0.0,0.0,67.06,0.0,39.01,0.0,0.0,0.0,0.0,25.82,0.0,0.0,0.0,154.71,0.0,161.13,0.0,34.34,0.0,0.0,0.0,0.0,0.0,0.0,0.0,0.0,0.0,0.0,0.0,0.0,0.0,40.28,0.0,0.0,0.0,0.0,0.0,0.0,0.0,0.0,0.0,61.43,0.0,0.0,0.0,T000614,P047,61.43,2025-07-27,27,7,2025,1,0,0,0,0,Medium,-0.110539307407975,2025-07
U0199,Meera Roy,32.0,1,Ghaziabad,2022-02-10,0.5,64.86444444444444,9,81,0.0,0.0,0.0,0.0,0.0,0.0,0.0,67.06,0.0,39.01,0.0,0.0,0.0,0.0,25.82,0.0,0.0,0.0,154.71,0.0,161.13,0.0,34.34,0.0,0.0,0.0,0.0,0.0,0.0,0.0,0.0,0.0,0.0,0.0,0.0,0.0,40.28,0.0,0.0,0.0,0.0,0.0,0.0,0.0,0.0,0.0,61.43,0.0,0.0,0.0,T000757,P008,67.06,2025-01-17,17,1,2025,0,0,0,0,0,Medium,0.04436358231120956,2025-01
U0199,Meera Roy,32.0,1,Ghaziabad,2022-02-10,0.5,64.86444444444444,9,81,0.0,0.0,0.0,0.0,0.0,0.0,0.0,67.06,0.0,39.01,0.0,0.0,0.0,0.0,25.82,0.0,0.0,0.0,154.71,0.0,161.13,0.0,34.34,0.0,0.0,0.0,0.0,0.0,0.0,0.0,0.0,0.0,0.0,0.0,0.0,0.0,40.28,0.0,0.0,0.0,0.0,0.0,0.0,0.0,0.0,0.0,61.43,0.0,0.0,0.0,T000828,P021,58.68,2025-05-03,3,5,2025,0,0,0,1,0,Medium,-0.1862023530079319,2025-05
U0200,Kiara Nair,22.0,2,Jaipur,2022-01-27,0.08333333333333337,57.14833333333333,6,69,0.0,0.0,0.0,0.0,0.0,44.29,0.0,0.0,0.0,0.0,0.0,0.0,0.0,0.0,0.0,0.0,0.0,25.33,0.0,0.0,0.0,0.0,0.0,0.0,0.0,0.0,0.0,0.0,0.0,0.0,0.0,0.0,0.0,80.5,0.0,0.0,0.0,0.0,0.0,0.0,0.0,38.65,0.0,0.0,73.37,0.0,0.0,0.0,0.0,80.75,T000270,P042,38.65,2025-01-11,11,1,2025,0,0,0,1,0,Low,-0.7373044633232544,2025-01
U0200,Kiara Nair,22.0,2,Jaipur,2022-01-27,0.08333333333333337,57.14833333333333,6,69,0.0,0.0,0.0,0.0,0.0,44.29,0.0,0.0,0.0,0.0,0.0,0.0,0.0,0.0,0.0,0.0,0.0,25.33,0.0,0.0,0.0,0.0,0.0,0.0,0.0,0.0,0.0,0.0,0.0,0.0,0.0,0.0,0.0,80.5,0.0,0.0,0.0,0.0,0.0,0.0,0.0,38.65,0.0,0.0,73.37,0.0,0.0,0.0,0.0,80.75,T000646,P045,73.37,2024-09-09,9,9,2024,1,0,0,0,0,High,0.21797587966965618,2024-09
U0200,Kiara Nair,22.0,2,Jaipur,2022-01-27,0.08333333333333337,57.14833333333333,6,69,0.0,0.0,0.0,0.0,0.0,44.29,0.0,0.0,0.0,0.0,0.0,0.0,0.0,0.0,0.0,0.0,0.0,25.33,0.0,0.0,0.0,0.0,0.0,0.0,0.0,0.0,0.0,0.0,0.0,0.0,0.0,0.0,0.0,80.5,0.0,0.0,0.0,0.0,0.0,0.0,0.0,38.65,0.0,0.0,73.37,0.0,0.0,0.0,0.0,80.75,T000741,P018,25.33,2025-08-24,24,8,2025,1,0,0,0,0,Low,-1.103788742374682,2025-08
U0200,Kiara Nair,22.0,2,Jaipur,2022-01-27,0.08333333333333337,57.14833333333333,6,69,0.0,0.0,0.0,0.0,0.0,44.29,0.0,0.0,0.0,0.0,0.0,0.0,0.0,0.0,0.0,0.0,0.0,25.33,0.0,0.0,0.0,0.0,0.0,0.0,0.0,0.0,0.0,0.0,0.0,0.0,0.0,0.0,0.0,80.5,0.0,0.0,0.0,0.0,0.0,0.0,0.0,38.65,0.0,0.0,73.37,0.0,0.0,0.0,0.0,80.75,T000834,P034,80.5,2023-03-01,1,3,2023,0,0,0,0,0,High,0.4141495215342716,2023-03
U0200,Kiara Nair,22.0,2,Jaipur,2022-01-27,0.08333333333333337,57.14833333333333,6,69,0.0,0.0,0.0,0.0,0.0,44.29,0.0,0.0,0.0,0.0,0.0,0.0,0.0,0.0,0.0,0.0,0.0,25.33,0.0,0.0,0.0,0.0,0.0,0.0,0.0,0.0,0.0,0.0,0.0,0.0,0.0,0.0,0.0,80.5,0.0,0.0,0.0,0.0,0.0,0.0,0.0,38.65,0.0,0.0,73.37,0.0,0.0,0.0,0.0,80.75,T000847,P050,80.75,2023-01-19,19,1,2023,0,0,0,0,1,High,0.42102798022517673,2023-01
U0200,Kiara Nair,22.0,2,Jaipur,2022-01-27,0.08333333333333337,57.14833333333333,6,69,0.0,0.0,0.0,0.0,0.0,44.29,0.0,0.0,0.0,0.0,0.0,0.0,0.0,0.0,0.0,0.0,0.0,25.33,0.0,0.0,0.0,0.0,0.0,0.0,0.0,0.0,0.0,0.0,0.0,0.0,0.0,0.0,0.0,80.5,0.0,0.0,0.0,0.0,0.0,0.0,0.0,38.65,0.0,0.0,73.37,0.0,0.0,0.0,0.0,80.75,T000881,P006,44.29,2024-11-12,12,11,2024,0,0,1,0,0,Medium,-0.5821264352564336,2024-11
