customer_id,age,gender,region,education_level,employment_type,annual_income,loan_amount,loan_purpose,credit_score,repayment_history,transaction_count,spending_ratio,join_date,default_flag,age_imputed,employment_type_imputed,gender_imputed,annual_income_NA,annual_income_imputed,annual_income_percentile,annual_income_winsorized,customer_num,customer_prefix,join_year,join_month,join_day,join_weekday,education_encoded,gender_encoded,income_group,high_credit_flag,income_quantile,income_kmeans,income_std,income_norm,income_minmax,income_maxabs,income_robust,income_log,income_reciprocal,income_sqrt,income_boxcox,income_yeojohnson,debt_to_income_ratio,avg_monthly_transactions,spending_to_income_ratio
CUST_1001,58.0,Male,East,Post-Graduate,Salaried,792193.478934623,126423.9865107793,Business,708.39291943063,1,58,67.4593616292889,2022-07-08,0,58.0,Salaried,Male,1,241130.8801620512,792193.478934623,792193.478934623,1001.0,CUST,2022,7,8,4,3.0,1,Low,1.0,Q3,0.0,0.0001590200591686817,1.0,0.05216484396995845,0.0686588111622796,0.35155172163872006,13.582562194863446,1.262317888973564e-06,890.0525147060835,0.4861682782324535,0.4861683318810285,0.15958725976790927,4.833333333333333,8.515515896338822e-05
CUST_1002,48.0,Male,South,Post-Graduate,Salaried,988149.9229619774,50026.94041528054,Business,675.2273487120523,0,73,69.98104337928545,2018-10-19,0,48.0,Salaried,Male,0,988149.9229619774,988149.9229619774,988149.9229619774,1002.0,CUST,2018,10,19,4,3.0,1,Low,0.0,Q4,0.0,0.22698570024648693,1.0,0.06944901554683512,0.08564220833010239,0.7428163833208425,13.80359072109838,1.0119921853481324e-06,994.0573036611005,0.7967648742665427,0.7967650407114285,0.050626872757140555,6.083333333333333,7.082026902234553e-05
CUST_1003,34.0,Female,West,Secondary,Salaried,390455.7723978552,193131.38256088903,Other,689.4922852244871,1,44,51.5845415173921,2020-08-26,0,34.0,Salaried,Female,0,390455.7723978552,390455.7723978552,390455.7723978552,1003.0,CUST,2020,8,26,2,1.0,0,Low,0.0,Q2,0.0,-0.4648669234973576,1.0,0.016729911053370496,0.03384050722096232,-0.45059473806697825,12.875072544049514,2.5611095306216608e-06,624.8646032524607,-0.6589186304356908,-0.6589189091129564,0.4946306245388309,3.6666666666666665,0.00013211366091294164
CUST_1004,62.0,Male,South,Secondary,Salaried,1173082.490256681,59596.99847225044,Education,502.3536291740671,1,81,42.54967749478745,2022-01-27,0,62.0,Salaried,Male,0,1173082.490256681,1173082.490256681,1173082.490256681,1004.0,CUST,2022,1,27,3,1.0,1,Low,0.0,Q4,0.0,0.44105184390502256,1.0,0.0857608354471174,0.10167017441828384,1.1120697586600472,13.975146301792085,8.524549708116999e-07,1083.0893269978617,1.0240056132854303,1.0240058405715475,0.05080375759312717,6.75,3.627168408686628e-05
CUST_1005,27.0,Female,North,Graduate,Self-Employed,1382992.8230155832,114639.62198195596,Home,618.3347503917869,0,111,28.876985997764137,2023-01-17,0,27.0,Self-Employed,Female,0,1382992.8230155832,1382992.8230155832,1382992.8230155832,1005.0,CUST,2023,1,17,1,2.0,0,Low,0.0,Q4,0.0,0.6840306556151926,1.0,0.10427579791835757,0.11986294459519427,1.5311960381664695,14.139761144270748,7.230695513027268e-07,1176.0071526209283,1.2313035753352206,1.2313038332365713,0.08289242002800712,9.25,2.088006930837844e-05
CUST_1006,,Female,North,Graduate,Salaried,2896855.838281858,295500.4851186646,Education,759.3818245025666,0,59,80.0932399880759,2018-04-07,0,43.77204301075269,Salaried,Female,0,2896855.838281858,2896855.838281858,1862518.9859498884,1006.0,CUST,2018,4,7,5,2.0,0,Low,1.0,Q4,0.0,2.4363819177317776,1.0,0.23780479835325805,0.2510683100199508,4.553914190872648,14.879136858299438,3.4520185187732844e-07,1702.015228569315,2.0456547694724456,2.0456547782941366,0.10200731469361196,4.916666666666667,2.7648334766739093e-05
CUST_1007,,Female,North,Secondary,Salaried,2252848.5611408693,62948.16093176536,Car,642.3178075744518,4,26,61.70975395519269,2021-01-23,0,43.77204301075269,Salaried,Female,0,2252848.5611408693,2252848.5611408693,1862518.9859498884,1007.0,CUST,2021,1,23,5,1.0,0,Low,0.0,Q4,0.0,1.690920172824971,1.0,0.18100068389755702,0.1952526851705495,3.2680300207342117,14.627706444500063,4.438824771644434e-07,1500.9492200407278,1.7887858856349443,1.7887860515794718,0.027941585607338046,2.1666666666666665,2.739187845083924e-05
CUST_1008,38.0,Male,North,Post-Graduate,Self-Employed,275825.2951902528,415691.11284295726,Education,548.2164212300812,2,50,47.76993666828707,2018-03-15,1,38.0,Self-Employed,Male,0,275825.2951902528,275825.2951902528,275825.2951902528,1008.0,CUST,2018,3,15,3,3.0,1,Low,0.0,Q1,0.0,-0.5975558520107719,1.0,0.006619027250442975,0.023905570242405985,-0.6794764934270207,12.527526581313133,3.6254832946847275e-06,525.1907226810588,-1.3171860394500137,-1.3171860940506455,1.5070811853610455,4.166666666666667,0.00017318910737902218
CUST_1009,42.0,Female,South,Secondary,Self-Employed,312833.1581573379,50765.44743927921,Business,641.071813532568,1,51,90.23965207040196,2021-09-21,0,42.0,Self-Employed,Female,0,312833.1581573379,312833.1581573379,312833.1581573379,1009.0,CUST,2021,9,21,1,1.0,0,Low,0.0,Q1,0.0,-0.5547179104502519,1.0,0.009883274345717619,0.027113013805806378,-0.6055831899673314,12.65342848296153,3.1965920935564283e-06,559.314900710984,-1.0707388317669622,-1.070739029237695,0.16227642791025434,4.25,0.00028845935833352987
CUST_1010,30.0,Male,West,Secondary,Salaried,301808.2501337859,106691.2346182991,Home,588.31860653078,1,10,14.0662990630983,2020-12-27,0,30.0,Salaried,Male,0,301808.2501337859,301808.2501337859,301808.2501337859,1010.0,CUST,2020,12,27,6,1.0,1,Low,0.0,Q1,0.0,-0.5674796407355991,1.0,0.0089108317049859,0.02615749334496069,-0.6275965354805284,12.617550474726194,3.3133620420369066e-06,549.3707765560395,-1.1400203825574518,-1.1400205479170376,0.35350668700232624,0.8333333333333334,4.660674138760921e-05
CUST_1011,30.0,Female,West,Graduate,Salaried,1322109.5570920664,320111.36926222086,Education,650.0976876846929,0,72,82.26461534242904,2020-01-28,0,30.0,Salaried,Female,0,1322109.5570920664,1322109.5570920664,1322109.5570920664,1011.0,CUST,2020,1,28,1,2.0,0,Low,0.0,Q4,0.0,0.6135560705259409,1.0,0.09890564120008309,0.11458623786995428,1.4096309089261054,14.09473992455977,7.563669702168263e-07,1149.8302296826546,1.1756243771915993,1.1756246296266069,0.24212166650082567,6.0,6.222223786260569e-05
CUST_1012,,Female,East,Graduate,Salaried,731081.1942673516,126038.47902394994,Home,651.6436303110172,0,38,94.79452040040763,2023-04-26,0,43.77204301075269,Salaried,Female,0,731081.1942673516,731081.1942673516,731081.1942673516,1012.0,CUST,2023,4,26,2,2.0,0,Low,0.0,Q3,0.0,-0.07058066251949892,1.0,0.046774486848063554,0.06336225555529773,0.22952931250772154,13.502281173269127,1.3678371264746665e-06,855.0328615131418,0.36814518136362384,0.3681451875958599,0.17240011097335722,3.1666666666666665,0.00012966346439003773
CUST_1013,55.0,Male,South,Graduate,Self-Employed,282498.8131251519,71493.0765487587,Home,693.4637331265833,3,82,85.39007942504372,2018-07-27,1,55.0,Self-Employed,Male,0,282498.8131251519,282498.8131251519,282498.8131251519,1013.0,CUST,2018,7,27,4,2.0,1,Low,0.0,Q1,0.0,-0.5898310133311498,1.0,0.0072076592272105194,0.024483959007100854,-0.6661515336381842,12.551433168064527,3.539837880740349e-06,531.506174117622,-1.2696695423724234,-1.2696696309152826,0.2530739005779655,6.833333333333333,0.00030226703778819683
CUST_1014,59.0,Female,North,Primary,Unemployed,490198.097444936,139330.5335129616,Car,552.566109858791,0,19,78.88710977732815,2021-05-29,0,59.0,Unemployed,Female,0,490198.097444936,490198.097444936,490198.097444936,1014.0,CUST,2021,5,29,5,0.0,0,Low,0.0,Q2,0.0,-0.349411570258576,1.0,0.025527598050332397,0.04248509928388106,-0.25144003683405225,13.102566908876852,2.039991597666146e-06,700.1414838766062,-0.2638267276909811,-0.26382694996568584,0.28423311766478304,1.5833333333333333,0.00016092904110991628
CUST_1015,43.0,Female,South,Post-Graduate,Self-Employed,677643.1677739809,113049.9276977512,Car,614.1026745067921,2,40,41.8160094395376,2021-07-09,0,43.0,Self-Employed,Female,0,677643.1677739809,677643.1677739809,677643.1677739809,1015.0,CUST,2021,7,9,4,3.0,0,Low,0.0,Q3,0.0,-0.13243711335181346,1.0,0.04206103114505964,0.05873082211453341,0.1228300331823103,13.426377602860946,1.47570291790912e-06,823.1908452928645,0.25390631850869966,0.25390627838987095,0.16682810817298652,3.3333333333333335,6.170800714524095e-05
CUST_1016,22.0,Male,East,Secondary,Salaried,243577.01266682867,419935.2274274058,Business,737.2347473119287,1,20,29.66170549229495,2019-02-14,0,22.0,Salaried,Male,0,243577.01266682867,243577.01266682867,243577.01266682867,1016.0,CUST,2019,2,14,3,1.0,1,Low,1.0,Q1,0.0,-0.634884406847733,1.0,0.0037745949024225733,0.021110635925272656,-0.743866380751143,12.403192550755813,4.105477725547003e-06,493.53521927703264,-1.5698953560030986,-1.5698951726547137,1.7240347223757295,1.6666666666666667,0.00012177547120035211
CUST_1017,41.0,Male,East,Secondary,Self-Employed,1270302.7201711363,125185.50905876796,Other,541.6575956451615,2,74,72.4622942424661,2020-02-10,0,41.0,Self-Employed,Male,0,1270302.7201711363,1270302.7201711363,1270302.7201711363,1017.0,CUST,2020,2,10,0,1.0,1,Low,0.0,Q4,0.0,0.5535877806944518,1.0,0.09433606318675873,0.11009617839880997,1.3061886127500277,14.054766579584085,7.872139326422972e-07,1127.0770693129803,1.1255523084150705,1.1255525541336202,0.09854777689598064,6.166666666666667,5.704332761889503e-05
CUST_1018,21.0,Male,South,Post-Graduate,Salaried,1013809.942226804,361115.43154627015,Home,569.7510387168018,1,60,35.88890613452831,2023-01-18,0,21.0,Salaried,Male,0,1013809.942226804,1013809.942226804,1013809.942226804,1018.0,CUST,2023,1,18,2,3.0,1,Low,0.0,Q4,0.0,0.2566881017789966,1.0,0.07171233573434226,0.08786614284101696,0.7940515381851939,13.829226998241685,9.863781743880567e-07,1006.8812950029433,0.8314719128418265,0.8314720900710738,0.35619638011196525,5.0,3.540003371376037e-05
CUST_1019,43.0,Male,South,Post-Graduate,Salaried,551807.664040918,494888.1815408057,Other,647.3821919059505,2,68,24.96337298317251,2018-03-15,0,43.0,Salaried,Male,0,551807.664040918,551807.664040918,551807.664040918,1019.0,CUST,2018,3,15,3,3.0,1,Low,0.0,Q2,0.0,-0.2780962658392158,1.0,0.030961817502045415,0.04782475394045835,-0.1284247088604845,13.220956642057276,1.8122256451801024e-06,742.8375758137965,-0.06866534716441479,-0.06866550994123953,0.8968490540847942,5.666666666666667,4.523926471030134e-05
CUST_1020,63.0,Male,South,Post-Graduate,Salaried,1907545.961525044,163767.73450865928,Business,672.9383871267033,1,56,76.85470040380525,2022-07-19,0,63.0,Salaried,Male,0,1907545.961525044,1907545.961525044,1862518.9859498884,1020.0,CUST,2022,7,19,1,3.0,1,Low,0.0,Q4,0.0,1.2912199092297876,1.0,0.15054356161548327,0.16532556936955747,2.5785670868294535,14.461328661247942,5.242337643048339e-07,1381.1393707823422,1.6078131507768099,1.6078133798045042,0.0858525759331491,4.666666666666667,4.0289828897207064e-05
CUST_1021,49.0,Female,West,Post-Graduate,Unemployed,470437.1135146974,531462.8146322393,Home,647.064490444959,3,74,36.56621044012139,2018-09-11,1,49.0,Unemployed,Female,0,470437.1135146974,470437.1135146974,470437.1135146974,1021.0,CUST,2018,9,11,1,3.0,0,Low,0.0,Q2,0.0,-0.37228562476787935,1.0,0.023784597260164624,0.04077242971498771,-0.2908966351120417,13.0614196959125,2.1256826284550806e-06,685.8841837472982,-0.33329999141691463,-0.33330023068084924,1.1297212727335937,6.166666666666667,7.772815832099885e-05
CUST_1022,57.0,Male,North,Graduate,Salaried,2271042.688225587,144743.88211190322,Home,627.725369388892,3,40,87.72754700642376,2020-03-30,0,57.0,Salaried,Male,0,2271042.688225587,2271042.688225587,1862518.9859498884,1022.0,CUST,2020,3,30,0,2.0,1,Low,0.0,Q4,0.0,1.7119805337945577,1.0,0.18260548141153857,0.19682955643873024,3.30435808850324,14.63575005834237,4.403263774741802e-07,1506.9979058464503,1.7973077451856045,1.7973079072461118,0.06373454927188414,3.3333333333333335,3.862875297803443e-05
CUST_1023,21.0,Male,South,Graduate,Self-Employed,751189.6858173445,715283.3904337431,Other,692.6580449244514,2,86,81.45377480962564,2020-09-12,0,21.0,Self-Employed,Male,0,751189.6858173445,751189.6858173445,751189.6858173445,1023.0,CUST,2020,9,12,5,2.0,1,Low,0.0,Q3,0.0,-0.047304355355939146,1.0,0.04854813925244038,0.06510504334742394,0.2696797764656583,13.529414807727628,1.3312216859029702e-06,866.7119970424689,0.4083541751393963,0.4083541976446982,0.9522007609116,7.166666666666667,0.00010843303142523074
CUST_1024,40.0,Female,South,Primary,Salaried,703478.8547467605,68706.0483624723,Education,717.9708001407894,0,46,82.04942800828668,2018-11-28,0,40.0,Salaried,Female,0,703478.8547467605,703478.8547467605,703478.8547467605,1024.0,CUST,2018,11,28,2,0.0,0,Low,1.0,Q3,0.0,-0.10253137008584423,1.0,0.04433984595342421,0.06096998161316674,0.1744159423515883,13.463794519372142,1.4215068345526416e-06,838.7364632271334,0.3105466332918077,0.3105466161326262,0.0976661173223587,3.8333333333333335,0.00011663382268491445
CUST_1025,52.0,Male,South,Graduate,Salaried,290733.8978533174,282322.72893199767,Car,564.4622667768192,1,64,75.58342671474523,2021-11-22,0,52.0,Salaried,Male,0,290733.8978533174,290733.8978533174,290733.8978533174,1025.0,CUST,2021,11,22,0,2.0,1,Low,0.0,Q1,0.0,-0.5802986045388658,1.0,0.00793402787560189,0.025197687587670433,-0.6497086059453369,12.580167126996855,3.439571399651958e-06,539.1974572021992,-1.2130083998601795,-1.213008524749679,0.9710691839061916,5.333333333333333,0.00025997459281572744
CUST_1026,31.0,Female,East,Secondary,Salaried,1268229.3120440275,186170.23364623063,Education,679.145561650236,0,39,84.87492102085261,2020-04-15,0,31.0,Salaried,Female,0,1268229.3120440275,1268229.3120440275,1268229.3120440275,1026.0,CUST,2020,4,15,2,1.0,0,Low,0.0,Q4,0.0,0.5511877357024134,1.0,0.09415317998536303,0.10991647768068119,1.3020486553558788,14.053133031589955,7.885009363018091e-07,1126.1568771907525,1.1234932379656135,1.1234934833730161,0.1467954035415794,3.25,6.692395469348438e-05
CUST_1027,41.0,Male,East,Secondary,Salaried,792174.2420903364,148089.8627525026,Other,770.9612800004578,0,28,78.48848583514021,2022-08-19,0,41.0,Salaried,Male,1,1304811.802867714,792174.2420903364,792174.2420903364,1027.0,CUST,2022,8,19,4,1.0,1,Low,1.0,Q3,0.0,0.00013675271527775748,1.0,0.05216314720046002,0.0686571439194982,0.35151331158586896,13.582537911586591,1.2623485425992185e-06,890.0417080622326,0.4861330078481233,0.4861330614826843,0.18694102241933994,2.3333333333333335,9.907982570480864e-05
CUST_1028,63.0,Male,West,Graduate,Self-Employed,288507.8722413422,250321.73348106557,Car,640.7286350911094,0,42,61.21346590385194,2019-03-31,0,63.0,Self-Employed,Male,0,288507.8722413422,288507.8722413422,288507.8722413422,1028.0,CUST,2019,3,31,6,2.0,1,Low,0.0,Q1,0.0,-0.5828753097964168,1.0,0.007737683178682762,0.025004759627267954,-0.654153293448666,12.572481117460347,3.4661099269028617e-06,537.1292881991656,-1.2281166826946295,-1.2281167983226333,0.8676426453382539,3.5,0.00021217260182947108
CUST_1029,44.0,Female,North,Graduate,Salaried,206343.8345614678,293382.6285270249,Education,563.6128676969184,4,83,35.14493107945837,2023-04-14,1,44.0,Salaried,Female,0,206343.8345614678,206343.8345614678,232246.6443437917,1029.0,CUST,2023,4,14,4,2.0,0,Low,0.0,Q1,0.0,-0.6779831588402073,1.0,0.0004904740769006016,0.017883664468823106,-0.8182095691420826,12.23730400245388,4.846280006750805e-06,454.25084981920264,-1.9221192411567547,-1.9221185418619624,1.421814366958519,6.916666666666667,0.00017032217682901406
CUST_1030,46.0,Female,West,Primary,Self-Employed,610212.7208569378,50874.56329834928,Car,559.9126472938227,0,25,85.49778142320267,2021-02-12,0,46.0,Self-Employed,Female,0,610212.7208569378,610212.7208569378,610212.7208569378,1030.0,CUST,2021,2,12,4,0.0,0,Low,0.0,Q2,0.0,-0.21049029753597312,1.0,0.036113385892541414,0.05288667615199456,-0.011807799888329744,13.321564536847593,1.6387727849712571e-06,781.161136294515,0.0918088510171722,0.09180874675771039,0.08337184978063236,2.0833333333333335,0.00014011143737176565
CUST_1031,61.0,Female,North,Secondary,Self-Employed,574752.5573292515,86533.06447424181,Home,637.1410046950509,0,81,81.45130793572132,2018-11-09,0,61.0,Self-Employed,Female,0,574752.5573292515,574752.5573292515,574752.5573292515,1031.0,CUST,2018,11,9,4,1.0,0,Low,0.0,Q2,0.0,-0.25153672094811513,1.0,0.03298565231073036,0.049813370531371186,-0.08261082427836268,13.261696631956864,1.7398791657915902e-06,758.1243679827548,-0.00309771015184818,-0.0030978498388134403,0.15055707603083374,6.75,0.00014171543370383673
CUST_1032,47.0,Female,East,Graduate,Unemployed,835329.922373547,299686.70625373325,Education,732.8677843894095,0,43,50.19474238789633,2020-10-14,0,47.0,Unemployed,Female,0,835329.922373547,835329.922373547,835329.922373547,1032.0,CUST,2020,10,14,2,2.0,0,Low,1.0,Q3,0.0,0.050091015451845335,1.0,0.055969657296283754,0.07239741417157029,0.43768191262108236,13.635583239541072,1.1971317837466904e-06,913.9638517871191,0.5625680367877346,0.5625681202580562,0.3587644812227021,3.5833333333333335,6.0089721489527946e-05
CUST_1033,,Female,East,Primary,Salaried,1304811.802867714,269553.77703349444,Car,646.7395320122703,2,42,13.321688310166191,2018-08-16,0,43.77204301075269,Salaried,Female,0,1304811.802867714,1304811.802867714,1304811.802867714,1033.0,CUST,2018,8,16,3,0.0,0,Low,0.0,Q4,0.0,0.5935332936028289,1.0,0.09737990749230764,0.11308705456132805,1.375092621665152,14.081570142371179,7.663940483942106e-07,1142.28359126257,1.1591938662672185,1.1591941166810038,0.20658441044065018,3.5,1.0209662635474098e-05
CUST_1034,34.0,Male,East,Post-Graduate,Salaried,241368.40009027475,726558.5882081082,Car,665.1385583924742,1,64,64.27621682916265,2020-05-07,1,34.0,Salaried,Male,0,241368.40009027475,241368.40009027475,241368.40009027475,1034.0,CUST,2020,5,7,3,3.0,1,Low,0.0,Q1,0.0,-0.6374409558862006,1.0,0.0035797861074912014,0.020919217139513165,-0.748276299786169,12.3940838194214,4.143044406743208e-06,491.2925809436519,-1.588782997236687,-1.588782791952777,3.0101644950468445,5.333333333333333,0.000266299220620676
CUST_1035,66.0,Male,West,Graduate,,857445.6468802963,336289.9715513481,Car,570.2926654260957,1,77,14.300732562509449,2021-06-22,0,66.0,Salaried,Male,0,857445.6468802963,857445.6468802963,857445.6468802963,1035.0,CUST,2021,6,22,1,2.0,1,Low,0.0,Q3,0.0,0.07569076745134067,1.0,0.057920355977406135,0.0743141673297356,0.4818402025407564,13.661714236704947,1.1662546817127202e-06,925.9836104814686,0.5997752955294127,0.5997753931437014,0.39219975373479726,6.416666666666667,1.6678296302948193e-05
CUST_1036,63.0,Female,South,Graduate,Unemployed,303765.49707763456,652261.4176753758,Education,728.6494106381238,2,120,88.73379675711462,2020-10-14,1,63.0,Unemployed,Female,0,303765.49707763456,303765.49707763456,303765.49707763456,1036.0,CUST,2020,10,14,2,2.0,0,Low,1.0,Q1,0.0,-0.5652140565197618,1.0,0.009083469007952448,0.02632712646097217,-0.6236885161902498,12.624014583528785,3.2920131140223137e-06,551.1492511812336,-1.1274827192314032,-1.1274828908474965,2.147253140758123,10.0,0.000292112822581412
CUST_1037,22.0,,South,Graduate,Unemployed,792046.0261003985,292495.4405754175,Business,558.3473143067716,1,32,91.7386568131511,2020-08-07,0,22.0,Unemployed,Male,1,668125.8338158763,792046.0261003985,792046.0261003985,1037.0,CUST,2020,8,7,4,2.0,3,Low,0.0,Q3,0.0,-1.166193619694598e-05,1.0,0.052151838018054786,0.06864603153638067,0.3512573037460947,13.582376045423247,1.2625528909106807e-06,889.9696770679317,0.48589789783309617,0.4858979513745558,0.36929096407668655,2.6666666666666665,0.00011582490636770673
CUST_1038,56.0,Other,East,Post-Graduate,Salaried,1054804.6073055023,120779.24980065296,Education,609.6402812582694,4,27,26.10666240146636,2019-03-03,0,56.0,Salaried,Other,0,1054804.6073055023,1054804.6073055023,1054804.6073055023,1038.0,CUST,2019,3,3,6,3.0,2,Low,0.0,Q4,0.0,0.30414091115889164,1.0,0.07532823532097645,0.09141911953565537,0.8759052574767613,13.868867049436428,9.480428821267845e-07,1027.0368091288171,0.8846136617488066,0.8846138545344628,0.1145039080821219,2.25,2.4750235465797127e-05
CUST_1039,26.0,Male,South,Secondary,,589127.9171495503,72267.87564240718,Other,700.3931889637036,5,49,67.49309713466735,2023-09-21,0,26.0,Salaried,Male,0,589127.9171495503,589127.9171495503,589127.9171495503,1039.0,CUST,2023,9,21,3,1.0,1,Low,1.0,Q2,0.0,-0.2348967213771832,1.0,0.034253618704214714,0.05105927212174917,-0.05390765850820408,13.286400313301403,1.697424228037687e-06,767.5466872767743,0.03627136144155926,0.03627123619448391,0.12266924302423657,4.083333333333333,0.00011456441830168536
CUST_1040,,Male,South,Graduate,Salaried,819355.9716560313,354490.5152228961,Education,486.8454801344054,1,84,17.842865387834834,2019-04-10,0,43.77204301075269,Salaried,Male,0,819355.9716560313,819355.9716560313,819355.9716560313,1040.0,CUST,2019,4,10,2,2.0,1,Low,0.0,Q3,0.0,0.031600589027164394,1.0,0.05456068855155817,0.07101296391416041,0.4057868532152116,13.616275130702473,1.2204707533487032e-06,905.1828387988977,0.5348872748518945,0.5348873476267262,0.432645306169058,7.0,2.1776695361790283e-05
CUST_1041,28.0,Female,West,Graduate,Self-Employed,388694.0753056982,256648.759490405,Car,663.9168919748566,3,39,72.00893892871538,2022-07-04,1,28.0,Self-Employed,Female,0,388694.0753056982,388694.0753056982,388694.0753056982,1041.0,CUST,2022,7,4,0,2.0,0,Low,0.0,Q2,0.0,-0.46690615167836,1.0,0.016574522058849468,0.03368782226306767,-0.4541123045352336,12.87055044710659,2.5727173721076086e-06,623.453346535006,-0.6670494284146905,-0.6670497070684466,0.6602847220708324,3.25,0.0001852586481289419
CUST_1042,58.0,Male,North,Secondary,Salaried,518542.1433947308,59877.1308903084,Home,566.8741146886575,1,69,39.51945162297734,2018-10-05,0,58.0,Salaried,Male,0,518542.1433947308,518542.1433947308,518542.1433947308,1042.0,CUST,2018,10,5,4,1.0,1,Low,0.0,Q2,0.0,-0.3166023106408046,1.0,0.028027660530088067,0.04494165636266326,-0.19484570739367474,13.158778511280245,1.928483562462315e-06,720.0987039251847,-0.17029731458644934,-0.17029751029463652,0.11547206268936427,5.75,7.621261285243646e-05
CUST_1043,37.0,Female,East,Post-Graduate,Self-Employed,792182.070266955,139273.19174155142,Education,651.3239519127291,1,38,67.88925949708785,2018-01-19,0,37.0,Self-Employed,Female,1,265578.92212615535,792182.070266955,792182.070266955,1043.0,CUST,2018,1,19,4,3.0,0,Low,0.0,Q3,0.0,0.00014581411319768836,1.0,0.05216383767812448,0.0686578223816599,0.3515289420433997,13.582547793412637,1.2623360683363989e-06,890.0461056973144,0.4861473607939318,0.4861474144342094,0.17580957328769142,3.1666666666666665,8.569906091582339e-05
CUST_1044,23.0,Female,East,Graduate,Salaried,507413.1592120413,678382.1025088229,Education,621.8355513830451,1,51,41.69450328218512,2018-03-07,0,23.0,Salaried,Female,0,507413.1592120413,507413.1592120413,507413.1592120413,1044.0,CUST,2018,3,7,2,2.0,0,Low,0.0,Q2,0.0,-0.3294845128492926,1.0,0.027046037940207324,0.04397711569962362,-0.21706686093990796,13.137082831181779,1.970780579544263e-06,712.329389546747,-0.20620912146139087,-0.20620932783421642,1.3369422731347937,4.25,8.217071734227496e-05
CUST_1045,44.0,Male,West,Graduate,Self-Employed,421426.39809327817,188789.9587976701,Car,818.466786027879,2,58,22.37323833582504,2018-06-16,0,44.0,Self-Employed,Male,0,421426.39809327817,421426.39809327817,421426.39809327817,1045.0,CUST,2018,6,16,5,2.0,1,Low,1.0,Q2,0.0,-0.4290173027069527,1.0,0.019461648766921733,0.03652470798471939,-0.38875593789405943,12.951402795071372,2.37289359304666e-06,649.1736270777474,-0.5233310519543566,-0.5233313232445291,0.4479784836625343,4.833333333333333,5.308931390278516e-05
CUST_1046,33.0,Female,West,Post-Graduate,Self-Employed,540819.2770424322,163383.67501450982,Home,618.5503048640074,0,38,44.51934834271742,2022-05-28,0,33.0,Self-Employed,Female,0,540819.2770424322,540819.2770424322,540819.2770424322,1046.0,CUST,2022,5,28,5,3.0,0,Low,0.0,Q2,0.0,-0.29081572171550274,1.0,0.029992596167285758,0.04687239872930248,-0.15036513313555758,13.200842297539113,1.8490465159640574e-06,735.404158978199,-0.10133512413202765,-0.10133529790466246,0.30210401505098317,3.1666666666666665,8.231834594609188e-05
CUST_1047,28.0,Female,South,Post-Graduate,Self-Employed,1080855.497633712,172387.0394099998,Home,797.4121098306674,0,28,19.577249763957152,2019-02-07,0,28.0,Self-Employed,Female,0,1080855.497633712,1080855.497633712,1080855.497633712,1047.0,CUST,2019,2,7,3,3.0,0,Low,1.0,Q4,0.0,0.33429576010199064,1.0,0.07762603195837775,0.09367693054674728,0.9279208614615027,13.893264338164292,9.251930551123821e-07,1039.6420045543139,0.9170073240016732,0.9170075256584876,0.15949129165351633,2.3333333333333335,1.811273551981368e-05
CUST_1048,45.0,Male,East,Graduate,Salaried,792219.7268201147,96861.81185051917,Other,696.9561832946699,1,17,59.03507837304039,2019-02-13,1,45.0,Salaried,Male,1,658959.8621665501,792219.7268201147,792219.7268201147,1048.0,CUST,2019,2,13,2,2.0,1,Low,0.0,Q3,0.0,0.00018940293714736072,1.0,0.05216715914238679,0.06866108604671291,0.35160413058136936,13.582595327448134,1.2622760657592692e-06,890.0672597169917,0.4862164014291189,0.4862164550967656,0.12226634678498789,1.4166666666666667,7.451856647051154e-05
CUST_1049,21.0,Female,North,Post-Graduate,Salaried,295435.9594706478,141997.09051183402,Education,585.8832823416217,0,33,13.48088023270578,2023-11-30,0,21.0,Salaried,Female,0,295435.9594706478,295435.9594706478,295435.9594706478,1049.0,CUST,2023,11,30,3,3.0,0,Low,0.0,Q1,0.0,-0.5748557979397301,1.0,0.008348769223672281,0.025605211720653526,-0.6403200371894329,12.596210757944403,3.384828311888363e-06,543.5402096171431,-1.1815839528474648,-1.181584096019224,0.48063577217023024,2.75,4.563046508083871e-05
CUST_1050,39.0,Male,West,Graduate,Salaried,822421.7408676418,142347.81689040747,Home,676.4648740207806,4,67,54.82217276598807,2019-08-20,0,39.0,Salaried,Male,0,822421.7408676418,822421.7408676418,822421.7408676418,1050.0,CUST,2019,8,20,1,2.0,1,Low,0.0,Q3,0.0,0.03514932791116359,1.0,0.05483110211887715,0.07127867181881291,0.41190825003545994,13.620009825133955,1.215921163432349e-06,906.874710678185,0.5402540044479417,0.5402540793069801,0.17308372312543924,5.583333333333333,6.665944009150946e-05
CUST_1051,47.0,Female,North,Graduate,Salaried,1074287.386642449,60755.068147219565,Home,625.647220292975,2,71,85.34133500312097,2020-11-28,0,47.0,Salaried,Female,0,1074287.386642449,1074287.386642449,1074287.386642449,1051.0,CUST,2020,11,28,5,2.0,0,Low,0.0,Q4,0.0,0.3266929337767588,1.0,0.07704669731147475,0.09310767732233488,0.9148063668724482,13.887169034433725,9.308496147535218e-07,1036.4783580193314,0.9089365009366599,0.9089367004286399,0.056553831779163295,5.916666666666667,7.943994881020641e-05
CUST_1052,66.0,Male,North,Graduate,Salaried,253034.5380490442,341831.19432261,Business,669.3725992592987,1,117,81.21922796014583,2023-11-23,0,66.0,Salaried,Male,0,253034.5380490442,253034.5380490442,253034.5380490442,1052.0,CUST,2023,11,23,3,2.0,1,Low,0.0,Q1,0.0,-0.6239369787297998,1.0,0.004608787889595074,0.02193031251507906,-0.7249826155991989,12.441285224442161,3.952029662316911e-06,503.02538509407674,-1.491465522077865,-1.4914654234200828,1.3509270194681708,9.75,0.0003209807980489753
CUST_1053,26.0,Female,East,Graduate,Unemployed,337135.60915406764,157743.68453275395,Business,592.8887210053387,2,50,85.03644446825223,2018-11-20,0,26.0,Unemployed,Female,0,337135.60915406764,337135.60915406764,337135.60915406764,1053.0,CUST,2018,11,20,1,2.0,0,Low,0.0,Q1,0.0,-0.5265869433500646,1.0,0.012026851378108949,0.029219288899119435,-0.5570586807863297,12.728243495604618,2.9661654622586846e-06,580.6337995277812,-0.9286509950738282,-0.9286512405299536,0.46789386895048424,4.166666666666667,0.00025223216461500833
CUST_1054,63.0,Male,East,Secondary,Salaried,791954.6615321616,395396.5679565796,Home,785.2142106676766,0,24,88.37414818080411,2023-06-06,0,63.0,Salaried,Male,1,674114.5219464216,791954.6615321616,791954.6615321616,1054.0,CUST,2023,6,6,1,1.0,1,Low,1.0,Q3,0.0,-0.0001174197325418474,1.0,0.05214377928397593,0.06863811303818004,0.3510748768447577,13.582260686315523,1.2626985464707218e-06,889.9183454296027,0.4857303321632645,0.4857303856383978,0.4992666716382851,2.0,0.00011158990845348955
CUST_1055,27.0,Male,West,Post-Graduate,Salaried,413810.4307780281,429888.5375477714,Other,724.031847263738,0,53,18.88487046943401,2021-12-08,0,27.0,Salaried,Male,0,413810.4307780281,413810.4307780281,413810.4307780281,1055.0,CUST,2021,12,8,2,3.0,1,Low,1.0,Q2,0.0,-0.43783306067351463,1.0,0.01878988884366914,0.03586463784324452,-0.40396267880923675,12.933165667831883,2.416565474426728e-06,643.280988976068,-0.555443781546984,-0.555444055858589,1.0388537976897427,4.416666666666667,4.563652596545511e-05
CUST_1056,66.0,Female,East,Post-Graduate,Salaried,499237.6739601061,585899.5732248749,Home,652.5425254529273,0,32,20.94351224443561,2019-03-05,0,66.0,Salaried,Female,0,499237.6739601061,499237.6739601061,499237.6739601061,1056.0,CUST,2019,3,5,1,3.0,0,Low,0.0,Q2,0.0,-0.33894793308954746,1.0,0.02632492621295559,0.0432685525606951,-0.23339078683610903,13.120839564911776,2.0030539603465083e-06,706.5675296531153,-0.23324960094049765,-0.23324981496905084,1.1735884605134148,2.6666666666666665,4.1950985144782336e-05
CUST_1057,54.0,Male,East,Primary,Salaried,890805.3472419113,264211.1846942619,Car,788.3291814455627,1,80,57.34557853661593,2020-12-20,0,54.0,Salaried,Male,0,890805.3472419113,890805.3472419113,890805.3472419113,1057.0,CUST,2020,12,20,6,0.0,1,Low,1.0,Q4,0.0,0.11430582868409363,1.0,0.06086281999110736,0.07720542739241454,0.5484492489571234,13.69988233966766,1.1225797005877307e-06,943.8248498751828,0.6535991606698096,0.6535992781953374,0.2965981126060141,6.666666666666667,6.43749823836645e-05
CUST_1058,,Male,East,Post-Graduate,Self-Employed,726553.1627677508,177838.57155214864,Education,655.9423395266278,1,28,85.98767681607649,2022-06-24,0,43.77204301075269,Self-Employed,Male,0,726553.1627677508,726553.1627677508,726553.1627677508,1058.0,CUST,2022,6,24,4,3.0,1,Low,0.0,Q3,0.0,-0.0758220229551613,1.0,0.04637509567859695,0.06296981448132417,0.2204882282934662,13.496068312231776,1.3763617739640827e-06,852.3808789313324,0.35889216734475227,0.3588921698226172,0.24477021182075376,2.3333333333333335,0.00011835015140162526
CUST_1059,36.0,,North,Secondary,Salaried,685015.3076744655,474314.107860472,Other,737.8099971888931,0,27,92.8197038045426,2021-10-09,0,36.0,Salaried,Male,0,685015.3076744655,685015.3076744655,685015.3076744655,1059.0,CUST,2021,10,9,5,1.0,3,Low,1.0,Q3,0.0,-0.12390359444763313,1.0,0.042711284478453085,0.05936975991792203,0.13754992585210035,13.437197923785021,1.4598213919923437e-06,827.6565155150206,0.27035126379442015,0.27035123032853164,0.6924138811784809,2.25,0.00013550018921226441
CUST_1060,55.0,Female,West,Secondary,Unemployed,792218.1807302089,98603.10939325944,Car,653.0640470017939,1,59,13.932262973899997,2019-01-28,1,55.0,Unemployed,Female,1,534351.9918938112,792218.1807302089,792218.1807302089,1060.0,CUST,2019,1,28,0,1.0,0,Low,0.0,Q3,0.0,0.0001876132820924333,1.0,0.05216702277084087,0.0686609520482672,0.35160104351604254,13.58259337585641,1.2622785292123066e-06,890.0663911923699,0.4862135668662956,0.4862136205327862,0.12446458790068368,4.916666666666667,1.7586396415293563e-05
CUST_1061,59.0,Female,South,Graduate,Salaried,1120834.922517154,276524.755676689,Other,681.5110075848463,2,41,40.24079715705611,2022-03-21,0,59.0,Salaried,Female,0,1120834.922517154,1120834.922517154,1120834.922517154,1061.0,CUST,2022,3,21,0,2.0,0,Low,0.0,Q4,0.0,0.38057339219069863,1.0,0.08115238314657243,0.09714191713959365,1.0077474587898465,13.929585324273933,8.921920435395547e-07,1058.694914749832,0.9647946220489853,0.9647948358791286,0.2467131868564612,3.4166666666666665,3.5902519049214595e-05
CUST_1062,23.0,Female,North,Secondary,Unemployed,518654.9220219631,237172.25956861803,Car,643.4848975245776,0,39,28.096011646099445,2019-03-22,0,23.0,Unemployed,Female,0,518654.9220219631,518654.9220219631,518654.9220219631,1062.0,CUST,2019,3,22,4,1.0,0,Low,0.0,Q2,0.0,-0.31647176529569915,1.0,0.028037608073038046,0.04495143080120155,-0.19462052321232237,13.15899597894183,1.928064224440876e-06,720.1770074238437,-0.16993853560180872,-0.1699387312007374,0.4572833487040576,3.25,5.417091490431855e-05
CUST_1063,21.0,Male,East,Post-Graduate,Self-Employed,2134121.208297445,119997.0390780318,Education,657.624108309915,1,32,74.25709715915609,2021-04-18,0,21.0,Self-Employed,Male,0,2134121.208297445,2134121.208297445,1862518.9859498884,1063.0,CUST,2021,4,18,6,3.0,1,Low,0.0,Q4,0.0,1.5534889624017867,1.0,0.17052843866163278,0.18496267507145508,3.030968066618471,14.573565976447544,4.685769468516234e-07,1460.863172339369,1.7308869757453655,1.7308871658368967,0.05622784620241908,2.6666666666666665,3.479516386890172e-05
CUST_1064,25.0,Male,North,Post-Graduate,Salaried,702755.1885048863,79375.64849613751,Education,663.6425488310399,0,38,64.41647882564772,2020-10-20,0,25.0,Salaried,Male,0,702755.1885048863,702755.1885048863,702755.1885048863,1064.0,CUST,2020,10,20,1,3.0,1,Low,0.0,Q3,0.0,-0.10336903996714204,1.0,0.044276015587696615,0.06090726200594128,0.17297100376483726,13.462765294855776,1.422970639481543e-06,838.3049495886842,0.30899714099025416,0.30899712320172007,0.11294921729981096,3.1666666666666665,9.16627580676812e-05
CUST_1065,61.0,Male,East,Graduate,Unemployed,267488.9285905126,260903.63271708568,Business,596.4214534009285,0,73,20.190482676126862,2018-12-08,0,61.0,Unemployed,Male,0,267488.9285905126,267488.9285905126,267488.9285905126,1065.0,CUST,2018,12,8,5,2.0,1,Low,0.0,Q1,0.0,-0.6072054982371523,1.0,0.005883725120661831,0.02318306363843742,-0.696121649821317,12.49683719448049,3.7384724864387663e-06,517.1933183931445,-1.3786868369472907,-1.3786868427495058,0.9753810525247499,6.083333333333333,7.548156397261883e-05
CUST_1066,23.0,Female,East,Primary,Salaried,763779.9722553777,318338.7507570942,Car,617.914506646153,0,50,51.09937572602258,2018-05-13,0,23.0,Salaried,Female,0,763779.9722553777,763779.9722553777,763779.9722553777,1066.0,CUST,2018,5,13,6,0.0,0,Low,0.0,Q3,0.0,-0.032730642868342485,1.0,0.0496586547656052,0.06619623397447942,0.29481870051640513,13.546036341516896,1.309277588195972e-06,873.9450624927048,0.43282386240373283,0.4328238947633829,0.4167937918205669,4.166666666666667,6.690326740888664e-05
CUST_1067,48.0,Female,North,Secondary,Self-Employed,396598.3484598051,125850.53813203536,Business,632.6595986811062,2,48,68.26244440155978,2023-02-03,0,48.0,Self-Employed,Female,0,396598.3484598051,396598.3484598051,396598.3484598051,1067.0,CUST,2023,2,3,4,1.0,0,Low,0.0,Q2,0.0,-0.45775666926282116,1.0,0.017271711753550266,0.0343728796540888,-0.43832990566167057,12.890681852252074,2.521442673319994e-06,629.7605485101501,-0.6309376608458803,-0.6309379391847075,0.31732491730639906,4.0,0.00017211984029922634
CUST_1068,37.0,Female,West,Graduate,Salaried,779702.4320124432,257033.21253609963,Car,668.3768813441837,0,23,76.2154584835432,2018-09-22,0,37.0,Salaried,Female,0,779702.4320124432,779702.4320124432,779702.4320124432,1068.0,CUST,2018,9,22,5,2.0,0,Low,0.0,Q3,0.0,-0.014299819095039175,1.0,0.05106308179393307,0.06757622154919357,0.3266109483341181,13.566668910996922,1.2825405679524874e-06,883.0076058633035,0.4630288202901449,0.463028864741872,0.32965552238870166,1.9166666666666667,9.774941741024272e-05
CUST_1069,45.0,Female,East,Post-Graduate,Self-Employed,236092.45253477216,150548.6441162735,Business,647.5536784397226,0,53,11.704480331640724,2018-04-03,0,45.0,Self-Employed,Female,0,236092.45253477216,236092.45253477216,236092.45253477216,1069.0,CUST,2018,4,3,1,3.0,0,Low,0.0,Q1,0.0,-0.6435480562410631,1.0,0.0031144256380637204,0.020461954745227242,-0.758810741996542,12.371982990943083,4.23562883616689e-06,485.8934580077943,-1.6348263586414384,-1.6348260973074544,0.6376681782647149,4.416666666666667,4.957583440504565e-05
CUST_1070,,Male,West,Graduate,Self-Employed,296114.09522956074,299798.8341665501,Education,743.8426027060566,3,41,85.68991378863063,2022-08-13,1,43.77204301075269,Self-Employed,Male,0,296114.09522956074,296114.09522956074,296114.09522956074,1070.0,CUST,2022,8,13,5,2.0,1,Low,1.0,Q1,0.0,-0.5740708312412679,1.0,0.008408583611852496,0.025663985235270446,-0.6389660089531959,12.59850349296437,3.377076660909995e-06,544.1636658483923,-1.177105571429984,-1.177105717100617,1.0124436458318822,3.4166666666666665,0.00028938140793097406
CUST_1071,53.0,Male,South,Secondary,Self-Employed,1168059.525509065,94432.6251412142,Other,649.9985685899201,2,17,58.38891755079458,2021-12-05,0,53.0,Self-Employed,Male,0,1168059.525509065,1168059.525509065,1168059.525509065,1071.0,CUST,2021,12,5,6,1.0,1,Low,0.0,Q4,0.0,0.43523758031162607,1.0,0.08531778911121696,0.10123483785309882,1.1020404451951484,13.970855260812868,8.56120752540944e-07,1080.7680257618028,1.0184635214068702,1.0184637475139535,0.08084573010031317,1.4166666666666667,4.998796403363739e-05
CUST_1072,29.0,Male,East,Graduate,,328854.27165339247,491846.2790545983,Business,634.2937955179702,1,64,79.0122747715919,2023-12-26,0,29.0,Salaried,Male,0,328854.27165339247,328854.27165339247,328854.27165339247,1072.0,CUST,2023,12,26,1,2.0,1,Low,0.0,Q1,0.0,-0.5361728914014932,1.0,0.01129640304323453,0.028501551625651062,-0.5735939610194454,12.70337302917237,3.04086060655942e-06,573.4581690528024,-0.9755304537167501,-0.9755306858826148,1.4956359744599597,5.333333333333333,0.00024026531378758254
CUST_1073,55.0,,West,Graduate,Salaried,792201.1629856736,117769.69854692376,Car,760.5427117961551,0,32,78.67473255121409,2021-05-16,0,55.0,Salaried,Male,1,2267994.798000141,792201.1629856736,792201.1629856736,1073.0,CUST,2021,5,16,6,2.0,3,Low,1.0,Q3,0.0,0.0001679146265245486,1.0,0.05216552173514971,0.06865947713318707,0.3515670643218843,13.58257189451926,1.2623056449684374e-06,890.0568313235249,0.48618236648101093,0.48618242013516233,0.14866135528201305,2.6666666666666665,9.931155901577963e-05
CUST_1074,33.0,Male,West,Graduate,Salaried,363749.56968937366,141705.4630376678,Car,799.8416498860365,1,26,26.13747612303238,2020-09-28,1,33.0,Salaried,Male,0,363749.56968937366,363749.56968937366,363749.56968937366,1074.0,CUST,2020,9,28,0,2.0,1,Low,1.0,Q1,0.0,-0.49578032025163227,1.0,0.014374313144501487,0.03152590078026159,-0.503918799030697,12.804223663622967,2.749144145590234e-06,603.1165473516488,-0.7875851515186362,-0.7875854230224808,0.3895687441081577,2.1666666666666665,7.1855689464139e-05
CUST_1075,50.0,Female,South,Secondary,Salaried,714844.3838751174,61969.52456874122,Education,486.49389640623065,2,49,19.36463022155881,2022-07-19,1,50.0,Salaried,Female,0,714844.3838751174,714844.3838751174,714844.3838751174,1075.0,CUST,2022,7,19,1,1.0,0,Low,0.0,Q3,0.0,-0.08937535853667773,1.0,0.04534233278916762,0.06195502344819003,0.19710940329551174,13.47982155196303,1.3989058633504072e-06,845.4847035133855,0.3346134740920409,0.3346134667101756,0.0866895312682492,4.083333333333333,2.708929475855111e-05
CUST_1076,67.0,Male,West,Graduate,Salaried,792331.1842148193,73646.87527134227,Car,724.5832068053023,0,59,71.30941786277526,2022-05-16,0,67.0,Salaried,Male,0,792331.1842148193,792331.1842148193,792331.1842148193,1076.0,CUST,2022,5,16,0,2.0,1,Low,1.0,Q3,0.0,0.00031841890775592555,1.0,0.05217699014714476,0.0686707459750248,0.35182667666832024,13.582736007376349,1.2620985011190167e-06,890.1298692970703,0.48642072569162675,0.4864207794401437,0.09294961089206026,4.916666666666667,8.99995094002783e-05
CUST_1077,34.0,Male,West,Graduate,,559391.2406442747,195077.0175976812,Home,594.5612642134801,1,65,23.29628809983762,2018-09-23,0,34.0,Salaried,Male,0,559391.2406442747,559391.2406442747,559391.2406442747,1077.0,CUST,2018,9,23,6,2.0,1,Low,0.0,Q2,0.0,-0.26931800129464434,1.0,0.03163072043008849,0.048482016803370054,-0.11328264222021296,13.2346061887998,1.7876575951214053e-06,747.9246223011212,-0.04660799324981325,-0.04660814840399306,0.3487309121421268,5.416666666666667,4.1645786359811134e-05
CUST_1078,27.0,Male,South,Post-Graduate,Salaried,382145.2750944911,112283.69344514492,Other,714.059841705864,2,36,82.24468676940151,2019-10-08,1,27.0,Salaried,Male,0,382145.2750944911,382145.2750944911,382145.2750944911,1078.0,CUST,2019,10,8,1,3.0,1,Low,1.0,Q2,0.0,-0.4744866250763707,1.0,0.01599689070288656,0.033120242689394015,-0.467188241444479,12.853558733389432,2.6168058723912447e-06,618.1789992344378,-0.6976998009399141,-0.6977000789996771,0.2938246283810335,3.0,0.00021521837931114837
CUST_1079,33.0,Female,East,Secondary,Unemployed,319537.6300823429,410944.9015494012,Business,749.0590352517146,2,47,71.72610612827893,2021-02-10,0,33.0,Unemployed,Female,0,319537.6300823429,319537.6300823429,319537.6300823429,1079.0,CUST,2021,2,10,2,1.0,0,Low,1.0,Q1,0.0,-0.5469572414061368,1.0,0.010474636592870675,0.027694085329471003,-0.5921964245944704,12.674633453416908,3.1295218647988685e-06,565.2765960857948,-1.0301414434852971,-1.0301416570476392,1.2860610546264695,3.9166666666666665,0.00022446841740533303
CUST_1080,42.0,Female,West,Graduate,Self-Employed,216876.30960528037,52960.48113888834,Other,647.0836746557371,2,61,81.55515597104731,2021-11-02,0,42.0,Self-Employed,Female,0,216876.30960528037,216876.30960528037,232246.6443437917,1080.0,CUST,2021,11,2,1,2.0,0,Low,0.0,Q1,0.0,-0.6657914375615221,1.0,0.001419482085236453,0.018796506134822515,-0.7971794606138963,12.287087079103353,4.610923165254484e-06,465.6998063187061,-1.814565676820887,-1.8145651600388875,0.24419670932632342,5.083333333333333,0.0003760445579128446
CUST_1081,59.0,Male,West,Post-Graduate,Self-Employed,381164.3059506046,145315.13113094145,Education,501.8138320787392,1,52,35.416077766794416,2019-03-30,1,59.0,Self-Employed,Male,0,381164.3059506046,381164.3059506046,381164.3059506046,1081.0,CUST,2019,3,30,5,3.0,1,Low,0.0,Q2,0.0,-0.47562213238452994,1.0,0.01591036515340176,0.03303522283376897,-0.46914693467403035,12.85098843389888,2.623540516155664e-06,617.3850548487586,-0.7023498681143044,-0.7023501460131082,0.3812401341324981,4.333333333333333,9.291551494450495e-05
CUST_1082,40.0,Male,West,Secondary,Salaried,729449.87304611,132300.3222683286,Business,716.8347270572692,2,98,36.91083513489836,2023-03-30,0,40.0,Salaried,Male,0,729449.87304611,729449.87304611,729449.87304611,1082.0,CUST,2023,3,30,3,1.0,1,Low,1.0,Q3,0.0,-0.07246897590857891,1.0,0.046630597546413424,0.06322087017577545,0.22627206649628204,13.500047301354641,1.3708961190306205e-06,854.0783764070544,0.3648201942235456,0.3648201991070025,0.18136999834415207,8.166666666666666,5.0600920636611234e-05
CUST_1083,35.0,Female,North,Post-Graduate,Self-Employed,1592774.722954687,53903.37033397542,Business,660.8321985986889,1,58,67.053832289437,2022-01-03,0,35.0,Self-Employed,Female,0,1592774.722954687,1592774.722954687,1592774.722954687,1083.0,CUST,2022,1,3,0,3.0,0,Low,0.0,Q4,0.0,0.9268608016854724,1.0,0.12277943208189898,0.13804458359650676,1.9500658768906725,14.280988789874812,6.278351769286401e-07,1262.0517909161601,1.4011525614136422,1.4011528215554996,0.03384243205068147,4.833333333333333,4.209875465918204e-05
CUST_1084,64.0,Male,South,Graduate,Unemployed,792237.7507482104,76561.96466091774,Home,516.5248996877897,0,46,12.67290618001054,2021-04-25,0,64.0,Unemployed,Male,1,205091.42687627155,792237.7507482104,792237.7507482104,1084.0,CUST,2021,4,25,6,2.0,1,Low,0.0,Q3,0.0,0.00021026628662369916,1.0,0.052168748927643616,0.0686626481669631,0.3516401188141807,13.58261807833366,1.2622473481514243e-06,890.0773846965276,0.48624944551997545,0.4862494992006962,0.09664013686250648,3.8333333333333335,1.59963422190901e-05
CUST_1085,,Female,North,Primary,Salaried,926355.512373689,156765.18109514908,Education,850.0,1,45,71.75222343868093,2020-04-10,0,43.77204301075269,Salaried,Female,0,926355.512373689,926355.512373689,926355.512373689,1085.0,CUST,2020,4,10,4,0.0,0,Low,1.0,Q4,0.0,0.15545643221222474,1.0,0.06399849208790337,0.08028653338416432,0.6194319788289049,13.739014442097226,1.079499162720811e-06,962.4736424306325,0.7081447958341115,0.7081449327602605,0.16922788173598974,3.75,7.74564651254126e-05
CUST_1086,66.0,Female,South,Secondary,Self-Employed,976640.6717068506,185795.4438467984,Car,699.9535529805241,1,60,81.0415610226411,2021-10-22,0,66.0,Self-Employed,Female,0,976640.6717068506,976640.6717068506,976640.6717068506,1086.0,CUST,2021,10,22,4,1.0,0,Low,0.0,Q4,0.0,0.2136633251309347,1.0,0.0684338518230679,0.08464471020678067,0.7198359535579759,13.79187509988863,1.0239180375747465e-06,988.2513201138922,0.7808146753930222,0.7808148367274534,0.19023930625394284,5.0,8.297991612429675e-05
CUST_1087,43.0,Male,East,Graduate,Self-Employed,746789.8419608366,153600.17664794438,Home,703.6080032100122,0,66,45.28890486134884,2021-01-17,0,43.0,Self-Employed,Male,0,746789.8419608366,746789.8419608366,746789.8419608366,1087.0,CUST,2021,1,17,6,2.0,1,Low,1.0,Q3,0.0,-0.052397333952626385,1.0,0.04816005476506964,0.06472371219976825,0.26089464349125907,13.52354042753332,1.3390648128808531e-06,864.1700307004614,0.3996768087804613,0.39967682778109564,0.2056805918015456,5.5,6.0644778913740836e-05
CUST_1088,,Male,East,Primary,Salaried,350746.40664863505,201403.9275026645,Home,759.2654202049639,0,34,75.01470055751984,2023-05-24,0,43.77204301075269,Salaried,Male,0,350746.40664863505,350746.40664863505,350746.40664863505,1088.0,CUST,2023,5,24,2,0.0,1,Low,1.0,Q1,0.0,-0.5108319523584766,1.0,0.013227380201551907,0.03039892644953741,-0.5298821104858786,12.767821604205755,2.851062708030115e-06,592.2384710981169,-0.854767607484806,-0.8547678691024949,0.5742152269536476,2.8333333333333335,0.0002138716153135907
CUST_1089,,Other,West,Graduate,Salaried,1388627.5460975452,230838.67759270332,Other,603.5340837722798,0,57,24.841927943492266,2023-12-20,0,43.77204301075269,Salaried,Other,0,1388627.5460975452,1388627.5460975452,1388627.5460975452,1089.0,CUST,2023,12,20,2,2.0,2,Low,0.0,Q4,0.0,0.6905530516343706,1.0,0.10477280387812699,0.1203513017936863,1.5424468445958235,14.143827160556194,7.201355055955032e-07,1178.4004184051978,1.2362951343475879,1.2362953926315448,0.16623512779921876,4.75,1.788955433955386e-05
CUST_1090,64.0,Male,South,Secondary,Salaried,755442.1087100344,51994.67809163054,Other,660.4363289670941,3,31,37.3921334746562,2020-05-21,0,64.0,Salaried,Male,0,755442.1087100344,755442.1087100344,755442.1087100344,1090.0,CUST,2020,5,21,3,1.0,1,Low,0.0,Q3,0.0,-0.042382021863467914,1.0,0.04892322059900958,0.06547359763136479,0.27817055518281747,13.535059755027016,1.3237281698452401e-06,869.1617275916113,0.41667820389615134,0.41667822975868046,0.0688268200719265,2.5833333333333335,4.949702041101559e-05
CUST_1091,60.0,,East,Graduate,Salaried,610991.2439431902,174759.73399332378,Other,544.454246897619,0,76,92.81592186439056,2019-09-27,0,60.0,Salaried,Male,0,610991.2439431902,610991.2439431902,610991.2439431902,1091.0,CUST,2019,9,27,4,2.0,3,Low,0.0,Q2,0.0,-0.20958912887076114,1.0,0.036182054859597516,0.05295415016053647,-0.01025332907995081,13.32283954403583,1.636684665937067e-06,781.6592889124969,0.093811553255695,0.09381144976500351,0.2860265768501138,6.333333333333333,0.00015191039607026098
CUST_1092,48.0,Female,South,Primary,Salaried,2070584.7915370583,712084.4442019276,Home,601.3641242171852,1,31,93.83789475261074,2021-10-31,0,48.0,Salaried,Female,0,2070584.7915370583,2070584.7915370583,1862518.9859498884,1092.0,CUST,2021,10,31,6,0.0,0,Low,0.0,Q4,0.0,1.479943259139563,1.0,0.16492426302904592,0.1794560217648084,2.9041054123605856,14.543342116287834,4.829553486929844e-07,1438.9526717502067,1.6981526138068501,1.698152815862302,0.34390499104839195,2.5833333333333335,4.531951318086269e-05
CUST_1093,34.0,,East,Post-Graduate,Salaried,496248.8616919686,196391.0243169651,Car,680.852800037539,0,33,53.57142950683498,2019-11-22,0,34.0,Salaried,Male,0,496248.8616919686,496248.8616919686,496248.8616919686,1093.0,CUST,2019,11,22,4,3.0,3,Low,0.0,Q2,0.0,-0.3424075915246134,1.0,0.026061300567420037,0.04300951445627454,-0.23935852434394503,13.114834832277138,2.015117972402662e-06,704.4493322389968,-0.24327928144386304,-0.24327949822638484,0.3957510827196846,2.75,0.00010795275040652545
CUST_1094,64.0,Other,North,Post-Graduate,Salaried,508424.9124014978,276356.6426447793,Business,516.7772266294038,1,40,89.41293227442954,2023-02-09,0,64.0,Salaried,Other,0,508424.9124014978,508424.9124014978,508424.9124014978,1094.0,CUST,2023,2,9,3,3.0,2,Low,0.0,Q2,0.0,-0.3283133718935947,1.0,0.027135278770264316,0.04406480358525371,-0.21504670145322513,13.139074785530248,1.9668587742031057e-06,713.0392081796749,-0.2029021591995372,-0.20290236461355135,0.5435544873951964,3.3333333333333335,0.0001758626103711898
CUST_1095,20.0,Female,East,Post-Graduate,,1199626.5959284822,124753.71593797609,Other,599.0968363457536,0,41,54.43210763483264,2020-11-23,0,20.0,Salaried,Female,0,1199626.5959284822,1199626.5959284822,1199626.5959284822,1095.0,CUST,2020,11,23,0,3.0,0,Low,0.0,Q4,0.0,0.4717776074692743,1.0,0.08810213572465311,0.10397073203110685,1.165070161769434,13.997521729867557,8.335927224235038e-07,1095.2746668888503,1.0527890015631718,1.0527892346943095,0.10399378970118593,3.4166666666666665,4.537420879056932e-05
CUST_1096,44.0,Male,North,Graduate,Unemployed,595543.4494928822,347436.42613419954,Car,575.7652832049823,2,37,34.78499089369837,2023-05-10,0,44.0,Unemployed,Male,0,595543.4494928822,595543.4494928822,595543.4494928822,1096.0,CUST,2023,5,10,2,2.0,1,Low,0.0,Q2,0.0,-0.22747051036230473,1.0,0.034819495281173174,0.051615301469855775,-0.04109781648293195,13.297231307297322,1.6791386100119642e-06,771.7146166121789,0.053440188632273615,0.05344006980124907,0.5833939176465043,3.0833333333333335,5.8408821258523515e-05
CUST_1097,26.0,Male,East,Secondary,Salaried,439341.0282237893,346491.885297936,Education,661.3673796496277,0,58,32.68643948839561,2019-08-05,0,26.0,Salaried,Male,0,439341.0282237893,439341.0282237893,439341.0282237893,1097.0,CUST,2019,8,5,0,1.0,1,Low,0.0,Q2,0.0,-0.4082804695833617,1.0,0.021041793489637847,0.038077355462740804,-0.3529859394540167,12.993033496281829,2.276136157872931e-06,662.8280532866645,-0.45068241059436404,-0.4506826723687807,0.7886627085361922,4.833333333333333,7.439878679166282e-05
CUST_1098,28.0,Female,West,Graduate,Unemployed,2081808.5801761693,197334.58524055133,Other,695.9761009332279,0,76,89.00798495629265,2021-10-21,0,28.0,Unemployed,Female,0,2081808.5801761693,2081808.5801761693,1862518.9859498884,1098.0,CUST,2021,10,21,3,2.0,0,Low,0.0,Q4,0.0,1.4929352009395391,1.0,0.16591424776541885,0.18042877905856244,2.9265158612053317,14.548748063924455,4.80351560425682e-07,1442.8473863081185,1.7040294679309136,1.7040296679264177,0.09478997594625359,6.333333333333333,4.27551244641008e-05
CUST_1099,,Female,North,Primary,Salaried,258671.89981337925,796055.5169071689,Business,709.3722243501165,1,37,24.657943062778024,2020-02-23,0,43.77204301075269,Salaried,Female,0,258671.89981337925,258671.89981337925,258671.89981337925,1099.0,CUST,2020,2,23,6,0.0,0,Low,1.0,Q1,0.0,-0.6174115283402196,1.0,0.005106026592100257,0.02241889840618165,-0.7137265405338931,12.463319607423585,3.865901169329944e-06,508.5979746453767,-1.446506911346625,-1.446506856718555,3.0774719536629775,3.0833333333333335,9.532517091966475e-05
CUST_1100,20.0,Male,East,Primary,Salaried,474565.3493256675,76832.08145687498,Education,729.9053315822521,1,53,59.26875894715455,2018-06-30,0,20.0,Salaried,Male,0,474565.3493256675,474565.3493256675,474565.3493256675,1100.0,CUST,2018,6,30,5,0.0,1,Low,1.0,Q2,0.0,-0.3675070423197205,1.0,0.024148724790753272,0.04113022079824673,-0.2826538197458997,13.07015671723715,2.107191351833579e-06,688.8870366944551,-0.31847636773360466,-0.31847660358594776,0.16189989758930007,4.416666666666667,0.00012489061628735316
CUST_1101,63.0,Female,West,Secondary,Salaried,221466.6291534407,53418.58401169344,Education,759.7693477257897,1,37,57.21963078533117,2018-01-19,0,63.0,Salaried,Female,0,221466.6291534407,221466.6291534407,232246.6443437917,1101.0,CUST,2018,1,19,4,1.0,0,Low,1.0,Q1,0.0,-0.6604779764539976,1.0,0.001824367319079638,0.019194345666972555,-0.7880140063521673,12.308031714010493,4.51535296210251e-06,470.60241090908227,-1.7697949618925484,-1.7697945143811076,0.24120376154852174,3.0833333333333335,0.000258366829356957
CUST_1102,27.0,Male,North,Graduate,Salaried,873352.4748315729,344072.81679195655,Business,698.5796362946725,3,26,72.86784319550458,2021-06-03,0,27.0,Salaried,Male,0,873352.4748315729,873352.4748315729,873352.4748315729,1102.0,CUST,2021,6,3,3,2.0,1,Low,0.0,Q3,0.0,0.09410349684336429,1.0,0.059323404215591874,0.07569280010763518,0.5136012384571008,13.680095649587471,1.145013071820059e-06,934.5332925217662,0.625773503413008,0.6257736107321267,0.3939678728847385,2.1666666666666665,8.343463297418708e-05
CUST_1103,43.0,Male,West,Graduate,Salaried,1450985.015581939,379174.2616131893,Other,800.9868719115532,2,30,52.435647139605855,2022-06-05,0,43.0,Salaried,Male,0,1450985.015581939,1450985.015581939,1450985.015581939,1103.0,CUST,2022,6,5,6,2.0,1,Low,1.0,Q4,0.0,0.7627340807310844,1.0,0.1102729914683736,0.12575577662935952,1.6669555042740871,14.187753894040377,6.891869931489564e-07,1204.568393899632,1.2898335203549411,1.289833781583092,0.2613219692406697,2.5,3.6137965985964636e-05
CUST_1104,30.0,Male,South,Graduate,Self-Employed,792238.5926755362,75613.77737569413,Home,659.5602017011746,1,48,33.14428116019141,2021-05-30,1,30.0,Self-Employed,Male,1,926355.512373689,792238.5926755362,792238.5926755362,1104.0,CUST,2021,5,30,6,2.0,1,Low,0.0,Q3,0.0,0.00021124084799228462,1.0,0.05216882318912773,0.06866272113616925,0.35164179988372624,13.582619141052287,1.2622460067366734e-06,890.0778576481589,0.486250989039922,0.4862510427212416,0.09544318854674574,4.0,4.183623654060917e-05
CUST_1105,36.0,Male,South,Graduate,Salaried,1177168.6477564147,111735.61286960696,Business,636.1343076599562,0,34,24.398702468684174,2022-06-27,0,36.0,Salaried,Male,0,1177168.6477564147,1177168.6477564147,1177168.6477564147,1105.0,CUST,2022,6,27,0,2.0,1,Low,0.0,Q4,0.0,0.44578171918413156,1.0,0.0861212514960312,0.10202431860605327,1.120228556599297,13.978623511587731,8.494959510665032e-07,1084.9740309133738,1.0284913593720433,1.0284915875999625,0.09491895072266537,2.8333333333333335,2.0726598958423503e-05
CUST_1106,27.0,Male,North,Secondary,Self-Employed,372809.7339591497,53541.646541293,Business,698.5845890688032,1,26,62.7695982980008,2018-02-23,0,27.0,Self-Employed,Male,0,372809.7339591497,372809.7339591497,372809.7339591497,1106.0,CUST,2018,2,23,4,1.0,1,Low,0.0,Q1,0.0,-0.48529285201109723,1.0,0.015173457232519519,0.03231113838223524,-0.48582844162809224,12.828826154187945,2.6823333965919216e-06,610.5814720077491,-0.7425942941985044,-0.7425945699041027,0.14361654662623055,2.1666666666666665,0.000168368989805387
CUST_1107,54.0,Male,East,Post-Graduate,Self-Employed,1408269.892306985,119432.24317033132,Business,632.6871060005928,1,54,71.11421433252482,2021-11-27,0,54.0,Self-Employed,Male,0,1408269.892306985,1408269.892306985,1408269.892306985,1107.0,CUST,2021,11,27,5,3.0,1,Low,0.0,Q4,0.0,0.7132897786855885,1.0,0.10650534032897715,0.12205368912082226,1.5816665598872828,14.157873192298952,7.100911589856752e-07,1186.7054783336027,1.2534915662974004,1.2534918257601355,0.08480777997307956,4.5,5.049757487573827e-05
CUST_1108,54.0,Male,North,Graduate,,901134.4458060848,346686.0904256224,Education,798.205178302004,3,9,58.409308687972775,2019-03-19,0,54.0,Salaried,Male,0,901134.4458060848,901134.4458060848,901134.4458060848,1108.0,CUST,2019,3,19,1,2.0,1,Low,1.0,Q4,0.0,0.12626213432266706,1.0,0.06177388934993244,0.07810064257235758,0.5690732772979749,13.711410853600947,1.109712323885678e-06,949.2810151931222,0.6697353262557314,0.6697354496078478,0.38472182706505775,0.75,6.481752968068619e-05
CUST_1109,52.0,Female,West,Graduate,Salaried,1017138.8835882192,195945.855114414,Car,740.4786778508169,0,48,72.75985855530155,2019-08-03,0,52.0,Salaried,Female,0,1017138.8835882192,1017138.8835882192,1017138.8835882192,1109.0,CUST,2019,8,3,5,2.0,0,Low,1.0,Q4,0.0,0.26054147195672167,1.0,0.07200596217743095,0.08815465967734724,0.8006984087282821,13.832505210890023,9.83149908164371e-07,1008.5330354471386,0.8358907763322534,0.8358909549002348,0.19264414946092528,4.0,7.153384825669734e-05
CUST_1110,24.0,Female,East,Secondary,Self-Employed,209085.32320708223,135571.46861866832,Home,710.0222515359611,1,59,22.02930220824661,2018-10-09,0,24.0,Self-Employed,Female,0,209085.32320708223,209085.32320708223,232246.6443437917,1110.0,CUST,2018,10,9,1,1.0,0,Low,1.0,Q1,0.0,-0.6748097864546116,1.0,0.0007322847525436278,0.018121267221468725,-0.8127356607296501,12.250502475372619,4.7827364666899785e-06,457.2584862056496,-1.8934476393824575,-1.8934469910131182,0.6484026068052211,4.916666666666667,0.00010536034700711513
CUST_1111,61.0,Female,South,Graduate,Salaried,792178.7967871194,142960.01263187308,Other,660.513547523308,0,49,85.00996657016651,2020-04-02,0,61.0,Salaried,Female,1,277086.3174821255,792178.7967871194,792178.7967871194,1111.0,CUST,2020,4,2,3,2.0,0,Low,0.0,Q3,0.0,0.00014202494174454287,1.0,0.05216354894361813,0.06865753867163217,0.3515224059124408,13.582543661177649,1.2623412846230277e-06,890.0442667570638,0.48614135889777066,0.48614141253568244,0.18046432599544293,4.083333333333333,0.00010731159040594464
CUST_1112,58.0,Female,East,Graduate,Salaried,848539.5260823416,50270.90853886956,Other,617.401826286811,1,29,59.50361821472276,2022-07-28,0,58.0,Salaried,Female,0,848539.5260823416,848539.5260823416,848539.5260823416,1112.0,CUST,2022,7,28,3,2.0,0,Low,0.0,Q3,0.0,0.06538161010785824,1.0,0.057134799162878766,0.07354228055924922,0.46405742250405885,13.651273124545716,1.1784954845947577e-06,921.1620520203497,0.5849435254822395,0.5849436174925927,0.05924403871953382,2.4166666666666665,7.012474538310114e-05
CUST_1113,60.0,Male,South,Secondary,Unemployed,381742.6806988615,121278.0047822414,Car,706.1060003654208,1,68,20.78173378587076,2019-10-03,0,60.0,Unemployed,Male,0,381742.6806988615,381742.6806988615,381742.6806988615,1113.0,CUST,2019,10,3,3,1.0,1,Low,1.0,Q2,0.0,-0.4749526426685757,1.0,0.015961380206436754,0.03308535013685533,-0.4679920984484321,12.852504669437284,2.6195656145733844e-06,617.8532841208029,-0.6996063300459946,-0.6996066080420312,0.31769569113162605,5.666666666666667,5.4439115236685e-05
CUST_1114,47.0,Male,East,Primary,Salaried,1084201.185802454,257951.01731210347,Business,559.8322038522433,0,49,49.26364235748748,2020-10-28,0,47.0,Salaried,Male,0,1084201.185802454,1084201.185802454,1084201.185802454,1114.0,CUST,2020,10,28,2,0.0,1,Low,0.0,Q4,0.0,0.3381685153156533,1.0,0.07792113553937145,0.09396689881623424,0.934601170220596,13.896354961857305,9.223380430548439e-07,1041.2498191128072,0.9210939861035172,0.9210941888447891,0.2379180365116517,4.083333333333333,4.5437731485758716e-05
CUST_1115,26.0,Female,East,Graduate,Self-Employed,365309.5388036596,781433.090857036,Home,772.7490826752817,0,38,81.80729771860247,2023-07-10,0,26.0,Self-Employed,Female,0,365309.5388036596,365309.5388036596,365309.5388036596,1115.0,CUST,2023,7,10,0,2.0,0,Low,1.0,Q1,0.0,-0.4939745995102473,1.0,0.01451190889420892,0.031661102126504415,-0.5008040211995048,12.808503062089812,2.7374045672267236e-06,604.4084205267657,-0.7797354337378267,-0.7797357061112102,2.1390985118941455,3.1666666666666665,0.00022393967040737874
CUST_1116,28.0,Male,East,Graduate,,1230815.8987072082,425542.99972493824,Other,635.7890635691701,4,47,86.29278644351861,2019-07-17,0,28.0,Salaried,Male,0,1230815.8987072082,1230815.8987072082,1230815.8987072082,1116.0,CUST,2019,7,17,2,2.0,1,Low,0.0,Q4,0.0,0.5078803549026168,1.0,0.09085316166445535,0.10667388537269656,1.2273455927224268,14.02318865219213,8.124691930305976e-07,1109.421425206494,1.0855688934611267,1.0855691326617967,0.3457405775863404,3.9166666666666665,7.011023056612726e-05
CUST_1117,27.0,Female,West,Secondary,,259718.67124054712,54775.5566831033,Other,674.4085386592583,1,75,32.49520792489473,2018-12-07,0,27.0,Salaried,Female,0,259718.67124054712,259718.67124054712,259718.67124054712,1117.0,CUST,2018,12,7,4,1.0,0,Low,0.0,Q1,0.0,-0.6161998525062456,1.0,0.0051983561760480836,0.022509621296055275,-0.7116364604125568,12.467358140798995,3.850320021987612e-06,509.62601114988934,-1.43829900583468,-1.4382989588989585,0.21090342261247,6.25,0.0001251169496918727
CUST_1118,31.0,,West,Post-Graduate,Salaried,808167.7500220933,507658.7498444518,Business,577.2319139045369,1,33,70.45759510038852,2019-04-17,0,31.0,Salaried,Male,0,808167.7500220933,808167.7500220933,808167.7500220933,1118.0,CUST,2019,4,17,2,3.0,3,Low,0.0,Q3,0.0,0.018649817323673823,1.0,0.053573840972643574,0.07004328918591177,0.3834474207247124,13.602526164734552,1.2373668708758656e-06,898.9815070523382,0.5150780890807173,0.5150781541215939,0.6281601187677831,2.75,8.718189397880646e-05
CUST_1119,53.0,Female,North,Secondary,Salaried,589024.1854836277,355754.5381420305,Car,707.8389010495378,4,27,18.49874603612102,2022-09-07,1,53.0,Salaried,Female,0,589024.1854836277,589024.1854836277,589024.1854836277,1119.0,CUST,2022,9,7,2,1.0,0,Low,1.0,Q2,0.0,-0.23501679453695246,1.0,0.03424446914079688,0.05105028177652226,-0.05411477869439836,13.286224221454065,1.697723157431909e-06,767.4791107799792,0.03599176597678287,0.03599164062575498,0.6039727177652184,2.25,3.140574952897439e-05
CUST_1120,52.0,Male,North,Graduate,Salaried,250758.6607632548,353167.7696697999,Home,613.7006709729337,1,60,12.851399070033414,2018-08-23,0,52.0,Salaried,Male,0,250758.6607632548,250758.6607632548,250758.6607632548,1120.0,CUST,2018,8,23,3,2.0,1,Low,0.0,Q1,0.0,-0.6265713891050834,1.0,0.004408046068162502,0.021733063947716853,-0.7295268415401948,12.432250232552626,3.987898152416106e-06,500.7580860687671,-1.5099866704595521,-1.509986552717358,1.4083970961591121,5.0,5.125007060734832e-05
CUST_1121,67.0,Female,South,Post-Graduate,,338465.91744415066,172496.2905712892,Car,701.9383032244078,0,62,57.633911074695135,2021-01-11,0,67.0,Salaried,Female,0,338465.91744415066,338465.91744415066,338465.91744415066,1121.0,CUST,2021,1,11,0,3.0,0,Low,1.0,Q1,0.0,-0.5250470633294664,1.0,0.012144190090035801,0.029334585714992322,-0.5544024648826588,12.732181633749295,2.954507229329707e-06,581.7782373414725,-0.9212599230172657,-0.9212601703495492,0.5096415375254317,5.166666666666667,0.00017027980692473223
CUST_1122,42.0,Female,West,Graduate,Self-Employed,206240.804237514,151501.32519903913,Car,710.5914775181911,2,31,69.0603442428907,2021-01-21,0,42.0,Self-Employed,Female,0,206240.804237514,206240.804237514,232246.6443437917,1122.0,CUST,2021,1,21,3,2.0,0,Low,1.0,Q1,0.0,-0.6781024201712499,1.0,0.00048138637475496696,0.017874734908375517,-0.8184152889643873,12.236804566377156,4.8487010300826725e-06,454.1374288004833,-1.9232064234405948,-1.9232057221817103,0.734584631551471,2.5833333333333335,0.0003348529622683681
CUST_1123,,Other,South,Graduate,Salaried,516278.188330141,122169.7939964626,Home,647.9055382714794,1,56,77.64187215000267,2023-03-24,0,43.77204301075269,Salaried,Other,0,516278.188330141,516278.188330141,516278.188330141,1123.0,CUST,2023,3,24,4,2.0,2,Low,0.0,Q2,0.0,-0.31922292061330687,1.0,0.027827970298042175,0.0447454410852179,-0.19936612833112857,13.154402960797391,1.9369402438151566e-06,718.5250088411266,-0.17752110207696967,-0.17752129997435143,0.23663559057035569,4.666666666666667,0.00015038766677249137
CUST_1124,56.0,Male,North,Secondary,Salaried,379242.04741859727,63590.43812685418,Home,560.1176703268804,0,49,38.91838026870344,2021-11-18,0,56.0,Salaried,Male,0,379242.04741859727,379242.04741859727,379242.04741859727,1124.0,CUST,2021,11,18,3,1.0,1,Low,0.0,Q2,0.0,-0.4778472162466157,1.0,0.01574081397356053,0.03286862213701536,-0.4729850928827312,12.845932564593422,2.6368384169961467e-06,615.826312703994,-0.7115072083191492,-0.7115074858455644,0.16767771020650557,4.083333333333333,0.00010262148021978204
CUST_1125,54.0,Female,South,Secondary,Unemployed,656096.425207786,101815.1300866055,Other,772.5519933235636,1,46,10.554659886455394,2020-04-03,0,54.0,Unemployed,Female,0,656096.425207786,656096.425207786,656096.425207786,1125.0,CUST,2020,4,3,4,1.0,0,Low,1.0,Q3,0.0,-0.15737824815041446,1.0,0.040160519032353015,0.05686338219189715,0.07980782494435532,13.394064570935367,1.524166207227936e-06,809.9977933351338,0.20447660695767172,0.2044765469532138,0.1551831806625204,3.8333333333333335,1.6087055927719555e-05
CUST_1126,63.0,Female,North,Post-Graduate,,376368.3599726184,106632.76170018666,Other,634.6160772776734,0,47,50.75913515446507,2021-07-15,0,63.0,Salaried,Female,0,376368.3599726184,376368.3599726184,376368.3599726184,1126.0,CUST,2021,7,15,3,3.0,0,Low,0.0,Q2,0.0,-0.48117361353098553,1.0,0.015487342815104103,0.032619561814077304,-0.47872296158060434,12.838326280544207,2.6569714841231137e-06,613.4886795798423,-0.7253101906115482,-0.7253104674364396,0.2833202071106913,3.9166666666666665,0.00013486557466416477
CUST_1127,59.0,Female,West,Graduate,Self-Employed,378279.6978123371,182359.5769118734,Home,667.9879052836511,1,56,11.347551356753192,2019-09-24,0,59.0,Self-Employed,Female,0,378279.6978123371,378279.6978123371,378279.6978123371,1127.0,CUST,2019,9,24,1,2.0,0,Low,0.0,Q2,0.0,-0.478961170765698,1.0,0.015655930744564908,0.032785216022669185,-0.47490660863069384,12.843391785825688,2.643546576136e-06,615.0444681584715,-0.7161144011024543,-0.7161146784135278,0.4820760351709925,4.666666666666667,2.9997780536672325e-05
CUST_1128,41.0,Female,East,Post-Graduate,Salaried,879715.6114135131,325224.7765213432,Education,688.8371619717393,1,39,17.818683407017993,2019-06-13,0,41.0,Salaried,Female,0,879715.6114135131,879715.6114135131,879715.6114135131,1128.0,CUST,2019,6,13,3,3.0,0,Low,0.0,Q4,0.0,0.10146905786700942,1.0,0.05988465926895467,0.07624428835463107,0.5263064622854248,13.68735510210615,1.1367309923963365e-06,937.9315600903475,0.6360015714328792,0.6360016825262051,0.3696930829669833,3.25,2.02550496724557e-05
CUST_1129,46.0,Female,West,Secondary,Self-Employed,224670.1466199777,178418.517723131,Other,549.7039896081424,1,25,37.76856691519861,2023-06-04,0,46.0,Self-Employed,Female,0,224670.1466199777,224670.1466199777,232246.6443437917,1129.0,CUST,2023,6,4,6,1.0,0,Low,0.0,Q1,0.0,-0.6567697889766048,1.0,0.0021069308541344853,0.019471992108957694,-0.7816175686950194,12.32239304147253,4.4509696325919e-06,473.9938255082841,-1.7392591149163545,-1.7392587124630023,0.7941354042777157,2.0833333333333335,0.00016810674440606414
CUST_1130,54.0,Male,South,Secondary,,1365981.1810955894,61916.97801249682,Education,687.013290945591,1,35,47.15962421261506,2023-12-10,0,54.0,Salaried,Male,0,1365981.1810955894,1365981.1810955894,1365981.1810955894,1130.0,CUST,2023,12,10,6,1.0,1,Low,0.0,Q4,0.0,0.6643390640454407,1.0,0.10277530050318445,0.1183885584241342,1.4972290290511447,14.12738427444184,7.320745071982808e-07,1168.7519758681008,1.2160717538510177,1.2160720104739342,0.045327841165705395,2.9166666666666665,3.452435865510628e-05
CUST_1131,,Female,South,Primary,Salaried,1156163.7658070382,683018.6808793513,Home,657.930122892371,3,52,33.75490250452013,2023-08-20,1,43.77204301075269,Salaried,Female,0,1156163.7658070382,1156163.7658070382,1156163.7658070382,1131.0,CUST,2023,8,20,6,0.0,0,Low,0.0,Q4,0.0,0.4214678076720482,1.0,0.08426853373843408,0.10020384133427906,1.0782882771132678,13.960618849032832,8.649293720888404e-07,1075.2505595474192,1.005213774822388,1.0052139980419506,0.5907629187779254,4.333333333333333,2.9195606628154625e-05
CUST_1132,54.0,,West,Graduate,Salaried,751016.089756706,621975.8324704088,Other,598.5175441836487,1,55,59.458547652900165,2021-09-01,0,54.0,Salaried,Male,0,751016.089756706,751016.089756706,751016.089756706,1132.0,CUST,2021,9,1,2,2.0,3,Low,0.0,Q3,0.0,-0.047505299082610954,1.0,0.04853282735947337,0.06508999790781503,0.2693331586023256,13.529183686488299,1.3315293954762511e-06,866.6118449206115,0.40801306299158374,0.40801308535917674,0.8281791042101614,4.583333333333333,7.917080401216203e-05
CUST_1133,56.0,Female,West,Secondary,Self-Employed,649743.3200381701,357599.84714558354,Car,557.4771212129816,0,27,14.70473208353809,2021-07-20,0,56.0,Self-Employed,Female,0,649743.3200381701,649743.3200381701,649743.3200381701,1133.0,CUST,2021,7,20,1,1.0,0,Low,0.0,Q3,0.0,-0.16473219745102388,1.0,0.039600148791187305,0.05631276335983938,0.06712263075664221,13.384334210700494,1.5390693049770223e-06,806.0665729567069,0.18949759673115657,0.1894975307442587,0.5503709482062427,2.25,2.2631601787684288e-05
CUST_1134,66.0,Male,North,Post-Graduate,Salaried,1314214.445221528,999528.8966719888,Home,698.4708438365816,1,41,22.2892753703647,2021-08-22,0,66.0,Salaried,Male,0,1314214.445221528,1314214.445221528,1314214.445221528,1134.0,CUST,2021,8,22,6,3.0,1,Low,0.0,Q4,0.0,0.6044171926278925,1.0,0.09820925956861211,0.11390197448046846,1.3938668023140386,14.088750425942305,7.609108267135413e-07,1146.3919247890435,1.1681599951861532,1.1681602467254326,0.7605523590907568,3.4166666666666665,1.6960150948909978e-05
CUST_1135,33.0,Male,South,Graduate,Salaried,302486.1880419944,207264.15532925795,Business,740.2169606555904,1,52,69.09696406421185,2021-05-18,0,33.0,Salaried,Male,0,302486.1880419944,302486.1880419944,302486.1880419944,1135.0,CUST,2021,5,18,1,2.0,1,Low,1.0,Q1,0.0,-0.5666949030564922,1.0,0.00897062864191291,0.026216249712006322,-0.6262429022912077,12.61979420197591,3.3059360708003955e-06,549.9874435312087,-1.1356657297353352,-1.1356658972906648,0.6852020472869699,4.333333333333333,0.00022843014588267663
CUST_1136,,Female,South,Post-Graduate,Salaried,241130.8801620512,708119.21595658,Education,664.2872413914242,1,42,22.081972555823008,2023-06-05,1,43.77204301075269,Salaried,Female,0,241130.8801620512,241130.8801620512,241130.8801620512,1136.0,CUST,2023,6,5,0,3.0,0,Low,0.0,Q1,0.0,-0.6377158938044952,1.0,0.003558835864120948,0.02089863146652693,-0.748750553923717,12.39309928339163,4.147125408767563e-06,491.0507918352756,-1.5908276068501395,-1.5908273991550714,2.936659192930098,3.5,9.15767094619616e-05
CUST_1137,20.0,,West,Secondary,Salaried,336896.27001715946,65723.17068983396,Home,535.242772652025,1,33,64.3808921334859,2022-10-20,1,20.0,Salaried,Male,0,336896.27001715946,336896.27001715946,336896.27001715946,1137.0,CUST,2022,10,20,3,1.0,3,Low,0.0,Q1,0.0,-0.5268639870682911,1.0,0.012005740672983042,0.029198545556688972,-0.5575365673232817,12.727533326118,2.9682726968730856e-06,580.4276613128974,-0.9299847683288011,-0.9299850134400484,0.1950842931105636,2.75,0.00019110004432015742
CUST_1138,24.0,Male,East,Post-Graduate,Self-Employed,991345.117931367,141040.57992925536,Home,565.4133746260216,2,38,14.648192764036072,2023-05-03,0,24.0,Self-Employed,Male,0,991345.117931367,991345.117931367,991345.117931367,1138.0,CUST,2023,5,3,2,3.0,1,Low,0.0,Q4,0.0,0.23068425413204677,1.0,0.06973084500310345,0.08591913346753853,0.7491962035146205,13.806819013617513,1.0087304430132321e-06,995.663154852768,0.8011501573590694,0.8011503251923764,0.14227192667488095,3.1666666666666665,1.4776077976209329e-05
CUST_1139,45.0,Female,South,Graduate,Self-Employed,792215.9843009794,101076.8658797182,Other,615.4301032540757,3,56,44.62749372512693,2023-10-29,1,45.0,Self-Employed,Female,1,1248153.8129752246,792215.9843009794,792215.9843009794,1139.0,CUST,2023,10,29,6,2.0,0,Low,0.0,Q3,0.0,0.00018507083571942825,1.0,0.05216682903666771,0.06866076168540293,0.35159665792339906,13.582590603350608,1.2622820288961202e-06,890.0651573345513,0.48620953997518473,0.4862095936400863,0.12758751133711171,4.666666666666667,5.6332483323902096e-05
CUST_1140,33.0,Male,East,Graduate,Self-Employed,792222.6321249494,93589.68491046164,Other,775.16957929286,2,76,25.0798049603005,2020-06-20,0,33.0,Self-Employed,Male,1,350746.40664863505,792222.6321249494,792222.6321249494,1140.0,CUST,2020,6,20,5,2.0,1,Low,1.0,Q3,0.0,0.00019276593270415888,1.0,0.052167415402330136,0.06866133784729107,0.35160993158025394,13.582598994733537,1.2622714366353237e-06,890.0688917858827,0.4862217279233146,0.4862217815930693,0.11813558602617569,6.333333333333333,3.1657521437772225e-05
CUST_1141,58.0,Male,West,Post-Graduate,Salaried,2894944.054430042,80351.397474217,Other,630.2599470320899,0,42,19.319084015490844,2020-06-09,0,58.0,Salaried,Male,0,2894944.054430042,2894944.054430042,1862518.9859498884,1141.0,CUST,2020,6,9,1,3.0,1,Low,0.0,Q4,0.0,2.434168958691336,1.0,0.23763617108367938,0.25090261715582696,4.550096947373957,14.878476689337631,3.454298187442611e-07,1701.4535122741502,2.045005432067587,2.045005441396844,0.027755768665366855,3.5,6.673387689776154e-06
CUST_1142,46.0,Male,West,Graduate,Salaried,1167916.8719178843,244791.1944783962,Business,612.514486176144,0,78,58.19778659760434,2022-04-20,0,46.0,Salaried,Male,0,1167916.8719178843,1167916.8719178843,1167916.8719178843,1142.0,CUST,2022,4,20,2,2.0,1,Low,0.0,Q4,0.0,0.4350724536138799,1.0,0.08530520647246648,0.10122247417397379,1.1017556099126544,13.970733124759287,8.562253222263127e-07,1080.7020273497612,1.0183056719518175,1.0183058980250301,0.20959641937042878,6.5,4.983041858239196e-05
CUST_1143,28.0,Male,North,Graduate,Salaried,568492.786004409,354030.858224632,Other,516.1212160259108,1,38,88.90854062047785,2022-12-30,0,28.0,Salaried,Male,0,568492.786004409,568492.786004409,568492.786004409,1143.0,CUST,2022,12,30,4,2.0,1,Low,0.0,Q2,0.0,-0.2587826329434747,1.0,0.03243351450200646,0.04927084087322578,-0.09510965952605725,13.250745661601835,1.759037272945543e-06,753.984605946573,-0.020643523614821874,-0.02064366960478923,0.6227534753900268,3.1666666666666665,0.00015639343683461338
CUST_1144,34.0,Female,South,Secondary,Salaried,232878.11607626572,222691.46453916532,Home,597.4652167911911,1,44,14.65689907350165,2023-08-28,1,34.0,Salaried,Female,0,232878.11607626572,232878.11607626572,232878.11607626572,1144.0,CUST,2023,8,28,0,1.0,0,Low,0.0,Q1,0.0,-0.6472687670934519,1.0,0.0028309078230186607,0.020183370629370315,-0.7652287818482678,12.35827478279338,4.294091762703744e-06,482.5744668714516,-1.6635392536532272,-1.6635389554825462,0.9562575835020628,3.6666666666666665,6.293806957830358e-05
CUST_1145,34.0,Male,East,Primary,Salaried,792233.1084930184,81790.40313356504,Other,551.3650916807336,1,34,45.832111098532906,2021-04-03,0,34.0,Salaried,Male,1,329223.30272947287,792233.1084930184,792233.1084930184,1145.0,CUST,2021,4,3,5,0.0,1,Low,0.0,Q3,0.0,0.00020489270812775807,1.0,0.05216833946147047,0.06866224582620789,0.35163084966043523,13.582612218649583,1.262254744553118e-06,890.0747769109169,0.4862409347549212,0.48624098843229024,0.10324032441425467,2.8333333333333335,5.785179968700877e-05
CUST_1146,45.0,Other,North,Post-Graduate,Self-Employed,656870.1287718527,383332.66916293086,Car,569.745613526176,0,19,70.14051220836271,2022-03-29,0,45.0,Self-Employed,Other,0,656870.1287718527,656870.1287718527,656870.1287718527,1146.0,CUST,2022,3,29,1,3.0,2,Low,0.0,Q3,0.0,-0.15648265825666316,1.0,0.04022876289755146,0.05693043849608723,0.0813526726514026,13.39524312719443,1.5223709469853228e-06,810.4752487101952,0.2062879137867413,0.20628785450721251,0.5835745185639826,1.5833333333333333,0.00010677987799268073
CUST_1147,61.0,Other,South,Graduate,Salaried,261045.96365140865,252095.3976434794,Other,659.5960544126993,3,58,49.3284656934653,2018-07-21,1,61.0,Salaried,Other,0,261045.96365140865,261045.96365140865,261045.96365140865,1147.0,CUST,2018,7,21,5,2.0,2,Low,0.0,Q1,0.0,-0.6146634634750612,1.0,0.005315428874911789,0.02262465672795131,-0.7089862662907624,12.472455607479764,3.830743007760337e-06,510.9265736399005,-1.4279531479830418,-1.4279531105932457,0.9657126818113203,4.833333333333333,0.00018896467503878782
CUST_1148,32.0,Female,North,Graduate,Salaried,249279.23153723075,889552.553733337,Business,617.9068635511059,2,45,78.55215541894584,2020-01-11,0,32.0,Salaried,Female,0,249279.23153723075,249279.23153723075,249279.23153723075,1148.0,CUST,2020,1,11,5,2.0,0,Low,0.0,Q1,0.0,-0.6282838820091916,1.0,0.004277554270838015,0.02160484293282773,-0.7324808060218228,12.426332970488025,4.011565639837633e-06,499.27871127981285,-1.5221439736347657,-1.522143843060922,3.5684984593864737,3.75,0.00031511712761382864
CUST_1149,51.0,Female,West,Graduate,Salaried,1401903.8653921694,274251.5314134136,Car,785.9595562137076,0,32,25.269851848451196,2021-10-01,0,51.0,Salaried,Female,0,1401903.8653921694,1401903.8653921694,1401903.8653921694,1149.0,CUST,2021,10,1,4,2.0,0,Low,1.0,Q4,0.0,0.7059208719969716,1.0,0.10594383033625995,0.12150195037085663,1.5689555649544653,14.153342487920666,7.133156735487895e-07,1184.0202132532067,1.2479525990285802,1.2479528581353356,0.19562791585194608,2.6666666666666665,1.8025381391756086e-05
CUST_1150,58.0,Male,South,Secondary,Salaried,792207.8881584321,110195.33891974344,Home,736.2402698165981,3,60,91.56550742735794,2021-10-21,1,58.0,Salaried,Male,1,361054.7599900647,792207.8881584321,792207.8881584321,1150.0,CUST,2021,10,21,3,1.0,1,Low,1.0,Q3,0.0,0.0001756992575330233,1.0,0.05216611492329627,0.06866005999883636,0.3515804924204454,13.582580383696047,1.2622949290646158e-06,890.0606092612076,0.48619469653763725,0.4861947501966677,0.13909901752494885,5.0,0.00011558267570278235
CUST_1151,51.0,Female,North,Secondary,Salaried,1083885.1597612023,134682.7068987926,Home,601.2892849751729,2,43,42.73882336066595,2023-06-24,0,51.0,Salaried,Female,0,1083885.1597612023,1083885.1597612023,1083885.1597612023,1151.0,CUST,2023,6,24,5,1.0,0,Low,0.0,Q4,0.0,0.3378027037285649,1.0,0.07789326073103398,0.09393950907765948,0.9339701635561977,13.896063436796405,9.22606967154242e-07,1041.098054825386,0.9207086712929707,0.9207088739323693,0.12425920374001873,3.5833333333333335,3.9431136200524873e-05
CUST_1152,23.0,Female,North,Graduate,Unemployed,791818.3169903308,548957.0803925409,Education,576.6545726607588,0,51,39.03341880026338,2022-01-11,0,23.0,Unemployed,Female,1,569675.7746943806,791818.3169903308,791818.3169903308,1152.0,CUST,2022,1,11,1,2.0,0,Low,0.0,Q3,0.0,-0.00027524347719415354,1.0,0.05213175312956049,0.0686262961596024,0.35080263879054907,13.58208850965657,1.2629159726796043e-06,889.8417370467239,0.4854802249538039,0.48548027832985574,0.6932866651433015,4.25,4.9295928071144974e-05
CUST_1153,49.0,Male,East,Graduate,Self-Employed,624050.16853246,118640.2265780928,Car,760.6113548531355,1,34,84.3414925327691,2022-03-17,0,49.0,Self-Employed,Male,0,624050.16853246,624050.16853246,624050.16853246,1153.0,CUST,2022,3,17,3,2.0,1,Low,1.0,Q3,0.0,-0.19447295075218338,1.0,0.037333906202536384,0.054085957302603495,0.01582132101239184,13.34398764484298,1.6024352694842043e-06,789.9684604669101,0.1269179295462874,0.1269178388702738,0.1901132834483332,2.8333333333333335,0.00013515178231544785
CUST_1154,56.0,,North,Secondary,Unemployed,564331.5881557893,176971.22742597884,Education,782.8033991586786,1,102,57.92869771080016,2018-11-15,0,56.0,Unemployed,Male,0,564331.5881557893,564331.5881557893,564331.5881557893,1154.0,CUST,2018,11,15,3,1.0,3,Low,1.0,Q2,0.0,-0.26359937014387647,1.0,0.0320664795829056,0.04891019299503132,-0.10341828992866482,13.243399051989922,1.7720078424995415e-06,751.2200663958527,-0.03244679986539286,-0.03244695004609994,0.3135944028956044,8.5,0.00010265010664932311
CUST_1155,42.0,Female,South,Graduate,Salaried,481434.5210472872,491711.7608523501,Car,474.4601405163575,3,73,53.89776906173983,2020-11-23,1,42.0,Salaried,Female,0,481434.5210472872,481434.5210472872,481434.5210472872,1155.0,CUST,2020,11,23,0,2.0,0,Low,0.0,Q2,0.0,-0.35955572729670393,1.0,0.024754614243467213,0.041725566729028975,-0.26893819960880044,13.084527588578837,2.0771256656125977e-06,693.8548270692417,-0.2941786559035869,-0.2941788859093622,1.0213471185499803,6.083333333333333,0.00011195243943740042
CUST_1156,58.0,,South,Primary,Salaried,390591.1100566916,296009.53036874643,Car,657.4286099177361,0,49,71.79312315991663,2023-03-10,0,58.0,Salaried,Male,0,390591.1100566916,390591.1100566916,390591.1100566916,1156.0,CUST,2023,3,10,4,0.0,3,Low,0.0,Q2,0.0,-0.46471026525623377,1.0,0.0167418483965273,0.03385223683375046,-0.45032451044797683,12.875419097673062,2.5602221203376966e-06,624.9728874572813,-0.6582959778522941,-0.658296256529113,0.7578501474808379,4.083333333333333,0.00018380634200214718
CUST_1157,64.0,Female,East,Graduate,Salaried,485107.3449415669,62844.40249481455,Business,629.8497353682618,1,33,59.28591025389268,2019-12-25,0,64.0,Salaried,Female,0,485107.3449415669,485107.3449415669,485107.3449415669,1157.0,CUST,2019,12,25,2,2.0,0,Low,0.0,Q2,0.0,-0.35530430063407364,1.0,0.02507857255305728,0.04204388760504627,-0.2616047015677116,13.092127536603522,2.0613994209876166e-06,696.4964787718362,-0.28137134413978726,-0.2813715709401255,0.12954741491512345,2.75,0.00012221194107009818
CUST_1158,34.0,Female,South,Secondary,Salaried,943343.962333363,81870.21268093114,Education,701.9296112047949,1,28,23.813829804354803,2022-08-28,0,34.0,Salaried,Female,0,943343.962333363,943343.962333363,943343.962333363,1158.0,CUST,2022,8,28,6,1.0,0,Low,1.0,Q4,0.0,0.17512117824804954,1.0,0.0654969438759303,0.08175890952552026,0.6533526807428855,13.757187308437196,1.0600587271644774e-06,971.2589574018676,0.7332582439709124,0.7332583895306594,0.08678723344723292,2.3333333333333335,2.5244058111315846e-05
CUST_1159,62.0,Male,West,Graduate,Self-Employed,660555.4539085552,51574.49954479472,Business,805.4134499329203,0,55,67.30679794351903,2019-02-17,0,62.0,Self-Employed,Male,0,660555.4539085552,660555.4539085552,660555.4539085552,1159.0,CUST,2019,2,17,6,2.0,1,Low,1.0,Q3,0.0,-0.15221676095321743,1.0,0.04055382386860302,0.057249842845353956,0.08871113182307058,13.400837870766006,1.5138774406717676e-06,812.7456268160138,0.2148776465372842,0.21487759070013918,0.07807747137480107,4.583333333333333,0.00010189424301054638
CUST_1160,48.0,Female,South,Secondary,Salaried,1315240.552814668,249349.3413602983,Car,611.2754384537761,1,60,21.34485473898092,2021-06-29,0,48.0,Salaried,Female,0,1315240.552814668,1315240.552814668,1315240.552814668,1160.0,CUST,2021,6,29,1,1.0,0,Low,0.0,Q4,0.0,0.6056049493256742,1.0,0.09829976651664436,0.11399090645143638,1.3959156231235414,14.089530897078355,7.603171890133377e-07,1146.8393753332102,1.1691334153076667,1.169133666965877,0.1895845903053892,5.0,1.6228859955039993e-05
CUST_1161,55.0,Female,South,Graduate,Salaried,492936.261960972,168723.15740204675,Home,485.1441188268869,1,23,78.49790495339526,2019-02-05,1,55.0,Salaried,Female,0,492936.261960972,492936.261960972,492936.261960972,1161.0,CUST,2019,2,5,1,2.0,0,Low,0.0,Q2,0.0,-0.3462420456733449,1.0,0.025769115523951558,0.042722413936723956,-0.24597276568451426,13.108137187241226,2.0286598433671086e-06,702.0941973560043,-0.25448771748094,-0.2544879372846828,0.34228189406764015,1.9166666666666667,0.000159245547567401
CUST_1162,32.0,Male,North,Primary,Salaried,667086.8143826444,78837.5601180207,Car,696.3206160119411,1,46,94.12761080554304,2023-01-14,0,32.0,Salaried,Male,0,667086.8143826444,667086.8143826444,667086.8143826444,1162.0,CUST,2023,1,14,5,0.0,1,Low,0.0,Q3,0.0,-0.14465647468247095,1.0,0.04112991696737771,0.05781591093016872,0.10175224694894901,13.410676971977997,1.4990552630101972e-06,816.7538272837443,0.22994882417844012,0.22994877439717065,0.11818185941780175,3.8333333333333335,0.0001411024903726248
CUST_1163,,Male,North,Primary,Salaried,698896.2298454633,683703.6686630445,Business,761.1971254883362,2,32,42.07794812285599,2019-12-25,0,43.77204301075269,Salaried,Male,0,698896.2298454633,698896.2298454633,698896.2298454633,1163.0,CUST,2019,12,25,2,0.0,1,Low,1.0,Q3,0.0,-0.10783592436097623,1.0,0.04393563941936693,0.060572808970255236,0.16526585192959736,13.45725898586524,1.4308275782326186e-06,836.000137467371,0.30069926979266565,0.3006992486345255,0.9782620644619006,2.6666666666666665,6.0206288609623795e-05
CUST_1164,26.0,Male,South,Secondary,Self-Employed,647873.0653297565,200859.77092569252,Education,625.6992174784181,1,46,47.80425134717107,2021-02-09,0,26.0,Self-Employed,Male,0,647873.0653297565,647873.0653297565,647873.0653297565,1164.0,CUST,2021,2,9,1,1.0,1,Low,0.0,Q3,0.0,-0.16689708500407083,1.0,0.039435184564401426,0.05615066979524323,0.06338830816582862,13.381451612820323,1.5435122302477288e-06,804.905625107538,0.185051675829215,0.1850516080714468,0.31002951298856357,3.8333333333333335,7.378644661219501e-05
CUST_1165,41.0,Female,East,Graduate,Salaried,806395.4062764889,105386.22606184096,Education,593.5970015888271,1,63,13.946860716039046,2020-01-21,1,41.0,Salaried,Female,0,806395.4062764889,806395.4062764889,806395.4062764889,1165.0,CUST,2020,1,21,1,2.0,0,Low,0.0,Q3,0.0,0.016598265255755702,1.0,0.05341751289910518,0.06988968149059502,0.3799085961688253,13.60033071978694,1.24008642931769e-06,897.9952150632479,0.5119073537758595,0.5119074175730878,0.13068802877629526,5.25,1.7295312705544025e-05
CUST_1166,47.0,Other,North,Graduate,Salaried,335532.7598583064,188871.0104105031,Business,615.019247569784,1,58,11.167320987019156,2018-09-25,0,47.0,Salaried,Other,0,335532.7598583064,335532.7598583064,335532.7598583064,1166.0,CUST,2018,9,25,1,2.0,2,Low,0.0,Q1,0.0,-0.5284422994543393,1.0,0.01188547341844386,0.029080371159898373,-0.5602590771322948,12.723477855840576,2.980334916901977e-06,579.251896723961,-0.9376068296418925,-0.9376070727454792,0.5628988671169792,4.833333333333333,3.3282356665865446e-05
CUST_1167,21.0,,East,Secondary,Salaried,559092.7984512069,277649.70525465126,Education,647.775088411279,1,40,88.32064346448784,2021-09-02,0,21.0,Salaried,Male,0,559092.7984512069,559092.7984512069,559092.7984512069,1167.0,CUST,2021,9,2,3,1.0,3,Low,0.0,Q2,0.0,-0.2696634589406912,1.0,0.031604396590133296,0.04845615104365153,-0.11387853935583392,13.234072534932485,1.7886118418128505e-06,747.725082133271,-0.04746866606200189,-0.0474688215164351,0.4966075506943169,3.3333333333333335,0.0001579713487771137
CUST_1168,61.0,Female,South,Graduate,Salaried,792247.2525406664,65860.42695401017,Other,613.6431246972015,1,60,20.933045137331327,2019-07-24,1,61.0,Salaried,Female,1,504620.4428853946,792247.2525406664,792247.2525406664,1168.0,CUST,2019,7,24,2,2.0,0,Low,0.0,Q3,0.0,0.00022126495548262083,1.0,0.05216958702517041,0.0686634716801468,0.35165909096704423,13.582630071858928,1.2622322094276337e-06,890.0827223020714,0.48626686519656953,0.48626691888419526,0.08313115222800753,5.0,2.64223638137421e-05
CUST_1169,64.0,Male,South,Post-Graduate,Self-Employed,442669.3687495298,114235.03531701856,Home,676.3008240274277,1,59,47.89119354255498,2023-05-28,0,64.0,Self-Employed,Male,0,442669.3687495298,442669.3687495298,442669.3687495298,1169.0,CUST,2023,5,28,6,3.0,1,Low,0.0,Q2,0.0,-0.40442779489468833,1.0,0.021335366936526587,0.038365820225096464,-0.34634026859470585,13.000580683454434,2.2590223552224764e-06,665.3340279510209,-0.4376091211183052,-0.43760938080490863,0.25805949853077403,4.916666666666667,0.000108187276830918
CUST_1170,25.0,Female,West,Graduate,Self-Employed,791969.2399915378,378977.2604701704,Home,652.2242332591952,0,59,79.30514302772272,2019-06-30,0,25.0,Self-Employed,Female,1,1000686.1151346732,791969.2399915378,791969.2399915378,1170.0,CUST,2019,6,30,6,2.0,0,Low,0.0,Q3,0.0,-0.00010054463788015117,1.0,0.052145065164593093,0.0686393765422557,0.3511039855377836,13.582279094322315,1.262675302891888e-06,889.9265362891128,0.4857570712306456,0.4857571247163104,0.47852522715331036,4.916666666666667,0.00010013664549341429
CUST_1171,47.0,Female,North,Primary,Unemployed,728098.7154596441,173113.14431146946,Home,643.9696310061787,1,41,85.59209459390716,2018-12-31,0,47.0,Unemployed,Female,0,728098.7154596441,728098.7154596441,728098.7154596441,1171.0,CUST,2018,12,31,0,0.0,0,Low,0.0,Q3,0.0,-0.07403298974476179,1.0,0.046511419840021606,0.06310376636711446,0.22357422096957902,13.49819328958427,1.3734401376535489e-06,853.2870064987771,0.3620589099440374,0.3620589137071088,0.23776054075278327,3.4166666666666665,0.00011755561818111143
CUST_1172,47.0,Female,South,Graduate,Self-Employed,1703205.065615971,208186.02552116071,Education,706.1033861401786,0,111,54.14880324909475,2019-07-01,0,47.0,Self-Employed,Female,0,1703205.065615971,1703205.065615971,1703205.065615971,1172.0,CUST,2019,7,1,0,2.0,0,Low,1.0,Q4,0.0,1.0546879223608732,1.0,0.13251984658740243,0.14761549808265423,2.1705612572557937,14.348022953860825,5.871283618056141e-07,1305.0689888339125,1.4792820435580476,1.4792822966409824,0.12223192011506087,9.25,3.179229814537552e-05
CUST_1173,63.0,Male,West,Secondary,Salaried,658959.8621665501,163414.30336046225,Education,611.7136080108644,1,49,58.027764622955736,2018-09-28,0,63.0,Salaried,Male,0,658959.8621665501,658959.8621665501,658959.8621665501,1173.0,CUST,2018,9,28,4,1.0,1,Low,0.0,Q3,0.0,-0.1540637161761995,1.0,0.04041308605529787,0.057111554112841606,0.08552522657653906,13.39841942198891,1.51754311210548e-06,811.7634274630449,0.21116632220131068,0.2111662648759941,0.24798825048418488,4.083333333333333,8.805963451444452e-05
CUST_1174,63.0,Male,North,Secondary,Self-Employed,880496.4131782961,58978.5417800314,Car,615.5530751854177,0,74,66.92313765937817,2020-01-09,0,63.0,Self-Employed,Male,0,880496.4131782961,880496.4131782961,880496.4131782961,1174.0,CUST,2020,1,9,3,1.0,1,Low,0.0,Q4,0.0,0.10237286418513898,1.0,0.05995352922491362,0.0763119598545221,0.5278654829129678,13.688242269013227,1.13572296834121e-06,938.3477037741906,0.6372499980599593,0.6372501096122296,0.06698328453885333,6.166666666666667,7.600614455321639e-05
CUST_1175,39.0,Male,South,Post-Graduate,Salaried,552879.2444278386,86244.37948503872,Car,713.8082279999803,1,50,91.7175099622158,2021-06-11,0,39.0,Salaried,Male,0,552879.2444278386,552879.2444278386,552879.2444278386,1175.0,CUST,2021,6,11,4,3.0,1,Low,1.0,Q2,0.0,-0.27685587273591417,1.0,0.03105633533919991,0.04791762700415704,-0.12628509288799236,13.222896700864437,1.8087132227522646e-06,743.5585010124211,-0.06552473437848522,-0.06552489607946335,0.15599134956265368,4.166666666666667,0.00016589067302657227
CUST_1176,49.0,Male,South,Secondary,Salaried,702703.1123587007,167952.71348445522,Home,571.0459740665078,0,50,61.226946680282936,2018-02-28,0,49.0,Salaried,Male,0,702703.1123587007,702703.1123587007,702703.1123587007,1176.0,CUST,2018,2,28,2,1.0,1,Low,0.0,Q3,0.0,-0.1034293199922,1.0,0.04427142225548852,0.06090274860563934,0.1728670237410102,13.46269118938844,1.4230760934431593e-06,838.273888629904,0.3088855570752194,0.30888553924138523,0.23900949138863678,4.166666666666667,8.713060409522965e-05
CUST_1177,30.0,Female,North,Graduate,Self-Employed,236786.78924806503,96938.3616498048,Other,579.5823847342139,0,49,57.55539705378943,2021-06-28,0,30.0,Self-Employed,Female,0,236786.78924806503,236786.78924806503,236786.78924806503,1177.0,CUST,2021,6,28,0,2.0,0,Low,0.0,Q1,0.0,-0.6427443363512165,1.0,0.0031756690176537455,0.020522132384337734,-0.7574243654445053,12.374919614987032,4.223208579893102e-06,486.6074282705362,-1.628690752857659,-1.6286904992061675,0.4093909206402361,4.083333333333333,0.00024306844665671767
CUST_1178,47.0,Female,North,Graduate,Salaried,346777.36194256955,60254.24390722537,Car,549.1748566925125,1,39,11.235401497609208,2023-02-14,0,47.0,Salaried,Female,0,346777.36194256955,346777.36194256955,346777.36194256955,1178.0,CUST,2023,2,14,1,2.0,0,Low,0.0,Q1,0.0,-0.5154262653378763,1.0,0.012877293987054398,0.030054932339241426,-0.5378070702483816,12.756441128466104,2.8836945825107664e-06,588.8780535412825,-0.8759223890640223,-0.8759226466353106,0.17375483672854813,3.25,3.2399466430989026e-05
CUST_1179,44.0,,North,Graduate,Unemployed,424593.38035474526,421131.2092774861,Car,717.9208730621242,1,38,16.880724671900268,2018-03-27,0,44.0,Unemployed,Male,0,424593.38035474526,424593.38035474526,424593.38035474526,1179.0,CUST,2018,3,27,1,2.0,3,Low,1.0,Q2,0.0,-0.4253514060524879,1.0,0.019740989745269354,0.036799187948044494,-0.3824324497881351,12.958889593012378,2.3551945137273546e-06,651.6083028589685,-0.5101988756529116,-0.5101991454930904,0.9918459136497016,3.1666666666666665,3.975739013500151e-05
CUST_1180,58.0,Other,South,Graduate,Salaried,519796.9082836044,844700.2206390479,Education,641.5810425534986,1,36,59.05958826303968,2020-02-02,0,58.0,Salaried,Other,0,519796.9082836044,519796.9082836044,519796.9082836044,1180.0,CUST,2020,2,2,6,2.0,2,Low,0.0,Q2,0.0,-0.3151498748427806,1.0,0.02813833600052528,0.045050405888945766,-0.19234032839390472,13.161195377102178,1.9238282953294432e-06,720.9694225718622,-0.16631127834427975,-0.16631147283527606,1.6250581855364241,3.0,0.00011362050701094243
CUST_1181,52.0,Female,South,Primary,Self-Employed,223361.7420011706,365145.3873135485,Other,544.9107883136746,3,62,89.58043296361227,2019-01-25,0,52.0,Self-Employed,Female,0,223361.7420011706,223361.7420011706,232246.6443437917,1181.0,CUST,2019,1,25,4,0.0,0,Low,0.0,Q1,0.0,-0.6582843147044973,1.0,0.0019915241369137804,0.01935859366774944,-0.7842300497137574,12.316552374632167,4.4770424469110234e-06,472.61161856345706,-1.7516619549264314,-1.751661534383309,1.6347713982965224,5.166666666666667,0.00040105540079075956
CUST_1182,20.0,Female,West,Secondary,Self-Employed,275425.45526899863,434535.3204538956,Home,718.3046849847254,0,69,83.66876461394857,2021-04-18,0,20.0,Self-Employed,Female,0,275425.45526899863,275425.45526899863,275425.45526899863,1182.0,CUST,2021,4,18,6,1.0,0,Low,1.0,Q1,0.0,-0.5980186811991387,1.0,0.006583759710064068,0.023870916418083362,-0.6802748505940587,12.526075921915822,3.6307464718067785e-06,524.8099229902181,-1.3200803636817726,-1.320080416110414,1.5776875816134093,5.75,0.0003037800719225256
CUST_1183,46.0,Female,East,Graduate,Self-Employed,362044.62705167057,105408.34454184226,Car,605.5566270739652,1,38,93.5192084543374,2019-12-20,0,46.0,Self-Employed,Female,0,362044.62705167057,362044.62705167057,362044.62705167057,1183.0,CUST,2019,12,20,4,2.0,0,Low,0.0,Q1,0.0,-0.4977538530963394,1.0,0.014223930128392667,0.031378134688117024,-0.5073230443344912,12.799525524444537,2.762090430994465e-06,601.7014434515431,-0.7962146076772516,-0.7962148781575469,0.29114737980599015,3.1666666666666665,0.00025830851078590197
CUST_1184,32.0,Female,North,Primary,Self-Employed,1979499.4496157956,696934.8709717577,Other,580.2657536930492,0,41,54.86589319270829,2018-05-29,0,32.0,Self-Employed,Female,0,1979499.4496157956,1979499.4496157956,1862518.9859498884,1184.0,CUST,2018,5,29,1,0.0,0,Low,0.0,Q4,0.0,1.3745086773666733,1.0,0.1568901578700147,0.17156172389828966,2.722236039970625,14.498355072664339,5.051782157297592e-07,1406.9468538703925,1.6488744650606075,1.6488746829060086,0.35207631459736255,3.4166666666666665,2.771705402751192e-05
CUST_1185,60.0,Male,South,Secondary,Self-Employed,401245.024322056,93861.60936827563,Other,634.3457152898438,2,24,76.97412976721019,2019-08-06,1,60.0,Self-Employed,Male,0,401245.024322056,401245.024322056,401245.024322056,1185.0,CUST,2019,8,6,1,1.0,1,Low,0.0,Q2,0.0,-0.45237797368088983,1.0,0.017681567848173332,0.034775603545463996,-0.4290519251991538,12.90233004514564,2.4922427428593754e-06,633.4390454669305,-0.6101427247812242,-0.6101430024558946,0.2339259147811865,2.0,0.0001918382163002454
CUST_1186,22.0,Male,South,Primary,Salaried,528929.6513143755,654949.0636404103,Home,768.2978887574313,2,47,81.43402817659394,2018-05-01,0,22.0,Salaried,Male,0,528929.6513143755,528929.6513143755,528929.6513143755,1186.0,CUST,2018,5,1,1,0.0,1,Low,1.0,Q2,0.0,-0.30457839405807885,1.0,0.028943881836462862,0.04584193383737903,-0.1741050535607608,13.178612608323201,1.8906105896996356e-06,727.2754989097155,-0.13767126863163867,-0.13767145418934967,1.2382536354324203,3.9166666666666665,0.000153960036032567
CUST_1187,58.0,Male,North,Primary,Salaried,309138.7752228215,1102562.786397859,Other,618.4030242802744,1,63,65.08269087312325,2020-02-05,1,58.0,Salaried,Male,0,309138.7752228215,309138.7752228215,309138.7752228215,1187.0,CUST,2020,2,5,2,0.0,1,Low,0.0,Q1,0.0,-0.5589942924826797,1.0,0.009557414439309266,0.026792824424036618,-0.6129597347713185,12.641548800601242,3.234793174188099e-06,556.002495698375,-1.0935961435964827,-1.0935963311318304,3.566562575553605,5.25,0.00021052904419417319
CUST_1188,25.0,Female,East,Secondary,Salaried,671805.362569958,298766.5563369364,Other,696.0271091292468,3,43,38.79374185823312,2020-03-10,0,25.0,Salaried,Female,0,671805.362569958,671805.362569958,671805.362569958,1188.0,CUST,2020,3,10,1,1.0,0,Low,0.0,Q3,0.0,-0.13919458428154682,1.0,0.04154611249933941,0.05822486394173424,0.11117373430703929,13.417725427044266,1.488526373412181e-06,819.6373360029165,0.24071801025423012,0.24071796481139504,0.444721898601066,3.5833333333333335,5.774550787932406e-05
CUST_1189,27.0,Female,North,Secondary,,364726.7139557061,844181.9778852892,Other,708.1664016360763,0,62,49.948166945912526,2023-10-08,0,27.0,Salaried,Female,0,364726.7139557061,364726.7139557061,364726.7139557061,1189.0,CUST,2023,10,8,6,1.0,0,Low,1.0,Q1,0.0,-0.49464924037775315,1.0,0.01446050132391289,0.03161058913663464,-0.5019677429035109,12.806906365013806,2.7417788763726977e-06,603.9260831887509,-0.7826630802756906,-0.7826633523316183,2.31456031478041,5.166666666666667,0.00013694682904583997
CUST_1190,46.0,Male,East,Graduate,Salaried,315961.34927462507,218580.07251188124,Car,685.4618638405125,1,39,82.92295114070326,2020-10-18,0,46.0,Salaried,Male,0,315961.34927462507,315961.34927462507,315961.34927462507,1190.0,CUST,2020,10,18,6,2.0,1,Low,0.0,Q1,0.0,-0.5510969159499298,1.0,0.010159193784166423,0.027384131769930722,-0.5993371558281759,12.663378337605268,3.164944073900563e-06,562.1043935734937,-1.0516573745651676,-1.0516575798443604,0.6917937051692339,3.25,0.0002624465028031147
CUST_1191,28.0,Female,South,Graduate,Self-Employed,563427.0946622102,110097.2144984639,Home,751.685731973941,2,37,35.37657370848393,2022-01-09,0,28.0,Self-Employed,Female,0,563427.0946622102,563427.0946622102,563427.0946622102,1191.0,CUST,2022,1,9,6,2.0,0,Low,1.0,Q2,0.0,-0.2646463541173708,1.0,0.031986699503149675,0.04883180122632265,-0.10522428484001106,13.24179499946123,1.7748525221027551e-06,750.6178086497883,-0.035027387309269985,-0.03502753840078846,0.19540631882908668,3.0833333333333335,6.278820106985672e-05
CUST_1192,56.0,Female,East,Post-Graduate,Salaried,202760.50596865488,164893.6685985619,Other,593.4307196294177,0,45,88.51816615766512,2021-01-14,0,56.0,Salaried,Female,0,202760.50596865488,206237.27455821127,232246.6443437917,1192.0,CUST,2021,1,14,3,3.0,0,Low,0.0,Q1,0.0,-0.6821309914504715,1.0,0.0001744096243028563,0.01757310008306572,-0.8253643726318168,12.219785719904603,4.93192693110202e-06,450.2893580450851,-1.9603511350610578,-1.960350365226597,0.8132435249294588,3.75,0.000436565127564752
CUST_1193,52.0,Male,West,Secondary,Salaried,792101.4580068146,230064.25275232355,Other,648.5873530326725,0,50,29.533539020926533,2021-06-04,0,52.0,Salaried,Male,1,1064490.3569908594,792101.4580068146,792101.4580068146,1193.0,CUST,2021,6,4,4,1.0,1,Low,0.0,Q3,0.0,5.2502502850838286e-05,1.0,0.05215672734224151,0.06865083577789009,0.3513679841894858,13.582446028599701,1.262464536429085e-06,890.000819104575,0.4859995495473421,0.4859996031290642,0.29044796019986596,4.166666666666667,3.7285045649164305e-05
CUST_1194,61.0,Male,South,Secondary,Self-Employed,323634.1184337153,65177.94044276878,Car,564.9626675180004,1,41,73.70889528832636,2022-07-08,1,61.0,Self-Employed,Male,0,323634.1184337153,323634.1184337153,323634.1184337153,1194.0,CUST,2022,7,8,4,1.0,1,Low,0.0,Q1,0.0,-0.5422154077921418,1.0,0.010835963865771757,0.028049124884358033,-0.5840169991265295,12.687371982486168,3.08990907636308e-06,568.8884938489399,-1.0058774238654486,-1.0058776461169259,0.2013939097527635,3.4166666666666665,0.00022775378456009547
CUST_1195,63.0,Female,West,Secondary,Salaried,218706.28291909792,244753.9206789902,Home,638.4425267760165,4,54,63.59753491938776,2022-12-21,1,63.0,Salaried,Female,0,218706.28291909792,218706.28291909792,232246.6443437917,1195.0,CUST,2022,12,21,2,1.0,0,Low,0.0,Q1,0.0,-0.6636731771814416,1.0,0.0015808933258523172,0.01895510854133864,-0.7935255675609167,12.29548950706649,4.572342351610395e-06,467.6604354861526,-1.7965709841734792,-1.7965704956965407,1.1190987172432383,4.5,0.00029078970236993767
CUST_1196,43.0,Female,North,Graduate,Salaried,257159.0095813831,844544.0415750777,Education,574.2362673727577,0,93,73.71595249526479,2021-09-07,0,43.0,Salaried,Female,0,257159.0095813831,257159.0095813831,257159.0095813831,1196.0,CUST,2021,9,7,1,2.0,0,Low,0.0,Q1,0.0,-0.6191627535704735,1.0,0.004972583395186806,0.022287777351149018,-0.7167473163380383,12.457453775514074,3.888644623375109e-06,507.10847910618014,-1.4584463818138436,-1.4584463158068153,3.2841316464744104,7.75,0.0002866551423276864
CUST_1197,34.0,Female,North,Graduate,Salaried,406895.3217025154,92170.78822306676,Car,647.6133102074486,1,23,47.17454365677056,2021-09-03,0,34.0,Salaried,Female,0,406895.3217025154,406895.3217025154,406895.3217025154,1197.0,CUST,2021,9,3,4,2.0,0,Low,0.0,Q2,0.0,-0.4458375498472046,1.0,0.018179947525703122,0.035265310556657034,-0.4177700216927795,12.916313694141882,2.4576345478519216e-06,637.8834703161036,-0.5852744355079844,-0.5852747119390519,0.2265221134397519,1.9166666666666667,0.00011593778827002804
CUST_1198,,Female,North,Primary,Unemployed,1011225.304712823,2187698.923387494,Home,656.1590735779914,0,81,89.27449031708869,2022-09-29,0,43.77204301075269,Unemployed,Female,0,1011225.304712823,1011225.304712823,1011225.304712823,1198.0,CUST,2022,9,29,3,0.0,0,Low,0.0,Q4,0.0,0.2536962902583606,1.0,0.07148435997943703,0.08764213425761633,0.7888908131705191,13.826674315399544,9.888993039727187e-07,1005.5969892122903,0.8280280086101188,0.8280281847905284,2.163413942639759,6.75,8.828348133708822e-05
CUST_1199,51.0,Female,East,Post-Graduate,Self-Employed,4994982.9703652505,526973.4477902515,Other,731.4858642548833,1,55,63.76013720497558,2020-06-17,0,51.0,Self-Employed,Female,0,4994982.9703652505,3281717.2116861595,1862518.9859498884,1199.0,CUST,2020,6,17,2,3.0,0,Medium,1.0,Q4,1.0,4.8650400531844715,1.0,0.4228683185708797,0.43291140566105657,8.743227824192582,15.423944760923556,2.0020088275193352e-07,2234.9458540119604,2.5398812850348413,2.5398807173450964,0.10550054943443829,4.583333333333333,1.276483575282051e-05
CUST_1200,43.0,Female,South,Primary,Salaried,559404.5504940313,625417.8071784992,Home,673.2915446588833,0,58,34.50514338711179,2019-04-30,1,43.0,Salaried,Female,0,559404.5504940313,559404.5504940313,559404.5504940313,1200.0,CUST,2019,4,30,1,0.0,0,Low,0.0,Q2,0.0,-0.2693025946615578,1.0,0.03163189441407251,0.04848317035800706,-0.11325606654984968,13.234629981928213,1.787615061584655e-06,747.9335201032451,-0.046569623093355855,-0.04656977823408938,1.1180062918955327,4.833333333333333,6.168191402093918e-05
CUST_1201,60.0,Female,North,Graduate,Salaried,373708.1285183237,694454.3388896397,Home,616.7078515310841,0,26,64.26868100543221,2020-03-13,0,60.0,Salaried,Female,0,373708.1285183237,373708.1285183237,373708.1285183237,1201.0,CUST,2020,3,13,4,2.0,0,Low,0.0,Q1,0.0,-0.48425292777503925,1.0,0.015252699360950507,0.03238900156090026,-0.4840346244102047,12.831233042572405,2.6758850655404168e-06,611.3167170283532,-0.7382106381174868,-0.7382109141325419,1.8582799941345303,2.1666666666666665,0.00017197560368441712
CUST_1202,31.0,Female,North,Graduate,Salaried,1542316.171793108,197402.94441139087,Home,682.8679363546146,0,45,34.37933851259765,2022-09-12,0,31.0,Salaried,Female,0,1542316.171793108,1542316.171793108,1542316.171793108,1202.0,CUST,2022,9,12,0,2.0,0,Low,0.0,Q4,0.0,0.8684532014462827,1.0,0.11832877846789691,0.13367137903493403,1.8493156920871086,14.248796500536198,6.483754876478465e-07,1241.900226182888,1.363068408275369,1.363068669931727,0.12799123034585627,3.75,2.229072037311589e-05
CUST_1203,58.0,Male,South,Post-Graduate,Self-Employed,452931.5132873341,807147.7569718712,Education,567.5844784081647,1,59,34.958753299589304,2023-03-31,1,58.0,Self-Employed,Male,0,452931.5132873341,452931.5132873341,452931.5132873341,1203.0,CUST,2023,3,31,4,3.0,1,Low,0.0,Q2,0.0,-0.3925489909662621,1.0,0.0222405306723686,0.03925523255008642,-0.32584992682183445,13.023498416076299,2.2078393104511894e-06,673.0018672242553,-0.398092223610596,-0.3980924763279202,1.7820525471850006,4.916666666666667,7.718330977919849e-05
CUST_1204,21.0,Male,North,Graduate,Self-Employed,245560.5050582878,333194.2447448347,Home,646.9487449580546,0,57,43.96587348777377,2022-10-24,1,21.0,Self-Employed,Male,0,245560.5050582878,245560.5050582878,245560.5050582878,1204.0,CUST,2022,10,24,0,2.0,1,Low,0.0,Q1,0.0,-0.6325884425758529,1.0,0.003949547162786223,0.021282543714428098,-0.739905957385913,12.411302724608364,4.072316106867066e-06,495.5406189791991,-1.5531217830995225,-1.5531216187241779,1.3568722895897976,4.75,0.0001790429347567408
CUST_1205,22.0,Male,West,Post-Graduate,Salaried,679946.988104977,85269.03489617124,Education,675.5520986876464,1,65,82.45658549337512,2022-12-15,1,22.0,Salaried,Male,0,679946.988104977,679946.988104977,679946.988104977,1205.0,CUST,2022,12,15,3,3.0,1,Low,0.0,Q3,0.0,-0.12977035788979388,1.0,0.042264237659042275,0.05893049248454252,0.1274300527777758,13.42977158614601,1.470702889312458e-06,824.5889813143133,0.2590703246335581,0.25907028660232323,0.12540541599068383,5.416666666666667,0.00012126913852794649
CUST_1206,56.0,Female,South,Secondary,Salaried,260427.97243533144,179596.56642766407,Other,660.3454078520101,1,59,52.52531932348932,2021-12-14,1,56.0,Salaried,Female,0,260427.97243533144,260427.97243533144,260427.97243533144,1206.0,CUST,2021,12,14,1,1.0,0,Low,0.0,Q1,0.0,-0.6153788106871597,1.0,0.005260919485007825,0.02257109589548693,-0.7102202044002295,12.470085444399869,3.839833296747407e-06,510.32144030535443,-1.4327616767131688,-1.4327616349074366,0.6896208757504522,4.916666666666667,0.00020168847006062432
CUST_1207,36.0,Female,South,Post-Graduate,Salaried,792036.3399812774,303404.65578425035,Education,683.2052075948787,3,134,67.70657158956763,2023-05-07,0,36.0,Salaried,Female,1,988149.9229619774,792036.3399812774,792036.3399812774,1207.0,CUST,2023,5,7,6,3.0,0,Low,0.0,Q3,0.0,-2.287396984582504e-05,1.0,0.05215098366215118,0.06864519204774397,0.35123796354965586,13.582363816126211,1.2625683311589125e-06,889.9642352259316,0.4858801343585529,0.48588018789298726,0.38306910991936527,11.166666666666666,8.548417310033184e-05
CUST_1208,21.0,Female,South,Primary,Self-Employed,554041.0148598731,106828.41999595918,Other,598.4763187429767,1,73,43.31725792332936,2022-07-29,1,21.0,Self-Employed,Female,0,554041.0148598731,554041.0148598731,554041.0148598731,1208.0,CUST,2022,7,29,4,0.0,0,Low,0.0,Q2,0.0,-0.27551108138931585,1.0,0.031158808312619572,0.0480183167710234,-0.12396539517507192,13.224995801951026,1.8049205260279671e-06,744.3393143317589,-0.06212872327465621,-0.062128883808707694,0.19281680801384324,6.083333333333333,7.818420795706474e-05
CUST_1209,21.0,Male,West,Post-Graduate,,1236620.5011494583,254672.31049227057,Other,742.1625122247613,1,46,32.40646238358492,2023-01-23,0,21.0,Salaried,Male,0,1236620.5011494583,1236620.5011494583,1236620.5011494583,1209.0,CUST,2023,1,23,0,3.0,1,Low,1.0,Q4,0.0,0.5145993924332173,1.0,0.09136515168879669,0.10717696588718215,1.2389355959093042,14.027893623266994,8.086555245221938e-07,1112.0343974668492,1.0915503423035164,1.0915505825421952,0.20594217082240604,3.8333333333333335,2.620566483670661e-05
CUST_1210,47.0,Male,South,Graduate,Salaried,540161.4623279765,269682.7491037926,Education,647.7292379153533,1,15,91.14441366087966,2019-06-04,0,47.0,Salaried,Male,0,540161.4623279765,540161.4623279765,540161.4623279765,1210.0,CUST,2019,6,4,1,2.0,1,Low,0.0,Q2,0.0,-0.29157716606911394,1.0,0.029934574179558422,0.0468153864242778,-0.15167858650514984,13.199625229455236,1.8512983056431094e-06,734.9567758228891,-0.10331823693414349,-0.1033184113623879,0.499263216477027,1.25,0.0001687354985792212
CUST_1211,42.0,Male,West,Post-Graduate,Salaried,805765.2560462551,85514.50875970192,Car,521.7859084113124,0,79,61.30440600546032,2021-02-25,0,42.0,Salaried,Male,0,805765.2560462551,805765.2560462551,805765.2560462551,1211.0,CUST,2021,2,25,3,3.0,1,Low,0.0,Q3,0.0,0.0158688435444531,1.0,0.053361931033693036,0.06983506684554686,0.3786503802532164,13.59954897452382,1.241056241236324e-06,897.6442814646875,0.5107778255307627,0.5107778888846252,0.10612831481248636,6.583333333333333,7.60822156883621e-05
CUST_1212,,Male,South,Graduate,Salaried,2668007.8709890554,216521.0775417316,Business,552.7521603236602,1,28,89.38586377953105,2021-10-28,0,43.77204301075269,Salaried,Male,0,2668007.8709890554,2668007.8709890554,1862518.9859498884,1212.0,CUST,2021,10,28,3,2.0,1,Low,0.0,Q4,0.0,2.1714821082547484,1.0,0.21761945792548373,0.2312342293451656,4.096975288230792,14.79684301097054,3.7481148795319805e-07,1633.4037685119547,1.9637094173032186,1.9637094855925825,0.08115458724664619,2.3333333333333335,3.35028486051879e-05
CUST_1213,51.0,Female,East,Graduate,Unemployed,270487.5829579908,345354.9264082792,Home,653.4466406419508,0,45,27.290105186856778,2019-10-14,0,51.0,Unemployed,Female,0,270487.5829579908,270487.5829579908,270487.5829579908,1213.0,CUST,2019,10,14,0,2.0,0,Low,0.0,Q1,0.0,-0.6037344472156849,1.0,0.006148218880203664,0.02344295475018264,-0.6901342606725875,12.507985169198594,3.697027379324613e-06,520.084207564497,-1.356280894440836,-1.3562809186693727,1.2767866185160452,3.75,0.00010089226606045814
CUST_1214,52.0,Male,North,Graduate,Salaried,2884853.5321876067,188188.1890319872,Business,629.4759215557701,2,30,22.48600393259928,2023-05-05,1,52.0,Salaried,Male,0,2884853.5321876067,2884853.5321876067,1862518.9859498884,1214.0,CUST,2023,5,5,4,2.0,1,Low,0.0,Q4,0.0,2.4224888137848057,1.0,0.2367461451465165,0.2500280792056991,4.52994928246312,14.874985034534419,3.4663804898206593e-07,1698.4856585169057,2.041568920994282,2.041568933000092,0.06523318668751626,2.5,7.794504532599278e-06
CUST_1215,20.0,Male,East,Graduate,Self-Employed,450913.18241823744,52435.39117754006,Home,801.7129924618225,1,61,82.7449471055318,2018-07-30,0,20.0,Self-Employed,Male,0,450913.18241823744,450913.18241823744,450913.18241823744,1215.0,CUST,2018,7,30,0,2.0,1,Low,1.0,Q2,0.0,-0.39488528203762324,1.0,0.02206250551369863,0.03908030533635743,-0.3298799118962189,13.01903231749234,2.217721812023425e-06,671.5006942797881,-0.4057717386719236,-0.40577199281948734,0.11628711073641126,5.083333333333333,0.00018350527403066246
CUST_1216,38.0,Female,North,Primary,Self-Employed,473942.092760732,51815.91277018085,Home,647.8924918004084,0,52,67.87796307246637,2019-08-09,0,38.0,Self-Employed,Female,0,473942.092760732,473942.092760732,473942.092760732,1216.0,CUST,2019,8,9,4,0.0,0,Low,0.0,Q2,0.0,-0.36822848436379807,1.0,0.024093750975228957,0.041076203621969155,-0.2838982711352432,13.06884253600293,2.1099624094451277e-06,688.4345232196973,-0.3207035790301291,-0.32070381540266474,0.10932962815616934,4.333333333333333,0.00014321995051260855
CUST_1217,21.0,Male,West,Primary,Salaried,464682.4387031414,138331.23836402135,Other,761.4036202980766,0,52,25.85917243655951,2018-06-16,1,21.0,Salaried,Male,0,464682.4387031414,464682.4387031414,464682.4387031414,1217.0,CUST,2018,6,16,5,0.0,1,Low,1.0,Q2,0.0,-0.37894686925790805,1.0,0.023277011060048744,0.04027367639058732,-0.302386948198759,13.049111675753128,2.1520072993705746e-06,681.6761978411315,-0.35424852022637227,-0.3542487641043945,0.2976898346903448,4.333333333333333,5.564912783915844e-05
CUST_1218,,Male,East,Secondary,Salaried,1390873.6913559572,571263.2354104803,Home,486.070089083712,1,65,32.89557455640071,2021-06-10,0,43.77204301075269,Salaried,Male,0,1390873.6913559572,1390873.6913559572,1390873.6913559572,1218.0,CUST,2021,6,10,3,1.0,1,Low,0.0,Q4,0.0,0.6931530461112706,1.0,0.1049709232113578,0.12054597350866653,1.5469317048359836,14.145443381553592,7.189725466860433e-07,1179.3530817172427,1.2382775593923687,1.2382778178232254,0.41072258319118166,5.416666666666667,2.3651015013516026e-05
CUST_1219,45.0,Female,South,Secondary,Salaried,825938.8080847127,101929.5541927834,Home,715.1335586665882,1,81,78.05643502965145,2021-04-20,0,45.0,Salaried,Female,0,825938.8080847127,825938.8080847127,825938.8080847127,1219.0,CUST,2021,4,20,1,1.0,0,Low,1.0,Q3,0.0,0.03922046057946457,1.0,0.05514132204315163,0.07158349338112452,0.41893074996717156,13.624277178279709,1.2107434475767209e-06,908.8117561325407,0.5463787874606784,0.5463788646922431,0.12341053985332877,6.75,9.450631725334852e-05
CUST_1220,51.0,Male,North,Post-Graduate,Self-Employed,668125.8338158763,251223.225011044,Education,592.7586544593344,4,68,48.57883269965457,2022-10-05,0,51.0,Self-Employed,Male,0,668125.8338158763,668125.8338158763,668125.8338158763,1220.0,CUST,2022,10,5,2,3.0,1,Low,0.0,Q3,0.0,-0.14345377206220292,1.0,0.04122156279328983,0.05790596196057627,0.1038268487261066,13.41223330547742,1.4967240441425817e-06,817.3896462617301,0.2323286773474744,0.2323286285242115,0.37601184132107157,5.666666666666667,7.270910693795288e-05
CUST_1221,25.0,Female,North,Secondary,Self-Employed,385077.49491469946,100225.25594610194,Business,647.5311098368577,1,29,66.99594305301773,2020-11-18,1,25.0,Self-Employed,Female,0,385077.49491469946,385077.49491469946,385077.49491469946,1221.0,CUST,2020,11,18,2,1.0,0,Low,0.0,Q2,0.0,-0.4710924744491809,1.0,0.016255524659657718,0.03337437596904778,-0.46133350162397435,12.861202475383951,2.5968798830883286e-06,620.5461263392912,-0.6838923142752464,-0.6838925927022942,0.26027295094381103,2.4166666666666665,0.00017398041676291298
CUST_1222,51.0,Female,East,Post-Graduate,Self-Employed,1068040.4969388556,765745.6422558668,Education,630.13135788703,0,47,37.059921881560925,2019-12-15,0,51.0,Self-Employed,Female,0,1068040.4969388556,1068040.4969388556,1068040.4969388556,1222.0,CUST,2019,12,15,6,3.0,0,Low,0.0,Q4,0.0,0.31946193272448087,1.0,0.07649569571520337,0.09256626410458482,0.9023332522546874,13.88133715255911,9.362940851557299e-07,1033.4604476896325,0.9012006157014073,0.9012008130897879,0.7169631155779437,3.9166666666666665,3.46989856540389e-05
CUST_1223,23.0,Female,West,Secondary,Salaried,1751219.196899078,426830.34035082505,Home,536.0333088215126,2,66,42.40454598586452,2019-11-19,0,23.0,Salaried,Female,0,1751219.196899078,1751219.196899078,1751219.196899078,1223.0,CUST,2019,11,19,1,1.0,0,Low,0.0,Q4,0.0,1.1102660180702693,1.0,0.13675489222385037,0.15177684661751106,2.2664306884740064,14.375823358301007,5.710307434757519e-07,1323.3363884134214,1.5112247131621386,1.511224961758275,0.24373324658853984,5.5,2.421429942105993e-05
CUST_1224,30.0,Male,East,Secondary,Salaried,1060738.905432533,311025.0611252794,Other,685.4228420257482,2,73,94.21056748296392,2018-11-26,0,30.0,Salaried,Male,0,1060738.905432533,1060738.905432533,1060738.905432533,1224.0,CUST,2018,11,26,0,1.0,1,Low,0.0,Q4,0.0,0.3110100761413318,1.0,0.07585166504294884,0.09193344067729417,0.8877542229982494,13.874477246575767,9.427390612987904e-07,1029.9217957847736,0.8920836936492718,0.892083888523199,0.2932154741656448,6.083333333333333,8.881598195331575e-05
CUST_1225,36.0,,West,Graduate,Unemployed,200783.16562402088,70052.3246073338,Education,647.0040489933766,1,43,31.04745240985108,2022-10-13,0,36.0,Unemployed,Male,0,200783.16562402088,206237.27455821127,232246.6443437917,1225.0,CUST,2022,10,13,3,2.0,3,Low,0.0,Q1,0.0,-0.6844198345053657,1.0,0.0,0.0174017254871673,-0.8293125122544446,12.209985807236299,4.980497228650922e-06,448.08834578018303,-1.981826473627095,-1.9818256628295814,0.34889540856738077,3.5833333333333335,0.00015463175068393468
CUST_1226,57.0,Male,West,Graduate,Self-Employed,705852.3425335606,161968.8701560357,Education,648.4327746495899,1,71,53.04879204810369,2021-04-22,0,57.0,Self-Employed,Male,0,705852.3425335606,705852.3425335606,705852.3425335606,1226.0,CUST,2021,4,22,3,2.0,1,Low,0.0,Q3,0.0,-0.0997839720208443,1.0,0.04454919742612673,0.06117569000901095,0.17915506639784506,13.467162764774054,1.4167268984281746e-06,840.1501904621343,0.31561415821050076,0.3156141431097481,0.2294656550580762,5.916666666666667,7.515565062367116e-05
CUST_1227,43.0,Male,North,Graduate,Salaried,226244.57374752228,55920.73196045043,Car,720.9624817706325,4,49,81.77419917119524,2023-11-13,1,43.0,Salaried,Male,0,226244.57374752228,226244.57374752228,232246.6443437917,1227.0,CUST,2023,11,13,0,2.0,1,Low,1.0,Q1,0.0,-0.6549473325613008,1.0,0.0022458018606116743,0.01960844652030204,-0.7784739226645989,12.329376297823941,4.419995509248104e-06,475.6517357768415,-1.724458515031427,-1.7244581337894809,0.24716938413905784,4.083333333333333,0.000361441593109043
CUST_1228,24.0,Male,East,Graduate,Unemployed,348938.4116112378,181127.95092716115,Home,771.1825636955323,1,36,30.33397316159793,2020-02-24,0,24.0,Unemployed,Male,0,348938.4116112378,348938.4116112378,348938.4116112378,1228.0,CUST,2020,2,24,0,2.0,1,Low,1.0,Q1,0.0,-0.5129247720876952,1.0,0.013067907536125536,0.030242228883657497,-0.5334921196904315,12.762653580414892,2.8658352497043808e-06,590.7100910017009,-0.8643652991997124,-0.8643655590383088,0.5190828664737837,3.0,8.693216955009398e-05
CUST_1229,53.0,Other,East,Graduate,,790882.2738727859,1603193.1202746546,Other,620.9031160729962,1,70,45.29316931816811,2020-07-29,0,53.0,Salaried,Other,1,319537.6300823429,790882.2738727859,790882.2738727859,1229.0,CUST,2020,7,29,2,2.0,2,Low,0.0,Q3,0.0,-0.0013587472829443385,1.0,0.05204919024204073,0.0685451700087867,0.3489336489978226,13.580905668063862,1.2644106879403987e-06,889.3156210664389,0.48376165582890623,0.4837617085239968,2.0270945161077902,5.833333333333333,5.72691673765859e-05
CUST_1230,25.0,Male,West,Secondary,Salaried,662912.3340643961,75226.65068739168,Education,688.1880511789179,0,21,62.282759426449005,2021-07-12,0,25.0,Salaried,Male,0,662912.3340643961,662912.3340643961,662912.3340643961,1230.0,CUST,2021,7,12,0,1.0,1,Low,0.0,Q3,0.0,-0.14948858682246963,1.0,0.04076171047933374,0.05745411187035228,0.09341709554566019,13.404399542772087,1.5084950884135668e-06,814.1942852074044,0.2203384362766612,0.22033838263151465,0.11347903307973342,1.75,9.39532366876421e-05
CUST_1231,41.0,Male,East,Post-Graduate,Self-Employed,792200.7949226898,118184.2064654069,Education,673.4390566667984,1,87,50.900992875383714,2022-08-07,0,41.0,Self-Employed,Male,1,1304078.720268533,792200.7949226898,792200.7949226898,1231.0,CUST,2022,8,7,6,3.0,1,Low,0.0,Q3,0.0,0.00016748858029197526,1.0,0.052165489270467075,0.06865944523344594,0.35156632941347354,13.582571429911756,1.2623062314459885e-06,890.0566245597466,0.4861816916635974,0.4861817453174301,0.14918466027978242,7.25,6.425264049338474e-05
CUST_1232,30.0,Female,South,Post-Graduate,Self-Employed,260794.4307284065,151445.29685657006,Other,680.2091605063151,0,41,49.05769265847698,2019-09-18,1,30.0,Self-Employed,Female,0,260794.4307284065,260794.4307284065,260794.4307284065,1232.0,CUST,2019,9,18,2,3.0,0,Low,0.0,Q1,0.0,-0.6149546219422685,1.0,0.005293242627248531,0.022602856559279478,-0.7094885000627053,12.47149158866799,3.83443771083848e-06,510.6803606253196,-1.4299085122161739,-1.4299084730350078,0.5807075573959606,3.4166666666666665,0.0001881086667363882
CUST_1233,67.0,Male,South,Graduate,Self-Employed,791813.8601519935,553976.713659422,Home,681.4078131572787,1,55,40.8133271623805,2018-05-19,0,67.0,Self-Employed,Male,1,662530.912905048,791813.8601519935,791813.8601519935,1233.0,CUST,2018,5,19,5,2.0,1,Low,0.0,Q3,0.0,-0.00028040242896637877,1.0,0.05213136001792339,0.06862590988878609,0.35079373985715145,13.582082881035515,1.2629230811840232e-06,889.8392327561162,0.48547204848929176,0.48547210186208695,0.6996299781189566,4.583333333333333,5.154409289328517e-05
CUST_1234,35.0,Male,East,Secondary,Salaried,504620.4428853946,1049791.21518047,Car,777.2402675651871,0,43,59.86493786086864,2020-02-01,0,35.0,Salaried,Male,0,504620.4428853946,504620.4428853946,504620.4428853946,1234.0,CUST,2020,2,1,5,1.0,1,Low,1.0,Q2,0.0,-0.33271718313080556,1.0,0.026799708770503833,0.043735073082510796,-0.2226430552525942,13.131563809104675,1.9816874525776894e-06,710.3664145252045,-0.21538193344240336,-0.2153821424492897,2.0803580789494225,3.5833333333333335,0.00011863359620822645
CUST_1235,,Male,East,Graduate,,430266.7240593697,59190.212436336544,Education,613.2258505208565,0,54,63.07167932350687,2023-01-08,0,43.77204301075269,Salaried,Male,0,430266.7240593697,430266.7240593697,430266.7240593697,1235.0,CUST,2023,1,8,6,2.0,1,Low,0.0,Q2,0.0,-0.4187843052639986,1.0,0.020241402204232088,0.037290892366766,-0.37110452987095993,12.972162908017562,2.3241397581068226e-06,655.9471960907903,-0.48698944037242486,-0.48698970735394675,0.13756632601407867,4.5,0.00014658739752632636
CUST_1236,28.0,Male,West,Primary,Unemployed,264499.4118320586,336264.9760601149,Car,527.9411277437055,1,34,65.52961097661583,2022-04-05,1,28.0,Unemployed,Male,0,264499.4118320586,264499.4118320586,264499.4118320586,1236.0,CUST,2022,4,5,1,0.0,1,Low,0.0,Q1,0.0,-0.6106659721452715,1.0,0.00562003733615675,0.02292396447637262,-0.7020907939793231,12.485598087300295,3.7807267435329237e-06,514.2950630057211,-1.4013521083207459,-1.4013520947135365,1.2713259879039347,2.8333333333333335,0.0002477495527126001
CUST_1237,25.0,Male,South,Primary,Salaried,471457.3320919404,142955.16486109782,Business,594.1700985107291,1,115,15.981289172012492,2019-11-07,1,25.0,Salaried,Male,0,471457.3320919404,471457.3320919404,471457.3320919404,1237.0,CUST,2019,11,7,3,0.0,1,Low,0.0,Q2,0.0,-0.3711046848192592,1.0,0.023874584772555503,0.04086085128939069,-0.28885957285339475,13.063586004068737,2.1210827192815317e-06,686.6275060700236,-0.32962090351338236,-0.32962114194179537,0.30321972981891704,9.583333333333334,3.3897636294596755e-05
CUST_1238,35.0,Male,South,Secondary,Salaried,7164070.758912296,149666.85537683463,Home,710.5813546828324,2,65,63.63790493552416,2018-04-02,0,35.0,Salaried,Male,0,7164070.758912296,3281717.2116861595,1862518.9859498884,1238.0,CUST,2018,4,2,0,1.0,1,Medium,1.0,Q4,1.0,7.375837718211995,1.0,0.6141908631732997,0.6209046078627989,13.074228031698953,15.784589058711163,1.3958544431663763e-07,2676.578180982632,2.8252223484854424,2.8252212464562834,0.020891314507249407,5.416666666666667,8.882925235805086e-06
CUST_1239,,Female,North,Graduate,Salaried,236827.39525361807,330700.2901990684,Business,651.8663606917742,4,93,91.02516019640478,2020-12-28,1,43.77204301075269,Salaried,Female,0,236827.39525361807,236827.39525361807,236827.39525361807,1239.0,CUST,2020,12,28,0,2.0,0,Low,0.0,Q1,0.0,-0.6426973334293123,1.0,0.0031792506358572885,0.0205256516762045,-0.7573432877585745,12.375091087191661,4.2224844760331756e-06,486.6491500594839,-1.6283326565377203,-1.628332403332523,1.3963768415852322,7.75,0.0003843523258577521
CUST_1240,22.0,Male,West,Post-Graduate,Salaried,241788.64778237988,551249.9985674345,Business,612.5920527604003,2,51,55.98383001988712,2018-02-06,0,22.0,Salaried,Male,0,241788.64778237988,241788.64778237988,241788.64778237988,1240.0,CUST,2018,2,6,1,3.0,1,Low,0.0,Q1,0.0,-0.6369545039640415,1.0,0.0036168536979508323,0.020955639689939146,-0.7474371945865909,12.395823403104798,4.135843469618493e-06,491.7200908874681,-1.5851718414096572,-1.5851716403666978,2.279883706702327,4.25,0.00023154035779198188
CUST_1241,,Male,North,Graduate,Self-Employed,419075.2193682152,3917374.543904647,Business,563.8802185272286,1,69,70.79770201328577,2022-11-23,0,43.77204301075269,Self-Employed,Male,0,419075.2193682152,419075.2193682152,419075.2193682152,1241.0,CUST,2022,11,23,2,2.0,1,Low,0.0,Q2,0.0,-0.43173887722510756,1.0,0.019254265046046402,0.03632093309842525,-0.3934505176154977,12.945808090161094,2.386206470245859e-06,647.3601929128907,-0.5331637328956338,-0.5331640051907528,9.34766448304169,5.75,0.0001689379346226408
CUST_1242,55.0,Female,South,Graduate,Unemployed,1621297.1527639204,222134.58868909275,Home,667.7028897384427,1,37,57.32224615953351,2023-12-28,0,55.0,Unemployed,Female,0,1621297.1527639204,1621297.1527639204,1621297.1527639204,1242.0,CUST,2023,12,28,3,2.0,0,Low,0.0,Q4,0.0,0.9598765470804087,1.0,0.12529522875834506,0.1405166010698078,2.007016383953885,14.298737715182623,6.167900796526247e-07,1273.3016739028974,1.421992778084524,1.4219930368726552,0.13701041065114855,3.0833333333333335,3.5355792774606036e-05
CUST_1243,38.0,Male,West,Graduate,Salaried,752173.3194204587,138359.80012988282,Home,701.5605020219048,0,67,82.65295258031819,2021-04-16,0,38.0,Salaried,Male,0,752173.3194204587,752173.3194204587,752173.3194204587,1243.0,CUST,2021,4,16,4,2.0,1,Low,1.0,Q3,0.0,-0.04616576383973487,1.0,0.04863489981828652,0.0651902941297201,0.27164378979960085,13.530723383808686,1.3294808180077355e-06,867.2792626486919,0.41028505729236686,0.4102850805768337,0.1839467002560634,5.583333333333333,0.00010988551500723599
CUST_1244,45.0,Female,East,Secondary,Salaried,791986.2593821345,359808.8619154197,Other,674.4697644076823,0,75,89.01456304079336,2023-01-11,0,45.0,Salaried,Female,1,507413.1592120413,791986.2593821345,791986.2593821345,1244.0,CUST,2023,1,11,2,1.0,0,Low,0.0,Q3,0.0,-8.084407693641965e-05,1.0,0.052146566345473724,0.06864085159999873,0.3511379680186198,13.582300584028452,1.2626481686279763e-06,889.936098482433,0.48578828651968564,0.48578834001774535,0.4543120005536211,6.25,0.00011239407500467728
CUST_1245,22.0,Male,West,Secondary,Salaried,424645.7986449028,107803.62845575456,Car,629.7335735076043,3,51,25.658691440190537,2023-03-10,1,22.0,Salaried,Male,0,424645.7986449028,424645.7986449028,424645.7986449028,1245.0,CUST,2023,3,10,4,1.0,1,Low,0.0,Q2,0.0,-0.42529072998339223,1.0,0.019745613255995664,0.036803731001706357,-0.38232778660818073,12.95901304037108,2.3549037884457455e-06,651.64852385692,-0.5099825911709753,-0.5099828609862338,0.25386717305865397,4.25,6.042374967906512e-05
CUST_1246,38.0,Male,East,Post-Graduate,Self-Employed,650283.4892867231,216056.5681903547,Car,661.731302743797,1,68,47.13310310735576,2018-05-17,0,38.0,Self-Employed,Male,0,650283.4892867231,650283.4892867231,650283.4892867231,1246.0,CUST,2018,5,17,3,3.0,1,Low,0.0,Q3,0.0,-0.16410693198452334,1.0,0.03964779396059668,0.056359579421089906,0.06820118236710454,13.385165221945421,1.5377908503897169e-06,806.4015682566119,0.1907785758856948,0.19077851040948826,0.3322498137297294,5.666666666666667,7.248085470896681e-05
CUST_1247,39.0,Male,East,Primary,,205091.42687627155,832882.0942519843,Other,661.2674373245932,5,51,43.35247857928131,2022-07-22,1,39.0,Salaried,Male,0,205091.42687627155,206237.27455821127,232246.6443437917,1247.0,CUST,2022,7,22,4,0.0,1,Low,0.0,Q1,0.0,-0.6794328660896127,1.0,0.00038000652161005594,0.017775119239604963,-0.8207102415321572,12.23121601932353,4.875874214647332e-06,452.87020974697765,-1.9353828250290726,-1.9353821016057144,4.061028327204719,4.25,0.00021138123244576854
CUST_1248,,Male,West,Post-Graduate,Salaried,705432.6549630213,263789.9645975588,Other,665.175754497413,3,34,44.44328548043869,2022-05-02,1,43.77204301075269,Salaried,Male,0,705432.6549630213,705432.6549630213,705432.6549630213,1248.0,CUST,2022,5,2,0,3.0,1,Low,0.0,Q3,0.0,-0.10026977558200723,1.0,0.04451217924071369,0.061139316003898506,0.17831707958850937,13.466568006112412,1.4175697608416558e-06,839.9003839521812,0.3147197169614245,0.31471970149733486,0.37394067702699024,2.8333333333333335,6.300145756952291e-05
CUST_1249,26.0,Male,East,Graduate,Self-Employed,1422575.4297699062,104992.37377770193,Business,555.2556039184703,1,68,20.66955540436945,2020-08-29,0,26.0,Self-Employed,Male,0,1422575.4297699062,1422575.4297699062,1422575.4297699062,1249.0,CUST,2020,8,29,5,2.0,1,Low,0.0,Q4,0.0,0.7298489563493592,1.0,0.10776714810078,0.12329353926016262,1.6102303119159194,14.167980172727246,7.029504229204317e-07,1192.7176655729997,1.2658205934837425,1.2658208536569673,0.07380443355045561,5.666666666666667,1.4529672713078799e-05
CUST_1250,60.0,Male,North,Graduate,Self-Employed,674114.5219464216,92537.91345688852,Other,665.7861080491903,1,49,79.15733670836114,2019-10-24,0,60.0,Self-Employed,Male,0,674114.5219464216,674114.5219464216,674114.5219464216,1250.0,CUST,2019,10,24,3,2.0,1,Low,0.0,Q3,0.0,-0.13652164868105418,1.0,0.04174978993928918,0.058424997042786066,0.1157844143318106,13.421156772754182,1.4834274703025095e-06,821.0447746295092,0.24595243596134428,0.2459523926302606,0.1372732828664247,4.083333333333333,0.00011742416774916816
CUST_1251,52.0,Male,South,Graduate,Self-Employed,1234542.0566187715,550791.1963579373,Education,614.7522825227045,1,73,13.040130656269495,2022-12-16,0,52.0,Self-Employed,Male,0,1234542.0566187715,1234542.0566187715,1234542.0566187715,1251.0,CUST,2022,12,16,4,2.0,1,Low,0.0,Q4,0.0,0.5121935176216527,1.0,0.09118182425570448,0.10699682866775488,1.2347855823684852,14.026211464938639,8.10016957000843e-07,1111.0994809731358,1.0894127794792874,1.0894130193495046,0.4461502088167102,6.083333333333333,1.0562726953084822e-05
CUST_1252,59.0,Male,East,Graduate,Unemployed,843628.3964535804,71473.32374075835,Car,733.2494884807807,2,21,54.899261656808335,2019-02-19,0,59.0,Unemployed,Male,0,843628.3964535804,843628.3964535804,843628.3964535804,1252.0,CUST,2019,2,19,1,2.0,1,Low,1.0,Q3,0.0,0.05969679971445278,1.0,0.056701617148573885,0.07311663665944325,0.4542514093248951,13.645468573415837,1.1853560219071767e-06,918.4924585719691,0.576677903070316,0.5766779919375848,0.08472133470182909,1.75,6.507517040315552e-05
CUST_1253,58.0,Male,North,Post-Graduate,Salaried,264234.0685129985,191026.91168196357,Other,660.6334913400219,3,23,66.25966298379876,2018-12-09,1,58.0,Salaried,Male,0,264234.0685129985,264234.0685129985,264234.0685129985,1253.0,CUST,2018,12,9,6,3.0,1,Low,0.0,Q1,0.0,-0.6109731166460356,1.0,0.005596632954248431,0.022900967371093463,-0.7026206028584185,12.484594396981793,3.7845233417089117e-06,514.0370302935369,-1.4033799221892285,-1.4033799068074064,0.722945806154958,1.9166666666666667,0.00025076124117595237
CUST_1254,37.0,Male,East,Post-Graduate,Self-Employed,1363712.057990887,99911.05377810502,Education,716.8383377458314,4,63,27.63490223500456,2018-05-26,0,37.0,Self-Employed,Male,0,1363712.057990887,1363712.057990887,1363712.057990887,1254.0,CUST,2018,5,26,5,3.0,1,Low,1.0,Q4,0.0,0.6617124718793564,1.0,0.10257515442855342,0.11819189523655123,1.492698289129407,14.125721727213213,7.332926288456632e-07,1167.7808261788198,1.2140213872551653,1.214021643693271,0.07326403927568706,5.25,2.0264470107799386e-05
CUST_1255,59.0,Male,South,Graduate,Salaried,234377.08089506856,57941.59874277333,Education,625.8574890360198,0,49,86.99726632839763,2018-11-19,1,59.0,Salaried,Male,0,234377.08089506856,234377.08089506856,234377.08089506856,1255.0,CUST,2018,11,19,0,2.0,1,Low,0.0,Q1,0.0,-0.6455336610332543,1.0,0.0029631227406983936,0.02031328477934728,-0.7622358108050677,12.364690820772708,4.266628785282283e-06,484.1250674103424,-1.6500856337185432,-1.6500853529902222,0.24721529306119241,4.083333333333333,0.00037118504075761045
CUST_1256,,Male,North,Secondary,Self-Employed,792254.8206559299,57336.70112226542,Education,628.7428929910833,0,65,81.27668259710741,2023-12-10,0,43.77204301075269,Self-Employed,Male,1,662912.3340643961,792254.8206559299,792254.8206559299,1256.0,CUST,2023,12,10,6,1.0,1,Low,0.0,Q3,0.0,0.00023002532296637778,1.0,0.05217025456434411,0.06866412760298705,0.35167420216215106,13.582639624520095,1.2622201517933964e-06,890.0869736469183,0.4862807396601439,0.4862807933532713,0.07237153959387846,5.416666666666667,0.00010258906664498462
CUST_1257,30.0,Female,South,Graduate,,276655.50510375784,88528.14869166538,Education,769.5400997005065,1,52,50.04211700613365,2021-06-29,0,30.0,Salaried,Female,0,276655.50510375784,276655.50510375784,276655.50510375784,1257.0,CUST,2021,6,29,1,2.0,0,Low,1.0,Q1,0.0,-0.5965948539712653,1.0,0.006692255210161625,0.023977523909271627,-0.6778188199448087,12.530531961889528,3.614603655144366e-06,525.9805177986708,-1.3111937851664857,-1.3111938442255022,0.3199941698440576,4.333333333333333,0.00018088241904153272
CUST_1258,47.0,Male,South,Post-Graduate,Self-Employed,205887.836307241,453136.1963741445,Business,684.9068150732406,0,25,44.94765924891179,2023-02-22,0,47.0,Self-Employed,Male,0,205887.836307241,206237.27455821127,232246.6443437917,1258.0,CUST,2023,2,22,2,3.0,1,Low,0.0,Q1,0.0,-0.6785109933326676,1.0,0.0004502531384980267,0.017844143444149446,-0.8191200572025966,12.235091672542778,4.857013497675289e-06,453.7486488213943,-1.9269363250141571,-1.926935616998305,2.2008886220744603,2.0833333333333335,0.0002183113876608741
CUST_1259,,Female,North,Secondary,Self-Employed,474120.3428218688,116390.54133360989,Education,592.838837407541,1,31,30.1082736429435,2019-08-24,0,43.77204301075269,Self-Employed,Female,0,474120.3428218688,474120.3428218688,474120.3428218688,1259.0,CUST,2019,8,24,5,1.0,0,Low,0.0,Q2,0.0,-0.3680221534630128,1.0,0.0241094733703539,0.041091652420290135,-0.2835423606664057,13.069218565429932,2.109169148969879e-06,688.5639714811317,-0.32006621250546147,-0.32006644872942996,0.2454873390127535,2.5833333333333335,6.350344189643938e-05
CUST_1260,42.0,Female,North,Graduate,Salaried,374807.6095951888,650991.6225071519,Business,721.757955089638,0,60,72.04942409482192,2019-04-20,0,42.0,Salaried,Female,0,374807.6095951888,374807.6095951888,374807.6095951888,1260.0,CUST,2019,4,20,5,2.0,0,Low,1.0,Q1,0.0,-0.48298023861275136,1.0,0.01534967815474518,0.03248429275634723,-0.48183929935365555,12.834170800254366,2.668035478397491e-06,612.2153294349863,-0.7328644098550294,-0.7328646862239203,1.736868744988628,5.0,0.0001922304196830919
CUST_1261,50.0,Male,North,Graduate,Salaried,532766.4871115796,224274.1298347728,Business,607.3356213257704,1,43,21.19822296871695,2022-02-24,0,50.0,Salaried,Male,0,532766.4871115796,532766.4871115796,532766.4871115796,1261.0,CUST,2022,2,24,3,2.0,1,Low,0.0,Q2,0.0,-0.30013711767840445,1.0,0.0292823066765356,0.04617446950128678,-0.1664440742672532,13.18584037365788,1.8769949390074824e-06,729.9085470876332,-0.1258302685635209,-0.12583045033455256,0.42096140665017556,3.5833333333333335,3.978895722823389e-05
CUST_1262,49.0,Female,West,Graduate,Unemployed,630427.8785462037,164758.12196301753,Education,668.0558510249218,1,26,67.82020907672157,2019-07-29,0,49.0,Unemployed,Female,0,630427.8785462037,630427.8785462037,630427.8785462037,1262.0,CUST,2019,7,29,0,2.0,0,Low,0.0,Q3,0.0,-0.1870905204534739,1.0,0.03789644669306357,0.05463870861793911,0.028555643495227778,13.354155626353158,1.5862242676992407e-06,793.9948857179143,0.14276064255085305,0.14276055807250984,0.2613433313582897,2.1666666666666665,0.00010757806147793206
CUST_1263,61.0,Female,North,Secondary,Unemployed,222362.23312795628,223542.42023882063,Car,796.9339704687524,2,62,81.60884382006516,2018-12-13,0,61.0,Unemployed,Female,0,222362.23312795628,222362.23312795628,232246.6443437917,1263.0,CUST,2018,12,13,3,1.0,0,Low,1.0,Q1,0.0,-0.659441282420738,1.0,0.001903363306362909,0.019271966987770534,-0.7862257610723077,12.312067509022665,4.497166564160145e-06,471.5530013985239,-1.7612005051863666,-1.7612000705344721,1.0053074979694603,5.166666666666667,0.00036700856376736433
CUST_1264,54.0,Male,North,Graduate,Salaried,792132.2156257406,195422.8717990173,Education,535.4974089889556,1,56,29.420083952947017,2022-02-19,0,54.0,Salaried,Male,1,590120.8940447564,792132.2156257406,792132.2156257406,1264.0,CUST,2022,2,19,5,2.0,1,Low,0.0,Q3,0.0,8.810556059196198e-05,1.0,0.052159440291874026,0.06865350151751784,0.3514293976807489,13.582484858199921,1.2624155163256822e-06,890.0180984821267,0.4860559492572131,0.48605600286127026,0.246704865604004,4.666666666666667,3.714037047380453e-05
CUST_1265,26.0,Male,North,Post-Graduate,Salaried,608949.9198641233,334406.07370986964,Education,635.9374462586771,4,71,83.64632924639427,2019-01-17,1,26.0,Salaried,Male,0,608949.9198641233,608949.9198641233,608949.9198641233,1265.0,CUST,2019,1,17,3,3.0,1,Low,0.0,Q2,0.0,-0.21195203541532232,1.0,0.036002001604387004,0.05277723014264621,-0.014329224512448925,13.319492952088257,1.6421711660734123e-06,780.3524331121954,0.088553296365187,0.08855319085769137,0.549152012006168,5.916666666666667,0.00013736159003631184
CUST_1266,35.0,Female,North,Secondary,Salaried,792202.38321154,116395.36967974529,Education,682.6617312721625,0,41,12.83247195235822,2021-07-27,0,35.0,Salaried,Female,1,381164.3059506046,792202.38321154,792202.38321154,1266.0,CUST,2021,7,27,1,1.0,0,Low,0.0,Q3,0.0,0.00016932708215317455,1.0,0.05216562936413502,0.06865958288924233,0.3515695007370944,13.582573434814128,1.262303700644573e-06,890.0575167996392,0.4861846036758891,0.48618465733092847,0.1469263058846356,3.4166666666666665,1.619847683387947e-05
CUST_1267,45.0,Female,East,Secondary,Self-Employed,853138.4192807291,137097.37450452533,Car,711.1758667731739,0,59,87.58692775785465,2018-03-13,0,45.0,Self-Employed,Female,0,853138.4192807291,853138.4192807291,853138.4192807291,1267.0,CUST,2018,3,13,1,1.0,0,Low,1.0,Q3,0.0,0.07070499552600083,1.0,0.05754044062825239,0.0739408631631962,0.4732399957045,13.65667825893363,1.1721427348581568e-06,923.6549243525577,0.5926274206542015,0.5926275155736761,0.16069769149360724,4.916666666666667,0.00010266438103991555
CUST_1268,67.0,,West,Post-Graduate,Self-Employed,728195.610625855,499041.24547610414,Home,550.7012874111301,3,52,20.06078936736033,2021-01-22,1,67.0,Self-Employed,Male,0,728195.610625855,728195.610625855,728195.610625855,1268.0,CUST,2021,1,22,4,3.0,3,Low,0.0,Q3,0.0,-0.0739208300809808,1.0,0.04651996639579359,0.06311216419806905,0.2237676907715768,13.49832636025762,1.3732573849584282e-06,853.3437822037816,0.3622571508883386,0.3622571547318262,0.6853120757489118,4.333333333333333,2.7548627146823085e-05
CUST_1269,21.0,Male,South,Secondary,Salaried,1134118.4497486842,635452.2233888301,Home,527.1367785139986,1,23,64.88953012473277,2021-10-28,0,21.0,Salaried,Male,0,1134118.4497486842,1134118.4497486842,1134118.4497486842,1269.0,CUST,2021,10,28,3,1.0,1,Low,0.0,Q4,0.0,0.3959495560012914,1.0,0.08232404537465324,0.09829319042321771,1.0342705711783546,13.941367092597888,8.817421145143862e-07,1064.949975232961,0.9801840453297487,0.9801842628360762,0.5603049871237352,1.9166666666666667,5.721583150202684e-05
CUST_1270,20.0,Male,North,Post-Graduate,Salaried,789628.4320513487,496161.2458394615,Business,737.2599481592341,0,61,31.257009857685052,2021-09-21,0,20.0,Salaried,Male,0,789628.4320513487,789628.4320513487,789628.4320513487,1270.0,CUST,2021,9,21,1,3.0,1,Low,1.0,Q3,0.0,-0.002810114596983272,1.0,0.05193859618998212,0.06843650048406251,0.3464301130794069,13.57931904104116,1.2664184309947782e-06,888.6103938461156,0.4814554603878268,0.4814555121685824,0.6283477464764252,5.083333333333333,3.958445338155782e-05
CUST_1271,67.0,Male,East,Graduate,Self-Employed,480999.0043020031,158755.17869949882,Business,592.366811455693,1,48,81.10695324941717,2019-10-26,0,67.0,Self-Employed,Male,0,480999.0043020031,480999.0043020031,480999.0043020031,1271.0,CUST,2019,10,26,5,2.0,1,Low,0.0,Q2,0.0,-0.3600598537008603,1.0,0.024716199859151057,0.04168782082128345,-0.2698077924045174,13.083622558031772,2.0790063826230783e-06,693.5409175398399,-0.2957057502555434,-0.29570598063791576,0.3300530297907254,4.0,0.00016862187348064994
CUST_1272,31.0,Female,East,Secondary,Self-Employed,758846.5205528075,353158.09831030545,Car,589.0173993602148,2,72,53.545530677814654,2022-02-24,0,31.0,Self-Employed,Female,0,758846.5205528075,758846.5205528075,758846.5205528075,1272.0,CUST,2022,2,24,3,1.0,0,Low,0.0,Q3,0.0,-0.038441291870537374,1.0,0.04922350385175439,0.06576865543737694,0.28496811703132335,13.539556141008283,1.3177895304288122e-06,871.1179716621667,0.4232984636405461,0.42329849216960114,0.4653880445394697,6.0,7.056173972847893e-05
CUST_1273,24.0,Male,East,Post-Graduate,,361054.7599900647,179380.90248233633,Other,774.0199738217733,1,53,21.49550125595261,2023-03-07,0,24.0,Salaried,Male,0,361054.7599900647,361054.7599900647,361054.7599900647,1273.0,CUST,2023,3,7,1,3.0,1,Low,1.0,Q1,0.0,-0.4988996600664816,1.0,0.014136619745638901,0.03129234365667612,-0.509299503965058,12.796787685193603,2.7696629730067006e-06,600.8783237811668,-0.8012490461034055,-0.801249315953543,0.49682464366985263,4.416666666666667,5.953529391483097e-05
CUST_1274,56.0,Male,South,Graduate,Salaried,792139.1190612217,187647.7899894739,Home,655.5761851785458,0,49,58.53428356270817,2018-02-09,0,56.0,Salaried,Male,1,2070584.7915370583,792139.1190612217,792139.1190612217,1274.0,CUST,2018,2,9,4,2.0,1,Low,0.0,Q3,0.0,9.609653715741498e-05,1.0,0.052160049203532524,0.06865409983306281,0.35144318171506006,13.582493573155011,1.2624045144652039e-06,890.0219767293512,0.4860686075751231,0.4860686611842219,0.23688741721213039,4.083333333333333,7.389394382054917e-05
CUST_1275,51.0,Female,North,Graduate,Salaried,977913.4079251586,95802.17334320904,Business,656.0990582145259,4,47,44.67002186674357,2021-10-14,0,51.0,Salaried,Female,0,977913.4079251586,977913.4079251586,977913.4079251586,1275.0,CUST,2021,10,14,3,2.0,0,Low,0.0,Q4,0.0,0.21513656339357973,1.0,0.06854611243934172,0.08475501729462709,0.7223772157672317,13.793177427728141,1.0225854271816118e-06,988.89504393801,0.7825905032245397,0.7825906651326124,0.09796590635309224,3.9166666666666665,4.5678913392815916e-05
CUST_1276,28.0,Male,West,Secondary,Salaried,495674.06445783767,228871.7527147988,Home,635.6160443878774,0,46,66.2230644121136,2023-07-24,0,28.0,Salaried,Male,0,495674.06445783767,495674.06445783767,495674.06445783767,1276.0,CUST,2023,7,24,0,1.0,1,Low,0.0,Q2,0.0,-0.34307294013841333,1.0,0.02601060106597753,0.04295969721363847,-0.24050621737575292,13.11367587904728,2.017454758448202e-06,704.0412377537538,-0.24521716223883544,-0.24521737954798978,0.461738406588851,3.8333333333333335,0.00013360203641724037
CUST_1277,60.0,Male,West,Graduate,Salaried,1000686.1151346732,91192.37549486617,Car,552.0814346605464,1,52,84.96177920489406,2021-07-01,1,60.0,Salaried,Male,0,1000686.1151346732,1000686.1151346732,1000686.1151346732,1277.0,CUST,2021,7,1,3,2.0,1,Low,0.0,Q4,0.0,0.24149679666302468,1.0,0.07055475972130751,0.08672871064799156,0.767847297785422,13.816197437143423,9.993143552865487e-07,1000.3429987432677,0.8138656011005796,0.8138657729179656,0.09112984992470104,4.333333333333333,8.490352561013679e-05
CUST_1278,54.0,Female,East,Secondary,Self-Employed,1064173.7171109363,130563.13391458368,Car,704.0557559515511,0,62,44.79807615059057,2020-08-23,0,54.0,Self-Employed,Female,0,1064173.7171109363,1064173.7171109363,1064173.7171109363,1278.0,CUST,2020,8,23,6,1.0,0,Low,1.0,Q4,0.0,0.31498599504488206,1.0,0.07615462968735469,0.09223113321412575,0.8946124839549784,13.87771014321413,9.396962017681146e-07,1031.5879589792314,0.8963826068539705,0.8963828029182828,0.122689681030476,5.166666666666667,4.209658200522872e-05
CUST_1279,38.0,Female,South,Secondary,Self-Employed,1174425.4161289723,436245.969058071,Other,682.7560417540499,0,39,34.63985776037807,2023-03-16,0,38.0,Self-Employed,Female,0,1174425.4161289723,1174425.4161289723,1174425.4161289723,1279.0,CUST,2023,3,16,3,1.0,0,Low,0.0,Q4,0.0,0.4426063292339508,1.0,0.08587928708215763,0.10178656479048759,1.1147511679890143,13.976290429887248,8.51480210031207e-07,1083.7091012485648,1.0254821041773576,1.025482331774723,0.37145480935883374,3.25,2.9495153361257858e-05
CUST_1280,67.0,Male,South,Post-Graduate,Self-Employed,11538118.203972708,96405.5319826206,Other,663.4953060271546,2,19,11.233783034846748,2019-12-02,0,67.0,Self-Employed,Male,0,11538118.203972708,3281717.2116861595,1862518.9859498884,1280.0,CUST,2019,12,2,0,3.0,1,High,0.0,Q4,2.0,12.438956034476071,1.0,1.0,1.0,21.807853518055555,16.261166825169827,8.66692455668223e-08,3396.7805645894628,3.157811780052219,3.157809826714311,0.008355394725401885,1.5833333333333333,9.736235004915351e-07
CUST_1281,35.0,Female,South,Secondary,Self-Employed,481924.43534990464,64763.38740060525,Car,640.6941568578993,2,63,58.861318218089366,2019-05-26,0,35.0,Self-Employed,Female,0,481924.43534990464,481924.43534990464,481924.43534990464,1281.0,CUST,2019,5,26,6,1.0,0,Low,0.0,Q2,0.0,-0.3589886337500202,1.0,0.02479782671808848,0.04176802723202926,-0.2679599916462183,13.085544682621517,2.0750141030993642e-06,694.2077753453245,-0.2924629682303543,-0.2924631978116444,0.13438494222074357,5.25,0.00012213806542955496
CUST_1282,22.0,Male,West,Graduate,Salaried,391998.7120715736,64300.831413790926,Business,647.6140252531865,0,34,44.19335523167185,2021-07-07,0,22.0,Salaried,Male,0,391998.7120715736,391998.7120715736,391998.7120715736,1282.0,CUST,2021,7,7,2,2.0,1,Low,0.0,Q2,0.0,-0.46308091495012144,1.0,0.01686600473574818,0.033974232638438726,-0.44751396278331834,12.879016384261037,2.551028789584144e-06,626.098005164985,-0.651836567425751,-0.6518368460784967,0.16403327213077715,2.8333333333333335,0.00011273852150431393
CUST_1283,39.0,Male,East,Secondary,Salaried,636374.7149250417,615314.4586567092,Home,722.9986711637932,1,59,41.84518361626044,2019-08-07,0,39.0,Salaried,Male,0,636374.7149250417,636374.7149250417,636374.7149250417,1283.0,CUST,2019,8,7,2,1.0,1,Low,1.0,Q3,0.0,-0.18020684199051568,1.0,0.03842098234087875,0.05515411644040277,0.04042964404363616,13.363544414637582,1.571401214616259e-06,797.7309790430867,0.15734634309405923,0.15734626435512727,0.9669058877040987,4.916666666666667,6.575557236043204e-05
CUST_1284,43.0,Female,North,Graduate,Salaried,792135.7724683088,191416.9469031599,Education,638.6965549435124,1,27,25.549502309158065,2020-09-10,0,43.0,Salaried,Female,1,991345.117931367,792135.7724683088,792135.7724683088,1284.0,CUST,2020,9,10,3,2.0,0,Low,0.0,Q3,0.0,9.222273466960704e-05,1.0,0.05215975402014934,0.06865380978637983,0.35143649959980555,13.582489348397418,1.26240984783626e-06,890.0200966654118,0.4860624711936662,0.4860625248003481,0.24164663881329954,2.25,3.2253943322396404e-05
CUST_1285,52.0,Male,West,Secondary,Salaried,659489.8805376317,155327.34996033274,Other,644.8751169172889,2,44,46.55470434125832,2019-04-04,0,52.0,Salaried,Male,0,659489.8805376317,659489.8805376317,659489.8805376317,1285.0,CUST,2019,4,4,3,1.0,1,Low,0.0,Q3,0.0,-0.1534502007179687,1.0,0.040459835875188414,0.05715749040519984,0.08658351001128842,13.399223423201038,1.5163234941067076e-06,812.0898229491808,0.21240043294328825,0.21240037611269938,0.2355265100221871,3.6666666666666665,7.059199195384152e-05
CUST_1286,43.0,Male,East,Post-Graduate,Self-Employed,811383.9361847305,383073.2083323666,Education,692.3914523907018,4,44,93.67756605458632,2023-03-21,1,43.0,Self-Employed,Male,0,811383.9361847305,811383.9361847305,811383.9361847305,1286.0,CUST,2023,3,21,1,3.0,1,Low,0.0,Q3,0.0,0.022372669275577736,1.0,0.05385752193926918,0.07032203361423023,0.38986915386585524,13.606497864367372,1.2324621617354797e-06,900.7685253075456,0.5208088348788713,0.5208089021635802,0.4721232344442543,3.6666666666666665,0.00011545405556575364
CUST_1287,30.0,Male,East,Graduate,,783025.5353370436,411365.5997761939,Business,666.6368744544309,1,17,35.309103062140764,2023-10-06,0,30.0,Salaried,Male,0,783025.5353370436,783025.5353370436,783025.5353370436,1287.0,CUST,2023,10,6,4,2.0,1,Low,0.0,Q3,0.0,-0.010453206656341715,1.0,0.05135619329794701,0.06786423240727754,0.33324616211587565,13.57092186371805,1.2770975592217329e-06,884.8873009242723,0.4692316493295275,0.4692316962528229,0.5253540034219615,1.4166666666666667,4.5093169338968585e-05
CUST_1288,27.0,Male,North,Secondary,,434644.25212039,130750.62481257752,Other,781.3820846032351,1,28,60.97487513968852,2020-03-26,0,27.0,Salaried,Male,0,434644.25212039,434644.25212039,434644.25212039,1288.0,CUST,2020,3,26,3,1.0,1,Low,1.0,Q2,0.0,-0.41371715800871645,1.0,0.02062751834583091,0.037670289421262555,-0.36236395466660476,12.982285464992792,2.30073213921165e-06,659.275550980309,-0.4693515129017412,-0.46935177746373924,0.3008221647283013,2.3333333333333335,0.00014028685491829882
CUST_1289,55.0,Male,North,Primary,Salaried,291276.91290240816,286584.55543326976,Education,509.0906578021357,1,50,76.00138491183168,2018-09-04,0,55.0,Salaried,Male,0,291276.91290240816,291276.91290240816,291276.91290240816,1289.0,CUST,2018,9,4,1,0.0,1,Low,0.0,Q1,0.0,-0.579670044955187,1.0,0.007981924056428693,0.025244750292306602,-0.6486243721477428,12.582033117561382,3.4331591542949257e-06,539.7007623696747,-1.2093457129198977,-1.209345840008173,0.9838903899652717,4.166666666666667,0.00026092485034914716
CUST_1290,57.0,Male,North,Secondary,Self-Employed,481524.0067989305,344913.9466118524,Business,673.9925950693811,2,128,73.67841497000519,2019-12-31,0,57.0,Self-Employed,Male,0,481524.0067989305,481524.0067989305,481524.0067989305,1290.0,CUST,2019,12,31,1,1.0,1,Low,0.0,Q2,0.0,-0.35945214429860417,1.0,0.024762507258125475,0.04173332239161289,-0.26875952412550175,13.084713444072003,2.0767396554681055e-06,693.9193085647138,-0.29386510590761006,-0.29386533583592056,0.7162964706528427,10.666666666666666,0.00015301088612024467
CUST_1291,59.0,Male,South,Graduate,Salaried,276921.94749305025,262639.7744694441,Home,593.5515375622265,1,62,37.945814436870215,2019-02-21,0,59.0,Salaried,Male,0,276921.94749305025,276921.94749305025,276921.94749305025,1291.0,CUST,2019,2,21,3,2.0,1,Low,0.0,Q1,0.0,-0.5962864372569064,1.0,0.0067157565346255485,0.024000616270138643,-0.6772868165609868,12.531494578578485,3.6111258389477604e-06,526.2337384594894,-1.3092756243075339,-1.3092756847827132,0.948425275922022,5.166666666666667,0.000137027110992899
CUST_1292,39.0,Male,North,Secondary,,1304078.720268533,82879.45020560987,Business,574.6330772196056,2,54,61.923107098932284,2020-11-20,1,39.0,Salaried,Male,0,1304078.720268533,1304078.720268533,1304078.720268533,1292.0,CUST,2020,11,20,4,1.0,1,Low,0.0,Q4,0.0,0.5926847239469512,1.0,0.09731524656478796,0.11302351884551881,1.3736288815132152,14.081008154775311,7.668248737211307e-07,1141.9626615036645,1.1584912865810149,1.1584915369043016,0.06355402393799353,4.5,4.7484178781558806e-05
CUST_1293,54.0,Female,East,Post-Graduate,Self-Employed,412230.2880869701,467306.2565483896,Other,613.4348635164522,1,54,84.05749824796337,2019-01-03,0,54.0,Self-Employed,Female,0,412230.2880869701,412230.2880869701,412230.2880869701,1293.0,CUST,2019,1,3,3,3.0,0,Low,0.0,Q2,0.0,-0.4396621330605646,1.0,0.018650513700770643,0.03572768806832248,-0.4071177370595282,12.929339849669372,2.425828545050448e-06,642.0516241603708,-0.5622028257891174,-0.5622031006398015,1.1336048564157513,4.5,0.00020390907867543753
CUST_1294,67.0,Female,North,Graduate,Self-Employed,283889.7517626,204912.47211418475,Car,654.374352678541,0,35,11.313031357311626,2018-04-18,0,67.0,Self-Employed,Female,0,283889.7517626,283889.7517626,283889.7517626,1294.0,CUST,2018,4,18,2,2.0,0,Low,0.0,Q1,0.0,-0.5882209514878528,1.0,0.007330345787389184,0.024604510609438326,-0.6633742576057321,12.556344766243955,3.522494185704228e-06,532.8130551728251,-1.2599495267005745,-1.259949621793401,0.7218029916004955,2.9166666666666665,3.985008717881981e-05
CUST_1295,44.0,Female,East,Secondary,Salaried,792202.3890545553,116388.78038808874,Home,657.9255260738728,1,38,47.03742033168115,2020-04-18,0,44.0,Salaried,Female,1,1322109.5570920664,792202.3890545553,792202.3890545553,1295.0,CUST,2020,4,18,5,1.0,0,Low,0.0,Q3,0.0,0.0001693338456550805,1.0,0.05216562987951322,0.06865958339565206,0.35156951240379647,13.58257344218978,1.2623036913342501e-06,890.0575200820199,0.4861846143886506,0.4861846680436714,0.1469179871137758,3.1666666666666665,5.9375509315521825e-05
CUST_1296,54.0,Female,West,Graduate,Salaried,792162.9955628293,160756.43223755364,Education,648.7054075723656,2,21,29.06324055056195,2019-02-22,1,54.0,Salaried,Female,1,2134121.208297445,792162.9955628293,792162.9955628293,1296.0,CUST,2019,2,22,4,2.0,0,Low,0.0,Q3,0.0,0.00012373445241465087,1.0,0.05216215521006112,0.06865616919144392,0.3514908557345087,13.582523714466125,1.2623664644633894e-06,890.0353900620072,0.4861123870399788,0.4861124406664362,0.202933529003469,1.75,3.66884602196619e-05
CUST_1297,44.0,Male,South,Graduate,Self-Employed,706541.69149841,57659.01514054045,Other,606.7132936257744,1,40,43.03374468390131,2022-07-02,0,44.0,Self-Employed,Male,0,706541.69149841,706541.69149841,706541.69149841,1297.0,CUST,2022,7,2,5,2.0,1,Low,0.0,Q3,0.0,-0.09898602563044379,1.0,0.04461000086560502,0.06123543536372677,0.1805314839525291,13.468138906030438,1.4153446456430336e-06,840.5603437579065,0.3170818036029873,0.31708178909845713,0.08160737835221453,3.3333333333333335,6.0907580120329085e-05
CUST_1298,48.0,Male,West,Secondary,Salaried,408215.6335553708,77362.6231693328,Car,672.4977241181167,1,70,45.35911667789554,2020-03-31,0,48.0,Salaried,Male,0,408215.6335553708,408215.6335553708,408215.6335553708,1298.0,CUST,2020,3,31,1,1.0,1,Low,0.0,Q2,0.0,-0.44430924106470115,1.0,0.018296404510381566,0.03537974098885704,-0.4151337655952243,12.919553277070971,2.4496856998492737e-06,638.9175483232331,-0.5795281191328946,-0.579528395208326,0.18951411168074264,5.833333333333333,0.0001111155794836354
CUST_1299,37.0,Female,West,Secondary,Salaried,237206.56488813728,340099.81470242806,Business,579.8455639373076,0,27,73.46703200686414,2021-11-22,0,37.0,Salaried,Female,0,237206.56488813728,237206.56488813728,237206.56488813728,1299.0,CUST,2021,11,22,0,1.0,0,Low,0.0,Q1,0.0,-0.64225843084638,1.0,0.003212694971165074,0.020558514022370154,-0.7565862027874388,12.376690838042927,4.215734924661239e-06,487.0385661199093,-1.6249926845827192,-1.6249924355297183,1.433770666711842,2.25,0.00030971753264254226
CUST_1300,65.0,Female,East,Primary,,463501.9740558731,50002.32696461009,Car,560.8172876226788,1,65,17.97485915361267,2019-11-14,0,65.0,Salaried,Female,0,463501.9740558731,463501.9740558731,463501.9740558731,1300.0,CUST,2019,11,14,3,0.0,0,Low,0.0,Q2,0.0,-0.3803132998356184,1.0,0.023172889179265,0.04017136641019018,-0.30474397250144875,13.046568080484986,2.1574881142963145e-06,680.8097928613198,-0.35858745275464676,-0.35858769755744563,0.1078794261133044,5.416666666666667,3.878054498006965e-05
CUST_1301,37.0,Female,West,Graduate,Salaried,386414.8627641416,157764.7300426542,Other,469.5094154005644,4,21,53.56963176626339,2018-09-13,1,37.0,Salaried,Female,0,386414.8627641416,386414.8627641416,386414.8627641416,1301.0,CUST,2018,9,13,3,2.0,0,Low,0.0,Q2,0.0,-0.4695444227329747,1.0,0.01637348605401702,0.03349028463160435,-0.45866318995469607,12.86466943318009,2.5878921758361485e-06,621.622765641785,-0.677640132840764,-0.677640411380187,0.40827811050028695,1.75,0.00013863243091033663
CUST_1302,21.0,Male,East,Graduate,Self-Employed,765238.2615793508,197842.4881867746,Other,596.9445241299713,1,45,57.95655730289335,2020-04-17,0,21.0,Self-Employed,Male,0,765238.2615793508,765238.2615793508,765238.2615793508,1302.0,CUST,2020,4,17,4,2.0,1,Low,0.0,Q3,0.0,-0.031042620166403394,1.0,0.0497872819358388,0.06632262281000643,0.29773045512499224,13.547943824143832,1.3067825410651373e-06,874.7789787022496,0.4356241816449697,0.4356242151293428,0.2585371094433627,3.75,7.573661722366222e-05
CUST_1303,54.0,Male,North,Graduate,Salaried,665422.1230029177,61236.713831299385,Car,558.0296640839349,2,46,52.00339630190337,2019-07-07,0,54.0,Salaried,Male,0,665422.1230029177,665422.1230029177,665422.1230029177,1303.0,CUST,2019,7,7,6,2.0,1,Low,0.0,Q3,0.0,-0.14658341523844023,1.0,0.04098308427926399,0.05767163338418609,0.09842837100944195,13.408178392493111,1.5028054604980231e-06,815.7341006743053,0.22612581399667667,0.2261257626774332,0.09202686792863153,3.8333333333333335,7.81509879269431e-05
CUST_1304,35.0,Male,North,Post-Graduate,Unemployed,791619.424454919,772963.5072557551,Business,571.2853693511954,3,114,72.2092265103312,2018-06-30,1,35.0,Unemployed,Male,1,276655.50510375784,791619.424454919,791619.424454919,1304.0,CUST,2018,6,30,5,3.0,1,Low,0.0,Q3,0.0,-0.0005054687894845482,1.0,0.052114209982538795,0.06860905829360936,0.350405511658725,13.581837293861929,1.2632332773743294e-06,889.7299727754028,0.48511528070597554,0.4851153339374639,0.9764332245614439,9.5,9.1217097861311e-05
CUST_1305,60.0,Male,East,Post-Graduate,Salaried,322881.5746121241,101269.06903662256,Car,628.2543757376277,1,74,42.62225675208202,2018-06-06,0,60.0,Salaried,Male,0,322881.5746121241,322881.5746121241,322881.5746121241,1305.0,CUST,2018,6,6,2,3.0,1,Low,0.0,Q1,0.0,-0.5430865045177141,1.0,0.010769586377671978,0.027983902479084694,-0.5855195973453191,12.685043990013398,3.097110763196455e-06,568.2266929774808,-1.0103047853254699,-1.0103050060424477,0.3136415236922086,6.166666666666667,0.000132005850138596
CUST_1306,55.0,Female,North,Graduate,Salaried,2412925.154682265,122538.23522683403,Other,602.0136898765682,1,41,90.32220040940646,2022-01-17,0,55.0,Salaried,Female,0,2412925.154682265,2412925.154682265,1862518.9859498884,1306.0,CUST,2022,1,17,0,2.0,0,Low,0.0,Q4,0.0,1.8762146267477056,1.0,0.1951201037612141,0.20912640276570116,3.587653672439474,14.69635074102337,4.1443473621855294e-07,1553.3593128063658,1.8608531581157584,1.8608532884603664,0.050784101192919956,3.4166666666666665,3.743265730135164e-05
CUST_1307,52.0,Female,South,Post-Graduate,Salaried,502569.6362326469,122464.60494479172,Other,556.7009684912555,1,110,50.953292615810014,2019-07-25,0,52.0,Salaried,Female,0,502569.6362326469,502569.6362326469,502569.6362326469,1307.0,CUST,2019,7,25,3,3.0,0,Low,0.0,Q2,0.0,-0.33509106609779743,1.0,0.02661881911294226,0.043557331217113575,-0.2267378844639815,13.127491478653592,1.9897740091826547e-06,708.9214598477372,-0.22216005971260577,-0.2221602706416521,0.2436768879639682,9.166666666666666,0.00010138553732921726
CUST_1308,23.0,Male,West,Secondary,Salaried,782815.7192596623,102381.20604507891,Education,648.7758419892941,0,89,58.55318231725779,2020-05-06,0,23.0,Salaried,Male,0,782815.7192596623,782815.7192596623,782815.7192596623,1308.0,CUST,2020,5,6,2,1.0,1,Low,0.0,Q3,0.0,-0.010696076364038963,1.0,0.051337686649191236,0.0678460478061431,0.33282722403532655,13.57065387255352,1.2774398563853093e-06,884.7687377273579,0.4688410248196074,0.46884107158733457,0.13078583314678038,7.416666666666667,7.479816881026062e-05
CUST_1309,52.0,Other,South,Secondary,Self-Employed,792261.0729251589,50294.98184607701,Education,674.1849044118114,2,45,80.1701199844737,2022-11-20,1,52.0,Self-Employed,Other,1,543279.8854498613,792261.0729251589,792261.0729251589,1309.0,CUST,2022,11,20,6,1.0,2,Low,0.0,Q3,0.0,0.0002372625510141666,1.0,0.05217080604043685,0.06866466948244422,0.35168668601802416,13.58264751621921,1.2622101907584738e-06,890.0904858075717,0.4862922016813276,0.48629225537895693,0.06348283863013084,3.75,0.00010119154243873228
CUST_1310,33.0,,West,Secondary,Unemployed,532367.0411344604,311381.9142149375,Home,710.2261771046778,1,34,33.39506900414541,2022-09-24,0,33.0,Unemployed,Male,0,532367.0411344604,532367.0411344604,532367.0411344604,1310.0,CUST,2022,9,24,5,1.0,3,Low,1.0,Q2,0.0,-0.30059949086216914,1.0,0.029247073883664244,0.04613984981980512,-0.16724164484919352,13.185090335779597,1.8784032870446713e-06,729.634868365308,-0.12705783346606456,-0.12705801563214422,0.5849008111876004,2.8333333333333335,6.272940738847036e-05
CUST_1311,,,North,Primary,Salaried,213961.48121146267,731315.3637805498,Other,618.2604016804501,0,36,16.39217244483821,2020-11-13,0,43.77204301075269,Salaried,Male,0,213961.48121146267,213961.48121146267,232246.6443437917,1311.0,CUST,2020,11,13,4,0.0,3,Low,0.0,Q1,0.0,-0.6691654569828642,1.0,0.0011623821244468799,0.018543880156973364,-0.8029994751126762,12.273555957191626,4.6737384425047115e-06,462.559705564009,-1.843639750151528,-1.8436391863040336,3.4179767292954737,3.0,7.661272651160678e-05
CUST_1312,,Male,South,Graduate,Salaried,552058.684735351,100796.2060888422,Education,628.7379442836578,0,74,70.16163816081101,2022-02-05,0,43.77204301075269,Salaried,Male,0,552058.684735351,552058.684735351,552058.684735351,1312.0,CUST,2022,2,5,5,2.0,1,Low,0.0,Q2,0.0,-0.2778057002951268,1.0,0.030983958569023147,0.04784650971466654,-0.12792349785122145,13.22141144393476,1.8114016274579064e-06,743.006517289957,-0.06792893877296798,-0.06792910129783335,0.18258241175091128,6.166666666666667,0.00012709090554960582
CUST_1313,39.0,Male,North,Post-Graduate,Self-Employed,1862359.9942560743,267562.47869211744,Car,651.8829120895978,2,23,51.05600772161219,2021-11-24,0,39.0,Self-Employed,Male,0,1862359.9942560743,1862359.9942560743,1862359.9942560743,1313.0,CUST,2021,11,24,2,3.0,1,Low,0.0,Q4,0.0,1.2389155157838518,1.0,0.1465579717818824,0.16140933567614535,2.4883446280375154,14.437355592494129,5.369531149073483e-07,1364.6831112958328,1.5809827764960958,1.5809830118902193,0.14366850636606346,1.9166666666666667,2.7414682380853292e-05
CUST_1314,27.0,Male,West,Primary,Self-Employed,442421.97239737096,320878.7882561248,Business,776.3026861289801,3,28,86.20286133151455,2019-08-15,1,27.0,Self-Employed,Male,0,442421.97239737096,442421.97239737096,442421.97239737096,1314.0,CUST,2019,8,15,3,0.0,1,Low,1.0,Q2,0.0,-0.40471416513134567,1.0,0.021313545551578356,0.038344378569898856,-0.3468342429087902,13.000021654599282,2.260285569811676e-06,665.148083059232,-0.43857645760521435,-0.4385767174501002,0.7252776947539752,2.3333333333333335,0.00019484308354409926
CUST_1315,26.0,Male,East,Secondary,Salaried,219888.3603873916,427335.44560740696,Car,524.5833764939383,3,34,93.5278041414069,2023-12-22,1,26.0,Salaried,Male,0,219888.3603873916,219888.3603873916,232246.6443437917,1315.0,CUST,2023,12,22,4,1.0,1,Low,0.0,Q1,0.0,-0.6623048797049889,1.0,0.0016851574641436606,0.019057558303717283,-0.7911653229514083,12.300879791504155,4.547762319900687e-06,468.9225526538381,-1.7850510342828994,-1.785050563598743,1.9434200374913349,2.8333333333333335,0.00042534222353734173
CUST_1316,22.0,Male,East,Graduate,Salaried,215722.52236291827,159854.11587744512,Business,616.8408219301945,2,31,43.92429479885198,2019-02-25,0,22.0,Salaried,Male,0,215722.52236291827,215722.52236291827,232246.6443437917,1316.0,CUST,2019,2,25,0,2.0,1,Low,0.0,Q1,0.0,-0.6671269880769773,1.0,0.0013177132622759075,0.018696508264982283,-0.7994832183559635,12.281752877720036,4.635584588016757e-06,464.45938720507985,-1.8260130534667431,-1.8260125183511167,0.7410172758925294,2.5833333333333335,0.00020361478400906285
CUST_1317,36.0,Male,South,Post-Graduate,Salaried,445500.6813150408,122174.14841186984,Education,512.2421628693825,2,129,45.31231638207117,2018-12-14,1,36.0,Salaried,Male,0,445500.6813150408,445500.6813150408,445500.6813150408,1317.0,CUST,2018,12,14,4,3.0,1,Low,0.0,Q2,0.0,-0.4011504480689935,1.0,0.021585100454671192,0.03861120794911338,-0.3406870094811329,13.006956299881482,2.244665478458364e-06,667.4583742189776,-0.4265883301544312,-0.4265885879957543,0.274240093300173,10.75,0.00010171099233181855
CUST_1318,52.0,Male,North,Secondary,Self-Employed,287191.53692556545,128695.98386292708,Home,678.9854766988448,1,34,44.676821187486745,2018-06-15,0,52.0,Self-Employed,Male,0,287191.53692556545,287191.53692556545,287191.53692556545,1318.0,CUST,2018,6,15,4,1.0,1,Low,0.0,Q1,0.0,-0.5843990155932482,1.0,0.007621576941077169,0.024890673838536517,-0.6567816096264986,12.567908130183357,3.481996756138259e-06,535.9025442424821,-1.2371223235507205,-1.237122433510502,0.44811899833873386,2.8333333333333335,0.0001555645464493979
CUST_1319,67.0,Female,North,Graduate,Salaried,211814.53854060028,299390.90719848464,Car,638.4833284969591,0,47,37.587099327128726,2020-07-25,0,67.0,Salaried,Female,0,211814.53854060028,211814.53854060028,232246.6443437917,1319.0,CUST,2020,7,25,5,2.0,0,Low,0.0,Q1,0.0,-0.6716506208722243,1.0,0.0009730128711258543,0.018357806255414343,-0.80728625834114,12.263471073672775,4.721111245917194e-06,460.23313498769323,-1.8653860287236574,-1.8653854285835896,1.4134577789001168,3.9166666666666665,0.00017745287733471403
CUST_1320,31.0,Male,South,Primary,Self-Employed,905731.4520714552,389412.9501260106,Car,666.2393690348862,2,39,76.44340331014378,2018-12-14,0,31.0,Self-Employed,Male,0,905731.4520714552,905731.4520714552,905731.4520714552,1320.0,CUST,2018,12,14,4,0.0,1,Low,0.0,Q4,0.0,0.13158333554751023,1.0,0.06217936437998324,0.07849906163724353,0.5782520828743797,13.71649923464909,1.1040800202995126e-06,951.6992445470655,0.676839628045788,0.6768397539405799,0.42994305788001885,3.25,8.439963427842736e-05
CUST_1321,41.0,Female,East,Secondary,Salaried,506727.3522269077,90084.22632832796,Car,662.2498050072861,0,88,74.51463981171185,2019-02-02,1,41.0,Salaried,Female,0,506727.3522269077,506727.3522269077,506727.3522269077,1321.0,CUST,2019,2,2,5,1.0,0,Low,0.0,Q2,0.0,-0.3302783592699054,1.0,0.026985546918039074,0.043917677325617584,-0.2184362062520738,13.135730344559951,1.9734478424848774e-06,711.8478434517504,-0.20845559455272872,-0.20845580157412782,0.17777652208955821,7.333333333333333,0.0001470507551699605
CUST_1322,41.0,Male,West,Post-Graduate,Self-Employed,370713.5864146678,142706.04799335607,Business,647.4136659055105,1,76,50.68481399679461,2019-08-06,0,41.0,Self-Employed,Male,0,370713.5864146678,370713.5864146678,370713.5864146678,1322.0,CUST,2019,8,6,1,3.0,1,Low,0.0,Q1,0.0,-0.48771921870221385,1.0,0.014988568320143579,0.032129466855958085,-0.4900138026347098,12.823187736664316,2.697500271421017e-06,608.8625349080594,-0.7528759521071623,-0.7528762270181455,0.38494960319549865,6.333333333333333,0.00013672229951327723
CUST_1323,65.0,Other,South,Post-Graduate,Salaried,1351708.6346607716,514435.5498354065,Education,693.0506371654773,0,80,13.796203392206394,2022-05-20,0,65.0,Salaried,Other,0,1351708.6346607716,1351708.6346607716,1351708.6346607716,1323.0,CUST,2022,5,20,4,3.0,2,Low,0.0,Q4,0.0,0.647818074691413,1.0,0.10151640267697214,0.11715156759231003,1.4687311499439804,14.116880745256513,7.398044033680118e-07,1162.6300506441296,1.2031008496104976,1.2031011050145466,0.38058168501727796,6.666666666666667,1.0206492019314992e-05
CUST_1324,49.0,Male,West,Primary,Salaried,261727.71174893263,378695.6737458741,Car,716.440636612807,4,45,36.312540628611245,2018-11-04,1,49.0,Salaried,Male,0,261727.71174893263,261727.71174893263,261727.71174893263,1324.0,CUST,2018,11,4,6,0.0,1,Low,1.0,Q1,0.0,-0.6138743153638422,1.0,0.0053755618863486,0.022683743321230385,-0.7076250253269649,12.475063794953199,3.82076469197523e-06,511.59330698215024,-1.4226656805040492,-1.4226656479285802,1.4469070592520068,3.75,0.00013874167310971386
CUST_1325,57.0,Male,East,Post-Graduate,,1760861.2740704874,888061.9077364752,Car,564.7572248082445,2,22,34.84575895716119,2018-04-09,0,57.0,Salaried,Male,0,1760861.2740704874,1760861.2740704874,1760861.2740704874,1325.0,CUST,2018,4,9,0,3.0,1,Low,0.0,Q4,0.0,1.1214270715674197,1.0,0.13760536344471444,0.15261251817165492,2.285682946704706,14.381314175487717,5.679039085700802e-07,1326.9744813184946,1.5175021448363493,1.517502392437705,0.5043338284557461,1.8333333333333333,1.978904270886272e-05
CUST_1326,57.0,Female,North,Graduate,,388414.5677452631,330686.6876640082,Home,745.4536691980115,2,53,78.94241592702197,2021-06-19,0,57.0,Salaried,Female,0,388414.5677452631,388414.5677452631,388414.5677452631,1326.0,CUST,2021,6,19,5,2.0,0,Low,1.0,Q2,0.0,-0.46722969180144935,1.0,0.01654986833207068,0.03366359755367452,-0.45467039504159107,12.869831096329483,2.5745687289208264e-06,623.2291454555565,-0.6683438514972754,-0.6683441301420915,0.8513756051301639,4.416666666666667,0.00020324267543117216
CUST_1327,64.0,Female,East,Post-Graduate,Salaried,1296433.567784054,149909.62457673287,Home,592.21098084088,2,88,17.44392374037485,2018-06-07,0,64.0,Salaried,Female,0,1296433.567784054,1296433.567784054,1296433.567784054,1327.0,CUST,2018,6,7,3,3.0,0,Low,0.0,Q4,0.0,0.5838351830901158,1.0,0.09664091238849173,0.11236091924744511,1.3583638668044855,14.075128414337154,7.713468895298272e-07,1138.6103669754873,1.151133491207306,1.151133740563592,0.11563232262784703,7.333333333333333,1.345531631833365e-05
CUST_1328,27.0,Female,South,Graduate,Salaried,661837.5603423861,228631.0046599916,Education,648.1810748064074,1,79,78.48240721862985,2019-07-08,1,27.0,Salaried,Female,0,661837.5603423861,661837.5603423861,661837.5603423861,1328.0,CUST,2019,7,8,0,2.0,0,Low,0.0,Q3,0.0,-0.15073267632677834,1.0,0.04066691097677211,0.057360962042710545,0.09127110346658183,13.402776938626575,1.5109447693895827e-06,813.5339945831312,0.21785136931756247,0.21785131467379246,0.3454488206112996,6.583333333333333,0.00011858258267609198
CUST_1329,46.0,Male,North,Graduate,Salaried,1076386.775688192,266359.4440825848,Education,671.6674061882396,3,83,66.88061043692716,2019-10-13,0,46.0,Salaried,Male,0,1076386.775688192,1076386.775688192,1076386.775688192,1329.0,CUST,2019,10,13,6,2.0,1,Low,0.0,Q4,0.0,0.3291230526229706,1.0,0.07723187213771406,0.09328962978708084,0.9189982001586613,13.889121341107629,9.290340819649663e-07,1037.4906147470406,0.9115231707306981,0.9115233709198253,0.24745700160596293,6.916666666666667,6.213436651852716e-05
CUST_1330,46.0,Male,South,Graduate,Salaried,2267994.798000141,66340.91109096623,Other,674.1534610439421,3,50,72.25752402608819,2020-12-04,1,46.0,Salaried,Male,0,2267994.798000141,2267994.798000141,1862518.9859498884,1330.0,CUST,2020,12,4,4,2.0,1,Low,0.0,Q4,0.0,1.7084524904845007,1.0,0.18233664484499656,0.19656539809232013,3.2982723905114106,14.63440709109444,4.4091811889399606e-07,1505.986320655052,1.7958863627799988,1.7958865254943095,0.029250909723942668,4.166666666666667,3.185965156952053e-05
CUST_1331,53.0,Female,South,Graduate,Self-Employed,370123.4824493058,207270.5772704821,Home,564.2514558214017,4,78,46.738120944726994,2022-02-04,0,53.0,Self-Employed,Female,0,370123.4824493058,370123.4824493058,370123.4824493058,1331.0,CUST,2022,2,4,4,2.0,0,Low,0.0,Q1,0.0,-0.4884022854117207,1.0,0.014936518701483999,0.03207832299047413,-0.491192058494121,12.821594667089657,2.701801013422453e-06,608.3777465105917,-0.7557840754573374,-0.7557843501259102,0.5600038557220454,6.5,0.00012627710253392457
CUST_1332,40.0,Female,East,Secondary,Self-Employed,1823836.8329798277,297107.0246713655,Other,636.1376566580883,0,18,67.77669266014945,2023-02-22,0,40.0,Self-Employed,Female,0,1823836.8329798277,1823836.8329798277,1823836.8329798277,1332.0,CUST,2023,2,22,2,1.0,0,Low,0.0,Q4,0.0,1.1943235615565548,1.0,0.14316006908729487,0.15807056235148115,2.4114257405852992,14.416453538306369,5.482946620617884e-07,1350.4950325639215,1.5574310838033905,1.5574313241884268,0.16290219568836978,1.5,3.7161598797762336e-05
CUST_1333,49.0,Female,South,Primary,Self-Employed,446723.66484581097,86621.48606258893,Business,769.0588253495581,2,36,61.76746030008785,2020-01-04,1,49.0,Self-Employed,Female,0,446723.66484581097,446723.66484581097,446723.66484581097,1333.0,CUST,2020,1,4,5,0.0,0,Low,1.0,Q2,0.0,-0.39973480034388154,1.0,0.021692972677431963,0.03871720300906597,-0.33824508806443887,13.00969772149936,2.238520317303472e-06,668.3738959937102,-0.421856043661939,-0.42185630068734475,0.19390395646612485,3.0,0.00013826771482998229
CUST_1334,52.0,Female,East,Secondary,Salaried,443482.8616049801,353400.66119482234,Other,532.5330750772724,3,33,75.3633165944335,2023-05-05,1,52.0,Salaried,Female,0,443482.8616049801,443482.8616049801,443482.8616049801,1334.0,CUST,2023,5,5,4,1.0,0,Low,0.0,Q2,0.0,-0.4034861474552598,1.0,0.021407120382349487,0.0384363250371524,-0.34471597392836595,13.002416691354872,2.2548785681557477e-06,665.9450890313556,-0.4344332600098123,-0.43443351917263257,0.7968755769002756,2.75,0.0001699351274139245
CUST_1335,47.0,Male,North,Graduate,Self-Employed,408051.0688152398,225304.79342938852,Car,768.8175392810181,2,95,47.97543592980144,2018-04-02,0,47.0,Self-Employed,Male,0,408051.0688152398,408051.0688152398,408051.0688152398,1335.0,CUST,2018,4,2,0,2.0,1,Low,1.0,Q2,0.0,-0.4444997307108318,1.0,0.018281889217363033,0.03536547828698298,-0.41546235069326354,12.9191500648888,2.45067364454884e-06,638.7887513217808,-0.5802430249764128,-0.5802433010974546,0.5521485192479231,7.916666666666667,0.00011757213641890585
CUST_1336,66.0,Female,East,Secondary,Salaried,589796.7484469401,658237.1022221028,Other,630.6641238866808,1,75,50.190178116185706,2022-06-16,0,66.0,Salaried,Female,0,589796.7484469401,589796.7484469401,589796.7484469401,1336.0,CUST,2022,6,16,3,1.0,0,Low,0.0,Q2,0.0,-0.23412252492987917,1.0,0.03431261240027534,0.05111723922570547,-0.05257220841573808,13.287534957870337,1.6954993438269322e-06,767.9822578985403,0.038072574654730185,0.038072450077492444,1.1160405749001165,6.25,8.509741406254971e-05
CUST_1337,52.0,Male,North,Graduate,Salaried,283703.68995594326,58669.6821044225,Education,462.97961332518776,1,54,64.70397893288472,2021-04-30,0,52.0,Salaried,Male,0,283703.68995594326,283703.68995594326,283703.68995594326,1337.0,CUST,2021,4,30,4,2.0,1,Low,0.0,Q1,0.0,-0.5884363247669663,1.0,0.007313934363890863,0.024588384773026575,-0.6637457657242574,12.555689152052416,3.5248043482269945e-06,532.6384232816323,-1.2612461521133385,-1.26124624634004,0.2067991505907639,4.5,0.00022806886629021992
CUST_1338,24.0,Male,East,Post-Graduate,Salaried,603394.8211457836,111665.7205618876,Business,540.6614613213675,1,61,19.186586961643005,2021-01-05,0,24.0,Salaried,Male,0,603394.8211457836,603394.8211457836,603394.8211457836,1338.0,CUST,2021,1,5,1,3.0,1,Low,0.0,Q2,0.0,-0.2183822633501481,1.0,0.03551201884392791,0.05229577392767806,-0.02542104561295104,13.31032868017066,1.657289663316188e-06,776.78492592595,0.07412702592225298,0.07412691490957789,0.1850624444339702,5.083333333333333,3.17977322458481e-05
CUST_1339,67.0,,West,Primary,Salaried,590120.8940447564,234036.59903244875,Car,572.9217969811846,1,48,47.08077811096697,2021-07-28,1,67.0,Salaried,Male,0,590120.8940447564,590120.8940447564,590120.8940447564,1339.0,CUST,2021,7,28,2,0.0,3,Low,0.0,Q2,0.0,-0.23374731466203136,1.0,0.03434120338719774,0.051145332680122044,-0.05192498949780522,13.288084394618904,1.6945680284745376e-06,768.193266076159,0.03894456769485405,0.03894444344220382,0.39659093821330255,4.0,7.978158134254846e-05
CUST_1340,38.0,Male,West,Graduate,Self-Employed,917536.069153248,120354.51382092704,Other,600.0856559373806,3,86,92.61582184708348,2021-10-19,1,38.0,Self-Employed,Male,0,917536.069153248,917536.069153248,917536.069153248,1340.0,CUST,2021,10,19,1,2.0,1,Low,0.0,Q4,0.0,0.1452476073035939,1.0,0.0632205805954222,0.07952215889392862,0.6018222672167222,13.729448260441574,1.0898754104696456e-06,957.881030793098,0.6948698587388825,0.6948699910224411,0.1311714251524575,7.166666666666667,0.00010093970685157368
CUST_1341,23.0,Male,South,Graduate,Self-Employed,1096830.5238542268,300649.5320377518,Business,641.6229393099729,0,52,13.191947205103876,2018-06-28,0,23.0,Self-Employed,Male,0,1096830.5238542268,1096830.5238542268,1096830.5238542268,1341.0,CUST,2018,6,28,3,2.0,1,Low,0.0,Q4,0.0,0.3527874314603407,1.0,0.07903509556693118,0.09506147401719071,0.9598180683155945,13.907936148478612,9.117178800576366e-07,1047.2967697144047,0.9363737911977965,0.9363739979229831,0.2741075539897796,4.333333333333333,1.202733413966957e-05
CUST_1342,54.0,Male,East,Post-Graduate,Self-Employed,490303.4657725328,334596.05298196955,Business,433.7215896190742,0,59,36.86040144364348,2018-10-07,0,54.0,Self-Employed,Male,0,490303.4657725328,490303.4657725328,490303.4657725328,1342.0,CUST,2018,10,7,6,3.0,1,Low,0.0,Q2,0.0,-0.3492896026036499,1.0,0.025536891974101993,0.04249423147734053,-0.2512296487386068,13.102781835842864,2.0395531946811404e-06,700.2167277154501,-0.2634660954853901,-0.2634663176655185,0.6824264487870761,4.916666666666667,7.517874952161238e-05
CUST_1343,36.0,Female,East,Secondary,Salaried,380006.8624144733,71631.98920771881,Car,664.9443513982122,1,66,36.69933462259651,2020-11-08,0,36.0,Salaried,Female,0,380006.8624144733,380006.8624144733,380006.8624144733,1343.0,CUST,2020,11,8,6,1.0,0,Low,0.0,Q2,0.0,-0.47696191519242925,1.0,0.015808273830157253,0.03293490807570619,-0.4714579929085702,12.847947222052925,2.6315314245114476e-06,616.4469664249093,-0.7078565324115862,-0.7078568100952765,0.18850183060037692,5.5,9.657545231802368e-05
CUST_1344,63.0,Male,North,Graduate,Salaried,350103.3545210686,194249.4487090152,Other,565.5927593340093,1,20,63.844450135040674,2022-06-07,0,63.0,Salaried,Male,0,350103.3545210686,350103.3545210686,350103.3545210686,1344.0,CUST,2022,6,7,1,2.0,1,Low,0.0,Q1,0.0,-0.5115763084831617,1.0,0.013170660335252528,0.03034319360678104,-0.5311660875165147,12.765986544800478,2.856299395758171e-06,591.6953223755183,-0.8581738435381923,-0.8581741045352227,0.554834582973918,1.6666666666666667,0.00018235886434322935
CUST_1345,47.0,Female,South,Post-Graduate,Salaried,308222.913555061,192217.6549979631,Business,761.2418057280847,2,57,18.99303055105189,2019-01-06,0,47.0,Salaried,Female,0,308222.913555061,308222.913555061,308222.913555061,1345.0,CUST,2019,1,6,6,3.0,0,Low,1.0,Q1,0.0,-0.5600544355294679,1.0,0.009476631639412942,0.026713447384248173,-0.614788428424965,12.638581789886874,3.2444051236603336e-06,555.1782718686503,-1.099317627783405,-1.0993178127313814,0.6236319447333658,4.75,6.162108563367001e-05
CUST_1346,49.0,Male,East,Post-Graduate,Salaried,229687.9789041904,142178.89523745136,Business,628.385862340482,1,21,63.42624262470319,2022-12-06,1,49.0,Salaried,Male,0,229687.9789041904,229687.9789041904,232246.6443437917,1346.0,CUST,2022,12,6,1,3.0,1,Low,0.0,Q1,0.0,-0.650961466395461,1.0,0.0025495244854631706,0.01990688384741163,-0.7715985031786742,12.344481407135108,4.3537324187679506e-06,479.25773744843224,-1.6925502540132447,-1.6925499171248135,0.6190088654599041,1.75,0.0002761408887158119
CUST_1347,48.0,Male,South,Graduate,Salaried,791781.5307093052,590388.3667534351,Home,725.4276937386184,0,45,18.07842045538765,2022-08-31,0,48.0,Salaried,Male,1,661837.5603423861,791781.5307093052,791781.5307093052,1347.0,CUST,2022,8,31,2,2.0,1,Low,1.0,Q3,0.0,-0.0003178249296332178,1.0,0.05212850842691201,0.06862310792037869,0.3507291879179765,13.582042050654158,1.2629746479329162e-06,889.8210666809958,0.4854127354723399,0.4854127888216352,0.7456455396441092,3.75,2.283258670982645e-05
CUST_1348,65.0,Female,West,Graduate,Salaried,357525.0533525845,401478.9360256164,Business,738.8279183931435,2,36,18.071060030558137,2018-10-31,0,65.0,Salaried,Female,0,357525.0533525845,357525.0533525845,357525.0533525845,1348.0,CUST,2018,10,31,2,2.0,0,Low,1.0,Q1,0.0,-0.5029854233216212,1.0,0.013825284972031088,0.030986426645333243,-0.5163472409262271,12.78696351497156,2.797006784824807e-06,597.9339874539534,-0.8193482470571554,-0.8193485144391747,1.1229393080278938,3.0,5.054487751444749e-05
CUST_1349,25.0,Male,East,Graduate,Salaried,1896873.3912148303,288942.7483496759,Home,736.6618594772973,0,56,71.89558536102099,2021-09-10,0,25.0,Salaried,Male,0,1896873.3912148303,1896873.3912148303,1862518.9859498884,1349.0,CUST,2021,9,10,4,2.0,1,Low,1.0,Q4,0.0,1.278866022606934,1.0,0.1496021966232595,0.1644005857525116,2.557257251205362,14.455718032288837,5.271833136708664e-07,1377.2702680355917,1.6015511269041494,1.6015513574833358,0.15232579553614944,4.666666666666667,3.790215292892968e-05
CUST_1350,54.0,Male,East,Post-Graduate,Salaried,607893.4248270576,300581.2407651099,Other,604.6874605630012,1,31,37.55148977578769,2021-12-31,0,54.0,Salaried,Male,0,607893.4248270576,607893.4248270576,607893.4248270576,1350.0,CUST,2021,12,31,4,3.0,1,Low,0.0,Q2,0.0,-0.2131749666798769,1.0,0.03590881435769348,0.052685664514838554,-0.016438719687757626,13.317756502493998,1.6450251954411982e-06,779.6752047019693,0.08582285331591022,0.08582274676325442,0.4944637143355827,2.5833333333333335,6.17731468075233e-05
CUST_1351,,Male,South,Graduate,Self-Employed,413301.24775855045,173873.84884585516,Other,603.6639873822941,0,27,93.08095055566857,2021-04-08,1,43.77204301075269,Self-Employed,Male,0,413301.24775855045,413301.24775855045,413301.24775855045,1351.0,CUST,2021,4,8,3,2.0,1,Low,0.0,Q2,0.0,-0.43842245845774747,1.0,0.018744976788256172,0.035820507335090915,-0.40497936046438243,12.931934439049154,2.419542659014671e-06,642.8850968552238,-0.5576181356801732,-0.5576184101689282,0.4206951945696154,2.25,0.00022521333061107545
CUST_1352,56.0,Male,East,Primary,Unemployed,634307.2618112863,557647.6151424076,Other,632.0021360569348,2,31,13.174999597022168,2023-08-24,1,56.0,Unemployed,Male,0,634307.2618112863,634307.2618112863,634307.2618112863,1352.0,CUST,2023,8,24,3,0.0,1,Low,0.0,Q3,0.0,-0.18259999383894682,1.0,0.03823862439637396,0.05497493183878866,0.03630157697693531,13.36029033262196,1.5765230199772588e-06,796.4340913165925,0.15229571342854448,0.1522956326987552,0.8791443023074246,2.5833333333333335,2.0770690152896555e-05
CUST_1353,43.0,Other,South,Post-Graduate,Unemployed,274944.6287510724,287223.5826668418,Education,700.898990030314,1,90,47.8340664160295,2019-10-31,0,43.0,Unemployed,Other,0,274944.6287510724,274944.6287510724,274944.6287510724,1353.0,CUST,2019,10,31,3,3.0,2,Low,1.0,Q1,0.0,-0.5985752553059438,1.0,0.006541348815766613,0.023829243546526137,-0.681234913049764,12.524328643468328,3.6370959654898463e-06,524.3516270128971,-1.323568172489381,-1.3235682222844771,1.0446597337111097,7.5,0.00017397708997471425
CUST_1354,48.0,Male,East,Graduate,Self-Employed,493532.8367214515,311113.3154710566,Other,609.144378419667,1,49,19.616554702292007,2019-05-15,0,48.0,Self-Employed,Male,0,493532.8367214515,493532.8367214515,493532.8367214515,1354.0,CUST,2019,5,15,2,2.0,1,Low,0.0,Q2,0.0,-0.3455514887841608,1.0,0.025821735893594128,0.042774118621138967,-0.24478158964033925,13.109346700290326,2.0262076311330325e-06,702.5189226785649,-0.25246193996031985,-0.25246215922245,0.6303801739545535,4.083333333333333,3.974721283432263e-05
CUST_1355,65.0,,North,Graduate,Salaried,692063.1028910056,445652.8541743144,Business,640.4590021127801,0,82,39.86721217443923,2021-11-15,0,65.0,Salaried,Male,0,692063.1028910056,692063.1028910056,692063.1028910056,1355.0,CUST,2021,11,15,0,2.0,3,Low,0.0,Q3,0.0,-0.11574551626070352,1.0,0.04333292926470143,0.05998058701224955,0.15162220209028063,13.447433864545077,1.444954940970235e-06,831.9033014064829,0.2858588814586001,0.2858588542780008,0.6439482935966632,6.833333333333333,5.7606325214164664e-05
CUST_1356,50.0,Male,South,Secondary,Self-Employed,535592.8854897376,114060.7753857549,Car,671.887505307156,1,50,94.8489083017693,2022-04-22,0,50.0,Self-Employed,Male,0,535592.8854897376,535592.8854897376,535592.8854897376,1356.0,CUST,2022,4,22,4,1.0,1,Low,0.0,Q2,0.0,-0.29686545920252955,1.0,0.029531606742961937,0.046419431316393235,-0.16080062727219285,13.191131476546046,1.867089774851929e-06,731.8421178708818,-0.11717833775305496,-0.11717851672398646,0.21296170743442555,4.166666666666667,0.0001770914268461017
CUST_1357,54.0,Female,East,Graduate,Self-Employed,456897.347427876,379086.5070249198,Home,577.6086459161706,1,45,85.55161349777521,2019-06-14,0,54.0,Self-Employed,Female,0,456897.347427876,456897.347427876,456897.347427876,1357.0,CUST,2019,6,14,4,2.0,0,Low,0.0,Q2,0.0,-0.38795839433272106,1.0,0.022590333701663176,0.03959894840309063,-0.31793137756978773,13.03221621062181,2.1886754335687386e-06,675.9418225172016,-0.383131544196695,-0.38313179402529535,0.829697325122825,3.75,0.00018724471476474832
CUST_1358,52.0,Female,West,Secondary,Salaried,2745520.6319712303,93442.38637980664,Education,572.5513369336705,1,40,14.107574752708736,2023-06-30,0,52.0,Salaried,Female,0,2745520.6319712303,2745520.6319712303,1862518.9859498884,1358.0,CUST,2023,6,30,4,1.0,0,Low,0.0,Q4,0.0,2.2612059360829644,1.0,0.2244564051198629,0.23795220186129792,4.251744397010415,14.825481644734396,3.642296431327042e-07,1656.961264475193,1.99245711851435,1.9924571669836306,0.034034487044585233,3.3333333333333335,5.1383969176470505e-06
CUST_1359,40.0,Female,East,Graduate,Salaried,1261445.0001233984,134728.44883320288,Other,650.2230457489151,0,61,57.87674672518309,2021-05-04,0,40.0,Salaried,Female,0,1261445.0001233984,1261445.0001233984,1261445.0001233984,1359.0,CUST,2021,5,4,1,2.0,0,Low,0.0,Q4,0.0,0.5433346489720953,1.0,0.09355477551926221,0.10932848648482975,1.2885024741034756,14.047769240061747,7.927416573011502e-07,1123.1406858107307,1.1167251163047653,1.1167253606704137,0.10680485381364647,5.083333333333333,4.5881308118120566e-05
CUST_1360,51.0,Male,West,Secondary,Self-Employed,688293.7419034039,131777.32725404558,Other,647.9343051961313,1,57,65.06489591007704,2020-01-25,0,51.0,Self-Employed,Male,0,688293.7419034039,688293.7419034039,688293.7419034039,1360.0,CUST,2020,1,25,5,1.0,1,Low,0.0,Q3,0.0,-0.12010868810477889,1.0,0.04300045598285417,0.05965389933918482,0.14409594920846222,13.441972429106084,1.4528680694089657e-06,829.6347038928662,0.2775906574734453,0.27759062694050723,0.1914550710394587,4.75,9.453070970716895e-05
CUST_1361,42.0,Male,West,Graduate,Salaried,621261.5601905684,818177.5244505231,Car,684.7108384001315,2,48,27.81044303576068,2020-03-25,0,42.0,Salaried,Male,0,621261.5601905684,621261.5601905684,621261.5601905684,1361.0,CUST,2020,3,25,2,2.0,1,Low,0.0,Q3,0.0,-0.19770086589257868,1.0,0.03708793937413632,0.05384427072143019,0.01025332907995081,13.339509073799176,1.6096279957787176e-06,788.2014718272026,0.1199244945558215,0.11992440115684477,1.3169614488724881,4.0,4.476446768536966e-05
CUST_1362,52.0,,North,Post-Graduate,Salaried,684661.8216599771,438335.93527448847,Car,703.7509259961245,2,52,22.33397373869827,2019-12-28,0,52.0,Salaried,Male,0,684661.8216599771,684661.8216599771,684661.8216599771,1362.0,CUST,2019,12,28,5,3.0,3,Low,1.0,Q3,0.0,-0.1243127673102916,1.0,0.04268010554501831,0.05933912355172788,0.13684412315928943,13.43668176490552,1.4605750873633835e-06,827.4429416340301,0.2695680097377396,0.2695679759546855,0.6402225469580464,4.333333333333333,3.2620445644570734e-05
CUST_1363,22.0,Female,South,Primary,Salaried,312392.5162928925,291575.9931969776,Education,562.0749743542681,2,48,86.87239644656948,2020-01-01,0,22.0,Salaried,Female,0,312392.5162928925,312392.5162928925,312392.5162928925,1363.0,CUST,2020,1,1,2,0.0,0,Low,0.0,Q1,0.0,-0.5552279693654348,1.0,0.009844407904622342,0.027074823707849704,-0.6064630160474125,12.652018942228105,3.201101011748983e-06,558.9208497568261,-1.073446615870595,-1.0734468121976255,0.9333642068245596,4.0,0.00027808731615817234
CUST_1364,37.0,Female,East,Post-Graduate,Salaried,451377.2608450984,309698.28468404285,Home,585.0332054445148,1,62,92.34939752608702,2020-04-07,0,37.0,Salaried,Female,0,451377.2608450984,451377.2608450984,451377.2608450984,1364.0,CUST,2020,4,7,1,3.0,0,Low,0.0,Q2,0.0,-0.39434809445272945,1.0,0.022103439156860027,0.03912052666349734,-0.3289532902197489,13.020060982802013,2.215441686418982e-06,671.8461586145287,-0.4040020208867937,-0.4040022747079778,0.6861184901014818,5.166666666666667,0.00020459470499497117
CUST_1365,44.0,Female,North,Graduate,Salaried,220129.5831828801,215140.51593682615,Other,572.3398169949519,5,55,94.31089287216956,2021-08-24,1,44.0,Salaried,Female,0,220129.5831828801,220129.5831828801,232246.6443437917,1365.0,CUST,2021,8,24,1,2.0,0,Low,0.0,Q1,0.0,-0.6620256555837423,1.0,0.00170643431577348,0.019078464901415806,-0.790683675328462,12.301976209169666,4.5427787828217e-06,469.1796917843739,-1.7827100887663576,-1.7827096216667657,0.9773357711231276,4.583333333333333,0.00042843352312866217
CUST_1366,,Male,East,Post-Graduate,Salaried,791739.4033481529,637835.1061018403,Education,762.9957921273137,1,17,77.12975076744394,2023-08-09,0,43.77204301075269,Salaried,Male,1,841340.2087725523,791739.4033481529,791739.4033481529,1366.0,CUST,2023,8,9,2,3.0,1,Low,1.0,Q3,0.0,-0.00036658887573697176,1.0,0.05212479261883103,0.0686194567737699,0.3506450725535105,13.58198884351676,1.2630418490711873e-06,889.7973945501037,0.485335442036484,0.4853354953551328,0.8056124318133853,1.4166666666666667,9.741810302771222e-05
CUST_1367,50.0,,West,Graduate,Salaried,591562.8418764872,187138.5082642112,Business,640.3783527837971,0,68,66.39767589944685,2020-05-24,0,50.0,Salaried,Male,0,591562.8418764872,591562.8418764872,591562.8418764872,1367.0,CUST,2020,5,24,6,2.0,3,Low,0.0,Q2,0.0,-0.23207820782914176,1.0,0.03446838916999885,0.051270305210844976,-0.049045863815841556,13.290524888742825,1.6904374805067393e-06,769.1312253942673,0.04281605510688737,0.04281593229752374,0.3163459484159428,5.666666666666667,0.00011224111995896398
CUST_1368,22.0,,South,Graduate,Salaried,329223.30272947287,145774.23313643417,Business,651.2903436196017,2,63,39.38707143640482,2023-12-19,0,22.0,Salaried,Male,0,329223.30272947287,329223.30272947287,329223.30272947287,1368.0,CUST,2023,12,19,1,2.0,3,Low,0.0,Q1,0.0,-0.5357457245671043,1.0,0.011328953115613282,0.028533535270605693,-0.5728571196267089,12.704494568661296,3.037452062715435e-06,573.7798382040562,-0.9734088561682167,-0.9734090889881849,0.44278224513102266,5.25,0.000119636341378828
CUST_1369,,Male,East,Graduate,Self-Employed,1862518.9859498884,85594.68558803035,Education,654.621949121081,0,25,24.56885654760396,2023-06-27,0,43.77204301075269,Self-Employed,Male,0,1862518.9859498884,1862518.9859498884,1862518.9859498884,1369.0,CUST,2023,6,27,1,2.0,1,Low,0.0,Q4,0.0,1.2390995544270524,1.0,0.1465719955090878,0.16142311536629964,2.4886620854786274,14.437440959889628,5.369072785503063e-07,1364.7413622917304,1.581078662236112,1.581078897608793,0.045956409697438506,2.0833333333333335,1.3191197906066919e-05
CUST_1370,65.0,Male,East,Post-Graduate,Salaried,791987.3787334485,358548.143576624,Other,592.7463989025889,1,49,16.713350946129694,2022-08-05,0,65.0,Salaried,Male,1,535592.8854897376,791987.3787334485,791987.3787334485,1370.0,CUST,2022,8,5,4,3.0,1,Low,0.0,Q3,0.0,-7.954838725517991e-05,1.0,0.05214666507690488,0.06864094861333263,0.3511402030184194,13.582301997372555,1.2626463840706405e-06,889.9367273764177,0.48579033949300127,0.4857903929918641,0.45271951700226515,4.083333333333333,2.1103052137834277e-05
CUST_1371,43.0,Female,West,Graduate,Salaried,840324.7667618975,315185.85639444046,Education,775.1415615156825,1,63,68.93028482687683,2019-08-31,0,43.0,Salaried,Female,0,840324.7667618975,840324.7667618975,840324.7667618975,1371.0,CUST,2019,8,31,5,2.0,0,Low,1.0,Q3,0.0,0.05587272871106147,1.0,0.05641022329979829,0.07283031356643269,0.44765507838995083,13.641544913211385,1.1900160979920824e-06,916.6922966633338,0.5710824723748152,0.5710825591065531,0.3750762429688048,5.25,8.20281485831628e-05
CUST_1372,51.0,Female,East,Secondary,Salaried,581127.1315329662,147016.96856981685,Other,682.8821323854983,2,32,76.70149029024546,2023-09-05,0,51.0,Salaried,Female,0,581127.1315329662,581127.1315329662,581127.1315329662,1372.0,CUST,2023,9,5,1,1.0,0,Low,0.0,Q2,0.0,-0.24415792046307233,1.0,0.03354791620979946,0.05036585006841734,-0.06988276304228609,13.272726547720834,1.720793860277825e-06,762.3169495249113,0.014516281043814428,0.014516147768372213,0.2529858968715988,2.6666666666666665,0.00013198745356561358
CUST_1373,66.0,Female,East,Graduate,Unemployed,1219991.8115913102,55103.24019087821,Car,653.1672423822359,0,39,80.2485604586733,2022-01-17,0,66.0,Unemployed,Female,0,1219991.8115913102,1219991.8115913102,1219991.8115913102,1373.0,CUST,2022,1,17,0,2.0,0,Low,0.0,Q4,0.0,0.495351082090263,1.0,0.08989843226117976,0.1057357699084113,1.2057332247064585,14.01435552455381,8.19677632661683e-07,1104.5323949940582,1.074316418581538,1.0743166557707533,0.04516689347164716,3.25,6.577795006127327e-05
CUST_1374,41.0,Male,West,Post-Graduate,Salaried,270006.0845381155,415266.8632221283,Education,561.5794863079548,1,26,87.67002528082288,2019-09-27,0,41.0,Salaried,Male,0,270006.0845381155,270006.0845381155,270006.0845381155,1374.0,CUST,2019,9,27,4,3.0,1,Low,0.0,Q1,0.0,-0.6042917990733279,1.0,0.0061057487213659264,0.023401223645390393,-0.6910956647095311,12.506203476666332,3.7036202412757055e-06,519.6210970872098,-1.3598568177016874,-1.3598568390397308,1.537990760160544,2.1666666666666665,0.00032469648018320843
CUST_1375,42.0,Female,North,Graduate,Salaried,981539.1457141174,52296.73382085271,Other,557.0454006675004,0,25,84.79401290926175,2021-04-24,0,42.0,Salaried,Female,0,981539.1457141174,981539.1457141174,981539.1457141174,1375.0,CUST,2021,4,24,5,2.0,0,Low,0.0,Q4,0.0,0.21933348618415882,1.0,0.0688659175590365,0.08506925725341954,0.7296166973591054,13.79687819427085,1.0188080672648704e-06,990.7265746481809,0.7876329990438407,0.7876331625744377,0.053280334308288324,2.0833333333333335,8.638882440771744e-05
CUST_1376,21.0,Male,West,Graduate,Self-Employed,266663.3147760119,293276.41613204754,Education,625.2873974715385,1,79,94.97800814193788,2019-04-29,0,21.0,Self-Employed,Male,0,266663.3147760119,266663.3147760119,266663.3147760119,1376.0,CUST,2019,4,29,0,2.0,1,Low,0.0,Q1,0.0,-0.6081611761256214,1.0,0.0058109025559490435,0.02311150831200504,-0.6977701463094733,12.493745898353106,3.7500471364141906e-06,516.3945340299526,-1.3849132435972356,-1.384913244145046,1.0998003844938016,6.583333333333333,0.00035617200745499786
CUST_1377,46.0,Male,North,Graduate,Self-Employed,990451.1335870842,753033.0315879624,Education,594.0006565142536,1,52,30.74544093221636,2020-12-10,0,46.0,Self-Employed,Male,0,990451.1335870842,990451.1335870842,990451.1335870842,1377.0,CUST,2020,12,10,3,2.0,1,Low,0.0,Q4,0.0,0.22964943487943373,1.0,0.06965199187392812,0.08584165251887092,0.7474111921374693,13.805916818447812,1.0096409263203492e-06,995.214114443261,0.7999250522655541,0.799925219711719,0.7602929675622911,4.333333333333333,3.1041855462930504e-05
CUST_1378,61.0,Male,South,Post-Graduate,Salaried,361321.44989567134,165130.19832739176,Other,564.6044523562758,2,31,74.8811472930379,2023-03-30,1,61.0,Salaried,Male,0,361321.44989567134,361321.44989567134,361321.44989567134,1378.0,CUST,2023,3,30,3,3.0,1,Low,0.0,Q1,0.0,-0.4985909568430256,1.0,0.01416014290206892,0.03131545746959536,-0.5087670063673947,12.797526051645065,2.767618695931464e-06,601.1001995471897,-0.7998909028001445,-0.7998911728226755,0.45701742415376,2.5833333333333335,0.00020724246322100943
CUST_1379,21.0,Female,North,Secondary,Self-Employed,1248153.8129752246,103568.93620974138,Other,620.3233584342756,3,65,59.8490585518578,2023-08-15,0,21.0,Self-Employed,Female,0,1248153.8129752246,1248153.8129752246,1248153.8129752246,1379.0,CUST,2023,8,15,1,1.0,0,Low,0.0,Q4,0.0,0.5279496185305969,1.0,0.092382437654745,0.10817654932200908,1.2619640672207806,14.03717686907644,8.011833073748241e-07,1117.2080437300945,1.103327377637589,1.1033276198559039,0.08297770285381278,5.416666666666667,4.795006667384694e-05
CUST_1380,45.0,Female,North,Graduate,Salaried,1641577.773175082,294068.5528239596,Home,632.6857577379288,2,32,32.2058362585545,2019-08-12,0,45.0,Salaried,Female,0,1641577.773175082,1641577.773175082,1641577.773175082,1380.0,CUST,2019,8,12,0,2.0,0,Low,0.0,Q4,0.0,0.983352099634122,1.0,0.12708406364260685,0.1422743071404718,2.047510536229729,14.311169003304252,6.09170041368033e-07,1281.2407163273738,1.436523102536036,1.4365233601554916,0.1791377524888091,2.6666666666666665,1.9618830605915743e-05
CUST_1381,36.0,Female,South,Primary,Salaried,280551.7126073048,389793.9202018651,Education,661.3428336368216,0,97,93.46195239439014,2021-05-13,0,36.0,Salaried,Female,0,280551.7126073048,280551.7126073048,280551.7126073048,1381.0,CUST,2021,5,13,3,0.0,0,Low,0.0,Q1,0.0,-0.5920848526914548,1.0,0.007035916881124687,0.02431520527417613,-0.6700392936409642,12.544516910023143,3.564405259447055e-06,529.6713250755649,-1.2833811290917545,-1.2833812081694032,1.3893834992680136,8.083333333333334,0.0003331362746727545
CUST_1382,59.0,Male,North,Secondary,Salaried,510576.6397295583,208121.2726377801,Business,609.686442290059,0,23,86.32133890581143,2023-05-28,0,59.0,Salaried,Male,0,510576.6397295583,510576.6397295583,510576.6397295583,1382.0,CUST,2023,5,28,6,1.0,1,Low,0.0,Q2,0.0,-0.3258226695902596,1.0,0.02732507005020641,0.0442512921694424,-0.2107503647380709,13.143297990683257,1.958569825110082e-06,714.5464573626814,-0.1958975128132824,-0.19589771618053525,0.40762004455186457,1.9166666666666667,0.00016906636964402318
CUST_1383,52.0,Female,West,Secondary,Salaried,2181326.1065714853,732463.4472806166,Education,569.3919444271975,1,76,20.9238318177499,2023-08-21,0,52.0,Salaried,Female,0,2181326.1065714853,2181326.1065714853,1862518.9859498884,1383.0,CUST,2023,8,21,0,1.0,0,Low,0.0,Q4,0.0,1.6081303415982062,1.0,0.17469210658838707,0.1890538879919283,3.125221708771485,14.595444014025674,4.584367266236834e-07,1476.9313141007897,1.7543973434769031,1.7543975242297485,0.33578814514282473,6.333333333333333,9.592252966953739e-06
CUST_1384,28.0,Male,North,Secondary,Self-Employed,530250.3962436905,60610.277608512326,Education,572.1663291207002,1,39,12.223459097490688,2020-08-06,1,28.0,Self-Employed,Male,0,530250.3962436905,530250.3962436905,530250.3962436905,1384.0,CUST,2020,8,6,3,1.0,1,Low,0.0,Q2,0.0,-0.3030495839738902,1.0,0.02906037702028231,0.04595640180398907,-0.17146793274290859,13.181106505603454,1.8859014666753117e-06,728.1829414671085,-0.13358269387614324,-0.13358287813237146,0.1143050114374912,3.25,2.3052239439803368e-05
CUST_1385,62.0,Female,South,Graduate,Salaried,1195889.4376326064,190556.93378571476,Other,747.037818338095,3,52,68.50811479827753,2023-08-18,1,62.0,Salaried,Female,0,1195889.4376326064,1195889.4376326064,1195889.4376326064,1385.0,CUST,2023,8,18,4,2.0,0,Low,1.0,Q4,0.0,0.4674517114070367,1.0,0.08777250285385634,0.1036468353410392,1.1576082077441594,13.99440160196591,8.361977023321212e-07,1093.5672990870778,1.0487869303541122,1.0487871627008822,0.15934327019506883,4.333333333333333,5.728632818542486e-05
CUST_1386,67.0,Male,West,Secondary,Salaried,644254.523462125,303491.84946995566,Education,549.8593850910606,2,57,61.35110345280548,2023-09-11,0,67.0,Salaried,Male,0,644254.523462125,644254.523462125,644254.523462125,1386.0,CUST,2023,9,11,0,1.0,1,Low,0.0,Q3,0.0,-0.1710856782551256,1.0,0.0391160141548306,0.05583705350152338,0.05616319461241166,13.375850701954189,1.5521815735349931e-06,802.6546726096628,0.17640218920401352,0.17640211800759864,0.47107445646532103,4.75,9.522805229548376e-05
CUST_1387,58.0,Male,South,Graduate,Self-Employed,435265.8106401821,447030.6984861358,Education,679.0545838633017,1,93,89.5443280494474,2023-07-01,0,58.0,Self-Employed,Male,0,435265.8106401821,435265.8106401821,435265.8106401821,1387.0,CUST,2023,7,1,5,2.0,1,Low,0.0,Q2,0.0,-0.4129976815133841,1.0,0.020682342386726733,0.03772415942924861,-0.36112289375039347,12.983714479837333,2.2974466993082716e-06,659.7467776656299,-0.4668658651053112,-0.4668661293095222,1.0270292027264438,7.75,0.00020572332091898
CUST_1388,48.0,Male,South,Secondary,Self-Employed,368284.609530038,89508.71203199099,Business,691.5637063819516,1,63,29.89044940863144,2022-10-08,0,48.0,Self-Employed,Male,0,368284.609530038,368284.609530038,368284.609530038,1388.0,CUST,2022,10,8,5,1.0,1,Low,0.0,Q1,0.0,-0.49053084740739383,1.0,0.014774322478734316,0.03191894926186779,-0.4948637213179948,12.816614028984592,2.715291310296487e-06,606.8645726437144,-0.7648851435007711,-0.7648854173602485,0.24304222797629574,5.25,8.116127754011371e-05
CUST_1389,61.0,Male,East,Secondary,Salaried,313590.2764541932,371891.0642808085,Other,640.2979619331464,0,130,17.1729755710739,2019-01-22,0,61.0,Salaried,Male,0,313590.2764541932,313590.2764541932,313590.2764541932,1389.0,CUST,2019,1,22,1,1.0,1,Low,0.0,Q1,0.0,-0.5538415186039046,1.0,0.009950055321519633,0.02717863267739972,-0.6040714579304352,12.655845749642248,3.18887438499447e-06,559.9913181953746,-1.0660978369040157,-1.0660980363142933,1.185913888893402,10.833333333333334,5.476246191273333e-05
CUST_1390,45.0,Female,East,Secondary,Self-Employed,917318.5146084776,210908.317479966,Education,791.4263246724142,0,40,32.03330337061885,2021-06-05,0,45.0,Self-Employed,Female,0,917318.5146084776,917318.5146084776,917318.5146084776,1390.0,CUST,2021,6,5,5,1.0,0,Low,1.0,Q4,0.0,0.14499578003965843,1.0,0.06320139138172827,0.07950330360566371,0.6013878778003419,13.729211125236876,1.0901338892259365e-06,957.7674637449727,0.6945403022431381,0.6945404344107976,0.2299183044045339,3.3333333333333335,3.492058958816703e-05
CUST_1391,54.0,Male,South,Primary,Salaried,444320.521401188,151019.63870055586,Car,690.137519442216,2,29,11.608849443474394,2022-11-26,0,54.0,Salaried,Male,0,444320.521401188,444320.521401188,444320.521401188,1391.0,CUST,2022,11,26,5,0.0,1,Low,0.0,Q2,0.0,-0.40251652590674003,1.0,0.021481005452639333,0.03850892437973146,-0.3430434253250536,13.004303726646189,2.2506275353295442e-06,666.57371790462,-0.43117096023033574,-0.4311712188483643,0.3398889572349903,2.4166666666666665,2.6127196210978525e-05
CUST_1392,44.0,Male,South,Graduate,Self-Employed,557978.132807031,78247.06202289855,Home,797.432243864372,0,104,13.050883851059256,2022-02-07,0,44.0,Self-Employed,Male,0,557978.132807031,557978.132807031,557978.132807031,1392.0,CUST,2022,2,7,0,2.0,1,Low,1.0,Q2,0.0,-0.2709537247895243,1.0,0.031506078454486296,0.04835954381321147,-0.11610418331626557,13.232076844261014,1.792184928379468e-06,746.979338942538,-0.050688524809933244,-0.05068868138582357,0.14023320524741223,8.666666666666666,2.338959733989939e-05
CUST_1393,43.0,Female,South,Graduate,Self-Employed,538957.3727044545,450934.742120851,Business,597.9148798468102,2,21,87.76291350326457,2018-07-26,1,43.0,Self-Employed,Female,0,538957.3727044545,538957.3727044545,538957.3727044545,1393.0,CUST,2018,7,26,3,2.0,0,Low,0.0,Q2,0.0,-0.29297094341237584,1.0,0.02982836847782612,0.04671102888501222,-0.1540827826086295,13.197393616304717,1.8554343082153382e-06,734.1371620511078,-0.10695635389861709,-0.10695652952599555,0.8366797912972632,1.75,0.00016283832070289228
CUST_1394,32.0,Male,East,Graduate,Unemployed,630521.4805867751,84222.49277526219,Education,599.2843672085265,1,19,39.92140951265965,2022-12-24,0,32.0,Unemployed,Male,0,630521.4805867751,630521.4805867751,630521.4805867751,1394.0,CUST,2022,12,24,5,2.0,1,Low,0.0,Q3,0.0,-0.1869821727018756,1.0,0.03790470278148777,0.054646821036178954,0.028742537939647327,13.354304088924795,1.5859887898720302e-06,794.0538272603281,0.1429916031857585,0.1429915187980878,0.13357592939664387,1.5833333333333333,6.331490796296883e-05
CUST_1395,26.0,Female,East,Graduate,Salaried,1203382.408956573,124151.25564448647,Car,692.2029726944012,1,54,44.918765085822855,2022-11-16,0,26.0,Salaried,Female,0,1203382.408956573,1203382.408956573,1203382.408956573,1395.0,CUST,2022,11,16,2,2.0,0,Low,0.0,Q4,0.0,0.4761250970595998,1.0,0.08843341402024787,0.1042962455127418,1.1725693635490506,14.000647654866446,8.309910403782355e-07,1096.9878800408749,1.0567947448120163,1.0567949787188837,0.10316858109227611,4.5,3.7327091331173497e-05
CUST_1396,55.0,Female,North,Secondary,Salaried,2174845.3956678417,118510.88810554416,Education,629.0827490144637,0,42,11.561590635738874,2020-03-03,0,55.0,Salaried,Female,0,2174845.3956678417,2174845.3956678417,1862518.9859498884,1396.0,CUST,2020,3,3,1,1.0,0,Low,0.0,Q4,0.0,1.6006286840394375,1.0,0.17412048099191996,0.18849220966717234,3.112281725237084,14.592468597329571,4.5980279885059436e-07,1474.7357036662,1.7512090097660327,1.7512091918223216,0.05449163804519882,3.5,5.316051733477557e-06
CUST_1397,64.0,Female,North,Post-Graduate,Salaried,461773.27012433344,460231.520740062,Education,784.8532339913614,3,48,32.99435131460696,2022-09-21,0,64.0,Salaried,Female,0,461773.27012433344,461773.27012433344,461773.27012433344,1397.0,CUST,2022,9,21,2,3.0,0,Low,1.0,Q2,0.0,-0.38231433723841574,1.0,0.0230204103184311,0.04002154094463511,-0.30819566179025826,13.042831457859045,2.1655649312683087e-06,679.5390129524084,-0.36496750495525654,-0.36496775109814333,0.9966612415789615,4.0,7.145141013685925e-05
CUST_1398,39.0,Male,South,Graduate,Salaried,1078733.8709486765,273377.4491452259,Other,677.336030690475,0,65,78.40170861802163,2020-10-02,0,39.0,Salaried,Male,0,1078733.8709486765,1078733.8709486765,1078733.8709486765,1398.0,CUST,2020,10,2,4,2.0,1,Low,0.0,Q4,0.0,0.33183990038300004,1.0,0.07743889568006729,0.09349305076258066,0.9236846264590943,13.891299496668383,9.270127015769836e-07,1038.6211392748928,0.9144072828112719,0.9144074837740155,0.25342436768234033,5.416666666666667,7.26793797142437e-05
CUST_1399,20.0,Female,West,Graduate,Salaried,923081.1982512932,368596.21166212816,Other,566.4340624114627,0,52,62.31673157167113,2020-07-30,0,20.0,Salaried,Female,0,923081.1982512932,923081.1982512932,923081.1982512932,1399.0,CUST,2020,7,30,3,2.0,0,Low,0.0,Q4,0.0,0.1516662950418961,1.0,0.06370968399399767,0.08000275104942724,0.6128941820562641,13.735473565046643,1.0833283159526924e-06,960.7711476992287,0.7032355913609378,0.7032357265764191,0.39931071324647543,4.333333333333333,6.750947986921445e-05
CUST_1400,27.0,Female,West,Primary,Unemployed,626105.3979223314,107661.22643864524,Other,511.054687316478,3,48,74.0713510923453,2021-03-11,0,27.0,Unemployed,Female,0,626105.3979223314,626105.3979223314,626105.3979223314,1400.0,CUST,2021,3,11,3,0.0,0,Low,0.0,Q3,0.0,-0.1920939483068091,1.0,0.03751518596386649,0.05426408248329056,0.01992498106755653,13.347275600372026,1.5971751773781684e-06,791.2682212261095,0.13204618733759488,0.13204609866341754,0.17195383843389436,4.0,0.00011830492331955719
CUST_1401,65.0,,East,Secondary,Salaried,1762318.8325989677,246098.71499531323,Car,643.7409126125389,2,21,48.01316796747173,2022-08-05,0,65.0,Salaried,Male,0,1762318.8325989677,1762318.8325989677,1762318.8325989677,1401.0,CUST,2022,8,5,4,1.0,3,Low,0.0,Q4,0.0,1.1231142483471115,1.0,0.1377339261557528,0.1527388436696879,2.2885932421397888,14.382141585804588,5.674342130927481e-07,1327.523571391095,1.518447191650033,1.5184474390983609,0.13964483068650205,1.75,2.724431418371226e-05
CUST_1402,35.0,Male,East,Secondary,Salaried,311868.43585222505,219607.7524245072,Education,642.8701496373413,0,27,36.32698384886305,2019-03-25,0,35.0,Salaried,Male,0,311868.43585222505,311868.43585222505,311868.43585222505,1402.0,CUST,2019,3,25,0,1.0,1,Low,0.0,Q1,0.0,-0.5558346114541793,1.0,0.00979818183483656,0.027029402051440686,-0.6075094432640818,12.650339904373979,3.2064803135183983e-06,558.4518205290632,-1.0766736129661352,-1.0766738079185458,0.7041679348452047,2.25,0.00011648175856088019
CUST_1403,33.0,Female,East,Secondary,Self-Employed,257853.71390988224,407749.25483858347,Home,675.101273864671,1,77,51.03885793291148,2019-08-15,0,33.0,Self-Employed,Female,0,257853.71390988224,257853.71390988224,257853.71390988224,1403.0,CUST,2019,8,15,3,1.0,0,Low,0.0,Q1,0.0,-0.618358608152713,1.0,0.005033859199963613,0.022347986851192096,-0.7153602057716648,12.46015158090937,3.8781679146599774e-06,507.7929833208433,-1.4529525811562698,-1.4529525204130795,1.5813200773415088,6.416666666666667,0.00019793726123630616
CUST_1404,31.0,Female,South,Graduate,Salaried,1161944.095446393,523077.42024201486,Business,746.8552459004723,0,49,37.46104081448885,2018-03-23,0,31.0,Salaried,Female,0,1161944.095446393,1161944.095446393,1161944.095446393,1404.0,CUST,2018,3,23,4,2.0,0,Low,1.0,Q4,0.0,0.4281587485542994,1.0,0.08477838280082862,0.10070481814324991,1.0898298149890906,13.965605965231541,8.606266032164104e-07,1077.9351072520055,1.011674063913792,1.0116742885532741,0.45017434340208806,4.083333333333333,3.2239968309124846e-05
CUST_1405,42.0,Female,West,Graduate,Self-Employed,489150.7309737383,52446.25388179425,Other,736.3290643195141,2,54,81.31254321729578,2023-12-23,1,42.0,Self-Employed,Female,0,489150.7309737383,489150.7309737383,489150.7309737383,1405.0,CUST,2023,12,23,5,2.0,0,Low,1.0,Q2,0.0,-0.350623934877563,1.0,0.025435215981031725,0.0423943248219903,-0.25353130507503524,13.100428008617406,2.044359614855088e-06,699.3931161898423,-0.2674169210811008,-0.2674171442943776,0.10721900338637705,4.5,0.0001662320795345985
CUST_1406,34.0,Female,North,Graduate,Salaried,1138556.9055162966,274183.8001779072,Other,603.6879174130854,3,101,35.302265825391885,2021-11-07,0,34.0,Salaried,Female,0,1138556.9055162966,1138556.9055162966,1138556.9055162966,1406.0,CUST,2021,11,7,6,2.0,0,Low,0.0,Q4,0.0,0.40108722928334606,1.0,0.08271553559282173,0.09867786803607873,1.0431328002462772,13.945273024427761,8.78304804218592e-07,1067.0318202922988,0.9852739768260709,0.9852741955211612,0.24081694893516636,8.416666666666666,3.1006149674243513e-05
CUST_1407,47.0,Female,South,Graduate,Salaried,1317884.9196435586,60645.51680924455,Education,546.4944478556463,0,55,66.07990943851212,2022-01-20,0,47.0,Salaried,Female,0,1317884.9196435586,1317884.9196435586,1317884.9196435586,1407.0,CUST,2022,1,20,3,2.0,0,Low,0.0,Q4,0.0,0.6086658996913125,1.0,0.09853301064499956,0.11422009172949844,1.4011956091827131,14.091539434641042,7.587915948403726e-07,1147.991689710147,1.171637455631138,1.1716377075923974,0.046017308419605295,4.583333333333333,5.0140879869756e-05
CUST_1408,53.0,Male,North,Post-Graduate,Salaried,232246.6443437917,209194.9214739779,Education,646.8657986102294,3,42,21.643488896309865,2020-12-15,0,53.0,Salaried,Male,0,232246.6443437917,232246.6443437917,232246.6443437917,1408.0,CUST,2020,12,15,1,3.0,1,Low,0.0,Q1,0.0,-0.6479997184914534,1.0,0.0027752093956247385,0.02012864145071997,-0.7664896363968111,12.355559513863794,4.3057672707496915e-06,481.9197488626003,-1.6692406508056838,-1.6692403451457292,0.900744646089706,3.5,9.319182611456538e-05
CUST_1409,21.0,Male,North,Graduate,Salaried,1274780.7940351614,117832.3341139772,Car,591.0558635742897,0,85,68.38365196746734,2019-02-23,1,21.0,Salaried,Male,0,1274780.7940351614,1274780.7940351614,1274780.7940351614,1409.0,CUST,2019,2,23,5,2.0,1,Low,0.0,Q4,0.0,0.5587713133578053,1.0,0.09473104788544479,0.11048428968219788,1.3151299469536162,14.058285579995005,7.844485927865126e-07,1129.061908858483,1.1299845373659474,1.12998478374507,0.09243340868045959,7.083333333333333,5.364345955548239e-05
CUST_1410,,Male,South,Post-Graduate,Unemployed,497392.6993342124,123280.59290589238,Car,620.6614761568785,0,33,87.63047548600287,2018-03-29,0,43.77204301075269,Unemployed,Male,0,497392.6993342124,497392.6993342124,497392.6993342124,1410.0,CUST,2018,3,29,3,3.0,1,Low,0.0,Q2,0.0,-0.3410835580316029,1.0,0.026162191794359593,0.043108650001778825,-0.23707463288871258,13.117137143070192,2.0104838718349713e-06,705.2607314562554,-0.2394316001900027,-0.23943181592158155,0.24785364374754942,2.75,0.00017617965764583858
CUST_1411,42.0,Female,North,Primary,Salaried,557116.4541230529,137068.9699358234,Other,674.4049711172133,1,58,61.7295681443922,2018-08-03,0,42.0,Salaried,Female,0,557116.4541230529,557116.4541230529,557116.4541230529,1411.0,CUST,2018,8,3,4,0.0,0,Low,0.0,Q2,0.0,-0.2719511490704408,1.0,0.03143007481861742,0.04828486277175001,-0.11782469024033665,13.230531365841319,1.7949568579088778e-06,746.4023406468209,-0.053183336497184604,-0.05318349393973157,0.24603288759281203,4.833333333333333,0.00011080191167653019
CUST_1412,41.0,Male,West,Secondary,Salaried,692542.4960426511,244198.20102765225,Education,585.9225922483216,1,80,57.58770730293056,2022-10-25,0,41.0,Salaried,Male,0,692542.4960426511,692542.4960426511,692542.4960426511,1412.0,CUST,2022,10,25,1,1.0,1,Low,0.0,Q3,0.0,-0.11519060132727517,1.0,0.043375213730144496,0.06002213565503261,0.15257940255501828,13.448126325241049,1.4439547113712054e-06,832.1913818603574,0.2869062479289539,0.28690622117319586,0.3526111428822512,6.666666666666667,8.315404127713256e-05
CUST_1413,44.0,Female,North,Primary,Salaried,1504436.9797823878,131308.1269565668,Home,672.4313576890652,0,34,91.69505278183942,2022-03-01,0,44.0,Salaried,Female,0,1504436.9797823878,1504436.9797823878,1504436.9797823878,1413.0,CUST,2022,3,1,1,0.0,0,Low,0.0,Q4,0.0,0.824606664964072,1.0,0.11498767653498293,0.13038841804068124,1.773682612907545,14.223929951060226,6.647004915672837e-07,1226.5549232636865,1.333397342549286,1.333397604550044,0.08728057653480925,2.8333333333333335,6.0949746658376697e-05
CUST_1414,41.0,Female,West,Graduate,Salaried,209650.5846827929,313876.0207985537,Business,678.9632116687242,0,66,63.32870720184694,2022-09-14,0,41.0,Salaried,Female,0,209650.5846827929,209650.5846827929,232246.6443437917,1414.0,CUST,2022,9,14,2,2.0,0,Low,0.0,Q1,0.0,-0.6741554758265043,1.0,0.0007821431605203391,0.018170258007116597,-0.8116070076702743,12.253202311276723,4.7698412168290835e-06,457.87616741078904,-1.887596678297572,-1.8875960401151235,1.4971387809792442,5.5,0.00030206787781987033
CUST_1415,41.0,Female,West,Post-Graduate,Self-Employed,523937.2819689117,153679.97575476585,Education,661.4675106076711,1,43,32.06178682821202,2022-02-10,0,41.0,Self-Employed,Female,0,523937.2819689117,523937.2819689117,523937.2819689117,1415.0,CUST,2022,2,10,3,3.0,0,Low,0.0,Q2,0.0,-0.31035724236552414,1.0,0.028503534142002303,0.04540924895261638,-0.1840732774313287,13.1691291738642,1.908625391617483e-06,723.8351207069961,-0.15324674264968555,-0.15324693310599286,0.29331750390870526,3.5833333333333335,6.119394044095243e-05
CUST_1416,61.0,Male,West,Secondary,Salaried,781930.7990668293,64160.30128271776,Education,559.7101602389844,0,29,34.85323702705793,2018-11-05,0,61.0,Salaried,Male,0,781930.7990668293,781930.7990668293,781930.7990668293,1416.0,CUST,2018,11,5,0,1.0,1,Low,0.0,Q3,0.0,-0.01172040353310631,1.0,0.05125963301578976,0.06776935244064335,0.3310603109767482,13.569522802254605,1.2788855499497267e-06,884.2685107289693,0.4671920274182774,0.4671920735293278,0.08205368219088865,2.4166666666666665,4.4573301202877156e-05
CUST_1417,25.0,,East,Post-Graduate,Self-Employed,841340.2087725523,356273.1297166667,Car,687.4261380188766,2,100,69.9510646155538,2018-08-19,0,25.0,Self-Employed,Male,0,841340.2087725523,841340.2087725523,841340.2087725523,1417.0,CUST,2018,8,19,6,3.0,3,Low,0.0,Q3,0.0,0.05704813961088071,1.0,0.05649978949919347,0.07291832115941307,0.4496826033163636,13.642752574596003,1.1885798272342573e-06,917.2459914180886,0.572805390499349,0.5728054778892631,0.4234590549668439,8.333333333333334,8.314242429560731e-05
CUST_1418,34.0,Male,North,Primary,Unemployed,789692.832855554,117306.77859034276,Business,816.5015703013378,1,52,72.51211048083584,2018-06-04,0,34.0,Unemployed,Male,0,789692.832855554,789692.832855554,789692.832855554,1418.0,CUST,2018,6,4,0,0.0,1,Low,1.0,Q3,0.0,-0.002735568333951354,1.0,0.05194427660817452,0.06844208205317688,0.34655870164915,13.579400595977598,1.2663151524008464e-06,888.6466299128996,0.4815740290150163,0.48157408084272324,0.14854735120828222,4.333333333333333,9.182318423444665e-05
CUST_1419,62.0,Female,South,Post-Graduate,Salaried,272186.4777976547,163396.9825321886,Other,669.6717461530324,3,47,35.79717970206629,2021-04-13,1,62.0,Salaried,Female,0,272186.4777976547,272186.4777976547,272186.4777976547,1419.0,CUST,2021,4,13,1,3.0,0,Low,0.0,Q1,0.0,-0.6017679149162187,1.0,0.006298068455427238,0.023590196684233806,-0.6867420909586801,12.514246364458916,3.6739517997167636e-06,521.7149392126458,-1.3437296282306193,-1.343729662454632,0.6003126380424229,3.9166666666666665,0.00013151711279119085
CUST_1420,56.0,Male,South,Secondary,Unemployed,377905.935654887,281318.5574063652,Education,413.7539919478984,0,40,39.35423812373807,2018-04-25,1,56.0,Unemployed,Male,0,377905.935654887,377905.935654887,377905.935654887,1420.0,CUST,2018,4,25,2,1.0,1,Low,0.0,Q2,0.0,-0.47939381399810027,1.0,0.015622963371175497,0.03275282233846153,-0.47565289653569315,12.842403242317845,2.6461611359467053e-06,614.7405433635291,-0.7179078779509523,-0.7179081551731212,0.7444142334293157,3.3333333333333335,0.00010413765545782788
CUST_1421,,Male,North,Secondary,Salaried,422141.0612046673,130830.04173809956,Other,749.2703657637522,0,61,94.2398032428224,2021-11-14,0,43.77204301075269,Salaried,Male,0,422141.0612046673,422141.0612046673,422141.0612046673,1421.0,CUST,2021,11,14,6,1.0,1,Low,1.0,Q2,0.0,-0.4281900542752241,1.0,0.019524685019177826,0.036586647297417986,-0.3873289757858098,12.953097174294067,2.3688764062008163e-06,649.72383456717,-0.5203564465523509,-0.5203567175248284,0.3099201990956521,5.083333333333333,0.00022324244642692918
CUST_1422,27.0,Female,East,Graduate,Salaried,1015936.8813932608,61649.94076477962,Education,593.780177864049,2,51,18.66596671432358,2018-11-07,0,27.0,Salaried,Female,0,1015936.8813932608,1015936.8813932608,1015936.8813932608,1422.0,CUST,2018,11,7,2,2.0,0,Low,0.0,Q4,0.0,0.2591501108876148,1.0,0.07189994059556074,0.08805048305394045,0.7982983805766899,13.831322764890452,9.84313118565744e-07,1007.9369431632422,0.8342974016437457,0.8342975797298984,0.060682845453573615,4.25,1.8373155907620217e-05
CUST_1423,63.0,Male,East,Secondary,Salaried,363391.574588316,143655.75857042946,Other,831.2570152396554,3,24,44.39482741740844,2020-09-19,0,63.0,Salaried,Male,0,363391.574588316,363391.574588316,363391.574588316,1423.0,CUST,2020,9,19,5,1.0,1,Low,1.0,Q1,0.0,-0.49619471254528347,1.0,0.014342736490918724,0.03149487361493628,-0.5046336049805316,12.803239001571761,2.7518524641232393e-06,602.8196866296887,-0.7893927510803435,-0.7893930223756758,0.3953194532075295,2.0,0.00012216801522292137
CUST_1424,63.0,Male,West,Secondary,Self-Employed,318307.5456181243,628089.2498336064,Business,646.4224050503025,1,46,15.308040151788134,2020-11-07,0,63.0,Self-Employed,Male,0,318307.5456181243,318307.5456181243,318307.5456181243,1424.0,CUST,2020,11,7,5,1.0,1,Low,0.0,Q1,0.0,-0.5483811087188634,1.0,0.010366138038311087,0.027587474836973616,-0.5946525243880845,12.670776460594757,3.141615754118159e-06,564.1875092716289,-1.037506494029898,-1.0375067048185365,1.973215082269514,3.8333333333333335,4.809198010553093e-05
CUST_1425,24.0,Female,North,Secondary,Unemployed,1778514.4344750042,255296.13213422243,Car,515.2239444811339,0,37,79.79166076985048,2018-01-12,0,24.0,Unemployed,Female,0,1778514.4344750042,1778514.4344750042,1778514.4344750042,1425.0,CUST,2018,1,12,4,1.0,0,Low,0.0,Q4,0.0,1.141861244014496,1.0,0.13916244545250592,0.15414250426578582,2.3209308706378904,14.391289548699593,5.622670137560986e-07,1333.6095509837219,1.528880103616915,1.5288803493192202,0.14354459383859164,3.0833333333333335,4.4864218823703484e-05
CUST_1426,58.0,Female,North,Post-Graduate,Salaried,204451.39883614265,272630.9937390083,Business,484.8242008032998,1,109,17.84939631036174,2021-11-28,1,58.0,Salaried,Female,0,204451.39883614265,206237.27455821127,232246.6443437917,1426.0,CUST,2021,11,28,6,3.0,0,Low,0.0,Q1,0.0,-0.6801737217235769,1.0,0.00032355339237253797,0.01771964849222533,-0.8219881803916375,12.228090458842775,4.891137970410941e-06,452.1630224113231,-1.942201766341731,-1.942201030372101,1.3334758053877314,9.083333333333334,8.730386004252327e-05
CUST_1427,23.0,Female,South,Graduate,Self-Employed,3264411.4969520434,250087.8713472277,Home,773.1792610140703,1,77,67.29062529933046,2023-07-07,0,23.0,Self-Employed,Female,0,3264411.4969520434,3264411.4969520434,1862518.9859498884,1427.0,CUST,2023,7,7,4,2.0,0,Low,1.0,Q4,0.0,2.8618409030386505,1.0,0.2702247327934879,0.28292408166073985,5.287809629487898,14.998590364823801,3.0633392908051856e-07,1806.7682466083036,2.1610517177902127,2.161051626778768,0.0766104002451795,6.416666666666667,2.0613401638228844e-05
CUST_1428,25.0,Female,North,Secondary,Salaried,764774.9272183767,94376.90358575452,Car,648.7328503100168,1,25,14.801091040295974,2019-12-31,0,25.0,Salaried,Female,0,764774.9272183767,764774.9272183767,764774.9272183767,1428.0,CUST,2019,12,31,1,1.0,0,Low,0.0,Q3,0.0,-0.0315789464680881,1.0,0.049746413922376484,0.06628246597049559,0.2968053191189166,13.547338164306558,1.307574247529405e-06,874.5141092162988,0.43473520425365647,0.4347352373810291,0.12340480869029817,2.0833333333333335,1.9353525479629227e-05
CUST_1429,64.0,Female,East,Graduate,Salaried,1081496.508219185,158371.72910217845,Business,828.0815108613352,0,46,67.19267821382374,2021-07-25,0,64.0,Salaried,Female,0,1081496.508219185,1081496.508219185,1081496.508219185,1429.0,CUST,2021,7,25,6,2.0,0,Low,1.0,Q4,0.0,0.3350377530677719,1.0,0.07768257175219216,0.09373248645059064,0.929200762161399,13.893857220368144,9.246446866826917e-07,1039.9502431458848,0.917791573229104,0.9177917750946397,0.1464375778350799,3.8333333333333335,6.212935289439197e-05
CUST_1430,51.0,Male,North,Graduate,Salaried,374508.8792524603,1968072.7657184089,Home,644.3163646782571,1,68,81.65814048885478,2021-10-08,1,51.0,Salaried,Male,0,374508.8792524603,374508.8792524603,374508.8792524603,1430.0,CUST,2021,10,8,4,2.0,1,Low,0.0,Q1,0.0,-0.48332602980246525,1.0,0.015323328898794106,0.032458402022915014,-0.48243577183539504,12.833373461437825,2.6701636606569958e-06,611.9713059061351,-0.7343149663679844,-0.7343152426434509,5.255076380550005,5.666666666666667,0.00021804059933016375
CUST_1431,49.0,Male,South,Secondary,,207209.36486900577,71377.42441087273,Education,645.4776093296256,2,57,43.89982978854488,2023-07-30,1,49.0,Salaried,Male,0,207209.36486900577,207209.36486900577,232246.6443437917,1431.0,CUST,2023,7,30,6,1.0,1,Low,0.0,Q1,0.0,-0.6769812761655405,1.0,0.0005668174419515871,0.017958679327592708,-0.816481371712111,12.241489811615395,4.8260367024623745e-06,455.2025536714461,-1.9130139054347226,-1.9130132224944487,0.3444700699341056,4.75,0.00021186218979136865
CUST_1432,66.0,Male,West,Graduate,Self-Employed,869456.4392173502,115105.249928659,Education,619.3824966273154,1,79,54.38075194173504,2019-06-25,0,66.0,Self-Employed,Male,0,869456.4392173502,869456.4392173502,869456.4392173502,1432.0,CUST,2019,6,25,1,2.0,1,Low,0.0,Q3,0.0,0.0895936945316714,1.0,0.05897975770598056,0.07535513364024873,0.5058220553632928,13.675624663007264,1.1501438771201218e-06,932.4464806182445,0.6194630722386563,0.6194631772165959,0.13238759842982847,6.583333333333333,6.254568887897473e-05
CUST_1433,54.0,Female,South,Secondary,Salaried,1098319.4682467002,114680.9482616204,Other,597.3367806992624,0,54,44.13104773044901,2018-03-18,0,54.0,Salaried,Female,0,1098319.4682467002,1098319.4682467002,1098319.4682467002,1433.0,CUST,2018,3,18,6,1.0,0,Low,0.0,Q4,0.0,0.35451093851418947,1.0,0.07916642664142419,0.09519051970437745,0.9627910316538315,13.909292723901336,9.104819034003311e-07,1048.0073798627088,0.9381601293084098,0.9381603364920078,0.10441492805699504,4.5,4.018052033667008e-05
CUST_1434,59.0,Female,South,Secondary,,874453.3017740471,163133.4368091962,Car,618.6056356433747,3,65,35.5415444837743,2018-01-24,0,59.0,Salaried,Female,0,874453.3017740471,874453.3017740471,874453.3017740471,1434.0,CUST,2018,1,24,2,1.0,0,Low,0.0,Q3,0.0,0.09537774389383297,1.0,0.05942050172031857,0.07578820794823914,0.5157992507927279,13.681355315670631,1.1435716440887288e-06,935.1220785405759,0.6275498874812832,0.6275499954577394,0.18655477253773725,5.416666666666667,4.064430245876247e-05
CUST_1435,35.0,Male,West,Graduate,Salaried,277071.34085511084,836126.4266559312,Education,667.3970665859224,2,24,78.2773890533059,2020-11-04,0,35.0,Salaried,Male,0,277071.34085511084,277071.34085511084,277071.34085511084,1435.0,CUST,2020,11,4,2,2.0,1,Low,0.0,Q1,0.0,-0.5961135090302976,1.0,0.00672893364913749,0.024013564080121137,-0.6769885240319795,12.532033909395278,3.609178765575899e-06,526.3756651433564,-1.3082011679085621,-1.3082012291747118,3.017729744423441,2.0,0.00028251709039591496
CUST_1436,32.0,Male,South,Secondary,Salaried,900050.4618021271,63977.7716992246,Car,582.4879370470319,1,57,33.12021876713412,2019-11-07,0,32.0,Salaried,Male,0,900050.4618021271,900050.4618021271,900050.4618021271,1436.0,CUST,2019,11,7,3,1.0,1,Low,0.0,Q4,0.0,0.12500738358346933,1.0,0.06167827746228062,0.07800669449652797,0.5669088951227291,13.710207220451888,1.1110488160704216e-06,948.7098933826542,0.6680532459103664,0.6680533686583641,0.07108242750124721,4.75,3.679817984921772e-05
CUST_1437,61.0,Female,South,Graduate,Salaried,932501.6738640082,196253.31374118943,Education,516.4568522500813,2,33,71.450191073103,2018-06-21,0,61.0,Salaried,Female,0,932501.6738640082,932501.6738640082,932501.6738640082,1437.0,CUST,2018,6,21,3,2.0,0,Low,0.0,Q4,0.0,0.16257083670993866,1.0,0.06454060903774474,0.0808192165636626,0.631703970230309,13.745627297910483,1.0723841340097281e-06,965.66126248494,0.7172991213802692,0.7172992614765943,0.2104589399028849,2.75,7.662205127875915e-05
CUST_1438,49.0,Male,North,Graduate,Self-Employed,737263.1236659405,89535.29213510227,Other,662.7901307211342,0,27,27.52675173669219,2023-03-08,0,49.0,Self-Employed,Male,0,737263.1236659405,737263.1236659405,737263.1236659405,1438.0,CUST,2023,3,8,2,2.0,1,Low,0.0,Q3,0.0,-0.06342485537268958,1.0,0.0473197586758501,0.06389803871242125,0.24187272140497618,13.51070148372148,1.3563678527878521e-06,858.6402760562426,0.38065826099354383,0.3806582722981948,0.12144279194202172,2.25,3.7336401147321466e-05
CUST_1439,,Female,North,Secondary,Salaried,7411718.902769653,755873.5170451547,Business,668.4692547110814,1,63,31.23757266665801,2019-05-04,0,43.77204301075269,Salaried,Female,0,7411718.902769653,3281717.2116861595,1862518.9859498884,1439.0,CUST,2019,5,4,5,1.0,0,Medium,0.0,Q4,1.0,7.662499412878561,1.0,0.6360344571942653,0.6423680856569585,13.568705096250238,15.818573075976854,1.349214687061277e-07,2722.44722681077,2.8505491517091803,2.850547993997372,0.10198356507579852,5.25,4.214619182999888e-06
CUST_1440,36.0,Male,West,Graduate,Salaried,1135146.3373394024,74050.5050311085,Other,390.8449820047945,1,55,38.59919881906304,2022-01-25,0,36.0,Salaried,Male,0,1135146.3373394024,1135146.3373394024,1135146.3373394024,1440.0,CUST,2022,1,25,1,2.0,1,Low,0.0,Q4,0.0,0.3971393731107293,1.0,0.08241470932585883,0.09838227666523283,1.0363229460947594,13.942273013106544,8.809436872562414e-07,1065.4324649359069,0.9813651088151376,0.9813653265985198,0.06523432494529159,4.583333333333333,3.400372053280216e-05
CUST_1441,38.0,Female,North,Secondary,Salaried,675446.4121564652,153369.07535594777,Home,694.2053912525608,1,75,60.078292078472,2020-01-27,1,38.0,Salaried,Female,0,675446.4121564652,675446.4121564652,675446.4121564652,1441.0,CUST,2020,1,27,0,1.0,0,Low,0.0,Q3,0.0,-0.134979937530815,1.0,0.04186726818312148,0.058540430962468484,0.11844378884239168,13.423130583102406,1.480502349242693e-06,821.855469140691,0.24896098450063558,0.2489609423840737,0.2270632763656603,6.25,8.894605256066647e-05
CUST_1442,47.0,Male,North,Post-Graduate,Self-Employed,246389.28619745787,317794.3764735416,Education,561.3552769506377,2,48,48.62589712856099,2018-06-04,0,47.0,Self-Employed,Male,0,246389.28619745787,246389.28619745787,246389.28619745787,1442.0,CUST,2018,6,4,0,3.0,1,Low,0.0,Q1,0.0,-0.6316290983943796,1.0,0.004022649098679158,0.021354373550500044,-0.7382511367259675,12.41467208696447,4.058618032433471e-06,496.3761539371708,-1.5461652406745543,-1.546165084029048,1.2898059869614673,4.0,0.0001973539429292326
CUST_1443,45.0,Female,South,Graduate,Self-Employed,534351.9918938112,293854.1297406312,Home,702.9431563752588,3,44,73.33730883536472,2018-09-14,1,45.0,Self-Employed,Female,0,534351.9918938112,534351.9918938112,534351.9918938112,1443.0,CUST,2018,9,14,4,2.0,0,Low,1.0,Q2,0.0,-0.29830183847664216,1.0,0.02942215477812813,0.046311884004605494,-0.16327830957247946,13.188811933064926,1.8714256055023939e-06,730.9938384786914,-0.1209695253275374,-0.12096970552891034,0.5499261426792398,3.6666666666666665,0.00013724531759313848
CUST_1444,,Female,East,Post-Graduate,Salaried,1923319.1862973007,159888.5646039819,Home,701.0278485212785,1,42,28.153220528576348,2022-11-15,0,43.77204301075269,Salaried,Female,0,1923319.1862973007,1923319.1862973007,1862518.9859498884,1444.0,CUST,2022,11,15,1,3.0,0,Low,1.0,Q4,0.0,1.3094779881038865,1.0,0.15193482549883008,0.16669262286072606,2.6100613583487493,14.469563514245479,5.19934500273957e-07,1386.8378370585729,1.616984959520371,1.6169851862027182,0.08313158093689162,3.5,1.463783064662785e-05
CUST_1445,45.0,Female,North,Graduate,Self-Employed,461738.5174126676,810539.6747181845,Car,672.6872009218266,2,38,10.9071444671509,2019-11-05,0,45.0,Self-Employed,Female,0,461738.5174126676,461738.5174126676,461738.5174126676,1445.0,CUST,2019,11,5,1,2.0,0,Low,0.0,Q2,0.0,-0.38235456476067864,1.0,0.023017344985039413,0.040018528953333625,-0.3082650522511842,13.042756195936263,2.1657279223353528e-06,679.5134416718095,-0.36509608370298874,-0.3650963298726751,1.7554084056977863,3.1666666666666665,2.3621907325454254e-05
CUST_1446,42.0,Female,East,Primary,Salaried,461370.2365253156,151370.8302868252,Education,849.7454272285197,0,50,76.00738510174371,2023-10-17,0,42.0,Salaried,Female,0,461370.2365253156,461370.2365253156,461370.2365253156,1446.0,CUST,2023,10,17,1,0.0,0,Low,1.0,Q2,0.0,-0.38278086322444765,1.0,0.022984861082419768,0.03998661032667012,-0.3090003957480975,13.041958283214914,2.167456677547198e-06,679.2423989455573,-0.3664594303367187,-0.3664596767896189,0.3280897168910429,4.166666666666667,0.0001647427143816758
CUST_1447,28.0,Female,North,Graduate,Salaried,234144.69028677535,111380.11765400787,Home,638.9558520022098,0,53,79.84019337980615,2019-11-04,0,28.0,Salaried,Female,0,234144.69028677535,234144.69028677535,234144.69028677535,1447.0,CUST,2019,11,4,0,2.0,0,Low,0.0,Q1,0.0,-0.6458026615779799,1.0,0.0029426249246325246,0.020293143660649673,-0.7626998232706097,12.363698808662992,4.270863450853885e-06,483.88499696392256,-1.652164061551899,-1.6521637781500123,0.4756892736403077,4.416666666666667,0.00034098656381492036
CUST_1448,31.0,Female,North,Post-Graduate,Salaried,414484.9986496903,95966.4085742675,Business,627.1488346001129,0,65,15.05581386421311,2022-01-12,0,31.0,Salaried,Female,0,414484.9986496903,414484.9986496903,414484.9986496903,1448.0,CUST,2022,1,12,2,3.0,0,Low,0.0,Q2,0.0,-0.43705222393375015,1.0,0.01884938852938721,0.03592310213176515,-0.4026157745448855,12.934794474095991,2.412632551802055e-06,643.8050936810693,-0.5525685409375057,-0.5525688150094594,0.2315316812058136,5.416666666666667,3.632414662267324e-05
CUST_1449,20.0,Male,West,Graduate,Salaried,258827.95243903625,181957.83837367603,Home,704.6937937133533,0,75,61.9271393834637,2018-09-16,0,20.0,Salaried,Male,0,258827.95243903625,258827.95243903625,258827.95243903625,1449.0,CUST,2018,9,16,6,2.0,1,Low,1.0,Q1,0.0,-0.6172308917748442,1.0,0.0051197910812971585,0.022432423369516077,-0.7134149515066205,12.463922707218138,3.863570339053322e-06,508.7513660316169,-1.4452805395380914,-1.4452804860660737,0.703006907298793,6.25,0.00023925985890437115
CUST_1450,20.0,Female,West,Post-Graduate,Salaried,1025742.8550377402,112540.84119078705,Business,645.5642110308966,0,50,42.14757662921163,2018-11-03,0,20.0,Salaried,Female,0,1025742.8550377402,1025742.8550377402,1025742.8550377402,1450.0,CUST,2018,11,3,5,3.0,0,Low,0.0,Q4,0.0,0.270500880487573,1.0,0.07276486816551528,0.08890035939175636,0.8178778895819434,13.840928619584798,9.749032080301042e-07,1012.7896400722808,0.8472251449885607,0.8472253269538854,0.10971642711130478,4.166666666666667,4.108980766651306e-05
CUST_1451,66.0,Female,West,Post-Graduate,Unemployed,1675264.9925309992,117784.31292674276,Car,742.8394829915208,1,57,77.48113069153392,2021-01-23,0,66.0,Unemployed,Female,0,1675264.9925309992,1675264.9925309992,1675264.9925309992,1451.0,CUST,2021,1,23,5,3.0,0,Low,1.0,Q4,0.0,1.022346275963317,1.0,0.13005541619080002,0.14519395302729574,2.1147735371977627,14.331482512144722,5.969204898642485e-07,1294.3202820519346,1.4601499816835133,1.4601502370011024,0.07030786977055523,4.75,4.625007448762629e-05
CUST_1452,53.0,Male,East,Secondary,Self-Employed,237532.3168662279,263862.7798766368,Home,548.4955273939582,0,88,84.32523710670067,2018-09-03,0,53.0,Self-Employed,Male,0,237532.3168662279,237532.3168662279,237532.3168662279,1452.0,CUST,2018,9,3,0,1.0,1,Low,0.0,Q1,0.0,-0.6418813611351923,1.0,0.0032414276474941016,0.020586746700553195,-0.7559357764228835,12.37806317416031,4.209953462968472e-06,487.37287251777553,-1.6221287909342619,-1.6221285454260586,1.1108500238901349,7.333333333333333,0.00035500532397299197
CUST_1453,51.0,Female,South,Secondary,Self-Employed,1751828.1170343428,741790.7138612631,Other,549.8260442028528,1,58,82.33532017776618,2022-07-17,0,51.0,Self-Employed,Female,0,1751828.1170343428,1751828.1170343428,1751828.1170343428,1453.0,CUST,2022,7,17,6,1.0,0,Low,0.0,Q4,0.0,1.1109708651778338,1.0,0.13680860150678195,0.15182962126624497,2.2676465144290976,14.376171009782233,5.70832258182489e-07,1323.5664384662912,1.5116224766236854,1.5116227251578975,0.4234380682922254,4.833333333333333,4.699965674525252e-05
CUST_1454,67.0,Female,North,Graduate,Salaried,569675.7746943806,235085.06538853343,Car,711.2647593060974,0,33,76.06236102482244,2018-07-06,0,67.0,Salaried,Female,0,569675.7746943806,569675.7746943806,569675.7746943806,1454.0,CUST,2018,7,6,4,2.0,0,Low,1.0,Q2,0.0,-0.2574132806949314,1.0,0.03253785901383134,0.0493733696104998,-0.09274759548752576,13.25282441703062,1.7553844562179703e-06,754.7686895296999,-0.017308465101821054,-0.017308609900347,0.41266466967201676,2.75,0.00013351868624621288
CUST_1455,44.0,Female,North,Graduate,Salaried,378027.33813930105,66020.75977198902,Business,556.8151248529117,1,49,32.86943944308385,2022-12-03,1,44.0,Salaried,Female,0,378027.33813930105,378027.33813930105,378027.33813930105,1455.0,CUST,2022,12,3,5,2.0,0,Low,0.0,Q2,0.0,-0.4792532862260088,1.0,0.015633671574117672,0.032763344200195645,-0.4754104931678049,12.842724440414207,2.645311328264445e-06,614.8392782990536,-0.7173250820011198,-0.7173253592524829,0.17464546372546808,4.083333333333333,8.694990051249187e-05
CUST_1456,59.0,Male,North,Post-Graduate,Self-Employed,239988.31236978603,65718.53489771021,Car,698.7278885154171,1,31,79.01061970330692,2020-07-13,0,59.0,Self-Employed,Male,0,239988.31236978603,239988.31236978603,239988.31236978603,1456.0,CUST,2020,7,13,0,3.0,1,Low,0.0,Q1,0.0,-0.6390384574001701,1.0,0.003458056643219347,0.02079960597796227,-0.7510319098796717,12.38834966954,4.166869586621706e-06,489.8860197737694,-1.6006997526311624,-1.6006995331931255,0.27384056434260595,2.5833333333333335,0.00032922694826184335
CUST_1457,64.0,Male,East,Post-Graduate,Salaried,547198.2483856968,654921.931486486,Home,679.6002276968293,3,29,55.34567045203488,2020-02-24,0,64.0,Salaried,Male,0,547198.2483856968,547198.2483856968,547198.2483856968,1457.0,CUST,2020,2,24,0,3.0,1,Low,0.0,Q2,0.0,-0.283431831382196,1.0,0.030555247912311165,0.04742525936311608,-0.1376282921661738,13.212568271725385,1.8274912299735061e-06,739.7284963996566,-0.08226574586404942,-0.08226591326244095,1.1968640861088626,2.4166666666666665,0.00010114372736809756
CUST_1458,20.0,Other,West,Secondary,,991192.445098809,120562.42294367187,Education,594.4409371177869,2,41,14.48431226072772,2022-05-15,0,20.0,Salaried,Other,0,991192.445098809,991192.445098809,991192.445098809,1458.0,CUST,2022,5,15,6,1.0,2,Low,0.0,Q4,0.0,0.23050752979957673,1.0,0.06971737862568392,0.08590590142832216,0.7488913628931478,13.806664996178764,1.008885817214057e-06,995.5864829831755,0.800941038168849,0.8009412059361087,0.12163371859683317,3.4166666666666665,1.4613017211947871e-05
CUST_1459,35.0,Female,South,Secondary,Salaried,6511511.431134599,69316.93526416135,Education,679.3736128186747,2,27,48.83980224135116,2021-09-22,0,35.0,Salaried,Female,0,6511511.431134599,3281717.2116861595,1862518.9859498884,1459.0,CUST,2021,9,22,2,1.0,0,Medium,0.0,Q4,1.0,6.620476664995391,1.0,0.5566324223606743,0.5643477832366642,11.771268050577781,15.689082311492673,1.5357417560798463e-07,2551.766335528118,2.752643796459865,2.752642846253382,0.010645291188865619,2.25,7.500532366072505e-06
CUST_1460,58.0,Male,East,Graduate,Self-Employed,225765.6147480232,232781.0095517648,Business,551.2326043372609,0,67,90.08342294754944,2018-12-07,0,58.0,Self-Employed,Male,0,225765.6147480232,225765.6147480232,232246.6443437917,1460.0,CUST,2018,12,7,4,2.0,1,Low,0.0,Q1,0.0,-0.6555017449478976,1.0,0.0022035556891896423,0.01956693550515798,-0.7794302562612244,12.32725706656892,4.4293724758387385e-06,475.14799246973905,-1.7289468162114052,-1.728946428580049,1.0310737966065415,5.583333333333333,0.0003990130341332153
CUST_1461,24.0,Female,West,Secondary,Salaried,237847.91202912625,245446.4942601168,Business,570.008005898904,2,59,85.46804472752198,2019-07-17,0,24.0,Salaried,Female,0,237847.91202912625,237847.91202912625,237847.91202912625,1461.0,CUST,2019,7,17,2,1.0,0,Low,0.0,Q1,0.0,-0.6415160483054014,1.0,0.0032692644505726773,0.020614099095226157,-0.7553056300898408,12.379390927660882,4.204367368318537e-06,487.6965368229779,-1.6193590603095038,-1.6193588182158538,1.031947231135418,4.916666666666667,0.0003593390582863826
CUST_1462,41.0,Female,East,Post-Graduate,Salaried,457812.9656080438,259111.85616462637,Education,631.0249809270347,1,59,18.692463884754865,2019-10-13,0,41.0,Salaried,Female,0,457812.9656080438,457812.9656080438,457812.9656080438,1462.0,CUST,2019,10,13,6,3.0,0,Low,0.0,Q2,0.0,-0.38689853313163897,1.0,0.022671095024943362,0.03967830433999311,-0.31610317008586675,13.03421819195065,2.1842981197572856e-06,676.6187742060102,-0.37970146141987726,-0.3797017105673328,0.5659775402272136,4.916666666666667,4.0829913717101016e-05
CUST_1463,48.0,Male,South,Graduate,Self-Employed,374984.80469002447,112231.6393339132,Business,656.3142255257777,1,52,73.25076828572148,2021-04-08,0,48.0,Self-Employed,Male,0,374984.80469002447,374984.80469002447,374984.80469002447,1463.0,CUST,2021,4,8,3,2.0,1,Low,0.0,Q2,0.0,-0.4827751288736634,1.0,0.01536530749746428,0.032499650121534794,-0.48148549532757856,12.834643450076126,2.6667747265118307e-06,612.3600286514662,-0.7320047071074793,-0.7320049835308199,0.2992964992906708,4.333333333333333,0.00019534329756193636
CUST_1464,22.0,Female,West,Graduate,Salaried,792258.6310232684,53045.20277697822,Car,625.7089170409714,1,119,78.49239360644995,2018-03-10,0,22.0,Salaried,Female,1,461370.2365253156,792258.6310232684,792258.6310232684,1464.0,CUST,2018,3,10,5,2.0,0,Low,0.0,Q3,0.0,0.00023443596114669914,1.0,0.05217059065455629,0.06866445784464963,0.35168181029208534,13.582644434024898,1.2622140811464485e-06,890.0891140909816,0.48628772505969803,0.48628777875556806,0.0669544018823706,9.916666666666666,9.90742044729506e-05
CUST_1465,31.0,Male,East,Primary,,364950.0892277558,4323415.729449555,Other,684.6492771098489,2,24,33.06799600012501,2022-05-03,0,31.0,Salaried,Male,0,364950.0892277558,364950.0892277558,364950.0892277558,1465.0,CUST,2022,5,3,1,0.0,1,Low,0.0,Q1,0.0,-0.49439067541120424,1.0,0.014480203949908697,0.03162994890294149,-0.5015217312876108,12.807518621469805,2.7401007137404074e-06,604.1109908185381,-0.7815403026101094,-0.7815405747887255,11.84659452606123,2.0,9.060963944190746e-05
CUST_1466,45.0,Male,South,Graduate,Salaried,1013502.515578358,107774.70190385316,Other,681.0773132038632,0,41,50.08672851299285,2023-10-06,0,45.0,Salaried,Male,0,1013502.515578358,1013502.515578358,1013502.515578358,1466.0,CUST,2023,10,6,4,2.0,1,Low,0.0,Q4,0.0,0.2563322443004929,1.0,0.07168521942813748,0.08783949840532898,0.7934377018595076,13.828923713618405,9.866773733851865e-07,1006.7286206214453,0.8310628804466117,0.8310630575515472,0.10633885979186529,3.4166666666666665,4.941944173065671e-05
CUST_1467,35.0,Male,North,Graduate,Salaried,1524146.2972717138,275418.5804892322,Car,772.3493446678516,1,20,70.43397502441306,2021-07-24,0,35.0,Salaried,Male,0,1524146.2972717138,1524146.2972717138,1524146.2972717138,1467.0,CUST,2021,7,24,5,2.0,1,Low,1.0,Q4,0.0,0.8474209136970078,1.0,0.11672612013064795,0.1320966097181196,1.8130360492169433,14.236945662311342,6.5610499581535e-07,1234.5632010033808,1.3489555168873475,1.3489557787972024,0.1807035065993573,1.6666666666666667,4.621208288865099e-05
CUST_1468,56.0,Female,South,Graduate,Self-Employed,459683.2420887668,295264.04489001527,Other,642.3771722283997,1,47,47.318526549797575,2021-01-27,0,56.0,Self-Employed,Female,0,459683.2420887668,459683.2420887668,459683.2420887668,1468.0,CUST,2021,1,27,2,2.0,0,Low,0.0,Q2,0.0,-0.38473362037635545,1.0,0.02283606117213728,0.039840399791578884,-0.3123688040224574,13.03829510252236,2.1754110405119825e-06,677.9994410681817,-0.372722692182913,-0.37272293992305944,0.6423206631199648,3.9166666666666665,0.00010293724507718902
CUST_1469,41.0,Male,North,Secondary,Salaried,1382821.0341214451,238325.51163836397,Home,745.5650744947303,3,47,19.58773810365904,2020-07-04,1,41.0,Salaried,Male,0,1382821.0341214451,1382821.0341214451,1382821.0341214451,1469.0,CUST,2020,7,4,5,1.0,1,Low,1.0,Q4,0.0,0.6838318037491884,1.0,0.10426064542497557,0.11984805578134256,1.530853028658008,14.13963692132661,7.231593787753623e-07,1175.9341113010732,1.2311509795620337,1.2311512374513922,0.17234732894271967,3.9166666666666665,1.4165056518656563e-05
CUST_1470,48.0,Male,East,Graduate,Salaried,792194.6924568522,125057.23969681784,Car,723.6580410315114,0,69,70.00000779794632,2019-04-06,1,48.0,Salaried,Male,1,1064173.7171109363,792194.6924568522,792194.6924568522,1470.0,CUST,2019,4,6,5,2.0,1,Low,1.0,Q3,0.0,0.000160424755094633,1.0,0.05216495100765514,0.0686589163373357,0.3515541446688318,13.582563726711156,1.2623159552938346e-06,890.053196419659,0.48617050316476995,0.4861705568142099,0.15786174899429867,5.75,8.836212671404048e-05
CUST_1471,33.0,Male,West,Post-Graduate,Self-Employed,523548.9429947621,113242.7182065132,Business,833.5181826634519,2,56,87.4892886275008,2020-04-23,0,33.0,Self-Employed,Male,0,523548.9429947621,523548.9429947621,523548.9429947621,1471.0,CUST,2020,4,23,3,3.0,1,Low,1.0,Q2,0.0,-0.3108067587911305,1.0,0.028469281032886623,0.04537559190670261,-0.18484867074943473,13.168387706833474,1.9100411019087938e-06,723.5668199929859,-0.1544663920308842,-0.15446658286675977,0.21629824626631547,4.666666666666667,0.0001671081372552881
CUST_1472,47.0,Female,West,Secondary,Self-Employed,328110.4354863944,232095.67264407175,Car,639.8193584078181,3,91,65.4612019145234,2019-07-28,1,47.0,Self-Employed,Female,0,328110.4354863944,328110.4354863944,328110.4354863944,1472.0,CUST,2019,7,28,6,1.0,0,Low,0.0,Q1,0.0,-0.5370339087015412,1.0,0.011230793606406383,0.028437083906231966,-0.5750791727340793,12.70110857200349,3.047754328469047e-06,572.8092487786788,-0.9798162710361065,-0.9798165018651894,0.7073705909199046,7.583333333333333,0.00019950966148177493
CUST_1473,24.0,Female,East,Primary,Self-Employed,711487.2309857723,452125.88349879807,Education,616.371302283761,1,38,75.77306362836788,2018-04-29,1,24.0,Self-Employed,Female,0,711487.2309857723,711487.2309857723,711487.2309857723,1473.0,CUST,2018,4,29,6,0.0,0,Low,0.0,Q3,0.0,-0.09326138457961361,1.0,0.045046217972238456,0.061664061540017766,0.1904062030206517,13.475114155244912,1.4055066014332197e-06,843.497024882585,0.3275566836267666,0.32755667337790784,0.6354659139363875,3.1666666666666665,0.00010649954114049045
CUST_1474,,,West,Primary,Salaried,2131166.983988161,636490.3921885126,Business,652.0982240908218,0,45,40.46081553091543,2019-10-08,0,43.77204301075269,Salaried,Male,0,2131166.983988161,2131166.983988161,1862518.9859498884,1474.0,CUST,2019,10,8,1,0.0,3,Low,0.0,Q4,0.0,1.5500693407816375,1.0,0.17026786381760717,0.18470663467933407,3.025069390610941,14.57218073668729,4.6922648835520003e-07,1459.8516993133792,1.7293931694505968,1.7293933601142626,0.29865815159843984,3.75,1.8985286387558988e-05
CUST_1475,49.0,Male,West,Graduate,Salaried,662530.912905048,72388.82903148542,Education,680.834605739301,1,65,25.57185083576396,2022-01-18,1,49.0,Salaried,Male,0,662530.912905048,662530.912905048,662530.912905048,1475.0,CUST,2022,1,18,1,2.0,1,Low,0.0,Q3,0.0,-0.14993009562692647,1.0,0.04072806755019228,0.057421054386228326,0.09265551497293913,13.40382400610507,1.5093635338464932e-06,813.9600192300898,0.21945641407293737,0.21945636007356398,0.10926105879797246,5.416666666666667,3.8597219144464094e-05
CUST_1476,65.0,Female,North,Graduate,Unemployed,421438.7143033421,83643.16937261939,Business,752.5327373427119,0,76,64.63576123755487,2023-09-05,0,65.0,Unemployed,Female,0,421438.7143033421,421438.7143033421,421438.7143033421,1476.0,CUST,2023,9,5,1,2.0,0,Low,1.0,Q2,0.0,-0.42900304624779334,1.0,0.019462735107761295,0.03652577542135388,-0.3887313462161088,12.951432019630934,2.3728242471252753e-06,649.1831130762276,-0.5232797332777671,-0.5232800045625361,0.1984705403937575,6.333333333333333,0.0001533693014958702
CUST_1477,24.0,Male,East,Graduate,Self-Employed,721802.8092377419,629127.6519397838,Other,707.34390383916,1,28,37.8605524965036,2022-02-22,0,24.0,Self-Employed,Male,0,721802.8092377419,721802.8092377419,721802.8092377419,1477.0,CUST,2022,2,22,1,2.0,1,Low,1.0,Q3,0.0,-0.08132072919203107,1.0,0.04595609478341825,0.06255810492470226,0.2110032354624575,13.489508648591338,1.3854199335164592e-06,849.5897888026561,0.3491038692048747,0.3491038677088632,0.8716059897237814,2.3333333333333335,5.245276412260244e-05
CUST_1478,31.0,Male,South,Secondary,Salaried,265578.92212615535,316767.12276174454,Car,646.7871889438768,2,23,83.10624911413238,2023-07-25,0,31.0,Salaried,Male,0,265578.92212615535,265578.92212615535,265578.92212615535,1478.0,CUST,2023,7,25,1,1.0,1,Low,0.0,Q1,0.0,-0.6094163998872456,1.0,0.005715254624033071,0.02301752481914368,-0.6999353444247111,12.489671099322479,3.765359057701598e-06,515.3434991596919,-1.3931294439216004,-1.3931294374460867,1.1927419548730087,1.9166666666666667,0.00031292486785350376
CUST_1479,35.0,Male,North,Secondary,Salaried,791880.3371861292,479105.7132688894,Home,680.1057421624946,1,52,20.42338424813056,2020-10-28,0,35.0,Salaried,Male,1,746789.8419608366,791880.3371861292,791880.3371861292,1479.0,CUST,2020,10,28,2,1.0,1,Low,0.0,Q3,0.0,-0.0002034528546028031,1.0,0.052137223568211946,0.06863167140318216,0.35092647401856086,13.582166832786218,1.2628170608968218e-06,889.8765853679538,0.48559400028167266,0.4855940537027587,0.6050228686890944,4.333333333333333,2.5790998069790682e-05
CUST_1480,45.0,Male,East,Graduate,Salaried,549667.0911016173,95287.95410999842,Business,674.8972718361191,1,54,46.84441447731552,2020-08-26,0,45.0,Salaried,Male,0,549667.0911016173,549667.0911016173,549667.0911016173,1480.0,CUST,2020,8,26,2,2.0,1,Low,0.0,Q2,0.0,-0.28057405653362444,1.0,0.03077301008548234,0.047639232098728244,-0.13269877369697677,13.217069904322575,1.8192830099718242e-06,741.3953676019411,-0.07496280457288929,-0.07496296949730853,0.17335575596729497,4.5,8.522324737065827e-05
CUST_1481,,Male,North,Graduate,Unemployed,498327.7059530509,227145.4534529418,Business,660.648552197117,1,39,43.7218460398128,2023-07-04,0,43.77204301075269,Unemployed,Male,0,498327.7059530509,498327.7059530509,498327.7059530509,1481.0,CUST,2023,7,4,1,2.0,1,Low,0.0,Q2,0.0,-0.3400012540106404,1.0,0.026244663258392004,0.043189686320033616,-0.23520771266464824,13.119015190382761,2.0067116237645956e-06,705.9233003330113,-0.23629493119650324,-0.23629514606621993,0.45581542172929823,3.25,8.773713666053841e-05
CUST_1482,67.0,Male,South,Post-Graduate,Salaried,640781.3802699803,291555.73711421626,Education,639.4205556701294,1,46,89.73457755208402,2022-03-20,0,67.0,Salaried,Male,0,640781.3802699803,640781.3802699803,640781.3802699803,1482.0,CUST,2022,3,20,6,3.0,1,Low,0.0,Q3,0.0,-0.1751059672739414,1.0,0.038809668511838064,0.05553603880131439,0.04922839742932764,13.370445177900669,1.5605946595437345e-06,800.4882136983531,0.16804061248902064,0.16804053797717752,0.4550003262997829,3.8333333333333335,0.0001400393025041954
CUST_1483,40.0,Male,South,Secondary,Salaried,690126.5265759134,277956.79726983554,Other,522.6285177764538,0,64,23.01645805137433,2022-02-20,0,40.0,Salaried,Male,0,690126.5265759134,690126.5265759134,690126.5265759134,1483.0,CUST,2022,2,20,6,1.0,1,Low,0.0,Q3,0.0,-0.11798717347520382,1.0,0.04316211519697372,0.0598127454040378,0.14775545567881598,13.444631680620635,1.449009654718019e-06,830.7385428496221,0.2816182709594614,0.28161824205919034,0.40276208283849074,5.333333333333333,3.3351069933853684e-05
CUST_1484,58.0,Female,East,Graduate,Salaried,237240.9936278325,154900.9823007887,Education,719.9341533790658,3,42,10.836980126020933,2020-11-14,1,58.0,Salaried,Female,0,237240.9936278325,237240.9936278325,237240.9936278325,1484.0,CUST,2020,11,14,5,2.0,0,Low,1.0,Q1,0.0,-0.6422185783334051,1.0,0.00321573172888448,0.02056149793526536,-0.7565174591987508,12.376835969339343,4.2151231314035915e-06,487.07390982050407,-1.6246897578500463,-1.6246895091727185,0.6529267135731927,3.5,4.567920560375184e-05
CUST_1485,55.0,Male,South,Graduate,Self-Employed,792258.5797892018,53102.924692883,Education,679.9014742474795,0,30,30.237243088604995,2019-10-17,0,55.0,Self-Employed,Male,1,2745520.6319712303,792258.5797892018,792258.5797892018,1485.0,CUST,2019,10,17,3,2.0,1,Low,0.0,Q3,0.0,0.0002343766558592528,1.0,0.05217058613549899,0.06866445340423172,0.35168170799343507,13.582644369356618,1.2622141627717687e-06,890.0890853106794,0.48628763113452583,0.4862876848304005,0.0670272636319596,2.5,3.816587646961e-05
CUST_1486,52.0,Female,North,Graduate,Self-Employed,338490.88294575526,224898.35021813423,Other,738.1565357917939,1,53,79.72353308033563,2023-05-09,0,52.0,Self-Employed,Female,0,338490.88294575526,338490.88294575526,338490.88294575526,1486.0,CUST,2023,5,9,1,2.0,0,Low,1.0,Q1,0.0,-0.5250181648572764,1.0,0.012146392150883447,0.02933674945618159,-0.5543526164656418,12.732255391566172,2.9542893187191448e-06,581.7996931468383,-0.9211215783114372,-0.9211218256782764,0.6644147938469914,4.416666666666667,0.00023552638222978792
CUST_1487,49.0,Female,South,Graduate,Salaried,825798.9306347668,108365.2064757029,Home,526.8995580579798,0,39,27.79235436399645,2019-07-09,0,49.0,Salaried,Female,0,825798.9306347668,825798.9306347668,825798.9306347668,1487.0,CUST,2019,7,9,1,2.0,0,Low,0.0,Q3,0.0,0.03905854736573088,1.0,0.055128984271578974,0.07157137030806589,0.41865145778363716,13.624107808436506,1.2109485286196975e-06,908.7347966457359,0.5461358465891109,0.546135923726709,0.13122468733532214,3.25,3.365511062395873e-05
CUST_1488,56.0,Male,North,Graduate,,1064490.3569908594,169659.87466954006,Education,690.5707591636215,0,70,30.47463541496603,2019-03-01,0,56.0,Salaried,Male,0,1064490.3569908594,1064490.3569908594,1064490.3569908594,1488.0,CUST,2019,3,1,4,2.0,1,Low,0.0,Q4,0.0,0.3153525171724618,1.0,0.07618255863881039,0.09225857615363509,0.8952447162661336,13.878007643969285,9.39416682756472e-07,1031.7414196352008,0.8967779956714292,0.8967781918448162,0.15938131665893812,5.833333333333333,2.862838090974029e-05
CUST_1489,42.0,Female,North,Post-Graduate,Unemployed,1014714.4729977396,682031.8519001087,Education,631.227252996275,2,71,21.04139838562892,2018-10-20,0,42.0,Unemployed,Female,0,1014714.4729977396,1014714.4729977396,1014714.4729977396,1489.0,CUST,2018,10,20,5,3.0,0,Low,0.0,Q4,0.0,0.257735128902381,1.0,0.07179211910211572,0.08794453784052599,0.7958576075279391,13.830118808990706,9.854989029927562e-07,1007.3303693415281,0.8326744596198011,0.832674637214178,0.6721416418536751,5.916666666666667,2.0736275026470852e-05
CUST_1490,29.0,Male,South,Secondary,Salaried,602040.4515374512,151843.82219394244,Business,661.5030407940424,1,34,70.81207727850594,2021-04-23,0,29.0,Salaried,Male,0,602040.4515374512,602040.4515374512,602040.4515374512,1490.0,CUST,2021,4,23,4,1.0,1,Low,0.0,Q2,0.0,-0.21994999521795927,1.0,0.03539255782387768,0.05217839173550516,-0.0281253045579784,13.30808157829497,1.6610179555703537e-06,775.912657157654,0.07058359569323937,0.07058348333483609,0.2522153151065706,2.8333333333333335,0.00011762013183083384
CUST_1491,24.0,Female,East,Secondary,Salaried,567161.590023315,416268.4547028884,Other,632.1472292655287,0,42,15.87980619296046,2019-03-07,0,24.0,Salaried,Female,0,567161.590023315,567161.590023315,567161.590023315,1491.0,CUST,2019,3,7,3,1.0,0,Low,0.0,Q2,0.0,-0.26032354049856427,1.0,0.03231609749204855,0.04915546712184268,-0.09776764787525695,13.248401296494771,1.7631659434858064e-06,753.1013145807907,-0.024407216146939796,-0.024407363477553377,0.7339503626795969,3.5,2.7998733468582882e-05
CUST_1492,55.0,Male,West,Graduate,Salaried,277086.3174821255,91784.18623425932,Car,693.4886341984104,3,86,38.15270569792433,2018-11-13,0,55.0,Salaried,Male,0,277086.3174821255,277086.3174821255,277086.3174821255,1492.0,CUST,2018,11,13,1,2.0,1,Low,0.0,Q1,0.0,-0.5960961730421753,1.0,0.006730254649792759,0.024014862093085634,-0.67695862032082,12.532087961063574,3.6089836880105746e-06,526.3898911283588,-1.3080934956270958,-1.3080935569723935,0.3312476309367666,7.166666666666667,0.000137692492517277
CUST_1493,53.0,Male,South,Graduate,Self-Employed,946597.253818714,273229.3228925945,Home,648.9989009355199,2,32,34.01239176278199,2019-02-02,1,53.0,Self-Employed,Male,0,946597.253818714,946597.253818714,946597.253818714,1493.0,CUST,2019,2,2,5,2.0,1,Low,0.0,Q4,0.0,0.17888698095470004,1.0,0.0657838976860053,0.08204086984416484,0.6598485017845833,13.760630051764979,1.056415488165941e-06,972.9322966263962,0.7380003970205277,0.7380005441878174,0.28864368852482974,2.6666666666666665,3.593121744777056e-05
CUST_1494,50.0,Male,North,Secondary,Salaried,358321.63455430325,804512.6951371329,Home,646.2474911430605,1,46,57.18857703216316,2021-09-09,0,50.0,Salaried,Male,0,358321.63455430325,358321.63455430325,358321.63455430325,1494.0,CUST,2021,9,9,3,1.0,1,Low,0.0,Q1,0.0,-0.5020633517338133,1.0,0.013895546739811991,0.03105546573711898,-0.5147567136233877,12.7891890733723,2.7907887873305153e-06,598.5997281608999,-0.8152433851466617,-0.8152436531164058,2.2452250088537635,3.8333333333333335,0.0001596012395447484
CUST_1495,29.0,Other,North,Primary,Self-Employed,543279.8854498613,71493.23528412552,Other,656.9140335028953,0,28,72.08538252667752,2022-05-08,0,29.0,Self-Employed,Other,0,543279.8854498613,543279.8854498613,543279.8854498613,1495.0,CUST,2022,5,8,6,0.0,2,Low,0.0,Q2,0.0,-0.2879674783772013,1.0,0.03020963204027584,0.047085657803609925,-0.14545205604414777,13.205381749608648,1.840671865025053e-06,737.0752237389759,-0.09394485735762229,-0.09394502867489851,0.13159558672710625,2.3333333333333335,0.00013268553549642388
CUST_1496,38.0,Male,South,Primary,,367228.9983318711,51670.94922504897,Business,632.86603702916,0,49,55.29449694922353,2019-08-19,0,38.0,Salaried,Male,0,367228.9983318711,367228.9983318711,367228.9983318711,1496.0,CUST,2019,8,19,0,0.0,1,Low,0.0,Q1,0.0,-0.49175275559641635,1.0,0.014681213190299573,0.031827460235710696,-0.49697145173925605,12.813743629195205,2.7230964997732885e-06,605.9942230185624,-0.7701363899796091,-0.7701366633372063,0.14070498097469417,4.083333333333333,0.00015057225109915535
CUST_1497,51.0,Female,East,Post-Graduate,Salaried,271836.0974536481,163684.87136501377,Business,643.3285103096894,0,20,89.13720940288074,2023-10-25,1,51.0,Salaried,Female,0,271836.0974536481,271836.0974536481,271836.0974536481,1497.0,CUST,2023,10,25,2,3.0,0,Low,0.0,Q1,0.0,-0.602173492852828,1.0,0.006267163455017405,0.023559829484157285,-0.6874416925841244,12.512958259441634,3.678687302129649e-06,521.3790343441593,-1.3463098483861056,-1.3463098805742713,0.6021454578412011,1.6666666666666667,0.00032790792037764893
CUST_1498,20.0,Male,East,Secondary,Unemployed,696528.7867379612,69439.999147722,Other,394.97508191678855,1,40,90.87262430542322,2023-04-28,1,20.0,Unemployed,Male,0,696528.7867379612,696528.7867379612,696528.7867379612,1498.0,CUST,2023,4,28,4,1.0,1,Low,0.0,Q3,0.0,-0.110576325490791,1.0,0.043726821112463746,0.06036762446220548,0.16053879724606185,13.453865837601919,1.4356908415356706e-06,834.5830017068172,0.2955790330621228,0.29557900982546814,0.09969437081262925,3.3333333333333335,0.00013046499446160787
CUST_1499,24.0,Female,North,Secondary,Salaried,227931.8798629582,325970.5105791522,Business,704.6108866854964,0,30,40.72455292237381,2020-07-04,0,24.0,Salaried,Female,0,227931.8798629582,227931.8798629582,232246.6443437917,1499.0,CUST,2020,7,4,5,1.0,0,Low,1.0,Q1,0.0,-0.6529942146297942,1.0,0.002394629262265465,0.019754684068367282,-0.7751048920635025,12.336806478030374,4.387275709555712e-06,477.4221191597203,-1.7087447773892888,-1.7087444182235296,1.430122503095388,2.5,0.00017866984181884673
CUST_1500,64.0,,North,Secondary,Salaried,890444.9639590402,541961.6465792631,Home,624.8269106122575,1,68,76.10283198336589,2021-06-09,0,64.0,Salaried,Male,0,890444.9639590402,890444.9639590402,890444.9639590402,1500.0,CUST,2021,6,9,2,1.0,3,Low,0.0,Q4,0.0,0.11388867198350945,1.0,0.060831032689977776,0.07717419324517318,0.5477296745437973,13.699477699308153,1.1230340340661064e-06,943.6339141632417,0.6530317791141461,0.6530318964334962,0.6086413742670194,5.666666666666667,8.54660704061345e-05
